Company name,Companies House number,Category,Postcode,Registered address,Incorporated,Accounts type,SIC codes,Nearest FC Urban venue,Walk (min),Venue match,In existing FC Urban sheet?,Contact first name,Contact full name,Contact job title,LinkedIn URL,Connection note (<=300),Note length,Follow-up DM,LinkedIn status,Connected at,Replied,Notes
4Most Group Holdings,,Financial institution,EC3R 8AJ,"3RD FLOOR MONUMENT PLACE, LONDON",22/04/2016,FULL,64209 - Activities of other holding companies n.e.c.,Borough Academy,22,postcode district,,,,,,"Hi {First} - I'm Brian from FC Urban. We run social football at Borough Academy, a 22-min walk from 4Most Group Holdings. Looking for someone inside the team up for starting an after-work game - we handle pitch, payments and organising. Open to a quick chat?",258,"Thanks for connecting, {First}.

Quick one - we run social football games at Borough Academy, about 22 minutes' walk from your office. A few City firms use them as an easy after-work thing for colleagues: we sort the pitch, the payments and the organising, and can top the group up with our own players if numbers are short.

Is there someone at 4Most Group Holdings who looks after wellbeing or staff socials I should be speaking to? Happy to be pointed elsewhere.

Brian
FC Urban",,,,
4T Markets,,Financial institution,EC2R 5BJ,"80 COLEMAN STREET OFFICE 4.03, LONDON",12/02/2014,FULL,64999 - Financial intermediation not elsewhere classified,Old St - Moreland Primary School,23,exact postcode,,,,,,"Hi {First} - I'm Brian from FC Urban. We run social football at Old St - Moreland Primary School, a 23-min walk from 4T Markets. Looking for someone inside the team up for starting an after-work game - we handle pitch, payments and organising. Open to a quick chat?",265,"Thanks for connecting, {First}.

Quick one - we run social football games at Old St - Moreland Primary School, about 23 minutes' walk from your office. A few City firms use them as an easy after-work thing for colleagues: we sort the pitch, the payments and the organising, and can top the group up with our own players if numbers are short.

Is there someone at 4T Markets who looks after wellbeing or staff socials I should be speaking to? Happy to be pointed elsewhere.

Brian
FC Urban",,,,
Abc International Bank,,Financial institution,EC2R 6AB,1-5 MOORGATE,03/12/1990,FULL,64999 - Financial intermediation not elsewhere classified,Old St - Moreland Primary School,25,postcode district,,,,,,"Hi {First} - I'm Brian from FC Urban. We run social football at Old St - Moreland Primary School, a 25-min walk from Abc International Bank. Looking for someone inside the team up for starting an after-work game - we handle pitch, payments and organising. Open to a quick chat?",277,"Thanks for connecting, {First}.

Quick one - we run social football games at Old St - Moreland Primary School, about 25 minutes' walk from your office. A few City firms use them as an easy after-work thing for colleagues: we sort the pitch, the payments and the organising, and can top the group up with our own players if numbers are short.

Is there someone at Abc International Bank who looks after wellbeing or staff socials I should be speaking to? Happy to be pointed elsewhere.

Brian
FC Urban",,,,
Acadian Asset Management (Uk),,Financial institution,EC4R 9AT,"SIXTH FLOOR, LONDON",05/12/2005,FULL,64999 - Financial intermediation not elsewhere classified,Borough Academy,18,postcode district,,,,,,"Hi {First} - I'm Brian from FC Urban. We run social football at Borough Academy, a 18-min walk from Acadian Asset Management (Uk). Looking for someone inside the team up for starting an after-work game - we handle pitch, payments and organising. Open to a quick chat?",267,"Thanks for connecting, {First}.

Quick one - we run social football games at Borough Academy, about 18 minutes' walk from your office. A few City firms use them as an easy after-work thing for colleagues: we sort the pitch, the payments and the organising, and can top the group up with our own players if numbers are short.

Is there someone at Acadian Asset Management (Uk) who looks after wellbeing or staff socials I should be speaking to? Happy to be pointed elsewhere.

Brian
FC Urban",,,,
Access - The Foundation For Social Investment,,Financial institution,EC1Y 8RN,"SCRIPT, LONDON",30/07/2014,FULL,66300 - Fund management activities,Old St - Moreland Primary School,14,postcode district,,,,,,"Hi {First} - I'm Brian from FC Urban. We run social football at Old St - Moreland Primary School, a 14-min walk from Access - The Foundation For Social Investment. Looking for someone inside the team up for starting an after-work game - we handle pitch, payments and organising. Open to a quick chat?",300,"Thanks for connecting, {First}.

Quick one - we run social football games at Old St - Moreland Primary School, about 14 minutes' walk from your office. A few City firms use them as an easy after-work thing for colleagues: we sort the pitch, the payments and the organising, and can top the group up with our own players if numbers are short.

Is there someone at Access - The Foundation For Social Investment who looks after wellbeing or staff socials I should be speaking to? Happy to be pointed elsewhere.

Brian
FC Urban",,,,
Acetop Financial,,Financial institution,EC4N 8AL,"FIRST FLOOR 13, LONDON",16/03/2016,FULL,64205 - Activities of financial services holding companies,Borough Academy,22,exact postcode,,,,,,"Hi {First} - I'm Brian from FC Urban. We run social football at Borough Academy, a 22-min walk from Acetop Financial. Looking for someone inside the team up for starting an after-work game - we handle pitch, payments and organising. Open to a quick chat?",254,"Thanks for connecting, {First}.

Quick one - we run social football games at Borough Academy, about 22 minutes' walk from your office. A few City firms use them as an easy after-work thing for colleagues: we sort the pitch, the payments and the organising, and can top the group up with our own players if numbers are short.

Is there someone at Acetop Financial who looks after wellbeing or staff socials I should be speaking to? Happy to be pointed elsewhere.

Brian
FC Urban",,,,
Acolin Group Holdco,,Financial institution,EC4R 9AB,"12 ARTHUR STREET, LONDON",25/10/2019,GROUP,64209 - Activities of other holding companies n.e.c.,Borough Academy,18,postcode district,,,,,,"Hi {First} - I'm Brian from FC Urban. We run social football at Borough Academy, a 18-min walk from Acolin Group Holdco. Looking for someone inside the team up for starting an after-work game - we handle pitch, payments and organising. Open to a quick chat?",257,"Thanks for connecting, {First}.

Quick one - we run social football games at Borough Academy, about 18 minutes' walk from your office. A few City firms use them as an easy after-work thing for colleagues: we sort the pitch, the payments and the organising, and can top the group up with our own players if numbers are short.

Is there someone at Acolin Group Holdco who looks after wellbeing or staff socials I should be speaking to? Happy to be pointed elsewhere.

Brian
FC Urban",,,,
Acolin Group,,Financial institution,EC4R 9AB,"12 ARTHUR STREET, LONDON",25/10/2019,FULL,64999 - Financial intermediation not elsewhere classified,Borough Academy,18,postcode district,,,,,,"Hi {First} - I'm Brian from FC Urban. We run social football at Borough Academy, a 18-min walk from Acolin Group. Looking for someone inside the team up for starting an after-work game - we handle pitch, payments and organising. Open to a quick chat?",250,"Thanks for connecting, {First}.

Quick one - we run social football games at Borough Academy, about 18 minutes' walk from your office. A few City firms use them as an easy after-work thing for colleagues: we sort the pitch, the payments and the organising, and can top the group up with our own players if numbers are short.

Is there someone at Acolin Group who looks after wellbeing or staff socials I should be speaking to? Happy to be pointed elsewhere.

Brian
FC Urban",,,,
Acquire Media 1 Uk,,Financial institution,EC2V 7AE,"10 GRESHAM STREET, LONDON",24/09/2020,FULL,64209 - Activities of other holding companies n.e.c.,Borough Academy,23,postcode district,,,,,,"Hi {First} - I'm Brian from FC Urban. We run social football at Borough Academy, a 23-min walk from Acquire Media 1 Uk. Looking for someone inside the team up for starting an after-work game - we handle pitch, payments and organising. Open to a quick chat?",256,"Thanks for connecting, {First}.

Quick one - we run social football games at Borough Academy, about 23 minutes' walk from your office. A few City firms use them as an easy after-work thing for colleagues: we sort the pitch, the payments and the organising, and can top the group up with our own players if numbers are short.

Is there someone at Acquire Media 1 Uk who looks after wellbeing or staff socials I should be speaking to? Happy to be pointed elsewhere.

Brian
FC Urban",,,,
Active Underwriting Specialists,,Financial institution,EC3M 6BN,"6TH FLOOR SACKVILLE HOUSE, LONDON",10/01/2006,FULL,66220 - Activities of insurance agents and brokers,Borough Academy,26,exact postcode,,,,,,"Hi {First} - I'm Brian from FC Urban. We run social football at Borough Academy, a 26-min walk from Active Underwriting Specialists. Looking for someone inside the team up for starting an after-work game - we handle pitch, payments and organising. Open to a quick chat?",269,"Thanks for connecting, {First}.

Quick one - we run social football games at Borough Academy, about 26 minutes' walk from your office. A few City firms use them as an easy after-work thing for colleagues: we sort the pitch, the payments and the organising, and can top the group up with our own players if numbers are short.

Is there someone at Active Underwriting Specialists who looks after wellbeing or staff socials I should be speaking to? Happy to be pointed elsewhere.

Brian
FC Urban",,,,
Acuris Holdings,,Financial institution,EC4R 1BE,"C/O ION, LONDON",18/04/2019,FULL,64209 - Activities of other holding companies n.e.c.,Borough Academy,17,exact postcode,,,,,,"Hi {First} - I'm Brian from FC Urban. We run social football at Borough Academy, a 17-min walk from Acuris Holdings. Looking for someone inside the team up for starting an after-work game - we handle pitch, payments and organising. Open to a quick chat?",253,"Thanks for connecting, {First}.

Quick one - we run social football games at Borough Academy, about 17 minutes' walk from your office. A few City firms use them as an easy after-work thing for colleagues: we sort the pitch, the payments and the organising, and can top the group up with our own players if numbers are short.

Is there someone at Acuris Holdings who looks after wellbeing or staff socials I should be speaking to? Happy to be pointed elsewhere.

Brian
FC Urban",,,,
Acuris International,,Financial institution,EC4R 1BE,"C/O ION 10 QUEEN ST PLACE, LONDON",18/04/2019,FULL,64204 - Activities of distribution holding companies,Borough Academy,17,exact postcode,,,,,,"Hi {First} - I'm Brian from FC Urban. We run social football at Borough Academy, a 17-min walk from Acuris International. Looking for someone inside the team up for starting an after-work game - we handle pitch, payments and organising. Open to a quick chat?",258,"Thanks for connecting, {First}.

Quick one - we run social football games at Borough Academy, about 17 minutes' walk from your office. A few City firms use them as an easy after-work thing for colleagues: we sort the pitch, the payments and the organising, and can top the group up with our own players if numbers are short.

Is there someone at Acuris International who looks after wellbeing or staff socials I should be speaking to? Happy to be pointed elsewhere.

Brian
FC Urban",,,,
Additional Securities,,Financial institution,EC3M 7HA,COUNCIL SECRETARIAT,08/03/1937,FULL,66290 - Other activities auxiliary to insurance and pension funding,Whitechapel,25,exact postcode,,,,,,"Hi {First} - I'm Brian from FC Urban. We run social football at Whitechapel, a 25-min walk from Additional Securities. Looking for someone inside the team up for starting an after-work game - we handle pitch, payments and organising. Open to a quick chat?",255,"Thanks for connecting, {First}.

Quick one - we run social football games at Whitechapel, about 25 minutes' walk from your office. A few City firms use them as an easy after-work thing for colleagues: we sort the pitch, the payments and the organising, and can top the group up with our own players if numbers are short.

Is there someone at Additional Securities who looks after wellbeing or staff socials I should be speaking to? Happy to be pointed elsewhere.

Brian
FC Urban",,,,
Adg Corporate,,Financial institution,EC2V 7HR,"PART LEVEL 18, LONDON",15/12/2016,GROUP,64205 - Activities of financial services holding companies,Borough Academy,23,postcode district,,,,,,"Hi {First} - I'm Brian from FC Urban. We run social football at Borough Academy, a 23-min walk from Adg Corporate. Looking for someone inside the team up for starting an after-work game - we handle pitch, payments and organising. Open to a quick chat?",251,"Thanks for connecting, {First}.

Quick one - we run social football games at Borough Academy, about 23 minutes' walk from your office. A few City firms use them as an easy after-work thing for colleagues: we sort the pitch, the payments and the organising, and can top the group up with our own players if numbers are short.

Is there someone at Adg Corporate who looks after wellbeing or staff socials I should be speaking to? Happy to be pointed elsewhere.

Brian
FC Urban",,,,
Adm Investor Services International,,Financial institution,EC3R 7AG,"THE MINSTER BUILDING 3RD FLOOR, LONDON",11/10/1990,FULL,64999 - Financial intermediation not elsewhere classified,Borough Academy,22,postcode district,,,,,,"Hi {First} - I'm Brian from FC Urban. We run social football at Borough Academy, a 22-min walk from Adm Investor Services International. Looking for someone inside the team up for starting an after-work game - we handle pitch, payments and organising. Open to a quick chat?",273,"Thanks for connecting, {First}.

Quick one - we run social football games at Borough Academy, about 22 minutes' walk from your office. A few City firms use them as an easy after-work thing for colleagues: we sort the pitch, the payments and the organising, and can top the group up with our own players if numbers are short.

Is there someone at Adm Investor Services International who looks after wellbeing or staff socials I should be speaking to? Happy to be pointed elsewhere.

Brian
FC Urban",,,,
Aegon Investments,,Financial institution,EC3V 4AB,"LEVEL 26 THE LEADENHALL BUILDING, LONDON",06/03/2017,FULL,66300 - Fund management activities,Whitechapel,25,exact postcode,,,,,,"Hi {First} - I'm Brian from FC Urban. We run social football at Whitechapel, a 25-min walk from Aegon Investments. Looking for someone inside the team up for starting an after-work game - we handle pitch, payments and organising. Open to a quick chat?",251,"Thanks for connecting, {First}.

Quick one - we run social football games at Whitechapel, about 25 minutes' walk from your office. A few City firms use them as an easy after-work thing for colleagues: we sort the pitch, the payments and the organising, and can top the group up with our own players if numbers are short.

Is there someone at Aegon Investments who looks after wellbeing or staff socials I should be speaking to? Happy to be pointed elsewhere.

Brian
FC Urban",,,,
Affinity Dry Bulk,,Financial institution,EC3V 4AB,"C/O AFFINITY (SHIPPING) LLP, 44TH FLOOR THE LEADENHALL BUILDING, LONDON",27/09/2017,FULL,64209 - Activities of other holding companies n.e.c. | 82990 - Other business support service activities n.e.c.,Whitechapel,25,exact postcode,,,,,,"Hi {First} - I'm Brian from FC Urban. We run social football at Whitechapel, a 25-min walk from Affinity Dry Bulk. Looking for someone inside the team up for starting an after-work game - we handle pitch, payments and organising. Open to a quick chat?",251,"Thanks for connecting, {First}.

Quick one - we run social football games at Whitechapel, about 25 minutes' walk from your office. A few City firms use them as an easy after-work thing for colleagues: we sort the pitch, the payments and the organising, and can top the group up with our own players if numbers are short.

Is there someone at Affinity Dry Bulk who looks after wellbeing or staff socials I should be speaking to? Happy to be pointed elsewhere.

Brian
FC Urban",,,,
Affinity Shipping International,,Financial institution,EC3V 4AB,"LEVEL 44 THE LEADENHALL BUILDING, LONDON",12/05/2011,FULL,64209 - Activities of other holding companies n.e.c.,Whitechapel,25,exact postcode,,,,,,"Hi {First} - I'm Brian from FC Urban. We run social football at Whitechapel, a 25-min walk from Affinity Shipping International. Looking for someone inside the team up for starting an after-work game - we handle pitch, payments and organising. Open to a quick chat?",265,"Thanks for connecting, {First}.

Quick one - we run social football games at Whitechapel, about 25 minutes' walk from your office. A few City firms use them as an easy after-work thing for colleagues: we sort the pitch, the payments and the organising, and can top the group up with our own players if numbers are short.

Is there someone at Affinity Shipping International who looks after wellbeing or staff socials I should be speaking to? Happy to be pointed elsewhere.

Brian
FC Urban",,,,
Afin Bank,,Financial institution,EC1Y 4UQ,"LOWER GROUND FLOOR, LONDON",18/12/2020,FULL,64191 - Banks,Old St - Moreland Primary School,14,postcode district,,,,,,"Hi {First} - I'm Brian from FC Urban. We run social football at Old St - Moreland Primary School, a 14-min walk from Afin Bank. Looking for someone inside the team up for starting an after-work game - we handle pitch, payments and organising. Open to a quick chat?",264,"Thanks for connecting, {First}.

Quick one - we run social football games at Old St - Moreland Primary School, about 14 minutes' walk from your office. A few City firms use them as an easy after-work thing for colleagues: we sort the pitch, the payments and the organising, and can top the group up with our own players if numbers are short.

Is there someone at Afin Bank who looks after wellbeing or staff socials I should be speaking to? Happy to be pointed elsewhere.

Brian
FC Urban",,,,
Afo Topco,,Financial institution,EC1V 0AU,"12-14 BERRY STREET, LONDON",29/11/2022,GROUP,64209 - Activities of other holding companies n.e.c.,Old St - Moreland Primary School,9,postcode district,,,,,,"Hi {First} - I'm Brian from FC Urban. We run social football at Old St - Moreland Primary School, a 9-min walk from Afo Topco. Looking for someone inside the team up for starting an after-work game - we handle pitch, payments and organising. Open to a quick chat?",263,"Thanks for connecting, {First}.

Quick one - we run social football games at Old St - Moreland Primary School, about 9 minutes' walk from your office. A few City firms use them as an easy after-work thing for colleagues: we sort the pitch, the payments and the organising, and can top the group up with our own players if numbers are short.

Is there someone at Afo Topco who looks after wellbeing or staff socials I should be speaking to? Happy to be pointed elsewhere.

Brian
FC Urban",,,,
Afro Asian Insurance Services,,Financial institution,EC3N 3DQ,"DIXON HOUSE, LONDON",20/11/1987,FULL,65201 - Life reinsurance | 65202 - Non-life reinsurance,Whitechapel,21,exact postcode,,,,,,"Hi {First} - I'm Brian from FC Urban. We run social football at Whitechapel, a 21-min walk from Afro Asian Insurance Services. Looking for someone inside the team up for starting an after-work game - we handle pitch, payments and organising. Open to a quick chat?",263,"Thanks for connecting, {First}.

Quick one - we run social football games at Whitechapel, about 21 minutes' walk from your office. A few City firms use them as an easy after-work thing for colleagues: we sort the pitch, the payments and the organising, and can top the group up with our own players if numbers are short.

Is there someone at Afro Asian Insurance Services who looks after wellbeing or staff socials I should be speaking to? Happy to be pointed elsewhere.

Brian
FC Urban",,,,
Afton Wind Farm (Holdings),,Financial institution,EC1Y 4AG,"60 MILTON GATE, LONDON",02/09/2016,FULL,64205 - Activities of financial services holding companies,Old St - Moreland Primary School,14,postcode district,,,,,,"Hi {First} - I'm Brian from FC Urban. We run social football at Old St - Moreland Primary School, a 14-min walk from Afton Wind Farm (Holdings). Looking for someone inside the team up for starting an after-work game - we handle pitch, payments and organising. Open to a quick chat?",281,"Thanks for connecting, {First}.

Quick one - we run social football games at Old St - Moreland Primary School, about 14 minutes' walk from your office. A few City firms use them as an easy after-work thing for colleagues: we sort the pitch, the payments and the organising, and can top the group up with our own players if numbers are short.

Is there someone at Afton Wind Farm (Holdings) who looks after wellbeing or staff socials I should be speaking to? Happy to be pointed elsewhere.

Brian
FC Urban",,,,
Ahj Holdings,,Financial institution,EC3R 7BB,2 MINSTER COURT MINCING LANE,14/09/1973,GROUP,65202 - Non-life reinsurance | 70100 - Activities of head offices | 82990 - Other business support service activities n.e.c.,Borough Academy,25,exact postcode,,,,,,"Hi {First} - I'm Brian from FC Urban. We run social football at Borough Academy, a 25-min walk from Ahj Holdings. Looking for someone inside the team up for starting an after-work game - we handle pitch, payments and organising. Open to a quick chat?",250,"Thanks for connecting, {First}.

Quick one - we run social football games at Borough Academy, about 25 minutes' walk from your office. A few City firms use them as an easy after-work thing for colleagues: we sort the pitch, the payments and the organising, and can top the group up with our own players if numbers are short.

Is there someone at Ahj Holdings who looks after wellbeing or staff socials I should be speaking to? Happy to be pointed elsewhere.

Brian
FC Urban",,,,
Aib Asset Management Holdings,,Financial institution,EC3A 8BE,"AIB 13 FLOOR, LONDON",30/11/1995,FULL,64999 - Financial intermediation not elsewhere classified | 66120 - Security and commodity contracts dealing activities,Whitechapel,22,postcode district,,,,,,"Hi {First} - I'm Brian from FC Urban. We run social football at Whitechapel, a 22-min walk from Aib Asset Management Holdings. Looking for someone inside the team up for starting an after-work game - we handle pitch, payments and organising. Open to a quick chat?",263,"Thanks for connecting, {First}.

Quick one - we run social football games at Whitechapel, about 22 minutes' walk from your office. A few City firms use them as an easy after-work thing for colleagues: we sort the pitch, the payments and the organising, and can top the group up with our own players if numbers are short.

Is there someone at Aib Asset Management Holdings who looks after wellbeing or staff socials I should be speaking to? Happy to be pointed elsewhere.

Brian
FC Urban",,,,
Aib Corporate Leasing,,Financial institution,EC3A 8BE,"AIB 13 FLOOR, LONDON",05/03/1980,FULL,64910 - Financial leasing | 64999 - Financial intermediation not elsewhere classified,Whitechapel,22,postcode district,,,,,,"Hi {First} - I'm Brian from FC Urban. We run social football at Whitechapel, a 22-min walk from Aib Corporate Leasing. Looking for someone inside the team up for starting an after-work game - we handle pitch, payments and organising. Open to a quick chat?",255,"Thanks for connecting, {First}.

Quick one - we run social football games at Whitechapel, about 22 minutes' walk from your office. A few City firms use them as an easy after-work thing for colleagues: we sort the pitch, the payments and the organising, and can top the group up with our own players if numbers are short.

Is there someone at Aib Corporate Leasing who looks after wellbeing or staff socials I should be speaking to? Happy to be pointed elsewhere.

Brian
FC Urban",,,,
Aioi Nissay Dowa Europe,,Financial institution,EC3A 2BJ,"7TH FLOOR 52-56, LONDON",08/11/2017,FULL,64209 - Activities of other holding companies n.e.c.,Whitechapel,23,exact postcode,,,,,,"Hi {First} - I'm Brian from FC Urban. We run social football at Whitechapel, a 23-min walk from Aioi Nissay Dowa Europe. Looking for someone inside the team up for starting an after-work game - we handle pitch, payments and organising. Open to a quick chat?",257,"Thanks for connecting, {First}.

Quick one - we run social football games at Whitechapel, about 23 minutes' walk from your office. A few City firms use them as an easy after-work thing for colleagues: we sort the pitch, the payments and the organising, and can top the group up with our own players if numbers are short.

Is there someone at Aioi Nissay Dowa Europe who looks after wellbeing or staff socials I should be speaking to? Happy to be pointed elsewhere.

Brian
FC Urban",,,,
Aioi Nissay Dowa Insurance Management,,Financial institution,EC3A 2BJ,"7TH FLOOR, 52-56, LONDON",16/01/1985,FULL,65120 - Non-life insurance | 78300 - Human resources provision and management of human resources functions | 82110 - Combined office administrative service activities,Whitechapel,23,exact postcode,,,,,,"Hi {First} - I'm Brian from FC Urban. We run social football at Whitechapel, a 23-min walk from Aioi Nissay Dowa Insurance Management. Looking for someone inside the team up for starting an after-work game - we handle pitch, payments and organising. Open to a quick chat?",271,"Thanks for connecting, {First}.

Quick one - we run social football games at Whitechapel, about 23 minutes' walk from your office. A few City firms use them as an easy after-work thing for colleagues: we sort the pitch, the payments and the organising, and can top the group up with our own players if numbers are short.

Is there someone at Aioi Nissay Dowa Insurance Management who looks after wellbeing or staff socials I should be speaking to? Happy to be pointed elsewhere.

Brian
FC Urban",,,,
Aioi Nissay Dowa Insurance Uk,,Financial institution,EC3A 2BJ,"7TH FLOOR 52-56, LONDON",11/12/2017,FULL,65120 - Non-life insurance | 65202 - Non-life reinsurance,Whitechapel,23,exact postcode,,,,,,"Hi {First} - I'm Brian from FC Urban. We run social football at Whitechapel, a 23-min walk from Aioi Nissay Dowa Insurance Uk. Looking for someone inside the team up for starting an after-work game - we handle pitch, payments and organising. Open to a quick chat?",263,"Thanks for connecting, {First}.

Quick one - we run social football games at Whitechapel, about 23 minutes' walk from your office. A few City firms use them as an easy after-work thing for colleagues: we sort the pitch, the payments and the organising, and can top the group up with our own players if numbers are short.

Is there someone at Aioi Nissay Dowa Insurance Uk who looks after wellbeing or staff socials I should be speaking to? Happy to be pointed elsewhere.

Brian
FC Urban",,,,
Alchemy Prime,,Financial institution,EC1V 8AR,"5TH FLOOR 142 CENTRAL STREET, LONDON",20/09/2013,MEDIUM,66190 - Activities auxiliary to financial intermediation n.e.c.,Old St - Moreland Primary School,9,postcode district,,,,,,"Hi {First} - I'm Brian from FC Urban. We run social football at Old St - Moreland Primary School, a 9-min walk from Alchemy Prime. Looking for someone inside the team up for starting an after-work game - we handle pitch, payments and organising. Open to a quick chat?",267,"Thanks for connecting, {First}.

Quick one - we run social football games at Old St - Moreland Primary School, about 9 minutes' walk from your office. A few City firms use them as an easy after-work thing for colleagues: we sort the pitch, the payments and the organising, and can top the group up with our own players if numbers are short.

Is there someone at Alchemy Prime who looks after wellbeing or staff socials I should be speaking to? Happy to be pointed elsewhere.

Brian
FC Urban",,,,
Alchemy Underwriting,,Financial institution,EC3N 4AT,"2 SEETHING LANE, LONDON",24/07/2017,GROUP,65120 - Non-life insurance,Whitechapel,19,postcode district,,,,,,"Hi {First} - I'm Brian from FC Urban. We run social football at Whitechapel, a 19-min walk from Alchemy Underwriting. Looking for someone inside the team up for starting an after-work game - we handle pitch, payments and organising. Open to a quick chat?",254,"Thanks for connecting, {First}.

Quick one - we run social football games at Whitechapel, about 19 minutes' walk from your office. A few City firms use them as an easy after-work thing for colleagues: we sort the pitch, the payments and the organising, and can top the group up with our own players if numbers are short.

Is there someone at Alchemy Underwriting who looks after wellbeing or staff socials I should be speaking to? Happy to be pointed elsewhere.

Brian
FC Urban",,,,
Allenby Capital,,Financial institution,EC3A 6AB,"5 ST. HELEN'S PLACE, LONDON",24/09/2008,FULL,66190 - Activities auxiliary to financial intermediation n.e.c.,Whitechapel,24,exact postcode,YES,,,,,"Hi {First} - I'm Brian from FC Urban. We run social football at Whitechapel, a 24-min walk from Allenby Capital. Looking for someone inside the team up for starting an after-work game - we handle pitch, payments and organising. Open to a quick chat?",249,"Thanks for connecting, {First}.

Quick one - we run social football games at Whitechapel, about 24 minutes' walk from your office. A few City firms use them as an easy after-work thing for colleagues: we sort the pitch, the payments and the organising, and can top the group up with our own players if numbers are short.

Is there someone at Allenby Capital who looks after wellbeing or staff socials I should be speaking to? Happy to be pointed elsewhere.

Brian
FC Urban",,,,
Alliance Bidco,,Financial institution,EC4N 1TX,"ALDERMARY HOUSE, FLOOR 8, 10-15, LONDON",19/12/2022,FULL,64209 - Activities of other holding companies n.e.c.,Borough Academy,22,postcode district,,,,,,"Hi {First} - I'm Brian from FC Urban. We run social football at Borough Academy, a 22-min walk from Alliance Bidco. Looking for someone inside the team up for starting an after-work game - we handle pitch, payments and organising. Open to a quick chat?",252,"Thanks for connecting, {First}.

Quick one - we run social football games at Borough Academy, about 22 minutes' walk from your office. A few City firms use them as an easy after-work thing for colleagues: we sort the pitch, the payments and the organising, and can top the group up with our own players if numbers are short.

Is there someone at Alliance Bidco who looks after wellbeing or staff socials I should be speaking to? Happy to be pointed elsewhere.

Brian
FC Urban",,,,
Alliance Topco,,Financial institution,EC4N 1TX,"ALDERMARY HOUSE, FLOOR 8, 10-15, LONDON",19/12/2022,GROUP,64209 - Activities of other holding companies n.e.c.,Borough Academy,22,postcode district,,,,,,"Hi {First} - I'm Brian from FC Urban. We run social football at Borough Academy, a 22-min walk from Alliance Topco. Looking for someone inside the team up for starting an after-work game - we handle pitch, payments and organising. Open to a quick chat?",252,"Thanks for connecting, {First}.

Quick one - we run social football games at Borough Academy, about 22 minutes' walk from your office. A few City firms use them as an easy after-work thing for colleagues: we sort the pitch, the payments and the organising, and can top the group up with our own players if numbers are short.

Is there someone at Alliance Topco who looks after wellbeing or staff socials I should be speaking to? Happy to be pointed elsewhere.

Brian
FC Urban",,,,
Allica Bank,,Financial institution,EC2A 2DT,"4TH/5TH FLOOR, LONDON",15/07/2011,GROUP,64191 - Banks,Shoreditch Rooftop,17,postcode district,,,,,,"Hi {First} - I'm Brian from FC Urban. We run social football at Shoreditch Rooftop, a 17-min walk from Allica Bank. Looking for someone inside the team up for starting an after-work game - we handle pitch, payments and organising. Open to a quick chat?",252,"Thanks for connecting, {First}.

Quick one - we run social football games at Shoreditch Rooftop, about 17 minutes' walk from your office. A few City firms use them as an easy after-work thing for colleagues: we sort the pitch, the payments and the organising, and can top the group up with our own players if numbers are short.

Is there someone at Allica Bank who looks after wellbeing or staff socials I should be speaking to? Happy to be pointed elsewhere.

Brian
FC Urban",,,,
Allica Financial Services,,Financial institution,EC2A 2DT,"4TH/5TH FLOOR, LONDON",01/08/2020,FULL,64910 - Financial leasing,Shoreditch Rooftop,17,postcode district,,,,,,"Hi {First} - I'm Brian from FC Urban. We run social football at Shoreditch Rooftop, a 17-min walk from Allica Financial Services. Looking for someone inside the team up for starting an after-work game - we handle pitch, payments and organising. Open to a quick chat?",266,"Thanks for connecting, {First}.

Quick one - we run social football games at Shoreditch Rooftop, about 17 minutes' walk from your office. A few City firms use them as an easy after-work thing for colleagues: we sort the pitch, the payments and the organising, and can top the group up with our own players if numbers are short.

Is there someone at Allica Financial Services who looks after wellbeing or staff socials I should be speaking to? Happy to be pointed elsewhere.

Brian
FC Urban",,,,
Allspring Global Investments (Uk),,Financial institution,EC4M 6XH,"30 CANNON STREET, LONDON",10/02/1999,FULL,66300 - Fund management activities,Borough Academy,22,postcode district,,,,,,"Hi {First} - I'm Brian from FC Urban. We run social football at Borough Academy, a 22-min walk from Allspring Global Investments (Uk). Looking for someone inside the team up for starting an after-work game - we handle pitch, payments and organising. Open to a quick chat?",271,"Thanks for connecting, {First}.

Quick one - we run social football games at Borough Academy, about 22 minutes' walk from your office. A few City firms use them as an easy after-work thing for colleagues: we sort the pitch, the payments and the organising, and can top the group up with our own players if numbers are short.

Is there someone at Allspring Global Investments (Uk) who looks after wellbeing or staff socials I should be speaking to? Happy to be pointed elsewhere.

Brian
FC Urban",,,,
Alpha Bank London,,Financial institution,EC4N 7BL,"CAPITAL HOUSE, LONDON",17/10/1922,FULL,64191 - Banks,Borough Academy,22,postcode district,,,,,,"Hi {First} - I'm Brian from FC Urban. We run social football at Borough Academy, a 22-min walk from Alpha Bank London. Looking for someone inside the team up for starting an after-work game - we handle pitch, payments and organising. Open to a quick chat?",255,"Thanks for connecting, {First}.

Quick one - we run social football games at Borough Academy, about 22 minutes' walk from your office. A few City firms use them as an easy after-work thing for colleagues: we sort the pitch, the payments and the organising, and can top the group up with our own players if numbers are short.

Is there someone at Alpha Bank London who looks after wellbeing or staff socials I should be speaking to? Happy to be pointed elsewhere.

Brian
FC Urban",,,,
Alphasights Holdings,,Financial institution,EC4V 3DX,"THAMES COURT, LONDON",03/09/2018,GROUP,63990 - Other information service activities n.e.c. | 64209 - Activities of other holding companies n.e.c.,Borough Academy,19,postcode district,,,,,,"Hi {First} - I'm Brian from FC Urban. We run social football at Borough Academy, a 19-min walk from Alphasights Holdings. Looking for someone inside the team up for starting an after-work game - we handle pitch, payments and organising. Open to a quick chat?",258,"Thanks for connecting, {First}.

Quick one - we run social football games at Borough Academy, about 19 minutes' walk from your office. A few City firms use them as an easy after-work thing for colleagues: we sort the pitch, the payments and the organising, and can top the group up with our own players if numbers are short.

Is there someone at Alphasights Holdings who looks after wellbeing or staff socials I should be speaking to? Happy to be pointed elsewhere.

Brian
FC Urban",,,,
Altitude Investment Management,,Financial institution,EC2V 7JX,"10 NOBLE STREET, ALDER CASTLE 10 NOBLE STREET, LONDON",30/04/2019,FULL,64304 - Activities of open-ended investment companies,Borough Academy,23,postcode district,,,,,,"Hi {First} - I'm Brian from FC Urban. We run social football at Borough Academy, a 23-min walk from Altitude Investment Management. Looking for someone inside the team up for starting an after-work game - we handle pitch, payments and organising. Open to a quick chat?",268,"Thanks for connecting, {First}.

Quick one - we run social football games at Borough Academy, about 23 minutes' walk from your office. A few City firms use them as an easy after-work thing for colleagues: we sort the pitch, the payments and the organising, and can top the group up with our own players if numbers are short.

Is there someone at Altitude Investment Management who looks after wellbeing or staff socials I should be speaking to? Happy to be pointed elsewhere.

Brian
FC Urban",,,,
Alwen Hough Johnson,,Financial institution,EC3R 7BB,2 MINSTER COURT MINCING LANE,30/12/1974,FULL,65202 - Non-life reinsurance,Borough Academy,25,exact postcode,,,,,,"Hi {First} - I'm Brian from FC Urban. We run social football at Borough Academy, a 25-min walk from Alwen Hough Johnson. Looking for someone inside the team up for starting an after-work game - we handle pitch, payments and organising. Open to a quick chat?",257,"Thanks for connecting, {First}.

Quick one - we run social football games at Borough Academy, about 25 minutes' walk from your office. A few City firms use them as an easy after-work thing for colleagues: we sort the pitch, the payments and the organising, and can top the group up with our own players if numbers are short.

Is there someone at Alwen Hough Johnson who looks after wellbeing or staff socials I should be speaking to? Happy to be pointed elsewhere.

Brian
FC Urban",,,,
Amalgamated Metal Trading,,Financial institution,EC2N 4AY,"LEVEL 35, LONDON",11/07/1919,FULL,66120 - Security and commodity contracts dealing activities,Whitechapel,24,exact postcode,,,,,,"Hi {First} - I'm Brian from FC Urban. We run social football at Whitechapel, a 24-min walk from Amalgamated Metal Trading. Looking for someone inside the team up for starting an after-work game - we handle pitch, payments and organising. Open to a quick chat?",259,"Thanks for connecting, {First}.

Quick one - we run social football games at Whitechapel, about 24 minutes' walk from your office. A few City firms use them as an easy after-work thing for colleagues: we sort the pitch, the payments and the organising, and can top the group up with our own players if numbers are short.

Is there someone at Amalgamated Metal Trading who looks after wellbeing or staff socials I should be speaking to? Happy to be pointed elsewhere.

Brian
FC Urban",,,,
Ambac Assurance Uk,,Financial institution,EC2R 6EJ,"5TH FLOOR, 48/54, LONDON",11/09/1996,FULL,65120 - Non-life insurance,Old St - Moreland Primary School,25,postcode district,,,,,,"Hi {First} - I'm Brian from FC Urban. We run social football at Old St - Moreland Primary School, a 25-min walk from Ambac Assurance Uk. Looking for someone inside the team up for starting an after-work game - we handle pitch, payments and organising. Open to a quick chat?",273,"Thanks for connecting, {First}.

Quick one - we run social football games at Old St - Moreland Primary School, about 25 minutes' walk from your office. A few City firms use them as an easy after-work thing for colleagues: we sort the pitch, the payments and the organising, and can top the group up with our own players if numbers are short.

Is there someone at Ambac Assurance Uk who looks after wellbeing or staff socials I should be speaking to? Happy to be pointed elsewhere.

Brian
FC Urban",,,,
Amber River Chancery,,Financial institution,EC4Y 1BP,"FIRST FLOOR MITRE HOUSE, LONDON",31/05/2001,FULL,64999 - Financial intermediation not elsewhere classified,Borough Academy,21,postcode district,,,,,,"Hi {First} - I'm Brian from FC Urban. We run social football at Borough Academy, a 21-min walk from Amber River Chancery. Looking for someone inside the team up for starting an after-work game - we handle pitch, payments and organising. Open to a quick chat?",258,"Thanks for connecting, {First}.

Quick one - we run social football games at Borough Academy, about 21 minutes' walk from your office. A few City firms use them as an easy after-work thing for colleagues: we sort the pitch, the payments and the organising, and can top the group up with our own players if numbers are short.

Is there someone at Amber River Chancery who looks after wellbeing or staff socials I should be speaking to? Happy to be pointed elsewhere.

Brian
FC Urban",,,,
Amber River Group,,Financial institution,EC2M 1QS,"LEVEL 4, DASHWOOD HOUSE, 69, LONDON",12/04/2019,GROUP,64209 - Activities of other holding companies n.e.c.,Whitechapel,26,exact postcode,,,,,,"Hi {First} - I'm Brian from FC Urban. We run social football at Whitechapel, a 26-min walk from Amber River Group. Looking for someone inside the team up for starting an after-work game - we handle pitch, payments and organising. Open to a quick chat?",251,"Thanks for connecting, {First}.

Quick one - we run social football games at Whitechapel, about 26 minutes' walk from your office. A few City firms use them as an easy after-work thing for colleagues: we sort the pitch, the payments and the organising, and can top the group up with our own players if numbers are short.

Is there someone at Amber River Group who looks after wellbeing or staff socials I should be speaking to? Happy to be pointed elsewhere.

Brian
FC Urban",,,,
Ambipar Holdings (Uk),,Financial institution,EC2M 5QQ,"OFFICE 681 - 684, 4TH FLOOR, SALISBURY HOUSE, LONDON",17/12/2020,FULL,64209 - Activities of other holding companies n.e.c.,Whitechapel,23,postcode district,,,,,,"Hi {First} - I'm Brian from FC Urban. We run social football at Whitechapel, a 23-min walk from Ambipar Holdings (Uk). Looking for someone inside the team up for starting an after-work game - we handle pitch, payments and organising. Open to a quick chat?",255,"Thanks for connecting, {First}.

Quick one - we run social football games at Whitechapel, about 23 minutes' walk from your office. A few City firms use them as an easy after-work thing for colleagues: we sort the pitch, the payments and the organising, and can top the group up with our own players if numbers are short.

Is there someone at Ambipar Holdings (Uk) who looks after wellbeing or staff socials I should be speaking to? Happy to be pointed elsewhere.

Brian
FC Urban",,,,
Amova Am Global Holdings,,Financial institution,EC4R 1BN,"36 QUEEN STREET, LONDON",16/03/1998,FULL,64205 - Activities of financial services holding companies,Borough Academy,18,postcode district,,,,,,"Hi {First} - I'm Brian from FC Urban. We run social football at Borough Academy, a 18-min walk from Amova Am Global Holdings. Looking for someone inside the team up for starting an after-work game - we handle pitch, payments and organising. Open to a quick chat?",262,"Thanks for connecting, {First}.

Quick one - we run social football games at Borough Academy, about 18 minutes' walk from your office. A few City firms use them as an easy after-work thing for colleagues: we sort the pitch, the payments and the organising, and can top the group up with our own players if numbers are short.

Is there someone at Amova Am Global Holdings who looks after wellbeing or staff socials I should be speaking to? Happy to be pointed elsewhere.

Brian
FC Urban",,,,
Amova Asset Management Uk,,Financial institution,EC4R 1BN,"36 QUEEN STREET, LONDON",27/03/1984,FULL,64999 - Financial intermediation not elsewhere classified,Borough Academy,18,postcode district,,,,,,"Hi {First} - I'm Brian from FC Urban. We run social football at Borough Academy, a 18-min walk from Amova Asset Management Uk. Looking for someone inside the team up for starting an after-work game - we handle pitch, payments and organising. Open to a quick chat?",263,"Thanks for connecting, {First}.

Quick one - we run social football games at Borough Academy, about 18 minutes' walk from your office. A few City firms use them as an easy after-work thing for colleagues: we sort the pitch, the payments and the organising, and can top the group up with our own players if numbers are short.

Is there someone at Amova Asset Management Uk who looks after wellbeing or staff socials I should be speaking to? Happy to be pointed elsewhere.

Brian
FC Urban",,,,
Amt Futures,,Financial institution,EC2N 4AY,"LEVEL 35, LONDON",28/06/1961,FULL,66120 - Security and commodity contracts dealing activities,Whitechapel,24,exact postcode,,,,,,"Hi {First} - I'm Brian from FC Urban. We run social football at Whitechapel, a 24-min walk from Amt Futures. Looking for someone inside the team up for starting an after-work game - we handle pitch, payments and organising. Open to a quick chat?",245,"Thanks for connecting, {First}.

Quick one - we run social football games at Whitechapel, about 24 minutes' walk from your office. A few City firms use them as an easy after-work thing for colleagues: we sort the pitch, the payments and the organising, and can top the group up with our own players if numbers are short.

Is there someone at Amt Futures who looks after wellbeing or staff socials I should be speaking to? Happy to be pointed elsewhere.

Brian
FC Urban",,,,
Anglo London Holdco,,Financial institution,EC3A 3DH,"80 LEADENHALL STREET, LONDON",22/07/2022,GROUP,64205 - Activities of financial services holding companies,Whitechapel,21,exact postcode,,,,,,"Hi {First} - I'm Brian from FC Urban. We run social football at Whitechapel, a 21-min walk from Anglo London Holdco. Looking for someone inside the team up for starting an after-work game - we handle pitch, payments and organising. Open to a quick chat?",253,"Thanks for connecting, {First}.

Quick one - we run social football games at Whitechapel, about 21 minutes' walk from your office. A few City firms use them as an easy after-work thing for colleagues: we sort the pitch, the payments and the organising, and can top the group up with our own players if numbers are short.

Is there someone at Anglo London Holdco who looks after wellbeing or staff socials I should be speaking to? Happy to be pointed elsewhere.

Brian
FC Urban",,,,
Angra,,Financial institution,EC4V 3DB,"2 THE MERMAID HOUSE, 2 PUDDLE DOCK, BLACKFRIARS, LONDON",06/07/2009,FULL,64999 - Financial intermediation not elsewhere classified,Borough Academy,18,exact postcode,,,,,,"Hi {First} - I'm Brian from FC Urban. We run social football at Borough Academy, a 18-min walk from Angra. Looking for someone inside the team up for starting an after-work game - we handle pitch, payments and organising. Open to a quick chat?",243,"Thanks for connecting, {First}.

Quick one - we run social football games at Borough Academy, about 18 minutes' walk from your office. A few City firms use them as an easy after-work thing for colleagues: we sort the pitch, the payments and the organising, and can top the group up with our own players if numbers are short.

Is there someone at Angra who looks after wellbeing or staff socials I should be speaking to? Happy to be pointed elsewhere.

Brian
FC Urban",,,,
Anubis Wind Company,,Financial institution,EC4V 3BJ,"VINTNERS  PLACE, LONDON",14/06/2022,FULL,64209 - Activities of other holding companies n.e.c.,Borough Academy,17,exact postcode,,,,,,"Hi {First} - I'm Brian from FC Urban. We run social football at Borough Academy, a 17-min walk from Anubis Wind Company. Looking for someone inside the team up for starting an after-work game - we handle pitch, payments and organising. Open to a quick chat?",257,"Thanks for connecting, {First}.

Quick one - we run social football games at Borough Academy, about 17 minutes' walk from your office. A few City firms use them as an easy after-work thing for colleagues: we sort the pitch, the payments and the organising, and can top the group up with our own players if numbers are short.

Is there someone at Anubis Wind Company who looks after wellbeing or staff socials I should be speaking to? Happy to be pointed elsewhere.

Brian
FC Urban",,,,
Aon Finance Uk 3,,Financial institution,EC3V 4AN,"THE AON CENTRE, THE LEADENHALL BUILDING, LONDON",15/10/2020,FULL,64209 - Activities of other holding companies n.e.c.,Borough Academy,24,postcode district,,,,,,"Hi {First} - I'm Brian from FC Urban. We run social football at Borough Academy, a 24-min walk from Aon Finance Uk 3. Looking for someone inside the team up for starting an after-work game - we handle pitch, payments and organising. Open to a quick chat?",254,"Thanks for connecting, {First}.

Quick one - we run social football games at Borough Academy, about 24 minutes' walk from your office. A few City firms use them as an easy after-work thing for colleagues: we sort the pitch, the payments and the organising, and can top the group up with our own players if numbers are short.

Is there someone at Aon Finance Uk 3 who looks after wellbeing or staff socials I should be speaking to? Happy to be pointed elsewhere.

Brian
FC Urban",,,,
Apollo Group Holdings,,Financial institution,EC2N 3AQ,"1 BISHOPSGATE, LONDON",14/09/2020,GROUP,64205 - Activities of financial services holding companies,Whitechapel,26,postcode district,,,,,,"Hi {First} - I'm Brian from FC Urban. We run social football at Whitechapel, a 26-min walk from Apollo Group Holdings. Looking for someone inside the team up for starting an after-work game - we handle pitch, payments and organising. Open to a quick chat?",255,"Thanks for connecting, {First}.

Quick one - we run social football games at Whitechapel, about 26 minutes' walk from your office. A few City firms use them as an easy after-work thing for colleagues: we sort the pitch, the payments and the organising, and can top the group up with our own players if numbers are short.

Is there someone at Apollo Group Holdings who looks after wellbeing or staff socials I should be speaking to? Happy to be pointed elsewhere.

Brian
FC Urban",,,,
Apollo Syndicate Management,,Financial institution,EC2N 3AQ,"ONE BISHOPSGATE, LONDON",19/08/2014,FULL,65120 - Non-life insurance | 65202 - Non-life reinsurance,Whitechapel,26,postcode district,,,,,,"Hi {First} - I'm Brian from FC Urban. We run social football at Whitechapel, a 26-min walk from Apollo Syndicate Management. Looking for someone inside the team up for starting an after-work game - we handle pitch, payments and organising. Open to a quick chat?",261,"Thanks for connecting, {First}.

Quick one - we run social football games at Whitechapel, about 26 minutes' walk from your office. A few City firms use them as an easy after-work thing for colleagues: we sort the pitch, the payments and the organising, and can top the group up with our own players if numbers are short.

Is there someone at Apollo Syndicate Management who looks after wellbeing or staff socials I should be speaking to? Happy to be pointed elsewhere.

Brian
FC Urban",,,,
Apsi Holdings,,Financial institution,EC1V 8AR,"142, CENTRAL STREET, LONDON",12/08/2021,MEDIUM,64205 - Activities of financial services holding companies,Old St - Moreland Primary School,9,postcode district,,,,,,"Hi {First} - I'm Brian from FC Urban. We run social football at Old St - Moreland Primary School, a 9-min walk from Apsi Holdings. Looking for someone inside the team up for starting an after-work game - we handle pitch, payments and organising. Open to a quick chat?",267,"Thanks for connecting, {First}.

Quick one - we run social football games at Old St - Moreland Primary School, about 9 minutes' walk from your office. A few City firms use them as an easy after-work thing for colleagues: we sort the pitch, the payments and the organising, and can top the group up with our own players if numbers are short.

Is there someone at Apsi Holdings who looks after wellbeing or staff socials I should be speaking to? Happy to be pointed elsewhere.

Brian
FC Urban",,,,
Aquis Stock Exchange,,Financial institution,EC4N 4UA,"63 QUEEN VICTORIA STREET, LONDON",24/10/2001,FULL,66110 - Administration of financial markets,Borough Academy,22,postcode district,,,,,,"Hi {First} - I'm Brian from FC Urban. We run social football at Borough Academy, a 22-min walk from Aquis Stock Exchange. Looking for someone inside the team up for starting an after-work game - we handle pitch, payments and organising. Open to a quick chat?",258,"Thanks for connecting, {First}.

Quick one - we run social football games at Borough Academy, about 22 minutes' walk from your office. A few City firms use them as an easy after-work thing for colleagues: we sort the pitch, the payments and the organising, and can top the group up with our own players if numbers are short.

Is there someone at Aquis Stock Exchange who looks after wellbeing or staff socials I should be speaking to? Happy to be pointed elsewhere.

Brian
FC Urban",,,,
Arcadian Risk Capital (Uk),,Financial institution,EC3V 3PD,"52 CORNHILL, LONDON",24/07/2020,FULL,65120 - Non-life insurance,Borough Academy,26,exact postcode,,,,,,"Hi {First} - I'm Brian from FC Urban. We run social football at Borough Academy, a 26-min walk from Arcadian Risk Capital (Uk). Looking for someone inside the team up for starting an after-work game - we handle pitch, payments and organising. Open to a quick chat?",264,"Thanks for connecting, {First}.

Quick one - we run social football games at Borough Academy, about 26 minutes' walk from your office. A few City firms use them as an easy after-work thing for colleagues: we sort the pitch, the payments and the organising, and can top the group up with our own players if numbers are short.

Is there someone at Arcadian Risk Capital (Uk) who looks after wellbeing or staff socials I should be speaking to? Happy to be pointed elsewhere.

Brian
FC Urban",,,,
Ardea Investment Management (Uk),,Financial institution,EC2V 7BX,"LEVEL 1, LONDON",25/11/2020,FULL,66300 - Fund management activities,Borough Academy,23,postcode district,,,,,,"Hi {First} - I'm Brian from FC Urban. We run social football at Borough Academy, a 23-min walk from Ardea Investment Management (Uk). Looking for someone inside the team up for starting an after-work game - we handle pitch, payments and organising. Open to a quick chat?",270,"Thanks for connecting, {First}.

Quick one - we run social football games at Borough Academy, about 23 minutes' walk from your office. A few City firms use them as an easy after-work thing for colleagues: we sort the pitch, the payments and the organising, and can top the group up with our own players if numbers are short.

Is there someone at Ardea Investment Management (Uk) who looks after wellbeing or staff socials I should be speaking to? Happy to be pointed elsewhere.

Brian
FC Urban",,,,
Arise P&L Africa 1,,Financial institution,EC2N 4AG,"1820 100 BISHOPSGATE, LONDON",20/05/2019,FULL,64209 - Activities of other holding companies n.e.c.,Whitechapel,24,exact postcode,,,,,,"Hi {First} - I'm Brian from FC Urban. We run social football at Whitechapel, a 24-min walk from Arise P&L Africa 1. Looking for someone inside the team up for starting an after-work game - we handle pitch, payments and organising. Open to a quick chat?",252,"Thanks for connecting, {First}.

Quick one - we run social football games at Whitechapel, about 24 minutes' walk from your office. A few City firms use them as an easy after-work thing for colleagues: we sort the pitch, the payments and the organising, and can top the group up with our own players if numbers are short.

Is there someone at Arise P&L Africa 1 who looks after wellbeing or staff socials I should be speaking to? Happy to be pointed elsewhere.

Brian
FC Urban",,,,
Arise P&L Gabon,,Financial institution,EC2N 4AG,"1820 100 BISHOPSGATE, LONDON",20/05/2019,FULL,64209 - Activities of other holding companies n.e.c.,Whitechapel,24,exact postcode,,,,,,"Hi {First} - I'm Brian from FC Urban. We run social football at Whitechapel, a 24-min walk from Arise P&L Gabon. Looking for someone inside the team up for starting an after-work game - we handle pitch, payments and organising. Open to a quick chat?",249,"Thanks for connecting, {First}.

Quick one - we run social football games at Whitechapel, about 24 minutes' walk from your office. A few City firms use them as an easy after-work thing for colleagues: we sort the pitch, the payments and the organising, and can top the group up with our own players if numbers are short.

Is there someone at Arise P&L Gabon who looks after wellbeing or staff socials I should be speaking to? Happy to be pointed elsewhere.

Brian
FC Urban",,,,
Arise P&L,,Financial institution,EC2N 4AG,"1820 100 BISHOPSGATE, LONDON",05/03/2019,GROUP,64209 - Activities of other holding companies n.e.c.,Whitechapel,24,exact postcode,,,,,,"Hi {First} - I'm Brian from FC Urban. We run social football at Whitechapel, a 24-min walk from Arise P&L. Looking for someone inside the team up for starting an after-work game - we handle pitch, payments and organising. Open to a quick chat?",243,"Thanks for connecting, {First}.

Quick one - we run social football games at Whitechapel, about 24 minutes' walk from your office. A few City firms use them as an easy after-work thing for colleagues: we sort the pitch, the payments and the organising, and can top the group up with our own players if numbers are short.

Is there someone at Arise P&L who looks after wellbeing or staff socials I should be speaking to? Happy to be pointed elsewhere.

Brian
FC Urban",,,,
Arlington No.3 Bond Issuer,,Financial institution,EC4M 8AB,"3RD FLOOR, PATERNOSTER HOUSE, LONDON",01/02/2016,FULL,64209 - Activities of other holding companies n.e.c.,Borough Academy,23,exact postcode,,,,,,"Hi {First} - I'm Brian from FC Urban. We run social football at Borough Academy, a 23-min walk from Arlington No.3 Bond Issuer. Looking for someone inside the team up for starting an after-work game - we handle pitch, payments and organising. Open to a quick chat?",264,"Thanks for connecting, {First}.

Quick one - we run social football games at Borough Academy, about 23 minutes' walk from your office. A few City firms use them as an easy after-work thing for colleagues: we sort the pitch, the payments and the organising, and can top the group up with our own players if numbers are short.

Is there someone at Arlington No.3 Bond Issuer who looks after wellbeing or staff socials I should be speaking to? Happy to be pointed elsewhere.

Brian
FC Urban",,,,
Armira Capital,,Financial institution,EC2N 4AG,"FLOOR 19, LONDON",08/05/2015,FULL,64999 - Financial intermediation not elsewhere classified,Whitechapel,24,exact postcode,,,,,,"Hi {First} - I'm Brian from FC Urban. We run social football at Whitechapel, a 24-min walk from Armira Capital. Looking for someone inside the team up for starting an after-work game - we handle pitch, payments and organising. Open to a quick chat?",248,"Thanks for connecting, {First}.

Quick one - we run social football games at Whitechapel, about 24 minutes' walk from your office. A few City firms use them as an easy after-work thing for colleagues: we sort the pitch, the payments and the organising, and can top the group up with our own players if numbers are short.

Is there someone at Armira Capital who looks after wellbeing or staff socials I should be speaking to? Happy to be pointed elsewhere.

Brian
FC Urban",,,,
Artex Risk Solutions (Uk),,Financial institution,EC3V 9LJ,"67 LOMBARD STREET, LONDON",13/09/2012,FULL,66220 - Activities of insurance agents and brokers,Borough Academy,24,postcode district,,,,,,"Hi {First} - I'm Brian from FC Urban. We run social football at Borough Academy, a 24-min walk from Artex Risk Solutions (Uk). Looking for someone inside the team up for starting an after-work game - we handle pitch, payments and organising. Open to a quick chat?",263,"Thanks for connecting, {First}.

Quick one - we run social football games at Borough Academy, about 24 minutes' walk from your office. A few City firms use them as an easy after-work thing for colleagues: we sort the pitch, the payments and the organising, and can top the group up with our own players if numbers are short.

Is there someone at Artex Risk Solutions (Uk) who looks after wellbeing or staff socials I should be speaking to? Happy to be pointed elsewhere.

Brian
FC Urban",,,,
As International Holdings,,Financial institution,EC4V 6AG,"16-18 NEW BRIDGE STREET, LONDON",29/11/2022,GROUP,64304 - Activities of open-ended investment companies,Borough Academy,19,postcode district,,,,,,"Hi {First} - I'm Brian from FC Urban. We run social football at Borough Academy, a 19-min walk from As International Holdings. Looking for someone inside the team up for starting an after-work game - we handle pitch, payments and organising. Open to a quick chat?",263,"Thanks for connecting, {First}.

Quick one - we run social football games at Borough Academy, about 19 minutes' walk from your office. A few City firms use them as an easy after-work thing for colleagues: we sort the pitch, the payments and the organising, and can top the group up with our own players if numbers are short.

Is there someone at As International Holdings who looks after wellbeing or staff socials I should be speaking to? Happy to be pointed elsewhere.

Brian
FC Urban",,,,
As International Services,,Financial institution,EC4V 6AG,"16-18 NEW BRIDGE STREET, LONDON",29/11/2022,FULL,64304 - Activities of open-ended investment companies,Borough Academy,19,postcode district,,,,,,"Hi {First} - I'm Brian from FC Urban. We run social football at Borough Academy, a 19-min walk from As International Services. Looking for someone inside the team up for starting an after-work game - we handle pitch, payments and organising. Open to a quick chat?",263,"Thanks for connecting, {First}.

Quick one - we run social football games at Borough Academy, about 19 minutes' walk from your office. A few City firms use them as an easy after-work thing for colleagues: we sort the pitch, the payments and the organising, and can top the group up with our own players if numbers are short.

Is there someone at As International Services who looks after wellbeing or staff socials I should be speaking to? Happy to be pointed elsewhere.

Brian
FC Urban",,,,
Aspen (Uk) Holdings,,Financial institution,EC3M 3BD,30 FENCHURCH STREET,03/06/2003,FULL,65120 - Non-life insurance | 65202 - Non-life reinsurance,Borough Academy,25,exact postcode,,,,,,"Hi {First} - I'm Brian from FC Urban. We run social football at Borough Academy, a 25-min walk from Aspen (Uk) Holdings. Looking for someone inside the team up for starting an after-work game - we handle pitch, payments and organising. Open to a quick chat?",257,"Thanks for connecting, {First}.

Quick one - we run social football games at Borough Academy, about 25 minutes' walk from your office. A few City firms use them as an easy after-work thing for colleagues: we sort the pitch, the payments and the organising, and can top the group up with our own players if numbers are short.

Is there someone at Aspen (Uk) Holdings who looks after wellbeing or staff socials I should be speaking to? Happy to be pointed elsewhere.

Brian
FC Urban",,,,
Aspen Insurance Uk,,Financial institution,EC3M 3BD,30 FENCHURCH STREET,16/09/1974,FULL,65120 - Non-life insurance | 65202 - Non-life reinsurance,Borough Academy,25,exact postcode,,,,,,"Hi {First} - I'm Brian from FC Urban. We run social football at Borough Academy, a 25-min walk from Aspen Insurance Uk. Looking for someone inside the team up for starting an after-work game - we handle pitch, payments and organising. Open to a quick chat?",256,"Thanks for connecting, {First}.

Quick one - we run social football games at Borough Academy, about 25 minutes' walk from your office. A few City firms use them as an easy after-work thing for colleagues: we sort the pitch, the payments and the organising, and can top the group up with our own players if numbers are short.

Is there someone at Aspen Insurance Uk who looks after wellbeing or staff socials I should be speaking to? Happy to be pointed elsewhere.

Brian
FC Urban",,,,
Assuredpartners International,,Financial institution,EC4N 8AW,"GALLAGHER THE WALBROOK BUILDING, LONDON",22/06/2012,FULL,65120 - Non-life insurance,Borough Academy,21,exact postcode,,,,,,"Hi {First} - I'm Brian from FC Urban. We run social football at Borough Academy, a 21-min walk from Assuredpartners International. Looking for someone inside the team up for starting an after-work game - we handle pitch, payments and organising. Open to a quick chat?",267,"Thanks for connecting, {First}.

Quick one - we run social football games at Borough Academy, about 21 minutes' walk from your office. A few City firms use them as an easy after-work thing for colleagues: we sort the pitch, the payments and the organising, and can top the group up with our own players if numbers are short.

Is there someone at Assuredpartners International who looks after wellbeing or staff socials I should be speaking to? Happy to be pointed elsewhere.

Brian
FC Urban",,,,
Assuredpartners London,,Financial institution,EC4N 8AW,"GALLAGHER THE WALBROOK BUILDING,, LONDON",01/02/2001,FULL,66220 - Activities of insurance agents and brokers,Borough Academy,21,exact postcode,,,,,,"Hi {First} - I'm Brian from FC Urban. We run social football at Borough Academy, a 21-min walk from Assuredpartners London. Looking for someone inside the team up for starting an after-work game - we handle pitch, payments and organising. Open to a quick chat?",260,"Thanks for connecting, {First}.

Quick one - we run social football games at Borough Academy, about 21 minutes' walk from your office. A few City firms use them as an easy after-work thing for colleagues: we sort the pitch, the payments and the organising, and can top the group up with our own players if numbers are short.

Is there someone at Assuredpartners London who looks after wellbeing or staff socials I should be speaking to? Happy to be pointed elsewhere.

Brian
FC Urban",,,,
Astra Asset Management Uk,,Financial institution,EC3V 9BS,"38 LOMBARD STREET, LONDON",06/08/2012,GROUP,64209 - Activities of other holding companies n.e.c.,Borough Academy,24,postcode district,,,,,,"Hi {First} - I'm Brian from FC Urban. We run social football at Borough Academy, a 24-min walk from Astra Asset Management Uk. Looking for someone inside the team up for starting an after-work game - we handle pitch, payments and organising. Open to a quick chat?",263,"Thanks for connecting, {First}.

Quick one - we run social football games at Borough Academy, about 24 minutes' walk from your office. A few City firms use them as an easy after-work thing for colleagues: we sort the pitch, the payments and the organising, and can top the group up with our own players if numbers are short.

Is there someone at Astra Asset Management Uk who looks after wellbeing or staff socials I should be speaking to? Happy to be pointed elsewhere.

Brian
FC Urban",,,,
Astrada Group,,Financial institution,EC2A 1AF,"5TH FLOOR, 10, LONDON",25/01/2022,GROUP,64209 - Activities of other holding companies n.e.c.,Shoreditch Rooftop,17,postcode district,,,,,,"Hi {First} - I'm Brian from FC Urban. We run social football at Shoreditch Rooftop, a 17-min walk from Astrada Group. Looking for someone inside the team up for starting an after-work game - we handle pitch, payments and organising. Open to a quick chat?",254,"Thanks for connecting, {First}.

Quick one - we run social football games at Shoreditch Rooftop, about 17 minutes' walk from your office. A few City firms use them as an easy after-work thing for colleagues: we sort the pitch, the payments and the organising, and can top the group up with our own players if numbers are short.

Is there someone at Astrada Group who looks after wellbeing or staff socials I should be speaking to? Happy to be pointed elsewhere.

Brian
FC Urban",,,,
At Global Markets (Uk),,Financial institution,EC2N 1HQ,"LEAF C, 35TH FLOOR, TOWER 42, 25, LONDON",16/10/2015,GROUP,66190 - Activities auxiliary to financial intermediation n.e.c.,Whitechapel,27,exact postcode,,,,,,"Hi {First} - I'm Brian from FC Urban. We run social football at Whitechapel, a 27-min walk from At Global Markets (Uk). Looking for someone inside the team up for starting an after-work game - we handle pitch, payments and organising. Open to a quick chat?",256,"Thanks for connecting, {First}.

Quick one - we run social football games at Whitechapel, about 27 minutes' walk from your office. A few City firms use them as an easy after-work thing for colleagues: we sort the pitch, the payments and the organising, and can top the group up with our own players if numbers are short.

Is there someone at At Global Markets (Uk) who looks after wellbeing or staff socials I should be speaking to? Happy to be pointed elsewhere.

Brian
FC Urban",,,,
Atrium Insurance Agency,,Financial institution,EC2N 4BQ,"LEVEL 20, LONDON",09/11/2006,FULL,65120 - Non-life insurance,Whitechapel,26,exact postcode,,,,,,"Hi {First} - I'm Brian from FC Urban. We run social football at Whitechapel, a 26-min walk from Atrium Insurance Agency. Looking for someone inside the team up for starting an after-work game - we handle pitch, payments and organising. Open to a quick chat?",257,"Thanks for connecting, {First}.

Quick one - we run social football games at Whitechapel, about 26 minutes' walk from your office. A few City firms use them as an easy after-work thing for colleagues: we sort the pitch, the payments and the organising, and can top the group up with our own players if numbers are short.

Is there someone at Atrium Insurance Agency who looks after wellbeing or staff socials I should be speaking to? Happy to be pointed elsewhere.

Brian
FC Urban",,,,
Atrium Underwriters,,Financial institution,EC2N 4BQ,"LEVEL 20, LONDON",14/11/1985,FULL,65120 - Non-life insurance,Whitechapel,26,exact postcode,,,,,,"Hi {First} - I'm Brian from FC Urban. We run social football at Whitechapel, a 26-min walk from Atrium Underwriters. Looking for someone inside the team up for starting an after-work game - we handle pitch, payments and organising. Open to a quick chat?",253,"Thanks for connecting, {First}.

Quick one - we run social football games at Whitechapel, about 26 minutes' walk from your office. A few City firms use them as an easy after-work thing for colleagues: we sort the pitch, the payments and the organising, and can top the group up with our own players if numbers are short.

Is there someone at Atrium Underwriters who looks after wellbeing or staff socials I should be speaking to? Happy to be pointed elsewhere.

Brian
FC Urban",,,,
Atrium Underwriting Group,,Financial institution,EC2N 4BQ,"LEVEL 20, LONDON",04/10/1993,FULL,66290 - Other activities auxiliary to insurance and pension funding,Whitechapel,26,exact postcode,,,,,,"Hi {First} - I'm Brian from FC Urban. We run social football at Whitechapel, a 26-min walk from Atrium Underwriting Group. Looking for someone inside the team up for starting an after-work game - we handle pitch, payments and organising. Open to a quick chat?",259,"Thanks for connecting, {First}.

Quick one - we run social football games at Whitechapel, about 26 minutes' walk from your office. A few City firms use them as an easy after-work thing for colleagues: we sort the pitch, the payments and the organising, and can top the group up with our own players if numbers are short.

Is there someone at Atrium Underwriting Group who looks after wellbeing or staff socials I should be speaking to? Happy to be pointed elsewhere.

Brian
FC Urban",,,,
Augment Risk Services Uk,,Financial institution,EC3V 3ND,"NO.1, LONDON",11/11/2022,FULL,66290 - Other activities auxiliary to insurance and pension funding,Borough Academy,24,exact postcode,,,,,,"Hi {First} - I'm Brian from FC Urban. We run social football at Borough Academy, a 24-min walk from Augment Risk Services Uk. Looking for someone inside the team up for starting an after-work game - we handle pitch, payments and organising. Open to a quick chat?",262,"Thanks for connecting, {First}.

Quick one - we run social football games at Borough Academy, about 24 minutes' walk from your office. A few City firms use them as an easy after-work thing for colleagues: we sort the pitch, the payments and the organising, and can top the group up with our own players if numbers are short.

Is there someone at Augment Risk Services Uk who looks after wellbeing or staff socials I should be speaking to? Happy to be pointed elsewhere.

Brian
FC Urban",,,,
Aureos Energy,,Financial institution,EC1A 9HP,"2ND FLOOR, 1 LINDSEY STREET, LONDON",05/10/2020,FULL,64209 - Activities of other holding companies n.e.c.,Old St - Moreland Primary School,16,exact postcode,,,,,,"Hi {First} - I'm Brian from FC Urban. We run social football at Old St - Moreland Primary School, a 16-min walk from Aureos Energy. Looking for someone inside the team up for starting an after-work game - we handle pitch, payments and organising. Open to a quick chat?",268,"Thanks for connecting, {First}.

Quick one - we run social football games at Old St - Moreland Primary School, about 16 minutes' walk from your office. A few City firms use them as an easy after-work thing for colleagues: we sort the pitch, the payments and the organising, and can top the group up with our own players if numbers are short.

Is there someone at Aureos Energy who looks after wellbeing or staff socials I should be speaking to? Happy to be pointed elsewhere.

Brian
FC Urban",,,,
Avalere Health Topco,,Financial institution,EC1Y 2AL,"THE FEATHERSTONE BUILDING, LONDON",10/12/2019,GROUP,64209 - Activities of other holding companies n.e.c.,Old St - Moreland Primary School,14,exact postcode,,,,,,"Hi {First} - I'm Brian from FC Urban. We run social football at Old St - Moreland Primary School, a 14-min walk from Avalere Health Topco. Looking for someone inside the team up for starting an after-work game - we handle pitch, payments and organising. Open to a quick chat?",275,"Thanks for connecting, {First}.

Quick one - we run social football games at Old St - Moreland Primary School, about 14 minutes' walk from your office. A few City firms use them as an easy after-work thing for colleagues: we sort the pitch, the payments and the organising, and can top the group up with our own players if numbers are short.

Is there someone at Avalere Health Topco who looks after wellbeing or staff socials I should be speaking to? Happy to be pointed elsewhere.

Brian
FC Urban",,,,
Axi Financial Services (Uk),,Financial institution,EC2A 2BN,"1 FINSBURY MARKET, LONDON",12/01/2007,GROUP,66120 - Security and commodity contracts dealing activities,Old St - Moreland Primary School,21,exact postcode,,,,,,"Hi {First} - I'm Brian from FC Urban. We run social football at Old St - Moreland Primary School, a 21-min walk from Axi Financial Services (Uk). Looking for someone inside the team up for starting an after-work game - we handle pitch, payments and organising. Open to a quick chat?",282,"Thanks for connecting, {First}.

Quick one - we run social football games at Old St - Moreland Primary School, about 21 minutes' walk from your office. A few City firms use them as an easy after-work thing for colleagues: we sort the pitch, the payments and the organising, and can top the group up with our own players if numbers are short.

Is there someone at Axi Financial Services (Uk) who looks after wellbeing or staff socials I should be speaking to? Happy to be pointed elsewhere.

Brian
FC Urban",,,,
Axis Capital Markets,,Financial institution,EC4M 9BJ,"73 WATLING STREET, LONDON",06/07/2012,FULL,64999 - Financial intermediation not elsewhere classified | 66110 - Administration of financial markets,Borough Academy,22,postcode district,,,,,,"Hi {First} - I'm Brian from FC Urban. We run social football at Borough Academy, a 22-min walk from Axis Capital Markets. Looking for someone inside the team up for starting an after-work game - we handle pitch, payments and organising. Open to a quick chat?",258,"Thanks for connecting, {First}.

Quick one - we run social football games at Borough Academy, about 22 minutes' walk from your office. A few City firms use them as an easy after-work thing for colleagues: we sort the pitch, the payments and the organising, and can top the group up with our own players if numbers are short.

Is there someone at Axis Capital Markets who looks after wellbeing or staff socials I should be speaking to? Happy to be pointed elsewhere.

Brian
FC Urban",,,,
B&P Buyco,,Financial institution,EC3A 7BA,"LEVEL 01, 6 BEVIS MARKS, LONDON",16/08/2016,FULL,64303 - Activities of venture and development capital companies,Whitechapel,22,exact postcode,,,,,,"Hi {First} - I'm Brian from FC Urban. We run social football at Whitechapel, a 22-min walk from B&P Buyco. Looking for someone inside the team up for starting an after-work game - we handle pitch, payments and organising. Open to a quick chat?",243,"Thanks for connecting, {First}.

Quick one - we run social football games at Whitechapel, about 22 minutes' walk from your office. A few City firms use them as an easy after-work thing for colleagues: we sort the pitch, the payments and the organising, and can top the group up with our own players if numbers are short.

Is there someone at B&P Buyco who looks after wellbeing or staff socials I should be speaking to? Happy to be pointed elsewhere.

Brian
FC Urban",,,,
B&P Midco 1,,Financial institution,EC3A 7BA,"LEVEL 01, 6 BEVIS MARKS, LONDON",02/09/2016,FULL,64303 - Activities of venture and development capital companies,Whitechapel,22,exact postcode,,,,,,"Hi {First} - I'm Brian from FC Urban. We run social football at Whitechapel, a 22-min walk from B&P Midco 1. Looking for someone inside the team up for starting an after-work game - we handle pitch, payments and organising. Open to a quick chat?",245,"Thanks for connecting, {First}.

Quick one - we run social football games at Whitechapel, about 22 minutes' walk from your office. A few City firms use them as an easy after-work thing for colleagues: we sort the pitch, the payments and the organising, and can top the group up with our own players if numbers are short.

Is there someone at B&P Midco 1 who looks after wellbeing or staff socials I should be speaking to? Happy to be pointed elsewhere.

Brian
FC Urban",,,,
B&P Midco 2,,Financial institution,EC3A 7BA,"LEVEL 01, 6 BEVIS MARKS, LONDON",02/09/2016,FULL,64303 - Activities of venture and development capital companies,Whitechapel,22,exact postcode,,,,,,"Hi {First} - I'm Brian from FC Urban. We run social football at Whitechapel, a 22-min walk from B&P Midco 2. Looking for someone inside the team up for starting an after-work game - we handle pitch, payments and organising. Open to a quick chat?",245,"Thanks for connecting, {First}.

Quick one - we run social football games at Whitechapel, about 22 minutes' walk from your office. A few City firms use them as an easy after-work thing for colleagues: we sort the pitch, the payments and the organising, and can top the group up with our own players if numbers are short.

Is there someone at B&P Midco 2 who looks after wellbeing or staff socials I should be speaking to? Happy to be pointed elsewhere.

Brian
FC Urban",,,,
B3 Insurance,,Financial institution,EC3A 8EP,"LEVEL 15, LONDON",04/03/2020,FULL,64209 - Activities of other holding companies n.e.c.,Whitechapel,23,exact postcode,,,,,,"Hi {First} - I'm Brian from FC Urban. We run social football at Whitechapel, a 23-min walk from B3 Insurance. Looking for someone inside the team up for starting an after-work game - we handle pitch, payments and organising. Open to a quick chat?",246,"Thanks for connecting, {First}.

Quick one - we run social football games at Whitechapel, about 23 minutes' walk from your office. A few City firms use them as an easy after-work thing for colleagues: we sort the pitch, the payments and the organising, and can top the group up with our own players if numbers are short.

Is there someone at B3 Insurance who looks after wellbeing or staff socials I should be speaking to? Happy to be pointed elsewhere.

Brian
FC Urban",,,,
Baader Helvea,,Financial institution,EC3V 3NL,5 ROYAL EXCHANGE BUILDINGS,16/10/2003,FULL,66120 - Security and commodity contracts dealing activities,Borough Academy,24,postcode district,,,,,,"Hi {First} - I'm Brian from FC Urban. We run social football at Borough Academy, a 24-min walk from Baader Helvea. Looking for someone inside the team up for starting an after-work game - we handle pitch, payments and organising. Open to a quick chat?",251,"Thanks for connecting, {First}.

Quick one - we run social football games at Borough Academy, about 24 minutes' walk from your office. A few City firms use them as an easy after-work thing for colleagues: we sort the pitch, the payments and the organising, and can top the group up with our own players if numbers are short.

Is there someone at Baader Helvea who looks after wellbeing or staff socials I should be speaking to? Happy to be pointed elsewhere.

Brian
FC Urban",,,,
Bank Of Africa United Kingdom,,Financial institution,EC2M 2PL,"37 SUN STREET, LONDON",29/12/2004,FULL,64999 - Financial intermediation not elsewhere classified,Whitechapel,23,postcode district,,,,,,"Hi {First} - I'm Brian from FC Urban. We run social football at Whitechapel, a 23-min walk from Bank Of Africa United Kingdom. Looking for someone inside the team up for starting an after-work game - we handle pitch, payments and organising. Open to a quick chat?",263,"Thanks for connecting, {First}.

Quick one - we run social football games at Whitechapel, about 23 minutes' walk from your office. A few City firms use them as an easy after-work thing for colleagues: we sort the pitch, the payments and the organising, and can top the group up with our own players if numbers are short.

Is there someone at Bank Of Africa United Kingdom who looks after wellbeing or staff socials I should be speaking to? Happy to be pointed elsewhere.

Brian
FC Urban",,,,
Bank Of Baroda (Uk),,Financial institution,EC1Y 2BD,"32 CITY ROAD, LONDON",20/06/2017,FULL,64191 - Banks,Old St - Moreland Primary School,14,postcode district,,,,,,"Hi {First} - I'm Brian from FC Urban. We run social football at Old St - Moreland Primary School, a 14-min walk from Bank Of Baroda (Uk). Looking for someone inside the team up for starting an after-work game - we handle pitch, payments and organising. Open to a quick chat?",274,"Thanks for connecting, {First}.

Quick one - we run social football games at Old St - Moreland Primary School, about 14 minutes' walk from your office. A few City firms use them as an easy after-work thing for colleagues: we sort the pitch, the payments and the organising, and can top the group up with our own players if numbers are short.

Is there someone at Bank Of Baroda (Uk) who looks after wellbeing or staff socials I should be speaking to? Happy to be pointed elsewhere.

Brian
FC Urban",,,,
Bank Of Beirut (Uk),,Financial institution,EC4N 6AE,"66 CANNON STREET, LONDON",30/03/2002,FULL,64191 - Banks,Borough Academy,22,postcode district,,,,,,"Hi {First} - I'm Brian from FC Urban. We run social football at Borough Academy, a 22-min walk from Bank Of Beirut (Uk). Looking for someone inside the team up for starting an after-work game - we handle pitch, payments and organising. Open to a quick chat?",257,"Thanks for connecting, {First}.

Quick one - we run social football games at Borough Academy, about 22 minutes' walk from your office. A few City firms use them as an easy after-work thing for colleagues: we sort the pitch, the payments and the organising, and can top the group up with our own players if numbers are short.

Is there someone at Bank Of Beirut (Uk) who looks after wellbeing or staff socials I should be speaking to? Happy to be pointed elsewhere.

Brian
FC Urban",,,,
Bank Of Ceylon (Uk),,Financial institution,EC2M 4WD,"1 DEVONSHIRE SQUARE, LONDON",29/10/2008,FULL,64191 - Banks,Whitechapel,23,postcode district,,,,,,"Hi {First} - I'm Brian from FC Urban. We run social football at Whitechapel, a 23-min walk from Bank Of Ceylon (Uk). Looking for someone inside the team up for starting an after-work game - we handle pitch, payments and organising. Open to a quick chat?",253,"Thanks for connecting, {First}.

Quick one - we run social football games at Whitechapel, about 23 minutes' walk from your office. A few City firms use them as an easy after-work thing for colleagues: we sort the pitch, the payments and the organising, and can top the group up with our own players if numbers are short.

Is there someone at Bank Of Ceylon (Uk) who looks after wellbeing or staff socials I should be speaking to? Happy to be pointed elsewhere.

Brian
FC Urban",,,,
Bank Of England Alternative Liquidity Facility,,Financial institution,EC2R 7HH,"8 LOTHBURY, LONDON",14/12/2018,FULL,64110 - Central banking,Old St - Moreland Primary School,25,postcode district,,,,,,"Hi {First} - Brian from FC Urban. We run social football at Old St - Moreland Primary School, a 25-min walk from your office. Anyone at Bank Of England Alternative Liquidity Facility up for starting an after-work game? We handle pitch, payments and organising.",260,"Thanks for connecting, {First}.

Quick one - we run social football games at Old St - Moreland Primary School, about 25 minutes' walk from your office. A few City firms use them as an easy after-work thing for colleagues: we sort the pitch, the payments and the organising, and can top the group up with our own players if numbers are short.

Is there someone at Bank Of England Alternative Liquidity Facility who looks after wellbeing or staff socials I should be speaking to? Happy to be pointed elsewhere.

Brian
FC Urban",,,,
Bank Of England Asset Purchase Facility Fund,,Financial institution,EC2R 7HH,"8 LOTHBURY, LONDON",30/01/2009,FULL,64110 - Central banking,Old St - Moreland Primary School,25,postcode district,,,,,,"Hi {First} - I'm Brian from FC Urban. We run social football at Old St - Moreland Primary School, a 25-min walk from Bank Of England Asset Purchase Facility Fund. Looking for someone inside the team up for starting an after-work game - we handle pitch, payments and organising. Open to a quick chat?",299,"Thanks for connecting, {First}.

Quick one - we run social football games at Old St - Moreland Primary School, about 25 minutes' walk from your office. A few City firms use them as an easy after-work thing for colleagues: we sort the pitch, the payments and the organising, and can top the group up with our own players if numbers are short.

Is there someone at Bank Of England Asset Purchase Facility Fund who looks after wellbeing or staff socials I should be speaking to? Happy to be pointed elsewhere.

Brian
FC Urban",,,,
Bank Saderat,,Financial institution,EC2R 7HD,5 LOTHBURY,03/08/1973,FULL,64191 - Banks,Old St - Moreland Primary School,25,postcode district,,,,,,"Hi {First} - I'm Brian from FC Urban. We run social football at Old St - Moreland Primary School, a 25-min walk from Bank Saderat. Looking for someone inside the team up for starting an after-work game - we handle pitch, payments and organising. Open to a quick chat?",267,"Thanks for connecting, {First}.

Quick one - we run social football games at Old St - Moreland Primary School, about 25 minutes' walk from your office. A few City firms use them as an easy after-work thing for colleagues: we sort the pitch, the payments and the organising, and can top the group up with our own players if numbers are short.

Is there someone at Bank Saderat who looks after wellbeing or staff socials I should be speaking to? Happy to be pointed elsewhere.

Brian
FC Urban",,,,
Bank Sepah International,,Financial institution,EC3M 1JT,5/7 EASTCHEAP,29/03/2001,FULL,64191 - Banks,Whitechapel,24,postcode district,,,,,,"Hi {First} - I'm Brian from FC Urban. We run social football at Whitechapel, a 24-min walk from Bank Sepah International. Looking for someone inside the team up for starting an after-work game - we handle pitch, payments and organising. Open to a quick chat?",258,"Thanks for connecting, {First}.

Quick one - we run social football games at Whitechapel, about 24 minutes' walk from your office. A few City firms use them as an easy after-work thing for colleagues: we sort the pitch, the payments and the organising, and can top the group up with our own players if numbers are short.

Is there someone at Bank Sepah International who looks after wellbeing or staff socials I should be speaking to? Happy to be pointed elsewhere.

Brian
FC Urban",,,,
Barilla International,,Financial institution,EC1V 7DF,"HARELLA HOUSE, LONDON",08/07/2020,FULL,64209 - Activities of other holding companies n.e.c.,Old St - Moreland Primary School,9,postcode district,,,,,,"Hi {First} - I'm Brian from FC Urban. We run social football at Old St - Moreland Primary School, a 9-min walk from Barilla International. Looking for someone inside the team up for starting an after-work game - we handle pitch, payments and organising. Open to a quick chat?",275,"Thanks for connecting, {First}.

Quick one - we run social football games at Old St - Moreland Primary School, about 9 minutes' walk from your office. A few City firms use them as an easy after-work thing for colleagues: we sort the pitch, the payments and the organising, and can top the group up with our own players if numbers are short.

Is there someone at Barilla International who looks after wellbeing or staff socials I should be speaking to? Happy to be pointed elsewhere.

Brian
FC Urban",,,,
Barle Holdings,,Financial institution,EC1Y 0UL,"16 - 22 BALTIC STREET WEST, LONDON",04/03/2020,GROUP,64205 - Activities of financial services holding companies,Old St - Moreland Primary School,14,postcode district,,,,,,"Hi {First} - I'm Brian from FC Urban. We run social football at Old St - Moreland Primary School, a 14-min walk from Barle Holdings. Looking for someone inside the team up for starting an after-work game - we handle pitch, payments and organising. Open to a quick chat?",269,"Thanks for connecting, {First}.

Quick one - we run social football games at Old St - Moreland Primary School, about 14 minutes' walk from your office. A few City firms use them as an easy after-work thing for colleagues: we sort the pitch, the payments and the organising, and can top the group up with our own players if numbers are short.

Is there someone at Barle Holdings who looks after wellbeing or staff socials I should be speaking to? Happy to be pointed elsewhere.

Brian
FC Urban",,,,
Barolo Finco,,Financial institution,EC2A 2AP,"5TH FLOOR, 9, LONDON",14/07/2022,GROUP,64209 - Activities of other holding companies n.e.c.,Old St - Moreland Primary School,22,exact postcode,,,,,,"Hi {First} - I'm Brian from FC Urban. We run social football at Old St - Moreland Primary School, a 22-min walk from Barolo Finco. Looking for someone inside the team up for starting an after-work game - we handle pitch, payments and organising. Open to a quick chat?",267,"Thanks for connecting, {First}.

Quick one - we run social football games at Old St - Moreland Primary School, about 22 minutes' walk from your office. A few City firms use them as an easy after-work thing for colleagues: we sort the pitch, the payments and the organising, and can top the group up with our own players if numbers are short.

Is there someone at Barolo Finco who looks after wellbeing or staff socials I should be speaking to? Happy to be pointed elsewhere.

Brian
FC Urban",,,,
Basileia Investment Holdings (Uk),,Financial institution,EC2M 5QQ,"UNIT 351 SALISBURY HOUSE, LONDON",16/02/2022,GROUP,64209 - Activities of other holding companies n.e.c.,Whitechapel,23,postcode district,,,,,,"Hi {First} - I'm Brian from FC Urban. We run social football at Whitechapel, a 23-min walk from Basileia Investment Holdings (Uk). Looking for someone inside the team up for starting an after-work game - we handle pitch, payments and organising. Open to a quick chat?",267,"Thanks for connecting, {First}.

Quick one - we run social football games at Whitechapel, about 23 minutes' walk from your office. A few City firms use them as an easy after-work thing for colleagues: we sort the pitch, the payments and the organising, and can top the group up with our own players if numbers are short.

Is there someone at Basileia Investment Holdings (Uk) who looks after wellbeing or staff socials I should be speaking to? Happy to be pointed elsewhere.

Brian
FC Urban",,,,
Beaubien Uk Finance,,Financial institution,EC3V 4AN,"THE AON CENTRE, THE LEADENHALL BUILDING, LONDON",04/08/2015,FULL,64209 - Activities of other holding companies n.e.c.,Borough Academy,24,postcode district,,,,,,"Hi {First} - I'm Brian from FC Urban. We run social football at Borough Academy, a 24-min walk from Beaubien Uk Finance. Looking for someone inside the team up for starting an after-work game - we handle pitch, payments and organising. Open to a quick chat?",257,"Thanks for connecting, {First}.

Quick one - we run social football games at Borough Academy, about 24 minutes' walk from your office. A few City firms use them as an easy after-work thing for colleagues: we sort the pitch, the payments and the organising, and can top the group up with our own players if numbers are short.

Is there someone at Beaubien Uk Finance who looks after wellbeing or staff socials I should be speaking to? Happy to be pointed elsewhere.

Brian
FC Urban",,,,
Benchmark Intelligence Group,,Financial institution,EC3R 5DD,"2-4 IDOL LANE, LONDON",27/02/2021,GROUP,64209 - Activities of other holding companies n.e.c.,Borough Academy,24,exact postcode,,,,,,"Hi {First} - I'm Brian from FC Urban. We run social football at Borough Academy, a 24-min walk from Benchmark Intelligence Group. Looking for someone inside the team up for starting an after-work game - we handle pitch, payments and organising. Open to a quick chat?",266,"Thanks for connecting, {First}.

Quick one - we run social football games at Borough Academy, about 24 minutes' walk from your office. A few City firms use them as an easy after-work thing for colleagues: we sort the pitch, the payments and the organising, and can top the group up with our own players if numbers are short.

Is there someone at Benchmark Intelligence Group who looks after wellbeing or staff socials I should be speaking to? Happy to be pointed elsewhere.

Brian
FC Urban",,,,
Bepi,,Financial institution,EC2A 4PS,"1 PHIPP STREET, LONDON",26/10/2020,FULL,62090 - Other information technology service activities | 64999 - Financial intermediation not elsewhere classified,Shoreditch Rooftop,20,exact postcode,,,,,,"Hi {First} - I'm Brian from FC Urban. We run social football at Shoreditch Rooftop, a 20-min walk from Bepi. Looking for someone inside the team up for starting an after-work game - we handle pitch, payments and organising. Open to a quick chat?",245,"Thanks for connecting, {First}.

Quick one - we run social football games at Shoreditch Rooftop, about 20 minutes' walk from your office. A few City firms use them as an easy after-work thing for colleagues: we sort the pitch, the payments and the organising, and can top the group up with our own players if numbers are short.

Is there someone at Bepi who looks after wellbeing or staff socials I should be speaking to? Happy to be pointed elsewhere.

Brian
FC Urban",,,,
"Berkley Offshore Underwriting Managers Uk,",,Financial institution,EC3M 7AF,"LEVEL 13, LONDON",15/12/2008,FULL,65120 - Non-life insurance,Whitechapel,24,exact postcode,,,,,,"Hi {First} - I'm Brian from FC Urban. We run social football at Whitechapel, a 24-min walk from Berkley Offshore Underwriting Managers Uk,. Looking for someone inside the team up for starting an after-work game - we handle pitch, payments and organising. Open to a quick chat?",276,"Thanks for connecting, {First}.

Quick one - we run social football games at Whitechapel, about 24 minutes' walk from your office. A few City firms use them as an easy after-work thing for colleagues: we sort the pitch, the payments and the organising, and can top the group up with our own players if numbers are short.

Is there someone at Berkley Offshore Underwriting Managers Uk, who looks after wellbeing or staff socials I should be speaking to? Happy to be pointed elsewhere.

Brian
FC Urban",,,,
Berkshire Hathaway International Insurance,,Financial institution,EC3A 7AW,"4TH FLOOR, THE ST BOTOLPH BUILDING,, LONDON",26/07/1996,FULL,65120 - Non-life insurance,Whitechapel,19,exact postcode,,,,,,"Hi {First} - I'm Brian from FC Urban. We run social football at Whitechapel, a 19-min walk from Berkshire Hathaway International Insurance. Looking for someone inside the team up for starting an after-work game - we handle pitch, payments and organising. Open to a quick chat?",276,"Thanks for connecting, {First}.

Quick one - we run social football games at Whitechapel, about 19 minutes' walk from your office. A few City firms use them as an easy after-work thing for colleagues: we sort the pitch, the payments and the organising, and can top the group up with our own players if numbers are short.

Is there someone at Berkshire Hathaway International Insurance who looks after wellbeing or staff socials I should be speaking to? Happy to be pointed elsewhere.

Brian
FC Urban",,,,
Better Society Capital,,Financial institution,EC1Y 8RN,"SCRIPT, LONDON",11/04/2011,FULL,66300 - Fund management activities,Old St - Moreland Primary School,14,postcode district,,,,,,"Hi {First} - I'm Brian from FC Urban. We run social football at Old St - Moreland Primary School, a 14-min walk from Better Society Capital. Looking for someone inside the team up for starting an after-work game - we handle pitch, payments and organising. Open to a quick chat?",277,"Thanks for connecting, {First}.

Quick one - we run social football games at Old St - Moreland Primary School, about 14 minutes' walk from your office. A few City firms use them as an easy after-work thing for colleagues: we sort the pitch, the payments and the organising, and can top the group up with our own players if numbers are short.

Is there someone at Better Society Capital who looks after wellbeing or staff socials I should be speaking to? Happy to be pointed elsewhere.

Brian
FC Urban",,,,
Bidvest Services (Uk),,Financial institution,EC2M 1NR,"5TH FLOOR (SOUTH) DASHWOOD HOUSE, LONDON",07/07/2017,FULL,64209 - Activities of other holding companies n.e.c.,Whitechapel,23,postcode district,,,,,,"Hi {First} - I'm Brian from FC Urban. We run social football at Whitechapel, a 23-min walk from Bidvest Services (Uk). Looking for someone inside the team up for starting an after-work game - we handle pitch, payments and organising. Open to a quick chat?",255,"Thanks for connecting, {First}.

Quick one - we run social football games at Whitechapel, about 23 minutes' walk from your office. A few City firms use them as an easy after-work thing for colleagues: we sort the pitch, the payments and the organising, and can top the group up with our own players if numbers are short.

Is there someone at Bidvest Services (Uk) who looks after wellbeing or staff socials I should be speaking to? Happy to be pointed elsewhere.

Brian
FC Urban",,,,
Bidvest Services Group (Uk),,Financial institution,EC2M 1NR,"5TH FLOOR (SOUTH) DASHWOOD HOUSE, LONDON",07/07/2017,FULL,64209 - Activities of other holding companies n.e.c.,Whitechapel,23,postcode district,,,,,,"Hi {First} - I'm Brian from FC Urban. We run social football at Whitechapel, a 23-min walk from Bidvest Services Group (Uk). Looking for someone inside the team up for starting an after-work game - we handle pitch, payments and organising. Open to a quick chat?",261,"Thanks for connecting, {First}.

Quick one - we run social football games at Whitechapel, about 23 minutes' walk from your office. A few City firms use them as an easy after-work thing for colleagues: we sort the pitch, the payments and the organising, and can top the group up with our own players if numbers are short.

Is there someone at Bidvest Services Group (Uk) who looks after wellbeing or staff socials I should be speaking to? Happy to be pointed elsewhere.

Brian
FC Urban",,,,
Bimeh Iran Insurance Company (U.K.),,Financial institution,EC3M 5HN,4/5 FENCHURCH BUILDINGS,18/08/1975,FULL,65202 - Non-life reinsurance,Whitechapel,24,postcode district,,,,,,"Hi {First} - I'm Brian from FC Urban. We run social football at Whitechapel, a 24-min walk from Bimeh Iran Insurance Company (U.K.). Looking for someone inside the team up for starting an after-work game - we handle pitch, payments and organising. Open to a quick chat?",269,"Thanks for connecting, {First}.

Quick one - we run social football games at Whitechapel, about 24 minutes' walk from your office. A few City firms use them as an easy after-work thing for colleagues: we sort the pitch, the payments and the organising, and can top the group up with our own players if numbers are short.

Is there someone at Bimeh Iran Insurance Company (U.K.) who looks after wellbeing or staff socials I should be speaking to? Happy to be pointed elsewhere.

Brian
FC Urban",,,,
Bitwise Europe Management,,Financial institution,EC2N 4AW,"60 BISHOPSGATE, LONDON",20/08/2019,FULL,64205 - Activities of financial services holding companies | 64209 - Activities of other holding companies n.e.c.,Whitechapel,26,postcode district,,,,,,"Hi {First} - I'm Brian from FC Urban. We run social football at Whitechapel, a 26-min walk from Bitwise Europe Management. Looking for someone inside the team up for starting an after-work game - we handle pitch, payments and organising. Open to a quick chat?",259,"Thanks for connecting, {First}.

Quick one - we run social football games at Whitechapel, about 26 minutes' walk from your office. A few City firms use them as an easy after-work thing for colleagues: we sort the pitch, the payments and the organising, and can top the group up with our own players if numbers are short.

Is there someone at Bitwise Europe Management who looks after wellbeing or staff socials I should be speaking to? Happy to be pointed elsewhere.

Brian
FC Urban",,,,
Black Pearl Securities,,Accountancy / financial advisory,EC2V 8EH,"28 KING STREET, LONDON",20/12/2013,FULL,70221 - Financial management,Borough Academy,23,postcode district,,,,,,"Hi {First} - I'm Brian from FC Urban. We run social football at Borough Academy, a 23-min walk from Black Pearl Securities. Looking for someone inside the team up for starting an after-work game - we handle pitch, payments and organising. Open to a quick chat?",260,"Thanks for connecting, {First}.

Quick one - we run social football games at Borough Academy, about 23 minutes' walk from your office. A few City firms use them as an easy after-work thing for colleagues: we sort the pitch, the payments and the organising, and can top the group up with our own players if numbers are short.

Is there someone at Black Pearl Securities who looks after wellbeing or staff socials I should be speaking to? Happy to be pointed elsewhere.

Brian
FC Urban",,,,
Blackfriars Asset Management,,Financial institution,EC4N 6HL,"LANDMARK 4TH FLOOR, LONDON",15/03/1996,FULL,66120 - Security and commodity contracts dealing activities,Borough Academy,22,postcode district,,,,,,"Hi {First} - I'm Brian from FC Urban. We run social football at Borough Academy, a 22-min walk from Blackfriars Asset Management. Looking for someone inside the team up for starting an after-work game - we handle pitch, payments and organising. Open to a quick chat?",266,"Thanks for connecting, {First}.

Quick one - we run social football games at Borough Academy, about 22 minutes' walk from your office. A few City firms use them as an easy after-work thing for colleagues: we sort the pitch, the payments and the organising, and can top the group up with our own players if numbers are short.

Is there someone at Blackfriars Asset Management who looks after wellbeing or staff socials I should be speaking to? Happy to be pointed elsewhere.

Brian
FC Urban",,,,
Blenheim Underwriting,,Financial institution,EC3R 7NQ,"7TH FLOOR, 70, LONDON",28/06/2016,FULL,65120 - Non-life insurance | 65202 - Non-life reinsurance,Whitechapel,23,exact postcode,,,,,,"Hi {First} - I'm Brian from FC Urban. We run social football at Whitechapel, a 23-min walk from Blenheim Underwriting. Looking for someone inside the team up for starting an after-work game - we handle pitch, payments and organising. Open to a quick chat?",255,"Thanks for connecting, {First}.

Quick one - we run social football games at Whitechapel, about 23 minutes' walk from your office. A few City firms use them as an easy after-work thing for colleagues: we sort the pitch, the payments and the organising, and can top the group up with our own players if numbers are short.

Is there someone at Blenheim Underwriting who looks after wellbeing or staff socials I should be speaking to? Happy to be pointed elsewhere.

Brian
FC Urban",,,,
Bloomberg Trading Facility,,Financial institution,EC4N 4TQ,"3 QUEEN VICTORIA STREET, LONDON",30/04/2014,FULL,66110 - Administration of financial markets,Borough Academy,22,postcode district,,,,,,"Hi {First} - I'm Brian from FC Urban. We run social football at Borough Academy, a 22-min walk from Bloomberg Trading Facility. Looking for someone inside the team up for starting an after-work game - we handle pitch, payments and organising. Open to a quick chat?",264,"Thanks for connecting, {First}.

Quick one - we run social football games at Borough Academy, about 22 minutes' walk from your office. A few City firms use them as an easy after-work thing for colleagues: we sort the pitch, the payments and the organising, and can top the group up with our own players if numbers are short.

Is there someone at Bloomberg Trading Facility who looks after wellbeing or staff socials I should be speaking to? Happy to be pointed elsewhere.

Brian
FC Urban",,,,
Bmg Insurance Brokers,,Financial institution,EC3A 2BG,"1ST FLOOR LANDMARK HOUSE, LONDON",08/06/2003,FULL,66220 - Activities of insurance agents and brokers,Whitechapel,22,postcode district,,,,,,"Hi {First} - I'm Brian from FC Urban. We run social football at Whitechapel, a 22-min walk from Bmg Insurance Brokers. Looking for someone inside the team up for starting an after-work game - we handle pitch, payments and organising. Open to a quick chat?",255,"Thanks for connecting, {First}.

Quick one - we run social football games at Whitechapel, about 22 minutes' walk from your office. A few City firms use them as an easy after-work thing for colleagues: we sort the pitch, the payments and the organising, and can top the group up with our own players if numbers are short.

Is there someone at Bmg Insurance Brokers who looks after wellbeing or staff socials I should be speaking to? Happy to be pointed elsewhere.

Brian
FC Urban",,,,
Bmo Capital Markets,,Financial institution,EC2M 2AT,"SIXTH FLOOR, 100, LONDON",09/05/1994,FULL,64999 - Financial intermediation not elsewhere classified,Old St - Moreland Primary School,25,exact postcode,,,,,,"Hi {First} - I'm Brian from FC Urban. We run social football at Old St - Moreland Primary School, a 25-min walk from Bmo Capital Markets. Looking for someone inside the team up for starting an after-work game - we handle pitch, payments and organising. Open to a quick chat?",274,"Thanks for connecting, {First}.

Quick one - we run social football games at Old St - Moreland Primary School, about 25 minutes' walk from your office. A few City firms use them as an easy after-work thing for colleagues: we sort the pitch, the payments and the organising, and can top the group up with our own players if numbers are short.

Is there someone at Bmo Capital Markets who looks after wellbeing or staff socials I should be speaking to? Happy to be pointed elsewhere.

Brian
FC Urban",,,,
Bms Group,,Financial institution,EC3N 2LS,ONE AMERICA SQUARE,18/02/1980,FULL,65120 - Non-life insurance,Whitechapel,19,postcode district,,,,,,"Hi {First} - I'm Brian from FC Urban. We run social football at Whitechapel, a 19-min walk from Bms Group. Looking for someone inside the team up for starting an after-work game - we handle pitch, payments and organising. Open to a quick chat?",243,"Thanks for connecting, {First}.

Quick one - we run social football games at Whitechapel, about 19 minutes' walk from your office. A few City firms use them as an easy after-work thing for colleagues: we sort the pitch, the payments and the organising, and can top the group up with our own players if numbers are short.

Is there someone at Bms Group who looks after wellbeing or staff socials I should be speaking to? Happy to be pointed elsewhere.

Brian
FC Urban",,,,
Bop (Gp) Holdings,,Financial institution,EC2N 4AG,"LEVEL 10,, LONDON",30/03/2010,FULL,64209 - Activities of other holding companies n.e.c.,Whitechapel,24,exact postcode,,,,,,"Hi {First} - I'm Brian from FC Urban. We run social football at Whitechapel, a 24-min walk from Bop (Gp) Holdings. Looking for someone inside the team up for starting an after-work game - we handle pitch, payments and organising. Open to a quick chat?",251,"Thanks for connecting, {First}.

Quick one - we run social football games at Whitechapel, about 24 minutes' walk from your office. A few City firms use them as an easy after-work thing for colleagues: we sort the pitch, the payments and the organising, and can top the group up with our own players if numbers are short.

Is there someone at Bop (Gp) Holdings who looks after wellbeing or staff socials I should be speaking to? Happy to be pointed elsewhere.

Brian
FC Urban",,,,
Bopa Uk Holdings,,Financial institution,EC2N 4AG,"LEVEL 10,, LONDON",08/06/2017,FULL,64209 - Activities of other holding companies n.e.c.,Whitechapel,24,exact postcode,,,,,,"Hi {First} - I'm Brian from FC Urban. We run social football at Whitechapel, a 24-min walk from Bopa Uk Holdings. Looking for someone inside the team up for starting an after-work game - we handle pitch, payments and organising. Open to a quick chat?",250,"Thanks for connecting, {First}.

Quick one - we run social football games at Whitechapel, about 24 minutes' walk from your office. A few City firms use them as an easy after-work thing for colleagues: we sort the pitch, the payments and the organising, and can top the group up with our own players if numbers are short.

Is there someone at Bopa Uk Holdings who looks after wellbeing or staff socials I should be speaking to? Happy to be pointed elsewhere.

Brian
FC Urban",,,,
Brazauk,,Financial institution,EC2M 4NS,"2-4 VICTORIA AVENUE, LONDON",12/10/2007,FULL,64191 - Banks | 64999 - Financial intermediation not elsewhere classified,Whitechapel,23,postcode district,,,,,,"Hi {First} - I'm Brian from FC Urban. We run social football at Whitechapel, a 23-min walk from Brazauk. Looking for someone inside the team up for starting an after-work game - we handle pitch, payments and organising. Open to a quick chat?",241,"Thanks for connecting, {First}.

Quick one - we run social football games at Whitechapel, about 23 minutes' walk from your office. A few City firms use them as an easy after-work thing for colleagues: we sort the pitch, the payments and the organising, and can top the group up with our own players if numbers are short.

Is there someone at Brazauk who looks after wellbeing or staff socials I should be speaking to? Happy to be pointed elsewhere.

Brian
FC Urban",,,,
Bride Lane Holdings,,Financial institution,EC4Y 8JP,"BRIDE HOUSE, LONDON",29/04/2022,FULL,64204 - Activities of distribution holding companies,Borough Academy,21,postcode district,,,,,,"Hi {First} - I'm Brian from FC Urban. We run social football at Borough Academy, a 21-min walk from Bride Lane Holdings. Looking for someone inside the team up for starting an after-work game - we handle pitch, payments and organising. Open to a quick chat?",257,"Thanks for connecting, {First}.

Quick one - we run social football games at Borough Academy, about 21 minutes' walk from your office. A few City firms use them as an easy after-work thing for colleagues: we sort the pitch, the payments and the organising, and can top the group up with our own players if numbers are short.

Is there someone at Bride Lane Holdings who looks after wellbeing or staff socials I should be speaking to? Happy to be pointed elsewhere.

Brian
FC Urban",,,,
Bridge Insurance Brokers,,Financial institution,EC4N 8AW,"GALLAGHER THE WALBROOK BUILDING, LONDON",07/12/1970,FULL,65120 - Non-life insurance | 65202 - Non-life reinsurance | 66220 - Activities of insurance agents and brokers,Borough Academy,21,exact postcode,,,,,,"Hi {First} - I'm Brian from FC Urban. We run social football at Borough Academy, a 21-min walk from Bridge Insurance Brokers. Looking for someone inside the team up for starting an after-work game - we handle pitch, payments and organising. Open to a quick chat?",262,"Thanks for connecting, {First}.

Quick one - we run social football games at Borough Academy, about 21 minutes' walk from your office. A few City firms use them as an easy after-work thing for colleagues: we sort the pitch, the payments and the organising, and can top the group up with our own players if numbers are short.

Is there someone at Bridge Insurance Brokers who looks after wellbeing or staff socials I should be speaking to? Happy to be pointed elsewhere.

Brian
FC Urban",,,,
Bridgehaven Specialty Uk,,Financial institution,EC3V 0HR,"SUITE 326, LONDON",31/07/2020,FULL,65120 - Non-life insurance,Borough Academy,24,exact postcode,,,,,,"Hi {First} - I'm Brian from FC Urban. We run social football at Borough Academy, a 24-min walk from Bridgehaven Specialty Uk. Looking for someone inside the team up for starting an after-work game - we handle pitch, payments and organising. Open to a quick chat?",262,"Thanks for connecting, {First}.

Quick one - we run social football games at Borough Academy, about 24 minutes' walk from your office. A few City firms use them as an easy after-work thing for colleagues: we sort the pitch, the payments and the organising, and can top the group up with our own players if numbers are short.

Is there someone at Bridgehaven Specialty Uk who looks after wellbeing or staff socials I should be speaking to? Happy to be pointed elsewhere.

Brian
FC Urban",,,,
Britannia Global Investments,,Financial institution,EC3M 7AF,"LEVEL 29, LONDON",19/11/2015,FULL,64999 - Financial intermediation not elsewhere classified,Whitechapel,24,exact postcode,,,,,,"Hi {First} - I'm Brian from FC Urban. We run social football at Whitechapel, a 24-min walk from Britannia Global Investments. Looking for someone inside the team up for starting an after-work game - we handle pitch, payments and organising. Open to a quick chat?",262,"Thanks for connecting, {First}.

Quick one - we run social football games at Whitechapel, about 24 minutes' walk from your office. A few City firms use them as an easy after-work thing for colleagues: we sort the pitch, the payments and the organising, and can top the group up with our own players if numbers are short.

Is there someone at Britannia Global Investments who looks after wellbeing or staff socials I should be speaking to? Happy to be pointed elsewhere.

Brian
FC Urban",,,,
Britannia Global Management,,Accountancy / financial advisory,EC3M 7AF,"LEVEL 28, LONDON",26/05/2020,FULL,70221 - Financial management,Whitechapel,24,exact postcode,,,,,,"Hi {First} - I'm Brian from FC Urban. We run social football at Whitechapel, a 24-min walk from Britannia Global Management. Looking for someone inside the team up for starting an after-work game - we handle pitch, payments and organising. Open to a quick chat?",261,"Thanks for connecting, {First}.

Quick one - we run social football games at Whitechapel, about 24 minutes' walk from your office. A few City firms use them as an easy after-work thing for colleagues: we sort the pitch, the payments and the organising, and can top the group up with our own players if numbers are short.

Is there someone at Britannia Global Management who looks after wellbeing or staff socials I should be speaking to? Happy to be pointed elsewhere.

Brian
FC Urban",,,,
Britannia Global Markets,,Financial institution,EC3M 7AF,"LEVEL 29, LONDON",06/12/1985,FULL,64999 - Financial intermediation not elsewhere classified,Whitechapel,24,exact postcode,,,,,,"Hi {First} - I'm Brian from FC Urban. We run social football at Whitechapel, a 24-min walk from Britannia Global Markets. Looking for someone inside the team up for starting an after-work game - we handle pitch, payments and organising. Open to a quick chat?",258,"Thanks for connecting, {First}.

Quick one - we run social football games at Whitechapel, about 24 minutes' walk from your office. A few City firms use them as an easy after-work thing for colleagues: we sort the pitch, the payments and the organising, and can top the group up with our own players if numbers are short.

Is there someone at Britannia Global Markets who looks after wellbeing or staff socials I should be speaking to? Happy to be pointed elsewhere.

Brian
FC Urban",,,,
British Arab Commercial Bank,,Financial institution,EC4N 8BJ,8-10 MANSION HOUSE PLACE,23/03/1972,FULL,64191 - Banks,Borough Academy,22,postcode district,,,,,,"Hi {First} - I'm Brian from FC Urban. We run social football at Borough Academy, a 22-min walk from British Arab Commercial Bank. Looking for someone inside the team up for starting an after-work game - we handle pitch, payments and organising. Open to a quick chat?",266,"Thanks for connecting, {First}.

Quick one - we run social football games at Borough Academy, about 22 minutes' walk from your office. A few City firms use them as an easy after-work thing for colleagues: we sort the pitch, the payments and the organising, and can top the group up with our own players if numbers are short.

Is there someone at British Arab Commercial Bank who looks after wellbeing or staff socials I should be speaking to? Happy to be pointed elsewhere.

Brian
FC Urban",,,,
Brundle Topco,,Financial institution,EC4N 7BP,"18 KING WILLIAM STREET, LONDON",10/02/2022,GROUP,64209 - Activities of other holding companies n.e.c.,Borough Academy,22,exact postcode,,,,,,"Hi {First} - I'm Brian from FC Urban. We run social football at Borough Academy, a 22-min walk from Brundle Topco. Looking for someone inside the team up for starting an after-work game - we handle pitch, payments and organising. Open to a quick chat?",251,"Thanks for connecting, {First}.

Quick one - we run social football games at Borough Academy, about 22 minutes' walk from your office. A few City firms use them as an easy after-work thing for colleagues: we sort the pitch, the payments and the organising, and can top the group up with our own players if numbers are short.

Is there someone at Brundle Topco who looks after wellbeing or staff socials I should be speaking to? Happy to be pointed elsewhere.

Brian
FC Urban",,,,
Brunel Pension Partnership,,Financial institution,EC2N 4BQ,"ARCH LAW LIMITED HUCKLETREE FLOOR 2, LONDON",14/10/2016,FULL,65300 - Pension funding,Whitechapel,26,exact postcode,,,,,,"Hi {First} - I'm Brian from FC Urban. We run social football at Whitechapel, a 26-min walk from Brunel Pension Partnership. Looking for someone inside the team up for starting an after-work game - we handle pitch, payments and organising. Open to a quick chat?",260,"Thanks for connecting, {First}.

Quick one - we run social football games at Whitechapel, about 26 minutes' walk from your office. A few City firms use them as an easy after-work thing for colleagues: we sort the pitch, the payments and the organising, and can top the group up with our own players if numbers are short.

Is there someone at Brunel Pension Partnership who looks after wellbeing or staff socials I should be speaking to? Happy to be pointed elsewhere.

Brian
FC Urban",,,,
Btig,,Financial institution,EC2N 3AR,"7 BISHOPSGATE, LONDON",22/10/2007,FULL,64999 - Financial intermediation not elsewhere classified,Whitechapel,26,postcode district,,,,,,"Hi {First} - I'm Brian from FC Urban. We run social football at Whitechapel, a 26-min walk from Btig. Looking for someone inside the team up for starting an after-work game - we handle pitch, payments and organising. Open to a quick chat?",238,"Thanks for connecting, {First}.

Quick one - we run social football games at Whitechapel, about 26 minutes' walk from your office. A few City firms use them as an easy after-work thing for colleagues: we sort the pitch, the payments and the organising, and can top the group up with our own players if numbers are short.

Is there someone at Btig who looks after wellbeing or staff socials I should be speaking to? Happy to be pointed elsewhere.

Brian
FC Urban",,,,
Built Cybernetics,,Financial institution,EC2A 4PE,"10 BONHILL STREET, LONDON",19/08/1987,GROUP,64209 - Activities of other holding companies n.e.c. | 71111 - Architectural activities,Shoreditch Rooftop,17,postcode district,,,,,,"Hi {First} - I'm Brian from FC Urban. We run social football at Shoreditch Rooftop, a 17-min walk from Built Cybernetics. Looking for someone inside the team up for starting an after-work game - we handle pitch, payments and organising. Open to a quick chat?",258,"Thanks for connecting, {First}.

Quick one - we run social football games at Shoreditch Rooftop, about 17 minutes' walk from your office. A few City firms use them as an easy after-work thing for colleagues: we sort the pitch, the payments and the organising, and can top the group up with our own players if numbers are short.

Is there someone at Built Cybernetics who looks after wellbeing or staff socials I should be speaking to? Happy to be pointed elsewhere.

Brian
FC Urban",,,,
Butcher Robinson & Staples Holdings,,Financial institution,EC3M 6BN,"143-149 FENCHURCH STREET, LONDON",18/06/2001,GROUP,65120 - Non-life insurance,Borough Academy,26,exact postcode,,,,,,"Hi {First} - I'm Brian from FC Urban. We run social football at Borough Academy, a 26-min walk from Butcher Robinson & Staples Holdings. Looking for someone inside the team up for starting an after-work game - we handle pitch, payments and organising. Open to a quick chat?",273,"Thanks for connecting, {First}.

Quick one - we run social football games at Borough Academy, about 26 minutes' walk from your office. A few City firms use them as an easy after-work thing for colleagues: we sort the pitch, the payments and the organising, and can top the group up with our own players if numbers are short.

Is there someone at Butcher Robinson & Staples Holdings who looks after wellbeing or staff socials I should be speaking to? Happy to be pointed elsewhere.

Brian
FC Urban",,,,
"Butcher, Robinson & Staples International",,Financial institution,EC3M 6BN,"143-149 FENCHURCH STREET, LONDON",19/02/1962,FULL,65202 - Non-life reinsurance,Borough Academy,26,exact postcode,,,,,,"Hi {First} - I'm Brian from FC Urban. We run social football at Borough Academy, a 26-min walk from Butcher, Robinson & Staples International. Looking for someone inside the team up for starting an after-work game - we handle pitch, payments and organising. Open to a quick chat?",279,"Thanks for connecting, {First}.

Quick one - we run social football games at Borough Academy, about 26 minutes' walk from your office. A few City firms use them as an easy after-work thing for colleagues: we sort the pitch, the payments and the organising, and can top the group up with our own players if numbers are short.

Is there someone at Butcher, Robinson & Staples International who looks after wellbeing or staff socials I should be speaking to? Happy to be pointed elsewhere.

Brian
FC Urban",,,,
"Butcher, Robinson & Staples",,Financial institution,EC3M 6BN,"143-149 FENCHURCH STREET, LONDON",10/02/1976,FULL,65202 - Non-life reinsurance,Borough Academy,26,exact postcode,,,,,,"Hi {First} - I'm Brian from FC Urban. We run social football at Borough Academy, a 26-min walk from Butcher, Robinson & Staples. Looking for someone inside the team up for starting an after-work game - we handle pitch, payments and organising. Open to a quick chat?",265,"Thanks for connecting, {First}.

Quick one - we run social football games at Borough Academy, about 26 minutes' walk from your office. A few City firms use them as an easy after-work thing for colleagues: we sort the pitch, the payments and the organising, and can top the group up with our own players if numbers are short.

Is there someone at Butcher, Robinson & Staples who looks after wellbeing or staff socials I should be speaking to? Happy to be pointed elsewhere.

Brian
FC Urban",,,,
Bx Cdr Holdco,,Financial institution,EC1A 4HY,"4TH FLOOR 140, LONDON",10/08/2018,FULL,64209 - Activities of other holding companies n.e.c.,Old St - Moreland Primary School,18,postcode district,,,,,,"Hi {First} - I'm Brian from FC Urban. We run social football at Old St - Moreland Primary School, a 18-min walk from Bx Cdr Holdco. Looking for someone inside the team up for starting an after-work game - we handle pitch, payments and organising. Open to a quick chat?",268,"Thanks for connecting, {First}.

Quick one - we run social football games at Old St - Moreland Primary School, about 18 minutes' walk from your office. A few City firms use them as an easy after-work thing for colleagues: we sort the pitch, the payments and the organising, and can top the group up with our own players if numbers are short.

Is there someone at Bx Cdr Holdco who looks after wellbeing or staff socials I should be speaking to? Happy to be pointed elsewhere.

Brian
FC Urban",,,,
Bx Cdr Midco,,Financial institution,EC1A 4HY,"4TH FLOOR 140, LONDON",10/08/2018,FULL,64209 - Activities of other holding companies n.e.c.,Old St - Moreland Primary School,18,postcode district,,,,,,"Hi {First} - I'm Brian from FC Urban. We run social football at Old St - Moreland Primary School, a 18-min walk from Bx Cdr Midco. Looking for someone inside the team up for starting an after-work game - we handle pitch, payments and organising. Open to a quick chat?",267,"Thanks for connecting, {First}.

Quick one - we run social football games at Old St - Moreland Primary School, about 18 minutes' walk from your office. A few City firms use them as an easy after-work thing for colleagues: we sort the pitch, the payments and the organising, and can top the group up with our own players if numbers are short.

Is there someone at Bx Cdr Midco who looks after wellbeing or staff socials I should be speaking to? Happy to be pointed elsewhere.

Brian
FC Urban",,,,
C. Hoare & Co.,,Financial institution,EC4P 4DQ,"37 FLEET STREET, LONDON",05/07/1929,GROUP,64191 - Banks,,0,no match,YES,,,,,"Hi {First} - I'm Brian from FC Urban. We run social football at our City pitch, a short walk from C. Hoare & Co.. Looking for someone inside the team up for starting an after-work game - we handle pitch, payments and organising. Open to a quick chat?",250,"Thanks for connecting, {First}.

Quick one - we run social football games at our City pitch, a short walk from your office. A few City firms use them as an easy after-work thing for colleagues: we sort the pitch, the payments and the organising, and can top the group up with our own players if numbers are short.

Is there someone at C. Hoare & Co. who looks after wellbeing or staff socials I should be speaking to? Happy to be pointed elsewhere.

Brian
FC Urban",,,,
C.J. Coleman & Company,,Financial institution,EC3R 5DD,"2 - 4 IDOL LANE, LONDON",20/09/1973,FULL,65120 - Non-life insurance,Borough Academy,24,exact postcode,,,,,,"Hi {First} - I'm Brian from FC Urban. We run social football at Borough Academy, a 24-min walk from C.J. Coleman & Company. Looking for someone inside the team up for starting an after-work game - we handle pitch, payments and organising. Open to a quick chat?",260,"Thanks for connecting, {First}.

Quick one - we run social football games at Borough Academy, about 24 minutes' walk from your office. A few City firms use them as an easy after-work thing for colleagues: we sort the pitch, the payments and the organising, and can top the group up with our own players if numbers are short.

Is there someone at C.J. Coleman & Company who looks after wellbeing or staff socials I should be speaking to? Happy to be pointed elsewhere.

Brian
FC Urban",,,,
C.J. Coleman Holdings,,Financial institution,EC3R 5DD,"2 - 4 IDOL LANE, LONDON",08/12/1976,GROUP,65120 - Non-life insurance,Borough Academy,24,exact postcode,,,,,,"Hi {First} - I'm Brian from FC Urban. We run social football at Borough Academy, a 24-min walk from C.J. Coleman Holdings. Looking for someone inside the team up for starting an after-work game - we handle pitch, payments and organising. Open to a quick chat?",259,"Thanks for connecting, {First}.

Quick one - we run social football games at Borough Academy, about 24 minutes' walk from your office. A few City firms use them as an easy after-work thing for colleagues: we sort the pitch, the payments and the organising, and can top the group up with our own players if numbers are short.

Is there someone at C.J. Coleman Holdings who looks after wellbeing or staff socials I should be speaking to? Happy to be pointed elsewhere.

Brian
FC Urban",,,,
Cairnborrow Wind Energy Holdings,,Financial institution,EC2A 2EW,"BROADGATE TOWER FLOOR 4, LONDON",20/08/2018,GROUP,64209 - Activities of other holding companies n.e.c.,Shoreditch Rooftop,24,exact postcode,,,,,,"Hi {First} - I'm Brian from FC Urban. We run social football at Shoreditch Rooftop, a 24-min walk from Cairnborrow Wind Energy Holdings. Looking for someone inside the team up for starting an after-work game - we handle pitch, payments and organising. Open to a quick chat?",273,"Thanks for connecting, {First}.

Quick one - we run social football games at Shoreditch Rooftop, about 24 minutes' walk from your office. A few City firms use them as an easy after-work thing for colleagues: we sort the pitch, the payments and the organising, and can top the group up with our own players if numbers are short.

Is there someone at Cairnborrow Wind Energy Holdings who looks after wellbeing or staff socials I should be speaking to? Happy to be pointed elsewhere.

Brian
FC Urban",,,,
Caledonia,,Financial institution,EC1M 4JN,82 SAINT JOHN STREET,03/03/2003,GROUP,64209 - Activities of other holding companies n.e.c.,Old St - Moreland Primary School,12,exact postcode,,,,,,"Hi {First} - I'm Brian from FC Urban. We run social football at Old St - Moreland Primary School, a 12-min walk from Caledonia. Looking for someone inside the team up for starting an after-work game - we handle pitch, payments and organising. Open to a quick chat?",264,"Thanks for connecting, {First}.

Quick one - we run social football games at Old St - Moreland Primary School, about 12 minutes' walk from your office. A few City firms use them as an easy after-work thing for colleagues: we sort the pitch, the payments and the organising, and can top the group up with our own players if numbers are short.

Is there someone at Caledonia who looks after wellbeing or staff socials I should be speaking to? Happy to be pointed elsewhere.

Brian
FC Urban",,,,
Capital Dynamics,,Financial institution,EC1A 4EN,"16 ST. MARTIN'S LE GRAND, LONDON",01/02/1988,GROUP,64999 - Financial intermediation not elsewhere classified | 66300 - Fund management activities,Old St - Moreland Primary School,18,postcode district,,,,,,"Hi {First} - I'm Brian from FC Urban. We run social football at Old St - Moreland Primary School, a 18-min walk from Capital Dynamics. Looking for someone inside the team up for starting an after-work game - we handle pitch, payments and organising. Open to a quick chat?",271,"Thanks for connecting, {First}.

Quick one - we run social football games at Old St - Moreland Primary School, about 18 minutes' walk from your office. A few City firms use them as an easy after-work thing for colleagues: we sort the pitch, the payments and the organising, and can top the group up with our own players if numbers are short.

Is there someone at Capital Dynamics who looks after wellbeing or staff socials I should be speaking to? Happy to be pointed elsewhere.

Brian
FC Urban",,,,
Capra Global Partners,,Financial institution,EC2M 2QS,"1 BROADGATE, LONDON",05/02/2014,FULL,64999 - Financial intermediation not elsewhere classified,Whitechapel,23,postcode district,,,,,,"Hi {First} - I'm Brian from FC Urban. We run social football at Whitechapel, a 23-min walk from Capra Global Partners. Looking for someone inside the team up for starting an after-work game - we handle pitch, payments and organising. Open to a quick chat?",255,"Thanks for connecting, {First}.

Quick one - we run social football games at Whitechapel, about 23 minutes' walk from your office. A few City firms use them as an easy after-work thing for colleagues: we sort the pitch, the payments and the organising, and can top the group up with our own players if numbers are short.

Is there someone at Capra Global Partners who looks after wellbeing or staff socials I should be speaking to? Happy to be pointed elsewhere.

Brian
FC Urban",,,,
Carbon Underwriting,,Financial institution,EC2M 4YN,"5TH FLOOR THE BENGAL WING, LONDON",07/02/2018,FULL,66220 - Activities of insurance agents and brokers,Whitechapel,23,postcode district,,,,,,"Hi {First} - I'm Brian from FC Urban. We run social football at Whitechapel, a 23-min walk from Carbon Underwriting. Looking for someone inside the team up for starting an after-work game - we handle pitch, payments and organising. Open to a quick chat?",253,"Thanks for connecting, {First}.

Quick one - we run social football games at Whitechapel, about 23 minutes' walk from your office. A few City firms use them as an easy after-work thing for colleagues: we sort the pitch, the payments and the organising, and can top the group up with our own players if numbers are short.

Is there someone at Carbon Underwriting who looks after wellbeing or staff socials I should be speaking to? Happy to be pointed elsewhere.

Brian
FC Urban",,,,
Cardaq,,Financial institution,EC1A 7BL,"BROADFIELD LAW UK LLP, LONDON",11/10/2011,MEDIUM,64999 - Financial intermediation not elsewhere classified,Old St - Moreland Primary School,18,postcode district,,,,,,"Hi {First} - I'm Brian from FC Urban. We run social football at Old St - Moreland Primary School, a 18-min walk from Cardaq. Looking for someone inside the team up for starting an after-work game - we handle pitch, payments and organising. Open to a quick chat?",261,"Thanks for connecting, {First}.

Quick one - we run social football games at Old St - Moreland Primary School, about 18 minutes' walk from your office. A few City firms use them as an easy after-work thing for colleagues: we sort the pitch, the payments and the organising, and can top the group up with our own players if numbers are short.

Is there someone at Cardaq who looks after wellbeing or staff socials I should be speaking to? Happy to be pointed elsewhere.

Brian
FC Urban",,,,
Caretidy Two,,Financial institution,EC2M 7PP,"34-37 LIVERPOOL STREET, LONDON",02/07/2014,FULL,64209 - Activities of other holding companies n.e.c.,Whitechapel,25,exact postcode,,,,,,"Hi {First} - I'm Brian from FC Urban. We run social football at Whitechapel, a 25-min walk from Caretidy Two. Looking for someone inside the team up for starting an after-work game - we handle pitch, payments and organising. Open to a quick chat?",246,"Thanks for connecting, {First}.

Quick one - we run social football games at Whitechapel, about 25 minutes' walk from your office. A few City firms use them as an easy after-work thing for colleagues: we sort the pitch, the payments and the organising, and can top the group up with our own players if numbers are short.

Is there someone at Caretidy Two who looks after wellbeing or staff socials I should be speaking to? Happy to be pointed elsewhere.

Brian
FC Urban",,,,
Casio Electronics Co.,,Financial institution,EC4A 1BD,10 NORWICH STREET,13/03/1975,FULL,46480 - Wholesale of watches and jewellery | 46520 - Wholesale of electronic and telecommunications equipment and parts | 64204 - Activities of distribution holding companies,Old St - Moreland Primary School,24,postcode district,,,,,,"Hi {First} - I'm Brian from FC Urban. We run social football at Old St - Moreland Primary School, a 24-min walk from Casio Electronics Co.. Looking for someone inside the team up for starting an after-work game - we handle pitch, payments and organising. Open to a quick chat?",276,"Thanks for connecting, {First}.

Quick one - we run social football games at Old St - Moreland Primary School, about 24 minutes' walk from your office. A few City firms use them as an easy after-work thing for colleagues: we sort the pitch, the payments and the organising, and can top the group up with our own players if numbers are short.

Is there someone at Casio Electronics Co. who looks after wellbeing or staff socials I should be speaking to? Happy to be pointed elsewhere.

Brian
FC Urban",,,,
Cava Midco 2,,Financial institution,EC3N 1DD,"7TH FLOOR, ST CLARE HOUSE, LONDON",23/07/2019,GROUP,64209 - Activities of other holding companies n.e.c.,Whitechapel,19,postcode district,,,,,,"Hi {First} - I'm Brian from FC Urban. We run social football at Whitechapel, a 19-min walk from Cava Midco 2. Looking for someone inside the team up for starting an after-work game - we handle pitch, payments and organising. Open to a quick chat?",246,"Thanks for connecting, {First}.

Quick one - we run social football games at Whitechapel, about 19 minutes' walk from your office. A few City firms use them as an easy after-work thing for colleagues: we sort the pitch, the payments and the organising, and can top the group up with our own players if numbers are short.

Is there someone at Cava Midco 2 who looks after wellbeing or staff socials I should be speaking to? Happy to be pointed elsewhere.

Brian
FC Urban",,,,
Cavagna Group Uk,,Financial institution,EC4N 1TX,"PIROLA PENNUTO ZEI & ASSOCIATI LTD 5TH FLOOR ALDERMARY HOUSE, LONDON",08/07/1997,FULL,46690 - Wholesale of other machinery and equipment | 64202 - Activities of production holding companies | 64204 - Activities of distribution holding companies,Borough Academy,22,postcode district,,,,,,"Hi {First} - I'm Brian from FC Urban. We run social football at Borough Academy, a 22-min walk from Cavagna Group Uk. Looking for someone inside the team up for starting an after-work game - we handle pitch, payments and organising. Open to a quick chat?",254,"Thanks for connecting, {First}.

Quick one - we run social football games at Borough Academy, about 22 minutes' walk from your office. A few City firms use them as an easy after-work thing for colleagues: we sort the pitch, the payments and the organising, and can top the group up with our own players if numbers are short.

Is there someone at Cavagna Group Uk who looks after wellbeing or staff socials I should be speaking to? Happy to be pointed elsewhere.

Brian
FC Urban",,,,
Cavendish Capital Markets,,Financial institution,EC1A 7BL,"1 BARTHOLOMEW CLOSE, LONDON",02/04/2007,FULL,64999 - Financial intermediation not elsewhere classified,Old St - Moreland Primary School,18,postcode district,,,,,,"Hi {First} - I'm Brian from FC Urban. We run social football at Old St - Moreland Primary School, a 18-min walk from Cavendish Capital Markets. Looking for someone inside the team up for starting an after-work game - we handle pitch, payments and organising. Open to a quick chat?",280,"Thanks for connecting, {First}.

Quick one - we run social football games at Old St - Moreland Primary School, about 18 minutes' walk from your office. A few City firms use them as an easy after-work thing for colleagues: we sort the pitch, the payments and the organising, and can top the group up with our own players if numbers are short.

Is there someone at Cavendish Capital Markets who looks after wellbeing or staff socials I should be speaking to? Happy to be pointed elsewhere.

Brian
FC Urban",,,,
Cavendish,,Financial institution,EC1A 7BL,"1 BARTHOLOMEW CLOSE, LONDON",28/08/2018,GROUP,64205 - Activities of financial services holding companies,Old St - Moreland Primary School,18,postcode district,,,,,,"Hi {First} - I'm Brian from FC Urban. We run social football at Old St - Moreland Primary School, a 18-min walk from Cavendish. Looking for someone inside the team up for starting an after-work game - we handle pitch, payments and organising. Open to a quick chat?",264,"Thanks for connecting, {First}.

Quick one - we run social football games at Old St - Moreland Primary School, about 18 minutes' walk from your office. A few City firms use them as an easy after-work thing for colleagues: we sort the pitch, the payments and the organising, and can top the group up with our own players if numbers are short.

Is there someone at Cavendish who looks after wellbeing or staff socials I should be speaking to? Happy to be pointed elsewhere.

Brian
FC Urban",,,,
Cavendish Securities,,Financial institution,EC1A 7BL,"1 BARTHOLOMEW CLOSE, LONDON",20/08/2004,FULL,64205 - Activities of financial services holding companies,Old St - Moreland Primary School,18,postcode district,,,,,,"Hi {First} - I'm Brian from FC Urban. We run social football at Old St - Moreland Primary School, a 18-min walk from Cavendish Securities. Looking for someone inside the team up for starting an after-work game - we handle pitch, payments and organising. Open to a quick chat?",275,"Thanks for connecting, {First}.

Quick one - we run social football games at Old St - Moreland Primary School, about 18 minutes' walk from your office. A few City firms use them as an easy after-work thing for colleagues: we sort the pitch, the payments and the organising, and can top the group up with our own players if numbers are short.

Is there someone at Cavendish Securities who looks after wellbeing or staff socials I should be speaking to? Happy to be pointed elsewhere.

Brian
FC Urban",,,,
Cba Europe,,Financial institution,EC4M 7AW,"1 NEW LUDGATE, LONDON",25/01/2006,FULL,64999 - Financial intermediation not elsewhere classified,Borough Academy,22,postcode district,,,,,,"Hi {First} - I'm Brian from FC Urban. We run social football at Borough Academy, a 22-min walk from Cba Europe. Looking for someone inside the team up for starting an after-work game - we handle pitch, payments and organising. Open to a quick chat?",248,"Thanks for connecting, {First}.

Quick one - we run social football games at Borough Academy, about 22 minutes' walk from your office. A few City firms use them as an easy after-work thing for colleagues: we sort the pitch, the payments and the organising, and can top the group up with our own players if numbers are short.

Is there someone at Cba Europe who looks after wellbeing or staff socials I should be speaking to? Happy to be pointed elsewhere.

Brian
FC Urban",,,,
Cboe Chi-X Europe,,Financial institution,EC3R 8AF,"5TH FLOOR THE MONUMENT BUILDING, LONDON",15/07/1982,FULL,66120 - Security and commodity contracts dealing activities,Borough Academy,22,postcode district,,,,,,"Hi {First} - I'm Brian from FC Urban. We run social football at Borough Academy, a 22-min walk from Cboe Chi-X Europe. Looking for someone inside the team up for starting an after-work game - we handle pitch, payments and organising. Open to a quick chat?",255,"Thanks for connecting, {First}.

Quick one - we run social football games at Borough Academy, about 22 minutes' walk from your office. A few City firms use them as an easy after-work thing for colleagues: we sort the pitch, the payments and the organising, and can top the group up with our own players if numbers are short.

Is there someone at Cboe Chi-X Europe who looks after wellbeing or staff socials I should be speaking to? Happy to be pointed elsewhere.

Brian
FC Urban",,,,
Cboe Europe,,Financial institution,EC3R 8AF,"5TH FLOOR THE MONUMENT BUILDING, LONDON",28/03/2008,FULL,66120 - Security and commodity contracts dealing activities,Borough Academy,22,postcode district,,,,,,"Hi {First} - I'm Brian from FC Urban. We run social football at Borough Academy, a 22-min walk from Cboe Europe. Looking for someone inside the team up for starting an after-work game - we handle pitch, payments and organising. Open to a quick chat?",249,"Thanks for connecting, {First}.

Quick one - we run social football games at Borough Academy, about 22 minutes' walk from your office. A few City firms use them as an easy after-work thing for colleagues: we sort the pitch, the payments and the organising, and can top the group up with our own players if numbers are short.

Is there someone at Cboe Europe who looks after wellbeing or staff socials I should be speaking to? Happy to be pointed elsewhere.

Brian
FC Urban",,,,
Cbre Investment Management Ecs Capital,,Financial institution,EC4M 9AF,"C/O CBRE THIRD FLOOR, LONDON",13/11/2007,FULL,64999 - Financial intermediation not elsewhere classified,Borough Academy,22,postcode district,,,,,,"Hi {First} - I'm Brian from FC Urban. We run social football at Borough Academy, a 22-min walk from Cbre Investment Management Ecs Capital. Looking for someone inside the team up for starting an after-work game - we handle pitch, payments and organising. Open to a quick chat?",276,"Thanks for connecting, {First}.

Quick one - we run social football games at Borough Academy, about 22 minutes' walk from your office. A few City firms use them as an easy after-work thing for colleagues: we sort the pitch, the payments and the organising, and can top the group up with our own players if numbers are short.

Is there someone at Cbre Investment Management Ecs Capital who looks after wellbeing or staff socials I should be speaking to? Happy to be pointed elsewhere.

Brian
FC Urban",,,,
Cbre Investment Management Ecs,,Financial institution,EC4M 9AF,"THIRD FLOOR C/O CBRE, LONDON",12/03/2008,FULL,64999 - Financial intermediation not elsewhere classified,Borough Academy,22,postcode district,,,,,,"Hi {First} - I'm Brian from FC Urban. We run social football at Borough Academy, a 22-min walk from Cbre Investment Management Ecs. Looking for someone inside the team up for starting an after-work game - we handle pitch, payments and organising. Open to a quick chat?",268,"Thanks for connecting, {First}.

Quick one - we run social football games at Borough Academy, about 22 minutes' walk from your office. A few City firms use them as an easy after-work thing for colleagues: we sort the pitch, the payments and the organising, and can top the group up with our own players if numbers are short.

Is there someone at Cbre Investment Management Ecs who looks after wellbeing or staff socials I should be speaking to? Happy to be pointed elsewhere.

Brian
FC Urban",,,,
Cbre Investment Management Listed Real Assets Uk,,Financial institution,EC4M 9AF,"ONE NEW CHANGE, LONDON",11/04/2006,FULL,64999 - Financial intermediation not elsewhere classified,Borough Academy,22,postcode district,,,,,,"Hi {First} - I'm Brian from FC Urban. We run social football at Borough Academy, a 22-min walk from Cbre Investment Management Listed Real Assets Uk. Looking for someone inside the team up for starting an after-work game - we handle pitch, payments and organising. Open to a quick chat?",286,"Thanks for connecting, {First}.

Quick one - we run social football games at Borough Academy, about 22 minutes' walk from your office. A few City firms use them as an easy after-work thing for colleagues: we sort the pitch, the payments and the organising, and can top the group up with our own players if numbers are short.

Is there someone at Cbre Investment Management Listed Real Assets Uk who looks after wellbeing or staff socials I should be speaking to? Happy to be pointed elsewhere.

Brian
FC Urban",,,,
Ccbi Global Markets (Uk),,Financial institution,EC2N 1AP,"111 OLD BROAD STREET, LONDON",06/11/1979,FULL,66120 - Security and commodity contracts dealing activities,Whitechapel,26,postcode district,,,,,,"Hi {First} - I'm Brian from FC Urban. We run social football at Whitechapel, a 26-min walk from Ccbi Global Markets (Uk). Looking for someone inside the team up for starting an after-work game - we handle pitch, payments and organising. Open to a quick chat?",258,"Thanks for connecting, {First}.

Quick one - we run social football games at Whitechapel, about 26 minutes' walk from your office. A few City firms use them as an easy after-work thing for colleagues: we sort the pitch, the payments and the organising, and can top the group up with our own players if numbers are short.

Is there someone at Ccbi Global Markets (Uk) who looks after wellbeing or staff socials I should be speaking to? Happy to be pointed elsewhere.

Brian
FC Urban",,,,
Cencora Global Consulting Services Uk Holding,,Financial institution,EC4A 1BR,"10 FETTER LANE, LONDON",14/07/2015,FULL,64209 - Activities of other holding companies n.e.c.,Borough Academy,25,exact postcode,,,,,,"Hi {First} - I'm Brian from FC Urban. We run social football at Borough Academy, a 25-min walk from Cencora Global Consulting Services Uk Holding. Looking for someone inside the team up for starting an after-work game - we handle pitch, payments and organising. Open to a quick chat?",283,"Thanks for connecting, {First}.

Quick one - we run social football games at Borough Academy, about 25 minutes' walk from your office. A few City firms use them as an easy after-work thing for colleagues: we sort the pitch, the payments and the organising, and can top the group up with our own players if numbers are short.

Is there someone at Cencora Global Consulting Services Uk Holding who looks after wellbeing or staff socials I should be speaking to? Happy to be pointed elsewhere.

Brian
FC Urban",,,,
Centrewrite,,Financial institution,EC3M 7HA,"COUNCIL SECRETARIAT, ONE LIME STREET",24/10/1990,FULL,65201 - Life reinsurance | 65202 - Non-life reinsurance,Whitechapel,25,exact postcode,,,,,,"Hi {First} - I'm Brian from FC Urban. We run social football at Whitechapel, a 25-min walk from Centrewrite. Looking for someone inside the team up for starting an after-work game - we handle pitch, payments and organising. Open to a quick chat?",245,"Thanks for connecting, {First}.

Quick one - we run social football games at Whitechapel, about 25 minutes' walk from your office. A few City firms use them as an easy after-work thing for colleagues: we sort the pitch, the payments and the organising, and can top the group up with our own players if numbers are short.

Is there someone at Centrewrite who looks after wellbeing or staff socials I should be speaking to? Happy to be pointed elsewhere.

Brian
FC Urban",,,,
Ceres Securities,,Financial institution,EC2M 4NS,"LONGCROFT HOUSE, LONDON",23/11/2012,MEDIUM,64999 - Financial intermediation not elsewhere classified,Whitechapel,23,postcode district,,,,,,"Hi {First} - I'm Brian from FC Urban. We run social football at Whitechapel, a 23-min walk from Ceres Securities. Looking for someone inside the team up for starting an after-work game - we handle pitch, payments and organising. Open to a quick chat?",250,"Thanks for connecting, {First}.

Quick one - we run social football games at Whitechapel, about 23 minutes' walk from your office. A few City firms use them as an easy after-work thing for colleagues: we sort the pitch, the payments and the organising, and can top the group up with our own players if numbers are short.

Is there someone at Ceres Securities who looks after wellbeing or staff socials I should be speaking to? Happy to be pointed elsewhere.

Brian
FC Urban",,,,
Certa Insurance Partners,,Financial institution,EC3M 7DQ,"LLOYD'S BUILDING,, LONDON",12/09/2018,FULL,65120 - Non-life insurance,Whitechapel,24,postcode district,,,,,,"Hi {First} - I'm Brian from FC Urban. We run social football at Whitechapel, a 24-min walk from Certa Insurance Partners. Looking for someone inside the team up for starting an after-work game - we handle pitch, payments and organising. Open to a quick chat?",258,"Thanks for connecting, {First}.

Quick one - we run social football games at Whitechapel, about 24 minutes' walk from your office. A few City firms use them as an easy after-work thing for colleagues: we sort the pitch, the payments and the organising, and can top the group up with our own players if numbers are short.

Is there someone at Certa Insurance Partners who looks after wellbeing or staff socials I should be speaking to? Happy to be pointed elsewhere.

Brian
FC Urban",,,,
Certa Partners Holdings,,Financial institution,EC3M 7DQ,"LLOYD'S BUILDING,, LONDON",16/09/2021,GROUP,64209 - Activities of other holding companies n.e.c.,Whitechapel,24,postcode district,,,,,,"Hi {First} - I'm Brian from FC Urban. We run social football at Whitechapel, a 24-min walk from Certa Partners Holdings. Looking for someone inside the team up for starting an after-work game - we handle pitch, payments and organising. Open to a quick chat?",257,"Thanks for connecting, {First}.

Quick one - we run social football games at Whitechapel, about 24 minutes' walk from your office. A few City firms use them as an easy after-work thing for colleagues: we sort the pitch, the payments and the organising, and can top the group up with our own players if numbers are short.

Is there someone at Certa Partners Holdings who looks after wellbeing or staff socials I should be speaking to? Happy to be pointed elsewhere.

Brian
FC Urban",,,,
Cg Asset Management,,Financial institution,EC2V 8EG,"20 KING STREET, LONDON",21/08/2000,FULL,66300 - Fund management activities,Borough Academy,23,postcode district,,,,,,"Hi {First} - I'm Brian from FC Urban. We run social football at Borough Academy, a 23-min walk from Cg Asset Management. Looking for someone inside the team up for starting an after-work game - we handle pitch, payments and organising. Open to a quick chat?",257,"Thanks for connecting, {First}.

Quick one - we run social football games at Borough Academy, about 23 minutes' walk from your office. A few City firms use them as an easy after-work thing for colleagues: we sort the pitch, the payments and the organising, and can top the group up with our own players if numbers are short.

Is there someone at Cg Asset Management who looks after wellbeing or staff socials I should be speaking to? Happy to be pointed elsewhere.

Brian
FC Urban",,,,
Cgs International Securities Uk,,Financial institution,EC2M 1JJ,"53 NEW BROAD STREET, LONDON",02/06/1992,FULL,66120 - Security and commodity contracts dealing activities,Whitechapel,23,postcode district,,,,,,"Hi {First} - I'm Brian from FC Urban. We run social football at Whitechapel, a 23-min walk from Cgs International Securities Uk. Looking for someone inside the team up for starting an after-work game - we handle pitch, payments and organising. Open to a quick chat?",265,"Thanks for connecting, {First}.

Quick one - we run social football games at Whitechapel, about 23 minutes' walk from your office. A few City firms use them as an easy after-work thing for colleagues: we sort the pitch, the payments and the organising, and can top the group up with our own players if numbers are short.

Is there someone at Cgs International Securities Uk who looks after wellbeing or staff socials I should be speaking to? Happy to be pointed elsewhere.

Brian
FC Urban",,,,
Challenger Life Debt Investments (Europe),,Accountancy / financial advisory,EC4V 4EG,"BRIDGE HOUSE, LONDON",09/05/2011,FULL,70221 - Financial management,Borough Academy,19,postcode district,,,,,,"Hi {First} - I'm Brian from FC Urban. We run social football at Borough Academy, a 19-min walk from Challenger Life Debt Investments (Europe). Looking for someone inside the team up for starting an after-work game - we handle pitch, payments and organising. Open to a quick chat?",279,"Thanks for connecting, {First}.

Quick one - we run social football games at Borough Academy, about 19 minutes' walk from your office. A few City firms use them as an easy after-work thing for colleagues: we sort the pitch, the payments and the organising, and can top the group up with our own players if numbers are short.

Is there someone at Challenger Life Debt Investments (Europe) who looks after wellbeing or staff socials I should be speaking to? Happy to be pointed elsewhere.

Brian
FC Urban",,,,
Challenger Management Services (Uk),,Financial institution,EC4V 4EG,"BRIDGE HOUSE, LONDON",09/10/2007,FULL,64999 - Financial intermediation not elsewhere classified,Borough Academy,19,postcode district,,,,,,"Hi {First} - I'm Brian from FC Urban. We run social football at Borough Academy, a 19-min walk from Challenger Management Services (Uk). Looking for someone inside the team up for starting an after-work game - we handle pitch, payments and organising. Open to a quick chat?",273,"Thanks for connecting, {First}.

Quick one - we run social football games at Borough Academy, about 19 minutes' walk from your office. A few City firms use them as an easy after-work thing for colleagues: we sort the pitch, the payments and the organising, and can top the group up with our own players if numbers are short.

Is there someone at Challenger Management Services (Uk) who looks after wellbeing or staff socials I should be speaking to? Happy to be pointed elsewhere.

Brian
FC Urban",,,,
"Charles Schwab, U.K.,",,Financial institution,EC4M 7JN,"33 LUDGATE HILL, LONDON",24/03/2003,FULL,64999 - Financial intermediation not elsewhere classified,Borough Academy,21,exact postcode,,,,,,"Hi {First} - I'm Brian from FC Urban. We run social football at Borough Academy, a 21-min walk from Charles Schwab, U.K.,. Looking for someone inside the team up for starting an after-work game - we handle pitch, payments and organising. Open to a quick chat?",259,"Thanks for connecting, {First}.

Quick one - we run social football games at Borough Academy, about 21 minutes' walk from your office. A few City firms use them as an easy after-work thing for colleagues: we sort the pitch, the payments and the organising, and can top the group up with our own players if numbers are short.

Is there someone at Charles Schwab, U.K., who looks after wellbeing or staff socials I should be speaking to? Happy to be pointed elsewhere.

Brian
FC Urban",,,,
Chase Uk Holdings,,Financial institution,EC4N 7BE,"MEZZANINE FLOOR, LONDON",13/11/2017,GROUP,64209 - Activities of other holding companies n.e.c.,Borough Academy,22,postcode district,,,,,,"Hi {First} - I'm Brian from FC Urban. We run social football at Borough Academy, a 22-min walk from Chase Uk Holdings. Looking for someone inside the team up for starting an after-work game - we handle pitch, payments and organising. Open to a quick chat?",255,"Thanks for connecting, {First}.

Quick one - we run social football games at Borough Academy, about 22 minutes' walk from your office. A few City firms use them as an easy after-work thing for colleagues: we sort the pitch, the payments and the organising, and can top the group up with our own players if numbers are short.

Is there someone at Chase Uk Holdings who looks after wellbeing or staff socials I should be speaking to? Happy to be pointed elsewhere.

Brian
FC Urban",,,,
China International Capital Corporation (Uk),,Financial institution,EC2N 1AR,"25TH FLOOR, LONDON",18/08/2009,FULL,64999 - Financial intermediation not elsewhere classified | 66120 - Security and commodity contracts dealing activities,Borough Academy,27,exact postcode,,,,,,"Hi {First} - I'm Brian from FC Urban. We run social football at Borough Academy, a 27-min walk from China International Capital Corporation (Uk). Looking for someone inside the team up for starting an after-work game - we handle pitch, payments and organising. Open to a quick chat?",282,"Thanks for connecting, {First}.

Quick one - we run social football games at Borough Academy, about 27 minutes' walk from your office. A few City firms use them as an easy after-work thing for colleagues: we sort the pitch, the payments and the organising, and can top the group up with our own players if numbers are short.

Is there someone at China International Capital Corporation (Uk) who looks after wellbeing or staff socials I should be speaking to? Happy to be pointed elsewhere.

Brian
FC Urban",,,,
China Taiping Insurance (Uk) Co,,Financial institution,EC3V 3NA,"2 FINCH LANE, LONDON",31/10/1983,FULL,65120 - Non-life insurance,Borough Academy,24,postcode district,,,,,,"Hi {First} - I'm Brian from FC Urban. We run social football at Borough Academy, a 24-min walk from China Taiping Insurance (Uk) Co. Looking for someone inside the team up for starting an after-work game - we handle pitch, payments and organising. Open to a quick chat?",269,"Thanks for connecting, {First}.

Quick one - we run social football games at Borough Academy, about 24 minutes' walk from your office. A few City firms use them as an easy after-work thing for colleagues: we sort the pitch, the payments and the organising, and can top the group up with our own players if numbers are short.

Is there someone at China Taiping Insurance (Uk) Co who looks after wellbeing or staff socials I should be speaking to? Happy to be pointed elsewhere.

Brian
FC Urban",,,,
Chinese Maritime Transport (Uk),,Financial institution,EC2Y 5EA,"C/O BIRKETTS LLP 5TH FLOOR, ONE LONDON WALL, LONDON",26/05/2022,GROUP,64209 - Activities of other holding companies n.e.c.,Old St - Moreland Primary School,19,postcode district,,,,,,"Hi {First} - I'm Brian from FC Urban. We run social football at Old St - Moreland Primary School, a 19-min walk from Chinese Maritime Transport (Uk). Looking for someone inside the team up for starting an after-work game - we handle pitch, payments and organising. Open to a quick chat?",286,"Thanks for connecting, {First}.

Quick one - we run social football games at Old St - Moreland Primary School, about 19 minutes' walk from your office. A few City firms use them as an easy after-work thing for colleagues: we sort the pitch, the payments and the organising, and can top the group up with our own players if numbers are short.

Is there someone at Chinese Maritime Transport (Uk) who looks after wellbeing or staff socials I should be speaking to? Happy to be pointed elsewhere.

Brian
FC Urban",,,,
Ci Fcl Funding 2,,Financial institution,EC3M 3BY,"5TH FLOOR 20, LONDON",19/12/2018,FULL,64999 - Financial intermediation not elsewhere classified,Borough Academy,24,exact postcode,,,,,,"Hi {First} - I'm Brian from FC Urban. We run social football at Borough Academy, a 24-min walk from Ci Fcl Funding 2. Looking for someone inside the team up for starting an after-work game - we handle pitch, payments and organising. Open to a quick chat?",254,"Thanks for connecting, {First}.

Quick one - we run social football games at Borough Academy, about 24 minutes' walk from your office. A few City firms use them as an easy after-work thing for colleagues: we sort the pitch, the payments and the organising, and can top the group up with our own players if numbers are short.

Is there someone at Ci Fcl Funding 2 who looks after wellbeing or staff socials I should be speaking to? Happy to be pointed elsewhere.

Brian
FC Urban",,,,
Circle Uk Trading,,Financial institution,EC3A 2BJ,"40 LEADENHALL STREET, HUCKLETREE LEVEL 2,, LONDON",15/04/2015,FULL,64999 - Financial intermediation not elsewhere classified,Whitechapel,23,exact postcode,,,,,,"Hi {First} - I'm Brian from FC Urban. We run social football at Whitechapel, a 23-min walk from Circle Uk Trading. Looking for someone inside the team up for starting an after-work game - we handle pitch, payments and organising. Open to a quick chat?",251,"Thanks for connecting, {First}.

Quick one - we run social football games at Whitechapel, about 23 minutes' walk from your office. A few City firms use them as an easy after-work thing for colleagues: we sort the pitch, the payments and the organising, and can top the group up with our own players if numbers are short.

Is there someone at Circle Uk Trading who looks after wellbeing or staff socials I should be speaking to? Happy to be pointed elsewhere.

Brian
FC Urban",,,,
Citadel Advisors Europe,,Financial institution,EC2Y 5ET,"120 LONDON WALL, LONDON",23/08/2017,FULL,66300 - Fund management activities,Old St - Moreland Primary School,19,postcode district,,,,,,"Hi {First} - I'm Brian from FC Urban. We run social football at Old St - Moreland Primary School, a 19-min walk from Citadel Advisors Europe. Looking for someone inside the team up for starting an after-work game - we handle pitch, payments and organising. Open to a quick chat?",278,"Thanks for connecting, {First}.

Quick one - we run social football games at Old St - Moreland Primary School, about 19 minutes' walk from your office. A few City firms use them as an easy after-work thing for colleagues: we sort the pitch, the payments and the organising, and can top the group up with our own players if numbers are short.

Is there someone at Citadel Advisors Europe who looks after wellbeing or staff socials I should be speaking to? Happy to be pointed elsewhere.

Brian
FC Urban",,,,
Citadel Securities (Europe),,Financial institution,EC2Y 5ET,120 LONDON WALL,25/05/2005,FULL,64991 - Security dealing on own account,Old St - Moreland Primary School,19,postcode district,,,,,,"Hi {First} - I'm Brian from FC Urban. We run social football at Old St - Moreland Primary School, a 19-min walk from Citadel Securities (Europe). Looking for someone inside the team up for starting an after-work game - we handle pitch, payments and organising. Open to a quick chat?",282,"Thanks for connecting, {First}.

Quick one - we run social football games at Old St - Moreland Primary School, about 19 minutes' walk from your office. A few City firms use them as an easy after-work thing for colleagues: we sort the pitch, the payments and the organising, and can top the group up with our own players if numbers are short.

Is there someone at Citadel Securities (Europe) who looks after wellbeing or staff socials I should be speaking to? Happy to be pointed elsewhere.

Brian
FC Urban",,,,
Citadel Securities Finance (Uk),,Financial institution,EC2Y 5ET,"120 LONDON WALL, LONDON",26/04/2019,GROUP,64205 - Activities of financial services holding companies,Old St - Moreland Primary School,19,postcode district,,,,,,"Hi {First} - I'm Brian from FC Urban. We run social football at Old St - Moreland Primary School, a 19-min walk from Citadel Securities Finance (Uk). Looking for someone inside the team up for starting an after-work game - we handle pitch, payments and organising. Open to a quick chat?",286,"Thanks for connecting, {First}.

Quick one - we run social football games at Old St - Moreland Primary School, about 19 minutes' walk from your office. A few City firms use them as an easy after-work thing for colleagues: we sort the pitch, the payments and the organising, and can top the group up with our own players if numbers are short.

Is there someone at Citadel Securities Finance (Uk) who looks after wellbeing or staff socials I should be speaking to? Happy to be pointed elsewhere.

Brian
FC Urban",,,,
City Asset Management,,Financial institution,EC2N 3AR,"7 BISHOPSGATE, LONDON",01/02/1988,FULL,64999 - Financial intermediation not elsewhere classified,Whitechapel,26,postcode district,,,,,,"Hi {First} - I'm Brian from FC Urban. We run social football at Whitechapel, a 26-min walk from City Asset Management. Looking for someone inside the team up for starting an after-work game - we handle pitch, payments and organising. Open to a quick chat?",255,"Thanks for connecting, {First}.

Quick one - we run social football games at Whitechapel, about 26 minutes' walk from your office. A few City firms use them as an easy after-work thing for colleagues: we sort the pitch, the payments and the organising, and can top the group up with our own players if numbers are short.

Is there someone at City Asset Management who looks after wellbeing or staff socials I should be speaking to? Happy to be pointed elsewhere.

Brian
FC Urban",,,,
Clara-Pensions Group,,Financial institution,EC4M 9AF,"MYO ST PAUL'S, LONDON",04/12/2018,GROUP,64209 - Activities of other holding companies n.e.c.,Borough Academy,22,postcode district,,,,,,"Hi {First} - I'm Brian from FC Urban. We run social football at Borough Academy, a 22-min walk from Clara-Pensions Group. Looking for someone inside the team up for starting an after-work game - we handle pitch, payments and organising. Open to a quick chat?",258,"Thanks for connecting, {First}.

Quick one - we run social football games at Borough Academy, about 22 minutes' walk from your office. A few City firms use them as an easy after-work thing for colleagues: we sort the pitch, the payments and the organising, and can top the group up with our own players if numbers are short.

Is there someone at Clara-Pensions Group who looks after wellbeing or staff socials I should be speaking to? Happy to be pointed elsewhere.

Brian
FC Urban",,,,
Clara-Pensions Holdings,,Financial institution,EC4M 9AF,"MYO ST PAUL'S, LONDON",06/12/2018,GROUP,64209 - Activities of other holding companies n.e.c.,Borough Academy,22,postcode district,,,,,,"Hi {First} - I'm Brian from FC Urban. We run social football at Borough Academy, a 22-min walk from Clara-Pensions Holdings. Looking for someone inside the team up for starting an after-work game - we handle pitch, payments and organising. Open to a quick chat?",261,"Thanks for connecting, {First}.

Quick one - we run social football games at Borough Academy, about 22 minutes' walk from your office. A few City firms use them as an easy after-work thing for colleagues: we sort the pitch, the payments and the organising, and can top the group up with our own players if numbers are short.

Is there someone at Clara-Pensions Holdings who looks after wellbeing or staff socials I should be speaking to? Happy to be pointed elsewhere.

Brian
FC Urban",,,,
Clayton Bidco,,Financial institution,EC2M 7PP,"34-37 LIVERPOOL STREET, LONDON",20/08/2018,GROUP,64209 - Activities of other holding companies n.e.c.,Whitechapel,25,exact postcode,,,,,,"Hi {First} - I'm Brian from FC Urban. We run social football at Whitechapel, a 25-min walk from Clayton Bidco. Looking for someone inside the team up for starting an after-work game - we handle pitch, payments and organising. Open to a quick chat?",247,"Thanks for connecting, {First}.

Quick one - we run social football games at Whitechapel, about 25 minutes' walk from your office. A few City firms use them as an easy after-work thing for colleagues: we sort the pitch, the payments and the organising, and can top the group up with our own players if numbers are short.

Is there someone at Clayton Bidco who looks after wellbeing or staff socials I should be speaking to? Happy to be pointed elsewhere.

Brian
FC Urban",,,,
Clear Capital Markets,,Financial institution,EC2M 2DD,"6TH FLOOR, WILSONS CORNER, LONDON",04/11/2014,MEDIUM,66120 - Security and commodity contracts dealing activities,Whitechapel,23,postcode district,,,,,,"Hi {First} - I'm Brian from FC Urban. We run social football at Whitechapel, a 23-min walk from Clear Capital Markets. Looking for someone inside the team up for starting an after-work game - we handle pitch, payments and organising. Open to a quick chat?",255,"Thanks for connecting, {First}.

Quick one - we run social football games at Whitechapel, about 23 minutes' walk from your office. A few City firms use them as an easy after-work thing for colleagues: we sort the pitch, the payments and the organising, and can top the group up with our own players if numbers are short.

Is there someone at Clear Capital Markets who looks after wellbeing or staff socials I should be speaking to? Happy to be pointed elsewhere.

Brian
FC Urban",,,,
Clearbank Group Holdings,,Financial institution,EC2A 2EW,"LEVEL 27, BROADGATE TOWER, LONDON",25/07/2022,GROUP,62090 - Other information technology service activities | 64205 - Activities of financial services holding companies | 70100 - Activities of head offices,Shoreditch Rooftop,24,exact postcode,,,,,,"Hi {First} - I'm Brian from FC Urban. We run social football at Shoreditch Rooftop, a 24-min walk from Clearbank Group Holdings. Looking for someone inside the team up for starting an after-work game - we handle pitch, payments and organising. Open to a quick chat?",265,"Thanks for connecting, {First}.

Quick one - we run social football games at Shoreditch Rooftop, about 24 minutes' walk from your office. A few City firms use them as an easy after-work thing for colleagues: we sort the pitch, the payments and the organising, and can top the group up with our own players if numbers are short.

Is there someone at Clearbank Group Holdings who looks after wellbeing or staff socials I should be speaking to? Happy to be pointed elsewhere.

Brian
FC Urban",,,,
Clearbank,,Financial institution,EC2A 2EW,"LEVEL 27, THE BROADGATE TOWER, LONDON",17/08/2015,FULL,64191 - Banks,Shoreditch Rooftop,24,exact postcode,,,,,,"Hi {First} - I'm Brian from FC Urban. We run social football at Shoreditch Rooftop, a 24-min walk from Clearbank. Looking for someone inside the team up for starting an after-work game - we handle pitch, payments and organising. Open to a quick chat?",250,"Thanks for connecting, {First}.

Quick one - we run social football games at Shoreditch Rooftop, about 24 minutes' walk from your office. A few City firms use them as an easy after-work thing for colleagues: we sort the pitch, the payments and the organising, and can top the group up with our own players if numbers are short.

Is there someone at Clearbank who looks after wellbeing or staff socials I should be speaking to? Happy to be pointed elsewhere.

Brian
FC Urban",,,,
Clegg Gifford & Co,,Financial institution,EC3N 1NT,"128 MINORIES, LONDON",22/07/1993,FULL,66220 - Activities of insurance agents and brokers,Whitechapel,19,postcode district,,,,,,"Hi {First} - I'm Brian from FC Urban. We run social football at Whitechapel, a 19-min walk from Clegg Gifford & Co. Looking for someone inside the team up for starting an after-work game - we handle pitch, payments and organising. Open to a quick chat?",252,"Thanks for connecting, {First}.

Quick one - we run social football games at Whitechapel, about 19 minutes' walk from your office. A few City firms use them as an easy after-work thing for colleagues: we sort the pitch, the payments and the organising, and can top the group up with our own players if numbers are short.

Is there someone at Clegg Gifford & Co who looks after wellbeing or staff socials I should be speaking to? Happy to be pointed elsewhere.

Brian
FC Urban",,,,
Close Brothers Finance,,Financial institution,EC2A 4FT,10 CROWN PLACE,14/11/2001,FULL,64999 - Financial intermediation not elsewhere classified,Shoreditch Rooftop,17,postcode district,,,,,,"Hi {First} - I'm Brian from FC Urban. We run social football at Shoreditch Rooftop, a 17-min walk from Close Brothers Finance. Looking for someone inside the team up for starting an after-work game - we handle pitch, payments and organising. Open to a quick chat?",263,"Thanks for connecting, {First}.

Quick one - we run social football games at Shoreditch Rooftop, about 17 minutes' walk from your office. A few City firms use them as an easy after-work thing for colleagues: we sort the pitch, the payments and the organising, and can top the group up with our own players if numbers are short.

Is there someone at Close Brothers Finance who looks after wellbeing or staff socials I should be speaking to? Happy to be pointed elsewhere.

Brian
FC Urban",,,,
Clsa (Uk),,Financial institution,EC2N 4BQ,"LEVEL 34, LONDON",19/04/1971,FULL,66120 - Security and commodity contracts dealing activities,Whitechapel,26,exact postcode,,,,,,"Hi {First} - I'm Brian from FC Urban. We run social football at Whitechapel, a 26-min walk from Clsa (Uk). Looking for someone inside the team up for starting an after-work game - we handle pitch, payments and organising. Open to a quick chat?",243,"Thanks for connecting, {First}.

Quick one - we run social football games at Whitechapel, about 26 minutes' walk from your office. A few City firms use them as an easy after-work thing for colleagues: we sort the pitch, the payments and the organising, and can top the group up with our own players if numbers are short.

Is there someone at Clsa (Uk) who looks after wellbeing or staff socials I should be speaking to? Happy to be pointed elsewhere.

Brian
FC Urban",,,,
Cmutual Group,,Financial institution,EC4R 9AT,"7TH & 8TH FLOORS, LONDON",27/05/1998,FULL,64999 - Financial intermediation not elsewhere classified,Borough Academy,18,postcode district,,,,,,"Hi {First} - I'm Brian from FC Urban. We run social football at Borough Academy, a 18-min walk from Cmutual Group. Looking for someone inside the team up for starting an after-work game - we handle pitch, payments and organising. Open to a quick chat?",251,"Thanks for connecting, {First}.

Quick one - we run social football games at Borough Academy, about 18 minutes' walk from your office. A few City firms use them as an easy after-work thing for colleagues: we sort the pitch, the payments and the organising, and can top the group up with our own players if numbers are short.

Is there someone at Cmutual Group who looks after wellbeing or staff socials I should be speaking to? Happy to be pointed elsewhere.

Brian
FC Urban",,,,
Cofunds,,Financial institution,EC3V 4AB,"LEVEL 26 THE LEADENHALL BUILDING, LONDON",05/04/2000,FULL,64999 - Financial intermediation not elsewhere classified,Whitechapel,25,exact postcode,,,,,,"Hi {First} - I'm Brian from FC Urban. We run social football at Whitechapel, a 25-min walk from Cofunds. Looking for someone inside the team up for starting an after-work game - we handle pitch, payments and organising. Open to a quick chat?",241,"Thanks for connecting, {First}.

Quick one - we run social football games at Whitechapel, about 25 minutes' walk from your office. A few City firms use them as an easy after-work thing for colleagues: we sort the pitch, the payments and the organising, and can top the group up with our own players if numbers are short.

Is there someone at Cofunds who looks after wellbeing or staff socials I should be speaking to? Happy to be pointed elsewhere.

Brian
FC Urban",,,,
Cogent International Holdings,,Financial institution,EC3M 1BD,"16 EASTCHEAP, LONDON",07/08/1990,GROUP,65202 - Non-life reinsurance,Whitechapel,24,postcode district,,,,,,"Hi {First} - I'm Brian from FC Urban. We run social football at Whitechapel, a 24-min walk from Cogent International Holdings. Looking for someone inside the team up for starting an after-work game - we handle pitch, payments and organising. Open to a quick chat?",263,"Thanks for connecting, {First}.

Quick one - we run social football games at Whitechapel, about 24 minutes' walk from your office. A few City firms use them as an easy after-work thing for colleagues: we sort the pitch, the payments and the organising, and can top the group up with our own players if numbers are short.

Is there someone at Cogent International Holdings who looks after wellbeing or staff socials I should be speaking to? Happy to be pointed elsewhere.

Brian
FC Urban",,,,
Cogent International,,Financial institution,EC3M 1BD,"16 EASTCHEAP, LONDON",02/09/1983,FULL,65202 - Non-life reinsurance,Whitechapel,24,postcode district,,,,,,"Hi {First} - I'm Brian from FC Urban. We run social football at Whitechapel, a 24-min walk from Cogent International. Looking for someone inside the team up for starting an after-work game - we handle pitch, payments and organising. Open to a quick chat?",254,"Thanks for connecting, {First}.

Quick one - we run social football games at Whitechapel, about 24 minutes' walk from your office. A few City firms use them as an easy after-work thing for colleagues: we sort the pitch, the payments and the organising, and can top the group up with our own players if numbers are short.

Is there someone at Cogent International who looks after wellbeing or staff socials I should be speaking to? Happy to be pointed elsewhere.

Brian
FC Urban",,,,
Colc Finance,,Financial institution,EC2N 1DS,"19 OLD BROAD STREET, LONDON",18/09/2019,FULL,64205 - Activities of financial services holding companies,Whitechapel,26,postcode district,,,,,,"Hi {First} - I'm Brian from FC Urban. We run social football at Whitechapel, a 26-min walk from Colc Finance. Looking for someone inside the team up for starting an after-work game - we handle pitch, payments and organising. Open to a quick chat?",246,"Thanks for connecting, {First}.

Quick one - we run social football games at Whitechapel, about 26 minutes' walk from your office. A few City firms use them as an easy after-work thing for colleagues: we sort the pitch, the payments and the organising, and can top the group up with our own players if numbers are short.

Is there someone at Colc Finance who looks after wellbeing or staff socials I should be speaking to? Happy to be pointed elsewhere.

Brian
FC Urban",,,,
Colcap Financial Overseas Holdings,,Financial institution,EC3A 8BE,"OFFICE 405, LONDON",23/05/2022,GROUP,64205 - Activities of financial services holding companies,Whitechapel,22,postcode district,,,,,,"Hi {First} - I'm Brian from FC Urban. We run social football at Whitechapel, a 22-min walk from Colcap Financial Overseas Holdings. Looking for someone inside the team up for starting an after-work game - we handle pitch, payments and organising. Open to a quick chat?",268,"Thanks for connecting, {First}.

Quick one - we run social football games at Whitechapel, about 22 minutes' walk from your office. A few City firms use them as an easy after-work thing for colleagues: we sort the pitch, the payments and the organising, and can top the group up with our own players if numbers are short.

Is there someone at Colcap Financial Overseas Holdings who looks after wellbeing or staff socials I should be speaking to? Happy to be pointed elsewhere.

Brian
FC Urban",,,,
Colcap Financial Uk,,Financial institution,EC3A 8BE,"OFFICE 405, LONDON",24/05/2022,FULL,64922 - Activities of mortgage finance companies,Whitechapel,22,postcode district,,,,,,"Hi {First} - I'm Brian from FC Urban. We run social football at Whitechapel, a 22-min walk from Colcap Financial Uk. Looking for someone inside the team up for starting an after-work game - we handle pitch, payments and organising. Open to a quick chat?",253,"Thanks for connecting, {First}.

Quick one - we run social football games at Whitechapel, about 22 minutes' walk from your office. A few City firms use them as an easy after-work thing for colleagues: we sort the pitch, the payments and the organising, and can top the group up with our own players if numbers are short.

Is there someone at Colcap Financial Uk who looks after wellbeing or staff socials I should be speaking to? Happy to be pointed elsewhere.

Brian
FC Urban",,,,
Collegiate Management Services,,Financial institution,EC3A 8AA,"6TH FLOOR, EXCHEQUER COURT, LONDON",17/10/1986,FULL,65120 - Non-life insurance,Whitechapel,23,exact postcode,,,,,,"Hi {First} - I'm Brian from FC Urban. We run social football at Whitechapel, a 23-min walk from Collegiate Management Services. Looking for someone inside the team up for starting an after-work game - we handle pitch, payments and organising. Open to a quick chat?",264,"Thanks for connecting, {First}.

Quick one - we run social football games at Whitechapel, about 23 minutes' walk from your office. A few City firms use them as an easy after-work thing for colleagues: we sort the pitch, the payments and the organising, and can top the group up with our own players if numbers are short.

Is there someone at Collegiate Management Services who looks after wellbeing or staff socials I should be speaking to? Happy to be pointed elsewhere.

Brian
FC Urban",,,,
Commander Asset Management,,Financial institution,EC4V 5BY,"2 ST. ANDREW'S HILL, LONDON",09/10/2001,FULL,66300 - Fund management activities,Borough Academy,19,postcode district,,,,,,"Hi {First} - I'm Brian from FC Urban. We run social football at Borough Academy, a 19-min walk from Commander Asset Management. Looking for someone inside the team up for starting an after-work game - we handle pitch, payments and organising. Open to a quick chat?",264,"Thanks for connecting, {First}.

Quick one - we run social football games at Borough Academy, about 19 minutes' walk from your office. A few City firms use them as an easy after-work thing for colleagues: we sort the pitch, the payments and the organising, and can top the group up with our own players if numbers are short.

Is there someone at Commander Asset Management who looks after wellbeing or staff socials I should be speaking to? Happy to be pointed elsewhere.

Brian
FC Urban",,,,
Commerzbank Finance,,Financial institution,EC2V 7PG,30 GRESHAM STREET,30/06/1955,FULL,64191 - Banks | 64999 - Financial intermediation not elsewhere classified | 70100 - Activities of head offices,Borough Academy,23,postcode district,,,,,,"Hi {First} - I'm Brian from FC Urban. We run social football at Borough Academy, a 23-min walk from Commerzbank Finance. Looking for someone inside the team up for starting an after-work game - we handle pitch, payments and organising. Open to a quick chat?",257,"Thanks for connecting, {First}.

Quick one - we run social football games at Borough Academy, about 23 minutes' walk from your office. A few City firms use them as an easy after-work thing for colleagues: we sort the pitch, the payments and the organising, and can top the group up with our own players if numbers are short.

Is there someone at Commerzbank Finance who looks after wellbeing or staff socials I should be speaking to? Happy to be pointed elsewhere.

Brian
FC Urban",,,,
Concentra Analytics,,Financial institution,EC2V 6DT,"100 CHEAPSIDE, LONDON",27/02/2012,GROUP,62012 - Business and domestic software development | 62020 - Information technology consultancy activities | 62090 - Other information technology service activities | 64209 - Activities of other holding companies n.e.c.,Borough Academy,23,postcode district,,,,,,"Hi {First} - I'm Brian from FC Urban. We run social football at Borough Academy, a 23-min walk from Concentra Analytics. Looking for someone inside the team up for starting an after-work game - we handle pitch, payments and organising. Open to a quick chat?",257,"Thanks for connecting, {First}.

Quick one - we run social football games at Borough Academy, about 23 minutes' walk from your office. A few City firms use them as an easy after-work thing for colleagues: we sort the pitch, the payments and the organising, and can top the group up with our own players if numbers are short.

Is there someone at Concentra Analytics who looks after wellbeing or staff socials I should be speaking to? Happy to be pointed elsewhere.

Brian
FC Urban",,,,
Condor Topco,,Financial institution,EC2Y 5AS,"125 LONDON WALL, LONDON",07/08/2020,GROUP,64209 - Activities of other holding companies n.e.c.,Old St - Moreland Primary School,19,postcode district,,,,,,"Hi {First} - I'm Brian from FC Urban. We run social football at Old St - Moreland Primary School, a 19-min walk from Condor Topco. Looking for someone inside the team up for starting an after-work game - we handle pitch, payments and organising. Open to a quick chat?",267,"Thanks for connecting, {First}.

Quick one - we run social football games at Old St - Moreland Primary School, about 19 minutes' walk from your office. A few City firms use them as an easy after-work thing for colleagues: we sort the pitch, the payments and the organising, and can top the group up with our own players if numbers are short.

Is there someone at Condor Topco who looks after wellbeing or staff socials I should be speaking to? Happy to be pointed elsewhere.

Brian
FC Urban",,,,
Conocophillips Treasury,,Financial institution,EC2R 7HJ,"20TH FLOOR, LONDON",26/05/1998,FULL,64999 - Financial intermediation not elsewhere classified,Old St - Moreland Primary School,27,exact postcode,,,,,,"Hi {First} - I'm Brian from FC Urban. We run social football at Old St - Moreland Primary School, a 27-min walk from Conocophillips Treasury. Looking for someone inside the team up for starting an after-work game - we handle pitch, payments and organising. Open to a quick chat?",278,"Thanks for connecting, {First}.

Quick one - we run social football games at Old St - Moreland Primary School, about 27 minutes' walk from your office. A few City firms use them as an easy after-work thing for colleagues: we sort the pitch, the payments and the organising, and can top the group up with our own players if numbers are short.

Is there someone at Conocophillips Treasury who looks after wellbeing or staff socials I should be speaking to? Happy to be pointed elsewhere.

Brian
FC Urban",,,,
Continuum Advisory Partners,,Financial institution,EC2R 8DD,"BECKET HOUSE, 36, LONDON",22/06/2022,FULL,64999 - Financial intermediation not elsewhere classified | 66190 - Activities auxiliary to financial intermediation n.e.c.,Old St - Moreland Primary School,25,postcode district,,,,,,"Hi {First} - I'm Brian from FC Urban. We run social football at Old St - Moreland Primary School, a 25-min walk from Continuum Advisory Partners. Looking for someone inside the team up for starting an after-work game - we handle pitch, payments and organising. Open to a quick chat?",282,"Thanks for connecting, {First}.

Quick one - we run social football games at Old St - Moreland Primary School, about 25 minutes' walk from your office. A few City firms use them as an easy after-work thing for colleagues: we sort the pitch, the payments and the organising, and can top the group up with our own players if numbers are short.

Is there someone at Continuum Advisory Partners who looks after wellbeing or staff socials I should be speaking to? Happy to be pointed elsewhere.

Brian
FC Urban",,,,
Control Risks Ventures,,Financial institution,EC4R 9AT,"6TH FLOOR,, LONDON",08/06/2022,FULL,64209 - Activities of other holding companies n.e.c.,Borough Academy,18,postcode district,,,,,,"Hi {First} - I'm Brian from FC Urban. We run social football at Borough Academy, a 18-min walk from Control Risks Ventures. Looking for someone inside the team up for starting an after-work game - we handle pitch, payments and organising. Open to a quick chat?",260,"Thanks for connecting, {First}.

Quick one - we run social football games at Borough Academy, about 18 minutes' walk from your office. A few City firms use them as an easy after-work thing for colleagues: we sort the pitch, the payments and the organising, and can top the group up with our own players if numbers are short.

Is there someone at Control Risks Ventures who looks after wellbeing or staff socials I should be speaking to? Happy to be pointed elsewhere.

Brian
FC Urban",,,,
Contura Animal Health Holdings,,Financial institution,EC4A 1LB,"14 TOOK'S COURT, LONDON",12/10/2018,GROUP,64209 - Activities of other holding companies n.e.c.,Old St - Moreland Primary School,24,postcode district,,,,,,"Hi {First} - I'm Brian from FC Urban. We run social football at Old St - Moreland Primary School, a 24-min walk from Contura Animal Health Holdings. Looking for someone inside the team up for starting an after-work game - we handle pitch, payments and organising. Open to a quick chat?",285,"Thanks for connecting, {First}.

Quick one - we run social football games at Old St - Moreland Primary School, about 24 minutes' walk from your office. A few City firms use them as an easy after-work thing for colleagues: we sort the pitch, the payments and the organising, and can top the group up with our own players if numbers are short.

Is there someone at Contura Animal Health Holdings who looks after wellbeing or staff socials I should be speaking to? Happy to be pointed elsewhere.

Brian
FC Urban",,,,
Convera Uk Financial,,Financial institution,EC2A 1AH,"ALPHABETA BUILDING, 14-18, LONDON",15/10/2021,FULL,66110 - Administration of financial markets,Shoreditch Rooftop,17,postcode district,,,,,,"Hi {First} - I'm Brian from FC Urban. We run social football at Shoreditch Rooftop, a 17-min walk from Convera Uk Financial. Looking for someone inside the team up for starting an after-work game - we handle pitch, payments and organising. Open to a quick chat?",261,"Thanks for connecting, {First}.

Quick one - we run social football games at Shoreditch Rooftop, about 17 minutes' walk from your office. A few City firms use them as an easy after-work thing for colleagues: we sort the pitch, the payments and the organising, and can top the group up with our own players if numbers are short.

Is there someone at Convera Uk Financial who looks after wellbeing or staff socials I should be speaking to? Happy to be pointed elsewhere.

Brian
FC Urban",,,,
Convera Uk,,Financial institution,EC2A 1AH,"ALPHABETA BUILDING, 14-18, LONDON",22/02/2002,FULL,66110 - Administration of financial markets,Shoreditch Rooftop,17,postcode district,,,,,,"Hi {First} - I'm Brian from FC Urban. We run social football at Shoreditch Rooftop, a 17-min walk from Convera Uk. Looking for someone inside the team up for starting an after-work game - we handle pitch, payments and organising. Open to a quick chat?",251,"Thanks for connecting, {First}.

Quick one - we run social football games at Shoreditch Rooftop, about 17 minutes' walk from your office. A few City firms use them as an easy after-work thing for colleagues: we sort the pitch, the payments and the organising, and can top the group up with our own players if numbers are short.

Is there someone at Convera Uk who looks after wellbeing or staff socials I should be speaking to? Happy to be pointed elsewhere.

Brian
FC Urban",,,,
Corporate Travel Management (Uk),,Financial institution,EC4Y 0AH,"1 TUDOR STREET, LONDON",15/11/2013,GROUP,64209 - Activities of other holding companies n.e.c.,Borough Academy,21,postcode district,,,,,,"Hi {First} - I'm Brian from FC Urban. We run social football at Borough Academy, a 21-min walk from Corporate Travel Management (Uk). Looking for someone inside the team up for starting an after-work game - we handle pitch, payments and organising. Open to a quick chat?",270,"Thanks for connecting, {First}.

Quick one - we run social football games at Borough Academy, about 21 minutes' walk from your office. A few City firms use them as an easy after-work thing for colleagues: we sort the pitch, the payments and the organising, and can top the group up with our own players if numbers are short.

Is there someone at Corporate Travel Management (Uk) who looks after wellbeing or staff socials I should be speaking to? Happy to be pointed elsewhere.

Brian
FC Urban",,,,
Cranbrook Underwriting,,Financial institution,EC3A 8BF,"30 ST MARY AXE, LONDON",13/09/2001,FULL,66220 - Activities of insurance agents and brokers,Whitechapel,22,postcode district,,,,,,"Hi {First} - I'm Brian from FC Urban. We run social football at Whitechapel, a 22-min walk from Cranbrook Underwriting. Looking for someone inside the team up for starting an after-work game - we handle pitch, payments and organising. Open to a quick chat?",256,"Thanks for connecting, {First}.

Quick one - we run social football games at Whitechapel, about 22 minutes' walk from your office. A few City firms use them as an easy after-work thing for colleagues: we sort the pitch, the payments and the organising, and can top the group up with our own players if numbers are short.

Is there someone at Cranbrook Underwriting who looks after wellbeing or staff socials I should be speaking to? Happy to be pointed elsewhere.

Brian
FC Urban",,,,
Crane Midco,,Financial institution,EC2M 1QS,"5TH FLOOR SOUTH DASHWOOD HOUSE, LONDON",16/07/2008,FULL,64209 - Activities of other holding companies n.e.c.,Whitechapel,26,exact postcode,,,,,,"Hi {First} - I'm Brian from FC Urban. We run social football at Whitechapel, a 26-min walk from Crane Midco. Looking for someone inside the team up for starting an after-work game - we handle pitch, payments and organising. Open to a quick chat?",245,"Thanks for connecting, {First}.

Quick one - we run social football games at Whitechapel, about 26 minutes' walk from your office. A few City firms use them as an easy after-work thing for colleagues: we sort the pitch, the payments and the organising, and can top the group up with our own players if numbers are short.

Is there someone at Crane Midco who looks after wellbeing or staff socials I should be speaking to? Happy to be pointed elsewhere.

Brian
FC Urban",,,,
Create Health Holding,,Financial institution,EC1N 8XA,"DUNSTAN HOUSE LOWER GROUND, LONDON",23/03/2012,FULL,64209 - Activities of other holding companies n.e.c.,Old St - Moreland Primary School,18,postcode district,,,,,,"Hi {First} - I'm Brian from FC Urban. We run social football at Old St - Moreland Primary School, a 18-min walk from Create Health Holding. Looking for someone inside the team up for starting an after-work game - we handle pitch, payments and organising. Open to a quick chat?",276,"Thanks for connecting, {First}.

Quick one - we run social football games at Old St - Moreland Primary School, about 18 minutes' walk from your office. A few City firms use them as an easy after-work thing for colleagues: we sort the pitch, the payments and the organising, and can top the group up with our own players if numbers are short.

Is there someone at Create Health Holding who looks after wellbeing or staff socials I should be speaking to? Happy to be pointed elsewhere.

Brian
FC Urban",,,,
Crislex,,Financial institution,EC1A 9JX,"7 WEST SMITHFIELD, LONDON",24/05/2012,GROUP,64209 - Activities of other holding companies n.e.c.,Old St - Moreland Primary School,18,postcode district,,,,,,"Hi {First} - I'm Brian from FC Urban. We run social football at Old St - Moreland Primary School, a 18-min walk from Crislex. Looking for someone inside the team up for starting an after-work game - we handle pitch, payments and organising. Open to a quick chat?",262,"Thanks for connecting, {First}.

Quick one - we run social football games at Old St - Moreland Primary School, about 18 minutes' walk from your office. A few City firms use them as an easy after-work thing for colleagues: we sort the pitch, the payments and the organising, and can top the group up with our own players if numbers are short.

Is there someone at Crislex who looks after wellbeing or staff socials I should be speaking to? Happy to be pointed elsewhere.

Brian
FC Urban",,,,
Crispin Speers & Partners,,Financial institution,EC3N 1PE,"ST CLARE HOUSE, LONDON",18/11/1985,FULL,65120 - Non-life insurance,Whitechapel,19,postcode district,,,,,,"Hi {First} - I'm Brian from FC Urban. We run social football at Whitechapel, a 19-min walk from Crispin Speers & Partners. Looking for someone inside the team up for starting an after-work game - we handle pitch, payments and organising. Open to a quick chat?",259,"Thanks for connecting, {First}.

Quick one - we run social football games at Whitechapel, about 19 minutes' walk from your office. A few City firms use them as an easy after-work thing for colleagues: we sort the pitch, the payments and the organising, and can top the group up with our own players if numbers are short.

Is there someone at Crispin Speers & Partners who looks after wellbeing or staff socials I should be speaking to? Happy to be pointed elsewhere.

Brian
FC Urban",,,,
Crocs Finance Uk,,Financial institution,EC4A 4AB,"FIRST FLOOR, 26, LONDON",09/12/2022,FULL,64209 - Activities of other holding companies n.e.c.,Old St - Moreland Primary School,24,exact postcode,,,,,,"Hi {First} - I'm Brian from FC Urban. We run social football at Old St - Moreland Primary School, a 24-min walk from Crocs Finance Uk. Looking for someone inside the team up for starting an after-work game - we handle pitch, payments and organising. Open to a quick chat?",271,"Thanks for connecting, {First}.

Quick one - we run social football games at Old St - Moreland Primary School, about 24 minutes' walk from your office. A few City firms use them as an easy after-work thing for colleagues: we sort the pitch, the payments and the organising, and can top the group up with our own players if numbers are short.

Is there someone at Crocs Finance Uk who looks after wellbeing or staff socials I should be speaking to? Happy to be pointed elsewhere.

Brian
FC Urban",,,,
Crocs Uk Fin Co,,Financial institution,EC4A 4AB,"FIRST FLOOR, 26, LONDON",09/12/2022,FULL,64209 - Activities of other holding companies n.e.c.,Old St - Moreland Primary School,24,exact postcode,,,,,,"Hi {First} - I'm Brian from FC Urban. We run social football at Old St - Moreland Primary School, a 24-min walk from Crocs Uk Fin Co. Looking for someone inside the team up for starting an after-work game - we handle pitch, payments and organising. Open to a quick chat?",270,"Thanks for connecting, {First}.

Quick one - we run social football games at Old St - Moreland Primary School, about 24 minutes' walk from your office. A few City firms use them as an easy after-work thing for colleagues: we sort the pitch, the payments and the organising, and can top the group up with our own players if numbers are short.

Is there someone at Crocs Uk Fin Co who looks after wellbeing or staff socials I should be speaking to? Happy to be pointed elsewhere.

Brian
FC Urban",,,,
Crocs Uk Holdings,,Financial institution,EC4A 4AB,"FIRST FLOOR, 26, LONDON",09/12/2022,FULL,64209 - Activities of other holding companies n.e.c.,Old St - Moreland Primary School,24,exact postcode,,,,,,"Hi {First} - I'm Brian from FC Urban. We run social football at Old St - Moreland Primary School, a 24-min walk from Crocs Uk Holdings. Looking for someone inside the team up for starting an after-work game - we handle pitch, payments and organising. Open to a quick chat?",272,"Thanks for connecting, {First}.

Quick one - we run social football games at Old St - Moreland Primary School, about 24 minutes' walk from your office. A few City firms use them as an easy after-work thing for colleagues: we sort the pitch, the payments and the organising, and can top the group up with our own players if numbers are short.

Is there someone at Crocs Uk Holdings who looks after wellbeing or staff socials I should be speaking to? Happy to be pointed elsewhere.

Brian
FC Urban",,,,
Crowdcube Capital,,Financial institution,EC2A 4LD,"ZETLAND HOUSE, LONDON",20/06/2014,FULL,64999 - Financial intermediation not elsewhere classified,Shoreditch Rooftop,17,postcode district,,,,,,"Hi {First} - I'm Brian from FC Urban. We run social football at Shoreditch Rooftop, a 17-min walk from Crowdcube Capital. Looking for someone inside the team up for starting an after-work game - we handle pitch, payments and organising. Open to a quick chat?",258,"Thanks for connecting, {First}.

Quick one - we run social football games at Shoreditch Rooftop, about 17 minutes' walk from your office. A few City firms use them as an easy after-work thing for colleagues: we sort the pitch, the payments and the organising, and can top the group up with our own players if numbers are short.

Is there someone at Crowdcube Capital who looks after wellbeing or staff socials I should be speaking to? Happy to be pointed elsewhere.

Brian
FC Urban",,,,
Crowdcube,,Financial institution,EC2A 4LD,"ZETLAND HOUSE, LONDON",10/09/2009,GROUP,66190 - Activities auxiliary to financial intermediation n.e.c.,Shoreditch Rooftop,17,postcode district,,,,,,"Hi {First} - I'm Brian from FC Urban. We run social football at Shoreditch Rooftop, a 17-min walk from Crowdcube. Looking for someone inside the team up for starting an after-work game - we handle pitch, payments and organising. Open to a quick chat?",250,"Thanks for connecting, {First}.

Quick one - we run social football games at Shoreditch Rooftop, about 17 minutes' walk from your office. A few City firms use them as an easy after-work thing for colleagues: we sort the pitch, the payments and the organising, and can top the group up with our own players if numbers are short.

Is there someone at Crowdcube who looks after wellbeing or staff socials I should be speaking to? Happy to be pointed elsewhere.

Brian
FC Urban",,,,
Csp Holding,,Financial institution,EC3N 1PE,"ST CLARE HOUSE, LONDON",06/02/2003,GROUP,66220 - Activities of insurance agents and brokers,Whitechapel,19,postcode district,,,,,,"Hi {First} - I'm Brian from FC Urban. We run social football at Whitechapel, a 19-min walk from Csp Holding. Looking for someone inside the team up for starting an after-work game - we handle pitch, payments and organising. Open to a quick chat?",245,"Thanks for connecting, {First}.

Quick one - we run social football games at Whitechapel, about 19 minutes' walk from your office. A few City firms use them as an easy after-work thing for colleagues: we sort the pitch, the payments and the organising, and can top the group up with our own players if numbers are short.

Is there someone at Csp Holding who looks after wellbeing or staff socials I should be speaking to? Happy to be pointed elsewhere.

Brian
FC Urban",,,,
Ctc London,,Financial institution,EC2N 4AY,"16TH FLOOR, LONDON",29/05/2003,FULL,64999 - Financial intermediation not elsewhere classified,Whitechapel,24,exact postcode,,,,,,"Hi {First} - I'm Brian from FC Urban. We run social football at Whitechapel, a 24-min walk from Ctc London. Looking for someone inside the team up for starting an after-work game - we handle pitch, payments and organising. Open to a quick chat?",244,"Thanks for connecting, {First}.

Quick one - we run social football games at Whitechapel, about 24 minutes' walk from your office. A few City firms use them as an easy after-work thing for colleagues: we sort the pitch, the payments and the organising, and can top the group up with our own players if numbers are short.

Is there someone at Ctc London who looks after wellbeing or staff socials I should be speaking to? Happy to be pointed elsewhere.

Brian
FC Urban",,,,
Currenxie Uk,,Financial institution,EC4R 0EU,"1ST FLOOR NICHOLAS HOUSE, LONDON",16/10/2017,FULL,64999 - Financial intermediation not elsewhere classified,Borough Academy,18,postcode district,,,,,,"Hi {First} - I'm Brian from FC Urban. We run social football at Borough Academy, a 18-min walk from Currenxie Uk. Looking for someone inside the team up for starting an after-work game - we handle pitch, payments and organising. Open to a quick chat?",250,"Thanks for connecting, {First}.

Quick one - we run social football games at Borough Academy, about 18 minutes' walk from your office. A few City firms use them as an easy after-work thing for colleagues: we sort the pitch, the payments and the organising, and can top the group up with our own players if numbers are short.

Is there someone at Currenxie Uk who looks after wellbeing or staff socials I should be speaking to? Happy to be pointed elsewhere.

Brian
FC Urban",,,,
Currie & Brown (Investments D&G),,Financial institution,EC1N 2NS,"150 HOLBORN, LONDON",08/03/2012,FULL,64209 - Activities of other holding companies n.e.c.,Old St - Moreland Primary School,18,postcode district,,,,,,"Hi {First} - I'm Brian from FC Urban. We run social football at Old St - Moreland Primary School, a 18-min walk from Currie & Brown (Investments D&G). Looking for someone inside the team up for starting an after-work game - we handle pitch, payments and organising. Open to a quick chat?",287,"Thanks for connecting, {First}.

Quick one - we run social football games at Old St - Moreland Primary School, about 18 minutes' walk from your office. A few City firms use them as an easy after-work thing for colleagues: we sort the pitch, the payments and the organising, and can top the group up with our own players if numbers are short.

Is there someone at Currie & Brown (Investments D&G) who looks after wellbeing or staff socials I should be speaking to? Happy to be pointed elsewhere.

Brian
FC Urban",,,,
Cuvva,,Financial institution,EC1R 0NA,"4TH FLOOR OLD SESSIONS HOUSE, LONDON",24/02/2014,FULL,66220 - Activities of insurance agents and brokers,Old St - Moreland Primary School,13,exact postcode,YES,,,,,"Hi {First} - I'm Brian from FC Urban. We run social football at Old St - Moreland Primary School, a 13-min walk from Cuvva. Looking for someone inside the team up for starting an after-work game - we handle pitch, payments and organising. Open to a quick chat?",260,"Thanks for connecting, {First}.

Quick one - we run social football games at Old St - Moreland Primary School, about 13 minutes' walk from your office. A few City firms use them as an easy after-work thing for colleagues: we sort the pitch, the payments and the organising, and can top the group up with our own players if numbers are short.

Is there someone at Cuvva who looks after wellbeing or staff socials I should be speaking to? Happy to be pointed elsewhere.

Brian
FC Urban",,,,
D'Angelin & Co.,,Financial institution,EC2V 7JN,"1 LOVE LANE, LONDON",14/11/2016,FULL,64205 - Activities of financial services holding companies,Borough Academy,23,postcode district,,,,,,"Hi {First} - I'm Brian from FC Urban. We run social football at Borough Academy, a 23-min walk from D'Angelin & Co.. Looking for someone inside the team up for starting an after-work game - we handle pitch, payments and organising. Open to a quick chat?",253,"Thanks for connecting, {First}.

Quick one - we run social football games at Borough Academy, about 23 minutes' walk from your office. A few City firms use them as an easy after-work thing for colleagues: we sort the pitch, the payments and the organising, and can top the group up with our own players if numbers are short.

Is there someone at D'Angelin & Co. who looks after wellbeing or staff socials I should be speaking to? Happy to be pointed elsewhere.

Brian
FC Urban",,,,
Daiwa Asset Management (Europe),,Financial institution,EC3V 3NH,"62-64 CORNHILL, LONDON",11/08/1986,FULL,66300 - Fund management activities,Borough Academy,27,exact postcode,,,,,,"Hi {First} - I'm Brian from FC Urban. We run social football at Borough Academy, a 27-min walk from Daiwa Asset Management (Europe). Looking for someone inside the team up for starting an after-work game - we handle pitch, payments and organising. Open to a quick chat?",269,"Thanks for connecting, {First}.

Quick one - we run social football games at Borough Academy, about 27 minutes' walk from your office. A few City firms use them as an easy after-work thing for colleagues: we sort the pitch, the payments and the organising, and can top the group up with our own players if numbers are short.

Is there someone at Daiwa Asset Management (Europe) who looks after wellbeing or staff socials I should be speaking to? Happy to be pointed elsewhere.

Brian
FC Urban",,,,
Dashwood Brewer & Phipps,,Financial institution,EC3R 7NQ,"DBP HOUSE, LONDON",13/04/1987,FULL,66220 - Activities of insurance agents and brokers,Whitechapel,23,exact postcode,,,,,,"Hi {First} - I'm Brian from FC Urban. We run social football at Whitechapel, a 23-min walk from Dashwood Brewer & Phipps. Looking for someone inside the team up for starting an after-work game - we handle pitch, payments and organising. Open to a quick chat?",258,"Thanks for connecting, {First}.

Quick one - we run social football games at Whitechapel, about 23 minutes' walk from your office. A few City firms use them as an easy after-work thing for colleagues: we sort the pitch, the payments and the organising, and can top the group up with our own players if numbers are short.

Is there someone at Dashwood Brewer & Phipps who looks after wellbeing or staff socials I should be speaking to? Happy to be pointed elsewhere.

Brian
FC Urban",,,,
Dashwood Group,,Financial institution,EC3R 7NQ,"DBP HOUSE, LONDON",27/03/1961,FULL,66220 - Activities of insurance agents and brokers | 68209 - Other letting and operating of own or leased real estate,Whitechapel,23,exact postcode,,,,,,"Hi {First} - I'm Brian from FC Urban. We run social football at Whitechapel, a 23-min walk from Dashwood Group. Looking for someone inside the team up for starting an after-work game - we handle pitch, payments and organising. Open to a quick chat?",248,"Thanks for connecting, {First}.

Quick one - we run social football games at Whitechapel, about 23 minutes' walk from your office. A few City firms use them as an easy after-work thing for colleagues: we sort the pitch, the payments and the organising, and can top the group up with our own players if numbers are short.

Is there someone at Dashwood Group who looks after wellbeing or staff socials I should be speaking to? Happy to be pointed elsewhere.

Brian
FC Urban",,,,
Dashwood Holdings,,Financial institution,EC3R 7NQ,"DBP HOUSE, LONDON",02/03/2022,GROUP,64209 - Activities of other holding companies n.e.c.,Whitechapel,23,exact postcode,,,,,,"Hi {First} - I'm Brian from FC Urban. We run social football at Whitechapel, a 23-min walk from Dashwood Holdings. Looking for someone inside the team up for starting an after-work game - we handle pitch, payments and organising. Open to a quick chat?",251,"Thanks for connecting, {First}.

Quick one - we run social football games at Whitechapel, about 23 minutes' walk from your office. A few City firms use them as an easy after-work thing for colleagues: we sort the pitch, the payments and the organising, and can top the group up with our own players if numbers are short.

Is there someone at Dashwood Holdings who looks after wellbeing or staff socials I should be speaking to? Happy to be pointed elsewhere.

Brian
FC Urban",,,,
Dataquest (Technology),,Financial institution,EC1Y 4TY,"24 CHISWELL STREET, LONDON",02/03/2004,FULL,64202 - Activities of production holding companies,Old St - Moreland Primary School,17,exact postcode,,,,,,"Hi {First} - I'm Brian from FC Urban. We run social football at Old St - Moreland Primary School, a 17-min walk from Dataquest (Technology). Looking for someone inside the team up for starting an after-work game - we handle pitch, payments and organising. Open to a quick chat?",277,"Thanks for connecting, {First}.

Quick one - we run social football games at Old St - Moreland Primary School, about 17 minutes' walk from your office. A few City firms use them as an easy after-work thing for colleagues: we sort the pitch, the payments and the organising, and can top the group up with our own players if numbers are short.

Is there someone at Dataquest (Technology) who looks after wellbeing or staff socials I should be speaking to? Happy to be pointed elsewhere.

Brian
FC Urban",,,,
Dazed Group,,Financial institution,EC1A 9PT,"STUDIO SMITHFIELD, LONDON",17/08/2004,GROUP,64209 - Activities of other holding companies n.e.c.,Old St - Moreland Primary School,18,postcode district,,,,,,"Hi {First} - I'm Brian from FC Urban. We run social football at Old St - Moreland Primary School, a 18-min walk from Dazed Group. Looking for someone inside the team up for starting an after-work game - we handle pitch, payments and organising. Open to a quick chat?",266,"Thanks for connecting, {First}.

Quick one - we run social football games at Old St - Moreland Primary School, about 18 minutes' walk from your office. A few City firms use them as an easy after-work thing for colleagues: we sort the pitch, the payments and the organising, and can top the group up with our own players if numbers are short.

Is there someone at Dazed Group who looks after wellbeing or staff socials I should be speaking to? Happy to be pointed elsewhere.

Brian
FC Urban",,,,
De Nora Water Technologies,,Financial institution,EC4N 1TX,"C/O PIROLA PENNUTO ZEI & ASSOCIATI LTD, LONDON",30/05/2012,FULL,64209 - Activities of other holding companies n.e.c.,Borough Academy,22,postcode district,,,,,,"Hi {First} - I'm Brian from FC Urban. We run social football at Borough Academy, a 22-min walk from De Nora Water Technologies. Looking for someone inside the team up for starting an after-work game - we handle pitch, payments and organising. Open to a quick chat?",264,"Thanks for connecting, {First}.

Quick one - we run social football games at Borough Academy, about 22 minutes' walk from your office. A few City firms use them as an easy after-work thing for colleagues: we sort the pitch, the payments and the organising, and can top the group up with our own players if numbers are short.

Is there someone at De Nora Water Technologies who looks after wellbeing or staff socials I should be speaking to? Happy to be pointed elsewhere.

Brian
FC Urban",,,,
Deliveroo,,Financial institution,EC4R 3TE,"THE RIVER BUILDING LEVEL 1 CANNON BRIDGE HOUSE, LONDON",25/02/2021,GROUP,64209 - Activities of other holding companies n.e.c.,Borough Academy,16,exact postcode,YES,,,,,"Hi {First} - I'm Brian from FC Urban. We run social football at Borough Academy, a 16-min walk from Deliveroo. Looking for someone inside the team up for starting an after-work game - we handle pitch, payments and organising. Open to a quick chat?",247,"Thanks for connecting, {First}.

Quick one - we run social football games at Borough Academy, about 16 minutes' walk from your office. A few City firms use them as an easy after-work thing for colleagues: we sort the pitch, the payments and the organising, and can top the group up with our own players if numbers are short.

Is there someone at Deliveroo who looks after wellbeing or staff socials I should be speaking to? Happy to be pointed elsewhere.

Brian
FC Urban",,,,
Dell International Holdings,,Financial institution,EC3A 5AF,"1ST & 2ND FLOOR, LONDON",16/10/2017,FULL,64209 - Activities of other holding companies n.e.c.,Whitechapel,22,postcode district,,,,,,"Hi {First} - I'm Brian from FC Urban. We run social football at Whitechapel, a 22-min walk from Dell International Holdings. Looking for someone inside the team up for starting an after-work game - we handle pitch, payments and organising. Open to a quick chat?",261,"Thanks for connecting, {First}.

Quick one - we run social football games at Whitechapel, about 22 minutes' walk from your office. A few City firms use them as an easy after-work thing for colleagues: we sort the pitch, the payments and the organising, and can top the group up with our own players if numbers are short.

Is there someone at Dell International Holdings who looks after wellbeing or staff socials I should be speaking to? Happy to be pointed elsewhere.

Brian
FC Urban",,,,
Demica Finance,,Financial institution,EC4N 8AF,"C/O F I S CORPORATE GOVERNANCE THE WALBROOK BUILDING, LONDON",03/09/2015,FULL,64999 - Financial intermediation not elsewhere classified,Borough Academy,22,postcode district,,,,,,"Hi {First} - I'm Brian from FC Urban. We run social football at Borough Academy, a 22-min walk from Demica Finance. Looking for someone inside the team up for starting an after-work game - we handle pitch, payments and organising. Open to a quick chat?",252,"Thanks for connecting, {First}.

Quick one - we run social football games at Borough Academy, about 22 minutes' walk from your office. A few City firms use them as an easy after-work thing for colleagues: we sort the pitch, the payments and the organising, and can top the group up with our own players if numbers are short.

Is there someone at Demica Finance who looks after wellbeing or staff socials I should be speaking to? Happy to be pointed elsewhere.

Brian
FC Urban",,,,
Denton Associates (Group),,Financial institution,EC2V 6LR,"ONE CROWN COURT, LONDON",30/07/2018,GROUP,64203 - Activities of construction holding companies,Borough Academy,23,postcode district,,,,,,"Hi {First} - I'm Brian from FC Urban. We run social football at Borough Academy, a 23-min walk from Denton Associates (Group). Looking for someone inside the team up for starting an after-work game - we handle pitch, payments and organising. Open to a quick chat?",263,"Thanks for connecting, {First}.

Quick one - we run social football games at Borough Academy, about 23 minutes' walk from your office. A few City firms use them as an easy after-work thing for colleagues: we sort the pitch, the payments and the organising, and can top the group up with our own players if numbers are short.

Is there someone at Denton Associates (Group) who looks after wellbeing or staff socials I should be speaking to? Happy to be pointed elsewhere.

Brian
FC Urban",,,,
Dept Personalised Content Group,,Financial institution,EC1Y 2AL,"FLOOR 9 & 10, FEATHERSTONE BUILDING, LONDON",10/04/2019,FULL,64209 - Activities of other holding companies n.e.c.,Old St - Moreland Primary School,14,exact postcode,,,,,,"Hi {First} - I'm Brian from FC Urban. We run social football at Old St - Moreland Primary School, a 14-min walk from Dept Personalised Content Group. Looking for someone inside the team up for starting an after-work game - we handle pitch, payments and organising. Open to a quick chat?",286,"Thanks for connecting, {First}.

Quick one - we run social football games at Old St - Moreland Primary School, about 14 minutes' walk from your office. A few City firms use them as an easy after-work thing for colleagues: we sort the pitch, the payments and the organising, and can top the group up with our own players if numbers are short.

Is there someone at Dept Personalised Content Group who looks after wellbeing or staff socials I should be speaking to? Happy to be pointed elsewhere.

Brian
FC Urban",,,,
Devitt Insurance Services,,Financial institution,EC4N 8AW,"THE WALBROOK BUILDING, 25, LONDON",02/11/1989,FULL,66220 - Activities of insurance agents and brokers,Borough Academy,21,exact postcode,,,,,,"Hi {First} - I'm Brian from FC Urban. We run social football at Borough Academy, a 21-min walk from Devitt Insurance Services. Looking for someone inside the team up for starting an after-work game - we handle pitch, payments and organising. Open to a quick chat?",263,"Thanks for connecting, {First}.

Quick one - we run social football games at Borough Academy, about 21 minutes' walk from your office. A few City firms use them as an easy after-work thing for colleagues: we sort the pitch, the payments and the organising, and can top the group up with our own players if numbers are short.

Is there someone at Devitt Insurance Services who looks after wellbeing or staff socials I should be speaking to? Happy to be pointed elsewhere.

Brian
FC Urban",,,,
Dexia Management Services,,Financial institution,EC2M 5QQ,"6TH FLOOR, SALISBURY HOUSE, LONDON",01/08/1985,FULL,66190 - Activities auxiliary to financial intermediation n.e.c.,Whitechapel,23,postcode district,,,,,,"Hi {First} - I'm Brian from FC Urban. We run social football at Whitechapel, a 23-min walk from Dexia Management Services. Looking for someone inside the team up for starting an after-work game - we handle pitch, payments and organising. Open to a quick chat?",259,"Thanks for connecting, {First}.

Quick one - we run social football games at Whitechapel, about 23 minutes' walk from your office. A few City firms use them as an easy after-work thing for colleagues: we sort the pitch, the payments and the organising, and can top the group up with our own players if numbers are short.

Is there someone at Dexia Management Services who looks after wellbeing or staff socials I should be speaking to? Happy to be pointed elsewhere.

Brian
FC Urban",,,,
Dext Midco,,Financial institution,EC2A 4DS,"UNIT 2.1 TECHSPACE SHOREDITCH, LONDON",15/04/2021,GROUP,64209 - Activities of other holding companies n.e.c.,Shoreditch Rooftop,17,postcode district,,,,,,"Hi {First} - I'm Brian from FC Urban. We run social football at Shoreditch Rooftop, a 17-min walk from Dext Midco. Looking for someone inside the team up for starting an after-work game - we handle pitch, payments and organising. Open to a quick chat?",251,"Thanks for connecting, {First}.

Quick one - we run social football games at Shoreditch Rooftop, about 17 minutes' walk from your office. A few City firms use them as an easy after-work thing for colleagues: we sort the pitch, the payments and the organising, and can top the group up with our own players if numbers are short.

Is there someone at Dext Midco who looks after wellbeing or staff socials I should be speaking to? Happy to be pointed elsewhere.

Brian
FC Urban",,,,
Diagram Capital,,Financial institution,EC2V 6JP,"2 CROWN COURT, LONDON",20/10/2016,FULL,66190 - Activities auxiliary to financial intermediation n.e.c.,Borough Academy,23,postcode district,,,,,,"Hi {First} - I'm Brian from FC Urban. We run social football at Borough Academy, a 23-min walk from Diagram Capital. Looking for someone inside the team up for starting an after-work game - we handle pitch, payments and organising. Open to a quick chat?",253,"Thanks for connecting, {First}.

Quick one - we run social football games at Borough Academy, about 23 minutes' walk from your office. A few City firms use them as an easy after-work thing for colleagues: we sort the pitch, the payments and the organising, and can top the group up with our own players if numbers are short.

Is there someone at Diagram Capital who looks after wellbeing or staff socials I should be speaking to? Happy to be pointed elsewhere.

Brian
FC Urban",,,,
Digital Portfolio Solutions,,Financial institution,EC4N 7BE,"MEZZANINE FLOOR, 75, LONDON",17/12/1992,FULL,66220 - Activities of insurance agents and brokers,Borough Academy,22,postcode district,,,,,,"Hi {First} - I'm Brian from FC Urban. We run social football at Borough Academy, a 22-min walk from Digital Portfolio Solutions. Looking for someone inside the team up for starting an after-work game - we handle pitch, payments and organising. Open to a quick chat?",265,"Thanks for connecting, {First}.

Quick one - we run social football games at Borough Academy, about 22 minutes' walk from your office. A few City firms use them as an easy after-work thing for colleagues: we sort the pitch, the payments and the organising, and can top the group up with our own players if numbers are short.

Is there someone at Digital Portfolio Solutions who looks after wellbeing or staff socials I should be speaking to? Happy to be pointed elsewhere.

Brian
FC Urban",,,,
Dinosaur Merchant Bank,,Financial institution,EC4V 3BJ,"5TH FLOOR EAST WING VINTNERS PLACE, LONDON",26/11/2003,MEDIUM,64999 - Financial intermediation not elsewhere classified,Borough Academy,17,exact postcode,,,,,,"Hi {First} - I'm Brian from FC Urban. We run social football at Borough Academy, a 17-min walk from Dinosaur Merchant Bank. Looking for someone inside the team up for starting an after-work game - we handle pitch, payments and organising. Open to a quick chat?",260,"Thanks for connecting, {First}.

Quick one - we run social football games at Borough Academy, about 17 minutes' walk from your office. A few City firms use them as an easy after-work thing for colleagues: we sort the pitch, the payments and the organising, and can top the group up with our own players if numbers are short.

Is there someone at Dinosaur Merchant Bank who looks after wellbeing or staff socials I should be speaking to? Happy to be pointed elsewhere.

Brian
FC Urban",,,,
Dkb Group Holdings,,Financial institution,EC4V 3DB,"MERMAID HOUSE PUDDLE DOCK, LONDON",29/03/2019,GROUP,64209 - Activities of other holding companies n.e.c.,Borough Academy,18,exact postcode,,,,,,"Hi {First} - I'm Brian from FC Urban. We run social football at Borough Academy, a 18-min walk from Dkb Group Holdings. Looking for someone inside the team up for starting an after-work game - we handle pitch, payments and organising. Open to a quick chat?",256,"Thanks for connecting, {First}.

Quick one - we run social football games at Borough Academy, about 18 minutes' walk from your office. A few City firms use them as an easy after-work thing for colleagues: we sort the pitch, the payments and the organising, and can top the group up with our own players if numbers are short.

Is there someone at Dkb Group Holdings who looks after wellbeing or staff socials I should be speaking to? Happy to be pointed elsewhere.

Brian
FC Urban",,,,
Dlocal Opco Uk,,Financial institution,EC4Y 7DL,"C/O PREISKEL & CO LLP, LONDON",01/04/2022,FULL,64999 - Financial intermediation not elsewhere classified | 66190 - Activities auxiliary to financial intermediation n.e.c.,Borough Academy,21,postcode district,,,,,,"Hi {First} - I'm Brian from FC Urban. We run social football at Borough Academy, a 21-min walk from Dlocal Opco Uk. Looking for someone inside the team up for starting an after-work game - we handle pitch, payments and organising. Open to a quick chat?",252,"Thanks for connecting, {First}.

Quick one - we run social football games at Borough Academy, about 21 minutes' walk from your office. A few City firms use them as an easy after-work thing for colleagues: we sort the pitch, the payments and the organising, and can top the group up with our own players if numbers are short.

Is there someone at Dlocal Opco Uk who looks after wellbeing or staff socials I should be speaking to? Happy to be pointed elsewhere.

Brian
FC Urban",,,,
Dnb (Uk),,Financial institution,EC4N 8AF,"8TH FLOOR, THE WALBROOK BUILDING 8TH FLOOR, THE WALBROOK BUILDING, LONDON",27/03/1997,FULL,64191 - Banks,Borough Academy,22,postcode district,,,,,,"Hi {First} - I'm Brian from FC Urban. We run social football at Borough Academy, a 22-min walk from Dnb (Uk). Looking for someone inside the team up for starting an after-work game - we handle pitch, payments and organising. Open to a quick chat?",246,"Thanks for connecting, {First}.

Quick one - we run social football games at Borough Academy, about 22 minutes' walk from your office. A few City firms use them as an easy after-work thing for colleagues: we sort the pitch, the payments and the organising, and can top the group up with our own players if numbers are short.

Is there someone at Dnb (Uk) who looks after wellbeing or staff socials I should be speaking to? Happy to be pointed elsewhere.

Brian
FC Urban",,,,
Dowgate Capital,,Financial institution,EC4A 1BW,"15 FETTER LANE, LONDON",26/02/1990,FULL,64999 - Financial intermediation not elsewhere classified,Old St - Moreland Primary School,24,postcode district,,,,,,"Hi {First} - I'm Brian from FC Urban. We run social football at Old St - Moreland Primary School, a 24-min walk from Dowgate Capital. Looking for someone inside the team up for starting an after-work game - we handle pitch, payments and organising. Open to a quick chat?",270,"Thanks for connecting, {First}.

Quick one - we run social football games at Old St - Moreland Primary School, about 24 minutes' walk from your office. A few City firms use them as an easy after-work thing for colleagues: we sort the pitch, the payments and the organising, and can top the group up with our own players if numbers are short.

Is there someone at Dowgate Capital who looks after wellbeing or staff socials I should be speaking to? Happy to be pointed elsewhere.

Brian
FC Urban",,,,
Dowgate Wealth,,Financial institution,EC4A 1BW,"15 FETTER LANE, LONDON",23/09/2019,FULL,64205 - Activities of financial services holding companies,Old St - Moreland Primary School,24,postcode district,,,,,,"Hi {First} - I'm Brian from FC Urban. We run social football at Old St - Moreland Primary School, a 24-min walk from Dowgate Wealth. Looking for someone inside the team up for starting an after-work game - we handle pitch, payments and organising. Open to a quick chat?",269,"Thanks for connecting, {First}.

Quick one - we run social football games at Old St - Moreland Primary School, about 24 minutes' walk from your office. A few City firms use them as an easy after-work thing for colleagues: we sort the pitch, the payments and the organising, and can top the group up with our own players if numbers are short.

Is there someone at Dowgate Wealth who looks after wellbeing or staff socials I should be speaking to? Happy to be pointed elsewhere.

Brian
FC Urban",,,,
Dowie Investments (Uk),,Financial institution,EC2A 2EW,"BROADGATE TOWER 11TH FLOOR, LONDON",10/06/2016,GROUP,64205 - Activities of financial services holding companies | 82990 - Other business support service activities n.e.c.,Shoreditch Rooftop,24,exact postcode,,,,,,"Hi {First} - I'm Brian from FC Urban. We run social football at Shoreditch Rooftop, a 24-min walk from Dowie Investments (Uk). Looking for someone inside the team up for starting an after-work game - we handle pitch, payments and organising. Open to a quick chat?",263,"Thanks for connecting, {First}.

Quick one - we run social football games at Shoreditch Rooftop, about 24 minutes' walk from your office. A few City firms use them as an easy after-work thing for colleagues: we sort the pitch, the payments and the organising, and can top the group up with our own players if numbers are short.

Is there someone at Dowie Investments (Uk) who looks after wellbeing or staff socials I should be speaking to? Happy to be pointed elsewhere.

Brian
FC Urban",,,,
Dragontail Holdings,,Financial institution,EC4M 8AY,"4 ST. PAUL'S CHURCHYARD, LONDON",26/11/2020,GROUP,64209 - Activities of other holding companies n.e.c.,Borough Academy,22,postcode district,,,,,,"Hi {First} - I'm Brian from FC Urban. We run social football at Borough Academy, a 22-min walk from Dragontail Holdings. Looking for someone inside the team up for starting an after-work game - we handle pitch, payments and organising. Open to a quick chat?",257,"Thanks for connecting, {First}.

Quick one - we run social football games at Borough Academy, about 22 minutes' walk from your office. A few City firms use them as an easy after-work thing for colleagues: we sort the pitch, the payments and the organising, and can top the group up with our own players if numbers are short.

Is there someone at Dragontail Holdings who looks after wellbeing or staff socials I should be speaking to? Happy to be pointed elsewhere.

Brian
FC Urban",,,,
Dtek Finance,,Financial institution,EC3V 4AB,"LEADENHALL BUILDING 122 LEADENHALL STREET, LONDON",27/02/2013,GROUP,64209 - Activities of other holding companies n.e.c.,Whitechapel,25,exact postcode,,,,,,"Hi {First} - I'm Brian from FC Urban. We run social football at Whitechapel, a 25-min walk from Dtek Finance. Looking for someone inside the team up for starting an after-work game - we handle pitch, payments and organising. Open to a quick chat?",246,"Thanks for connecting, {First}.

Quick one - we run social football games at Whitechapel, about 25 minutes' walk from your office. A few City firms use them as an easy after-work thing for colleagues: we sort the pitch, the payments and the organising, and can top the group up with our own players if numbers are short.

Is there someone at Dtek Finance who looks after wellbeing or staff socials I should be speaking to? Happy to be pointed elsewhere.

Brian
FC Urban",,,,
Dtek Investments,,Financial institution,EC3V 4AB,"LEADENHALL BUILDING 122 LEADENHALL STREET, LONDON",27/02/2013,FULL,64209 - Activities of other holding companies n.e.c.,Whitechapel,25,exact postcode,,,,,,"Hi {First} - I'm Brian from FC Urban. We run social football at Whitechapel, a 25-min walk from Dtek Investments. Looking for someone inside the team up for starting an after-work game - we handle pitch, payments and organising. Open to a quick chat?",250,"Thanks for connecting, {First}.

Quick one - we run social football games at Whitechapel, about 25 minutes' walk from your office. A few City firms use them as an easy after-work thing for colleagues: we sort the pitch, the payments and the organising, and can top the group up with our own players if numbers are short.

Is there someone at Dtek Investments who looks after wellbeing or staff socials I should be speaking to? Happy to be pointed elsewhere.

Brian
FC Urban",,,,
Duniya Holdings,,Financial institution,EC3N 3AE,"3RD FLOOR,  5 LLOYDS AVENUE, LONDON",06/10/2021,GROUP,64209 - Activities of other holding companies n.e.c.,Whitechapel,20,exact postcode,,,,,,"Hi {First} - I'm Brian from FC Urban. We run social football at Whitechapel, a 20-min walk from Duniya Holdings. Looking for someone inside the team up for starting an after-work game - we handle pitch, payments and organising. Open to a quick chat?",249,"Thanks for connecting, {First}.

Quick one - we run social football games at Whitechapel, about 20 minutes' walk from your office. A few City firms use them as an easy after-work thing for colleagues: we sort the pitch, the payments and the organising, and can top the group up with our own players if numbers are short.

Is there someone at Duniya Holdings who looks after wellbeing or staff socials I should be speaking to? Happy to be pointed elsewhere.

Brian
FC Urban",,,,
Ec Markets Group,,Financial institution,EC1Y 2AY,"PARKSWORTH HOUSE, LONDON",12/04/2011,FULL,64999 - Financial intermediation not elsewhere classified,Old St - Moreland Primary School,14,postcode district,,,,,,"Hi {First} - I'm Brian from FC Urban. We run social football at Old St - Moreland Primary School, a 14-min walk from Ec Markets Group. Looking for someone inside the team up for starting an after-work game - we handle pitch, payments and organising. Open to a quick chat?",271,"Thanks for connecting, {First}.

Quick one - we run social football games at Old St - Moreland Primary School, about 14 minutes' walk from your office. A few City firms use them as an easy after-work thing for colleagues: we sort the pitch, the payments and the organising, and can top the group up with our own players if numbers are short.

Is there someone at Ec Markets Group who looks after wellbeing or staff socials I should be speaking to? Happy to be pointed elsewhere.

Brian
FC Urban",,,,
Ecommpay,,Financial institution,EC1V 9BW,"5TH FLOOR, CHURCHILL HOUSE, LONDON",24/06/2013,FULL,64999 - Financial intermediation not elsewhere classified,Shoreditch Rooftop,19,exact postcode,,,,,,"Hi {First} - I'm Brian from FC Urban. We run social football at Shoreditch Rooftop, a 19-min walk from Ecommpay. Looking for someone inside the team up for starting an after-work game - we handle pitch, payments and organising. Open to a quick chat?",249,"Thanks for connecting, {First}.

Quick one - we run social football games at Shoreditch Rooftop, about 19 minutes' walk from your office. A few City firms use them as an easy after-work thing for colleagues: we sort the pitch, the payments and the organising, and can top the group up with our own players if numbers are short.

Is there someone at Ecommpay who looks after wellbeing or staff socials I should be speaking to? Happy to be pointed elsewhere.

Brian
FC Urban",,,,
Econet Investments,,Financial institution,EC2A 2EW,"HILL DICKINSON LLP THE BROADGATE TOWER, LONDON",02/02/2006,FULL,64209 - Activities of other holding companies n.e.c.,Shoreditch Rooftop,24,exact postcode,,,,,,"Hi {First} - I'm Brian from FC Urban. We run social football at Shoreditch Rooftop, a 24-min walk from Econet Investments. Looking for someone inside the team up for starting an after-work game - we handle pitch, payments and organising. Open to a quick chat?",259,"Thanks for connecting, {First}.

Quick one - we run social football games at Shoreditch Rooftop, about 24 minutes' walk from your office. A few City firms use them as an easy after-work thing for colleagues: we sort the pitch, the payments and the organising, and can top the group up with our own players if numbers are short.

Is there someone at Econet Investments who looks after wellbeing or staff socials I should be speaking to? Happy to be pointed elsewhere.

Brian
FC Urban",,,,
Edge Commodities,,Financial institution,EC2V 7AD,"WAX CHANDLERS HALL, LONDON",30/06/2022,GROUP,64205 - Activities of financial services holding companies,Old St - Moreland Primary School,22,exact postcode,,,,,,"Hi {First} - I'm Brian from FC Urban. We run social football at Old St - Moreland Primary School, a 22-min walk from Edge Commodities. Looking for someone inside the team up for starting an after-work game - we handle pitch, payments and organising. Open to a quick chat?",271,"Thanks for connecting, {First}.

Quick one - we run social football games at Old St - Moreland Primary School, about 22 minutes' walk from your office. A few City firms use them as an easy after-work thing for colleagues: we sort the pitch, the payments and the organising, and can top the group up with our own players if numbers are short.

Is there someone at Edge Commodities who looks after wellbeing or staff socials I should be speaking to? Happy to be pointed elsewhere.

Brian
FC Urban",,,,
Ediphy Group,,Financial institution,EC2V 7DA,"88 WOOD ST, LONDON",03/01/2020,GROUP,64205 - Activities of financial services holding companies,Borough Academy,23,postcode district,,,,,,"Hi {First} - I'm Brian from FC Urban. We run social football at Borough Academy, a 23-min walk from Ediphy Group. Looking for someone inside the team up for starting an after-work game - we handle pitch, payments and organising. Open to a quick chat?",250,"Thanks for connecting, {First}.

Quick one - we run social football games at Borough Academy, about 23 minutes' walk from your office. A few City firms use them as an easy after-work thing for colleagues: we sort the pitch, the payments and the organising, and can top the group up with our own players if numbers are short.

Is there someone at Ediphy Group who looks after wellbeing or staff socials I should be speaking to? Happy to be pointed elsewhere.

Brian
FC Urban",,,,
Ediphy Markets,,Financial institution,EC2V 7DA,"88 WOOD ST, LONDON",05/12/2017,FULL,64999 - Financial intermediation not elsewhere classified,Borough Academy,23,postcode district,,,,,,"Hi {First} - I'm Brian from FC Urban. We run social football at Borough Academy, a 23-min walk from Ediphy Markets. Looking for someone inside the team up for starting an after-work game - we handle pitch, payments and organising. Open to a quick chat?",252,"Thanks for connecting, {First}.

Quick one - we run social football games at Borough Academy, about 23 minutes' walk from your office. A few City firms use them as an easy after-work thing for colleagues: we sort the pitch, the payments and the organising, and can top the group up with our own players if numbers are short.

Is there someone at Ediphy Markets who looks after wellbeing or staff socials I should be speaking to? Happy to be pointed elsewhere.

Brian
FC Urban",,,,
Ediphy Research,,Financial institution,EC2V 7DA,"88 WOOD ST, LONDON",10/03/2017,FULL,66190 - Activities auxiliary to financial intermediation n.e.c.,Borough Academy,23,postcode district,,,,,,"Hi {First} - I'm Brian from FC Urban. We run social football at Borough Academy, a 23-min walk from Ediphy Research. Looking for someone inside the team up for starting an after-work game - we handle pitch, payments and organising. Open to a quick chat?",253,"Thanks for connecting, {First}.

Quick one - we run social football games at Borough Academy, about 23 minutes' walk from your office. A few City firms use them as an easy after-work thing for colleagues: we sort the pitch, the payments and the organising, and can top the group up with our own players if numbers are short.

Is there someone at Ediphy Research who looks after wellbeing or staff socials I should be speaking to? Happy to be pointed elsewhere.

Brian
FC Urban",,,,
Ednal,,Financial institution,EC3V 0XL,"5TH FLOOR 70, LONDON",31/08/2022,GROUP,65110 - Life insurance | 65120 - Non-life insurance | 65201 - Life reinsurance | 65202 - Non-life reinsurance,Borough Academy,24,exact postcode,,,,,,"Hi {First} - I'm Brian from FC Urban. We run social football at Borough Academy, a 24-min walk from Ednal. Looking for someone inside the team up for starting an after-work game - we handle pitch, payments and organising. Open to a quick chat?",243,"Thanks for connecting, {First}.

Quick one - we run social football games at Borough Academy, about 24 minutes' walk from your office. A few City firms use them as an easy after-work thing for colleagues: we sort the pitch, the payments and the organising, and can top the group up with our own players if numbers are short.

Is there someone at Ednal who looks after wellbeing or staff socials I should be speaking to? Happy to be pointed elsewhere.

Brian
FC Urban",,,,
Eggar Forrester Insurance,,Financial institution,EC2R 6BH,"51 MOORGATE, LONDON",23/09/2003,FULL,65120 - Non-life insurance,Old St - Moreland Primary School,25,postcode district,,,,,,"Hi {First} - I'm Brian from FC Urban. We run social football at Old St - Moreland Primary School, a 25-min walk from Eggar Forrester Insurance. Looking for someone inside the team up for starting an after-work game - we handle pitch, payments and organising. Open to a quick chat?",280,"Thanks for connecting, {First}.

Quick one - we run social football games at Old St - Moreland Primary School, about 25 minutes' walk from your office. A few City firms use them as an easy after-work thing for colleagues: we sort the pitch, the payments and the organising, and can top the group up with our own players if numbers are short.

Is there someone at Eggar Forrester Insurance who looks after wellbeing or staff socials I should be speaking to? Happy to be pointed elsewhere.

Brian
FC Urban",,,,
Egr Wealth,,Financial institution,EC3N 3AX,"6TH FLOOR LLOYDS AVENUE HOUSE, LONDON",18/11/2010,FULL,66120 - Security and commodity contracts dealing activities,Whitechapel,19,postcode district,,,,,,"Hi {First} - I'm Brian from FC Urban. We run social football at Whitechapel, a 19-min walk from Egr Wealth. Looking for someone inside the team up for starting an after-work game - we handle pitch, payments and organising. Open to a quick chat?",244,"Thanks for connecting, {First}.

Quick one - we run social football games at Whitechapel, about 19 minutes' walk from your office. A few City firms use them as an easy after-work thing for colleagues: we sort the pitch, the payments and the organising, and can top the group up with our own players if numbers are short.

Is there someone at Egr Wealth who looks after wellbeing or staff socials I should be speaking to? Happy to be pointed elsewhere.

Brian
FC Urban",,,,
Ekhinos,,Financial institution,EC2V 5AE,"BLACKWELL HOUSE, LONDON",19/01/2009,FULL,64999 - Financial intermediation not elsewhere classified,Borough Academy,23,postcode district,,,,,,"Hi {First} - I'm Brian from FC Urban. We run social football at Borough Academy, a 23-min walk from Ekhinos. Looking for someone inside the team up for starting an after-work game - we handle pitch, payments and organising. Open to a quick chat?",245,"Thanks for connecting, {First}.

Quick one - we run social football games at Borough Academy, about 23 minutes' walk from your office. A few City firms use them as an easy after-work thing for colleagues: we sort the pitch, the payments and the organising, and can top the group up with our own players if numbers are short.

Is there someone at Ekhinos who looks after wellbeing or staff socials I should be speaking to? Happy to be pointed elsewhere.

Brian
FC Urban",,,,
Eleia Holdco,,Financial institution,EC3V 0AF,"C/O ANCALA PARTNERS LLP 20 GRACECHURCH STREET, LONDON",17/08/2021,FULL,64209 - Activities of other holding companies n.e.c.,Borough Academy,24,exact postcode,,,,,,"Hi {First} - I'm Brian from FC Urban. We run social football at Borough Academy, a 24-min walk from Eleia Holdco. Looking for someone inside the team up for starting an after-work game - we handle pitch, payments and organising. Open to a quick chat?",250,"Thanks for connecting, {First}.

Quick one - we run social football games at Borough Academy, about 24 minutes' walk from your office. A few City firms use them as an easy after-work thing for colleagues: we sort the pitch, the payments and the organising, and can top the group up with our own players if numbers are short.

Is there someone at Eleia Holdco who looks after wellbeing or staff socials I should be speaking to? Happy to be pointed elsewhere.

Brian
FC Urban",,,,
Eleia Midco,,Financial institution,EC3V 0AF,"C/O ANCALA PARTNERS LLP 20 GRACECHURCH STREET, LONDON",17/08/2021,FULL,64209 - Activities of other holding companies n.e.c.,Borough Academy,24,exact postcode,,,,,,"Hi {First} - I'm Brian from FC Urban. We run social football at Borough Academy, a 24-min walk from Eleia Midco. Looking for someone inside the team up for starting an after-work game - we handle pitch, payments and organising. Open to a quick chat?",249,"Thanks for connecting, {First}.

Quick one - we run social football games at Borough Academy, about 24 minutes' walk from your office. A few City firms use them as an easy after-work thing for colleagues: we sort the pitch, the payments and the organising, and can top the group up with our own players if numbers are short.

Is there someone at Eleia Midco who looks after wellbeing or staff socials I should be speaking to? Happy to be pointed elsewhere.

Brian
FC Urban",,,,
Eleia Topco,,Financial institution,EC3V 0AF,"C/O ANCALA PARTNERS LLP 20 GRACECHURCH STREET, LONDON",16/08/2021,GROUP,64209 - Activities of other holding companies n.e.c.,Borough Academy,24,exact postcode,,,,,,"Hi {First} - I'm Brian from FC Urban. We run social football at Borough Academy, a 24-min walk from Eleia Topco. Looking for someone inside the team up for starting an after-work game - we handle pitch, payments and organising. Open to a quick chat?",249,"Thanks for connecting, {First}.

Quick one - we run social football games at Borough Academy, about 24 minutes' walk from your office. A few City firms use them as an easy after-work thing for colleagues: we sort the pitch, the payments and the organising, and can top the group up with our own players if numbers are short.

Is there someone at Eleia Topco who looks after wellbeing or staff socials I should be speaking to? Happy to be pointed elsewhere.

Brian
FC Urban",,,,
Emerald Financial Group (Uk),,Financial institution,EC4Y 0HA,"HAMILTON HOUSE, LONDON",07/09/2018,FULL,64999 - Financial intermediation not elsewhere classified,Borough Academy,19,exact postcode,,,,,,"Hi {First} - I'm Brian from FC Urban. We run social football at Borough Academy, a 19-min walk from Emerald Financial Group (Uk). Looking for someone inside the team up for starting an after-work game - we handle pitch, payments and organising. Open to a quick chat?",266,"Thanks for connecting, {First}.

Quick one - we run social football games at Borough Academy, about 19 minutes' walk from your office. A few City firms use them as an easy after-work thing for colleagues: we sort the pitch, the payments and the organising, and can top the group up with our own players if numbers are short.

Is there someone at Emerald Financial Group (Uk) who looks after wellbeing or staff socials I should be speaking to? Happy to be pointed elsewhere.

Brian
FC Urban",,,,
Emkap Uk,,Financial institution,EC1Y 0TA,"9-10 DOMINGO STREET, LONDON",16/09/2015,FULL,64999 - Financial intermediation not elsewhere classified,Old St - Moreland Primary School,14,postcode district,,,,,,"Hi {First} - I'm Brian from FC Urban. We run social football at Old St - Moreland Primary School, a 14-min walk from Emkap Uk. Looking for someone inside the team up for starting an after-work game - we handle pitch, payments and organising. Open to a quick chat?",263,"Thanks for connecting, {First}.

Quick one - we run social football games at Old St - Moreland Primary School, about 14 minutes' walk from your office. A few City firms use them as an easy after-work thing for colleagues: we sort the pitch, the payments and the organising, and can top the group up with our own players if numbers are short.

Is there someone at Emkap Uk who looks after wellbeing or staff socials I should be speaking to? Happy to be pointed elsewhere.

Brian
FC Urban",,,,
Engage Holdings,,Financial institution,EC2A 4NW,"6TH FLOOR SOUTH, TELEPHONE HOUSE, LONDON",04/03/2020,GROUP,64209 - Activities of other holding companies n.e.c.,Old St - Moreland Primary School,17,exact postcode,,,,,,"Hi {First} - I'm Brian from FC Urban. We run social football at Old St - Moreland Primary School, a 17-min walk from Engage Holdings. Looking for someone inside the team up for starting an after-work game - we handle pitch, payments and organising. Open to a quick chat?",270,"Thanks for connecting, {First}.

Quick one - we run social football games at Old St - Moreland Primary School, about 17 minutes' walk from your office. A few City firms use them as an easy after-work thing for colleagues: we sort the pitch, the payments and the organising, and can top the group up with our own players if numbers are short.

Is there someone at Engage Holdings who looks after wellbeing or staff socials I should be speaking to? Happy to be pointed elsewhere.

Brian
FC Urban",,,,
Eppione,,Financial institution,EC2N 2AT,"29 THROGMORTON STREET, LONDON",22/04/2016,FULL,65300 - Pension funding,Borough Academy,27,exact postcode,,,,,,"Hi {First} - I'm Brian from FC Urban. We run social football at Borough Academy, a 27-min walk from Eppione. Looking for someone inside the team up for starting an after-work game - we handle pitch, payments and organising. Open to a quick chat?",245,"Thanks for connecting, {First}.

Quick one - we run social football games at Borough Academy, about 27 minutes' walk from your office. A few City firms use them as an easy after-work thing for colleagues: we sort the pitch, the payments and the organising, and can top the group up with our own players if numbers are short.

Is there someone at Eppione who looks after wellbeing or staff socials I should be speaking to? Happy to be pointed elsewhere.

Brian
FC Urban",,,,
Eppione Private Clients,,Financial institution,EC2N 2AT,"29 THROGMORTON STREET, LONDON",25/09/2019,FULL,66290 - Other activities auxiliary to insurance and pension funding,Borough Academy,27,exact postcode,,,,,,"Hi {First} - I'm Brian from FC Urban. We run social football at Borough Academy, a 27-min walk from Eppione Private Clients. Looking for someone inside the team up for starting an after-work game - we handle pitch, payments and organising. Open to a quick chat?",261,"Thanks for connecting, {First}.

Quick one - we run social football games at Borough Academy, about 27 minutes' walk from your office. A few City firms use them as an easy after-work thing for colleagues: we sort the pitch, the payments and the organising, and can top the group up with our own players if numbers are short.

Is there someone at Eppione Private Clients who looks after wellbeing or staff socials I should be speaking to? Happy to be pointed elsewhere.

Brian
FC Urban",,,,
Equals Connect,,Financial institution,EC4V 3BJ,"3RD FLOOR 68 UPPER THAMES STREET, LONDON",20/01/2010,FULL,64999 - Financial intermediation not elsewhere classified,Borough Academy,17,exact postcode,,,,,,"Hi {First} - I'm Brian from FC Urban. We run social football at Borough Academy, a 17-min walk from Equals Connect. Looking for someone inside the team up for starting an after-work game - we handle pitch, payments and organising. Open to a quick chat?",252,"Thanks for connecting, {First}.

Quick one - we run social football games at Borough Academy, about 17 minutes' walk from your office. A few City firms use them as an easy after-work thing for colleagues: we sort the pitch, the payments and the organising, and can top the group up with our own players if numbers are short.

Is there someone at Equals Connect who looks after wellbeing or staff socials I should be speaking to? Happy to be pointed elsewhere.

Brian
FC Urban",,,,
Equals Group,,Financial institution,EC4V 3BJ,"THIRD FLOOR THAMES HOUSE VINTNERS PLACE, LONDON",04/03/2014,GROUP,64999 - Financial intermediation not elsewhere classified,Borough Academy,17,exact postcode,,,,,,"Hi {First} - I'm Brian from FC Urban. We run social football at Borough Academy, a 17-min walk from Equals Group. Looking for someone inside the team up for starting an after-work game - we handle pitch, payments and organising. Open to a quick chat?",250,"Thanks for connecting, {First}.

Quick one - we run social football games at Borough Academy, about 17 minutes' walk from your office. A few City firms use them as an easy after-work thing for colleagues: we sort the pitch, the payments and the organising, and can top the group up with our own players if numbers are short.

Is there someone at Equals Group who looks after wellbeing or staff socials I should be speaking to? Happy to be pointed elsewhere.

Brian
FC Urban",,,,
Equals Money International,,Financial institution,EC4V 3BJ,"3RD FLOOR, VINTNERS' PLACE, LONDON",23/04/2015,FULL,64191 - Banks,Borough Academy,17,exact postcode,,,,,,"Hi {First} - I'm Brian from FC Urban. We run social football at Borough Academy, a 17-min walk from Equals Money International. Looking for someone inside the team up for starting an after-work game - we handle pitch, payments and organising. Open to a quick chat?",264,"Thanks for connecting, {First}.

Quick one - we run social football games at Borough Academy, about 17 minutes' walk from your office. A few City firms use them as an easy after-work thing for colleagues: we sort the pitch, the payments and the organising, and can top the group up with our own players if numbers are short.

Is there someone at Equals Money International who looks after wellbeing or staff socials I should be speaking to? Happy to be pointed elsewhere.

Brian
FC Urban",,,,
Equals Money,,Financial institution,EC4V 3BJ,"3RD FLOOR, VINTNERS PLACE, LONDON",18/08/2005,FULL,64999 - Financial intermediation not elsewhere classified,Borough Academy,17,exact postcode,,,,,,"Hi {First} - I'm Brian from FC Urban. We run social football at Borough Academy, a 17-min walk from Equals Money. Looking for someone inside the team up for starting an after-work game - we handle pitch, payments and organising. Open to a quick chat?",250,"Thanks for connecting, {First}.

Quick one - we run social football games at Borough Academy, about 17 minutes' walk from your office. A few City firms use them as an easy after-work thing for colleagues: we sort the pitch, the payments and the organising, and can top the group up with our own players if numbers are short.

Is there someone at Equals Money who looks after wellbeing or staff socials I should be speaking to? Happy to be pointed elsewhere.

Brian
FC Urban",,,,
Equals Money Uk,,Financial institution,EC4V 3BJ,"3RD FLOOR VINTNERS PLACE, LONDON",04/06/2007,FULL,64999 - Financial intermediation not elsewhere classified,Borough Academy,17,exact postcode,,,,,,"Hi {First} - I'm Brian from FC Urban. We run social football at Borough Academy, a 17-min walk from Equals Money Uk. Looking for someone inside the team up for starting an after-work game - we handle pitch, payments and organising. Open to a quick chat?",253,"Thanks for connecting, {First}.

Quick one - we run social football games at Borough Academy, about 17 minutes' walk from your office. A few City firms use them as an easy after-work thing for colleagues: we sort the pitch, the payments and the organising, and can top the group up with our own players if numbers are short.

Is there someone at Equals Money Uk who looks after wellbeing or staff socials I should be speaking to? Happy to be pointed elsewhere.

Brian
FC Urban",,,,
Equitix Ma 15 Holdco,,Financial institution,EC1A 4HD,"3RD FLOOR (SOUTH), LONDON",23/01/2020,FULL,64209 - Activities of other holding companies n.e.c.,Old St - Moreland Primary School,19,exact postcode,,,,,,"Hi {First} - I'm Brian from FC Urban. We run social football at Old St - Moreland Primary School, a 19-min walk from Equitix Ma 15 Holdco. Looking for someone inside the team up for starting an after-work game - we handle pitch, payments and organising. Open to a quick chat?",275,"Thanks for connecting, {First}.

Quick one - we run social football games at Old St - Moreland Primary School, about 19 minutes' walk from your office. A few City firms use them as an easy after-work thing for colleagues: we sort the pitch, the payments and the organising, and can top the group up with our own players if numbers are short.

Is there someone at Equitix Ma 15 Holdco who looks after wellbeing or staff socials I should be speaking to? Happy to be pointed elsewhere.

Brian
FC Urban",,,,
Equitix No. 6,,Financial institution,EC1A 4HD,"3RD FLOOR SOUTH 200 ALDERSGATE, LONDON",25/04/2019,FULL,64209 - Activities of other holding companies n.e.c.,Old St - Moreland Primary School,19,exact postcode,,,,,,"Hi {First} - I'm Brian from FC Urban. We run social football at Old St - Moreland Primary School, a 19-min walk from Equitix No. 6. Looking for someone inside the team up for starting an after-work game - we handle pitch, payments and organising. Open to a quick chat?",268,"Thanks for connecting, {First}.

Quick one - we run social football games at Old St - Moreland Primary School, about 19 minutes' walk from your office. A few City firms use them as an easy after-work thing for colleagues: we sort the pitch, the payments and the organising, and can top the group up with our own players if numbers are short.

Is there someone at Equitix No. 6 who looks after wellbeing or staff socials I should be speaking to? Happy to be pointed elsewhere.

Brian
FC Urban",,,,
Ergo Uk Specialty,,Financial institution,EC3M 5BN,"1 FEN COURT, 5TH FLOOR, LONDON",22/08/2002,FULL,66220 - Activities of insurance agents and brokers,Whitechapel,24,postcode district,,,,,,"Hi {First} - I'm Brian from FC Urban. We run social football at Whitechapel, a 24-min walk from Ergo Uk Specialty. Looking for someone inside the team up for starting an after-work game - we handle pitch, payments and organising. Open to a quick chat?",251,"Thanks for connecting, {First}.

Quick one - we run social football games at Whitechapel, about 24 minutes' walk from your office. A few City firms use them as an easy after-work thing for colleagues: we sort the pitch, the payments and the organising, and can top the group up with our own players if numbers are short.

Is there someone at Ergo Uk Specialty who looks after wellbeing or staff socials I should be speaking to? Happy to be pointed elsewhere.

Brian
FC Urban",,,,
Eta Money,,Financial institution,EC1Y 1AA,"CITY ROAD SPACES, CITY ROAD, LONDON",13/11/2017,FULL,64999 - Financial intermediation not elsewhere classified,Old St - Moreland Primary School,16,exact postcode,,,,,,"Hi {First} - I'm Brian from FC Urban. We run social football at Old St - Moreland Primary School, a 16-min walk from Eta Money. Looking for someone inside the team up for starting an after-work game - we handle pitch, payments and organising. Open to a quick chat?",264,"Thanks for connecting, {First}.

Quick one - we run social football games at Old St - Moreland Primary School, about 16 minutes' walk from your office. A few City firms use them as an easy after-work thing for colleagues: we sort the pitch, the payments and the organising, and can top the group up with our own players if numbers are short.

Is there someone at Eta Money who looks after wellbeing or staff socials I should be speaking to? Happy to be pointed elsewhere.

Brian
FC Urban",,,,
Etc.Venues Bidco,,Financial institution,EC1A 4HD,"200 ALDERSGATE STREET, LONDON",22/05/2018,FULL,64209 - Activities of other holding companies n.e.c. | 68202 - Letting and operating of conference and exhibition centres,Old St - Moreland Primary School,19,exact postcode,,,,,,"Hi {First} - I'm Brian from FC Urban. We run social football at Old St - Moreland Primary School, a 19-min walk from Etc.Venues Bidco. Looking for someone inside the team up for starting an after-work game - we handle pitch, payments and organising. Open to a quick chat?",271,"Thanks for connecting, {First}.

Quick one - we run social football games at Old St - Moreland Primary School, about 19 minutes' walk from your office. A few City firms use them as an easy after-work thing for colleagues: we sort the pitch, the payments and the organising, and can top the group up with our own players if numbers are short.

Is there someone at Etc.Venues Bidco who looks after wellbeing or staff socials I should be speaking to? Happy to be pointed elsewhere.

Brian
FC Urban",,,,
Etc.Venues Newco,,Financial institution,EC1A 4HD,"200 ALDERSGATE STREET, LONDON",18/04/2018,GROUP,64209 - Activities of other holding companies n.e.c. | 68202 - Letting and operating of conference and exhibition centres,Old St - Moreland Primary School,19,exact postcode,,,,,,"Hi {First} - I'm Brian from FC Urban. We run social football at Old St - Moreland Primary School, a 19-min walk from Etc.Venues Newco. Looking for someone inside the team up for starting an after-work game - we handle pitch, payments and organising. Open to a quick chat?",271,"Thanks for connecting, {First}.

Quick one - we run social football games at Old St - Moreland Primary School, about 19 minutes' walk from your office. A few City firms use them as an easy after-work thing for colleagues: we sort the pitch, the payments and the organising, and can top the group up with our own players if numbers are short.

Is there someone at Etc.Venues Newco who looks after wellbeing or staff socials I should be speaking to? Happy to be pointed elsewhere.

Brian
FC Urban",,,,
Euclid Transactional Uk,,Financial institution,EC3M 1DT,"41 EASTCHEAP, LONDON",06/03/2018,GROUP,66220 - Activities of insurance agents and brokers,Borough Academy,24,exact postcode,,,,,,"Hi {First} - I'm Brian from FC Urban. We run social football at Borough Academy, a 24-min walk from Euclid Transactional Uk. Looking for someone inside the team up for starting an after-work game - we handle pitch, payments and organising. Open to a quick chat?",261,"Thanks for connecting, {First}.

Quick one - we run social football games at Borough Academy, about 24 minutes' walk from your office. A few City firms use them as an easy after-work thing for colleagues: we sort the pitch, the payments and the organising, and can top the group up with our own players if numbers are short.

Is there someone at Euclid Transactional Uk who looks after wellbeing or staff socials I should be speaking to? Happy to be pointed elsewhere.

Brian
FC Urban",,,,
European Insurance And Reinsurance Brokers,,Financial institution,EC3N 3DS,"OFFICE 4.03, LONDON",04/09/1967,FULL,65202 - Non-life reinsurance,Whitechapel,20,exact postcode,,,,,,"Hi {First} - I'm Brian from FC Urban. We run social football at Whitechapel, a 20-min walk from European Insurance And Reinsurance Brokers. Looking for someone inside the team up for starting an after-work game - we handle pitch, payments and organising. Open to a quick chat?",276,"Thanks for connecting, {First}.

Quick one - we run social football games at Whitechapel, about 20 minutes' walk from your office. A few City firms use them as an easy after-work thing for colleagues: we sort the pitch, the payments and the organising, and can top the group up with our own players if numbers are short.

Is there someone at European Insurance And Reinsurance Brokers who looks after wellbeing or staff socials I should be speaking to? Happy to be pointed elsewhere.

Brian
FC Urban",,,,
"Everest Advisors (Uk),",,Financial institution,EC3M 5BS,40 LIME STREET,12/12/2003,FULL,64999 - Financial intermediation not elsewhere classified,Whitechapel,24,postcode district,,,,,,"Hi {First} - I'm Brian from FC Urban. We run social football at Whitechapel, a 24-min walk from Everest Advisors (Uk),. Looking for someone inside the team up for starting an after-work game - we handle pitch, payments and organising. Open to a quick chat?",256,"Thanks for connecting, {First}.

Quick one - we run social football games at Whitechapel, about 24 minutes' walk from your office. A few City firms use them as an easy after-work thing for colleagues: we sort the pitch, the payments and the organising, and can top the group up with our own players if numbers are short.

Is there someone at Everest Advisors (Uk), who looks after wellbeing or staff socials I should be speaking to? Happy to be pointed elsewhere.

Brian
FC Urban",,,,
Everest Global,,Financial institution,EC2A 2EW,"7TH FLOOR THE BROADGATE TOWER, LONDON",17/01/2012,GROUP,10890 - Manufacture of other food products n.e.c. | 64201 - Activities of agricultural holding companies | 64202 - Activities of production holding companies,Shoreditch Rooftop,24,exact postcode,,,,,,"Hi {First} - I'm Brian from FC Urban. We run social football at Shoreditch Rooftop, a 24-min walk from Everest Global. Looking for someone inside the team up for starting an after-work game - we handle pitch, payments and organising. Open to a quick chat?",255,"Thanks for connecting, {First}.

Quick one - we run social football games at Shoreditch Rooftop, about 24 minutes' walk from your office. A few City firms use them as an easy after-work thing for colleagues: we sort the pitch, the payments and the organising, and can top the group up with our own players if numbers are short.

Is there someone at Everest Global who looks after wellbeing or staff socials I should be speaking to? Happy to be pointed elsewhere.

Brian
FC Urban",,,,
Excellerate Holdings (Pvt),,Financial institution,EC2A 4QS,"65 LEONARD STREET, LONDON",28/03/2017,GROUP,64209 - Activities of other holding companies n.e.c. | 82990 - Other business support service activities n.e.c.,Shoreditch Rooftop,17,postcode district,,,,,,"Hi {First} - I'm Brian from FC Urban. We run social football at Shoreditch Rooftop, a 17-min walk from Excellerate Holdings (Pvt). Looking for someone inside the team up for starting an after-work game - we handle pitch, payments and organising. Open to a quick chat?",267,"Thanks for connecting, {First}.

Quick one - we run social football games at Shoreditch Rooftop, about 17 minutes' walk from your office. A few City firms use them as an easy after-work thing for colleagues: we sort the pitch, the payments and the organising, and can top the group up with our own players if numbers are short.

Is there someone at Excellerate Holdings (Pvt) who looks after wellbeing or staff socials I should be speaking to? Happy to be pointed elsewhere.

Brian
FC Urban",,,,
Exinity Uk,,Financial institution,EC2R 8DN,"8-10 OLD JEWRY, LONDON",03/02/2017,FULL,64999 - Financial intermediation not elsewhere classified,Old St - Moreland Primary School,25,postcode district,,,,,,"Hi {First} - I'm Brian from FC Urban. We run social football at Old St - Moreland Primary School, a 25-min walk from Exinity Uk. Looking for someone inside the team up for starting an after-work game - we handle pitch, payments and organising. Open to a quick chat?",265,"Thanks for connecting, {First}.

Quick one - we run social football games at Old St - Moreland Primary School, about 25 minutes' walk from your office. A few City firms use them as an easy after-work thing for colleagues: we sort the pitch, the payments and the organising, and can top the group up with our own players if numbers are short.

Is there someone at Exinity Uk who looks after wellbeing or staff socials I should be speaking to? Happy to be pointed elsewhere.

Brian
FC Urban",,,,
F&C Investment Trust,,Financial institution,EC4N 6AG,"CANNON  PLACE, LONDON",15/03/1879,FULL,64999 - Financial intermediation not elsewhere classified,Borough Academy,22,postcode district,,,,,,"Hi {First} - I'm Brian from FC Urban. We run social football at Borough Academy, a 22-min walk from F&C Investment Trust. Looking for someone inside the team up for starting an after-work game - we handle pitch, payments and organising. Open to a quick chat?",258,"Thanks for connecting, {First}.

Quick one - we run social football games at Borough Academy, about 22 minutes' walk from your office. A few City firms use them as an easy after-work thing for colleagues: we sort the pitch, the payments and the organising, and can top the group up with our own players if numbers are short.

Is there someone at F&C Investment Trust who looks after wellbeing or staff socials I should be speaking to? Happy to be pointed elsewhere.

Brian
FC Urban",,,,
Farfetch Osprey,,Financial institution,EC1V 9NR,"THE BOWER,, LONDON",07/10/2022,FULL,64209 - Activities of other holding companies n.e.c.,Shoreditch Rooftop,16,exact postcode,,,,,,"Hi {First} - I'm Brian from FC Urban. We run social football at Shoreditch Rooftop, a 16-min walk from Farfetch Osprey. Looking for someone inside the team up for starting an after-work game - we handle pitch, payments and organising. Open to a quick chat?",256,"Thanks for connecting, {First}.

Quick one - we run social football games at Shoreditch Rooftop, about 16 minutes' walk from your office. A few City firms use them as an easy after-work thing for colleagues: we sort the pitch, the payments and the organising, and can top the group up with our own players if numbers are short.

Is there someone at Farfetch Osprey who looks after wellbeing or staff socials I should be speaking to? Happy to be pointed elsewhere.

Brian
FC Urban",,,,
Fc Capital,,Financial institution,EC1N 2JS,"19 HOLBORN, LONDON",15/02/2016,GROUP,47770 - Retail sale of watches and jewellery in specialised stores | 64929 - Other credit granting n.e.c.,Old St - Moreland Primary School,18,postcode district,,,,,,"Hi {First} - I'm Brian from FC Urban. We run social football at Old St - Moreland Primary School, a 18-min walk from Fc Capital. Looking for someone inside the team up for starting an after-work game - we handle pitch, payments and organising. Open to a quick chat?",265,"Thanks for connecting, {First}.

Quick one - we run social football games at Old St - Moreland Primary School, about 18 minutes' walk from your office. A few City firms use them as an easy after-work thing for colleagues: we sort the pitch, the payments and the organising, and can top the group up with our own players if numbers are short.

Is there someone at Fc Capital who looks after wellbeing or staff socials I should be speaking to? Happy to be pointed elsewhere.

Brian
FC Urban",,,,
Federated Hermes,,Financial institution,EC2V 6ET,"SIXTH FLOOR, 150, LONDON",03/09/1982,GROUP,64999 - Financial intermediation not elsewhere classified,Borough Academy,23,postcode district,,,,,,"Hi {First} - I'm Brian from FC Urban. We run social football at Borough Academy, a 23-min walk from Federated Hermes. Looking for someone inside the team up for starting an after-work game - we handle pitch, payments and organising. Open to a quick chat?",254,"Thanks for connecting, {First}.

Quick one - we run social football games at Borough Academy, about 23 minutes' walk from your office. A few City firms use them as an easy after-work thing for colleagues: we sort the pitch, the payments and the organising, and can top the group up with our own players if numbers are short.

Is there someone at Federated Hermes who looks after wellbeing or staff socials I should be speaking to? Happy to be pointed elsewhere.

Brian
FC Urban",,,,
Fellbarn,,Financial institution,EC2V 7AB,"95 4TH FLOOR, 95 GRESHAM STREET, LONDON",16/05/1994,FULL,64205 - Activities of financial services holding companies,Borough Academy,23,postcode district,,,,,,"Hi {First} - I'm Brian from FC Urban. We run social football at Borough Academy, a 23-min walk from Fellbarn. Looking for someone inside the team up for starting an after-work game - we handle pitch, payments and organising. Open to a quick chat?",246,"Thanks for connecting, {First}.

Quick one - we run social football games at Borough Academy, about 23 minutes' walk from your office. A few City firms use them as an easy after-work thing for colleagues: we sort the pitch, the payments and the organising, and can top the group up with our own players if numbers are short.

Is there someone at Fellbarn who looks after wellbeing or staff socials I should be speaking to? Happy to be pointed elsewhere.

Brian
FC Urban",,,,
Fet Global Holdings,,Financial institution,EC4V 6BJ,"C/O WORLDWIDE CORPORATE ADVISORS, LONDON",24/10/2006,FULL,64209 - Activities of other holding companies n.e.c.,Borough Academy,19,postcode district,,,,,,"Hi {First} - I'm Brian from FC Urban. We run social football at Borough Academy, a 19-min walk from Fet Global Holdings. Looking for someone inside the team up for starting an after-work game - we handle pitch, payments and organising. Open to a quick chat?",257,"Thanks for connecting, {First}.

Quick one - we run social football games at Borough Academy, about 19 minutes' walk from your office. A few City firms use them as an easy after-work thing for colleagues: we sort the pitch, the payments and the organising, and can top the group up with our own players if numbers are short.

Is there someone at Fet Global Holdings who looks after wellbeing or staff socials I should be speaking to? Happy to be pointed elsewhere.

Brian
FC Urban",,,,
Fidante Partners Europe,,Financial institution,EC4V 4EG,"BRIDGE HOUSE, LEVEL 3, LONDON",25/07/2000,FULL,64999 - Financial intermediation not elsewhere classified,Borough Academy,19,postcode district,,,,,,"Hi {First} - I'm Brian from FC Urban. We run social football at Borough Academy, a 19-min walk from Fidante Partners Europe. Looking for someone inside the team up for starting an after-work game - we handle pitch, payments and organising. Open to a quick chat?",261,"Thanks for connecting, {First}.

Quick one - we run social football games at Borough Academy, about 19 minutes' walk from your office. A few City firms use them as an easy after-work thing for colleagues: we sort the pitch, the payments and the organising, and can top the group up with our own players if numbers are short.

Is there someone at Fidante Partners Europe who looks after wellbeing or staff socials I should be speaking to? Happy to be pointed elsewhere.

Brian
FC Urban",,,,
Fidbank Uk,,Financial institution,EC2R 7AF,"1 KINGS ARMS YARD, LONDON",10/02/2003,FULL,64191 - Banks,Old St - Moreland Primary School,25,postcode district,,,,,,"Hi {First} - I'm Brian from FC Urban. We run social football at Old St - Moreland Primary School, a 25-min walk from Fidbank Uk. Looking for someone inside the team up for starting an after-work game - we handle pitch, payments and organising. Open to a quick chat?",265,"Thanks for connecting, {First}.

Quick one - we run social football games at Old St - Moreland Primary School, about 25 minutes' walk from your office. A few City firms use them as an easy after-work thing for colleagues: we sort the pitch, the payments and the organising, and can top the group up with our own players if numbers are short.

Is there someone at Fidbank Uk who looks after wellbeing or staff socials I should be speaking to? Happy to be pointed elsewhere.

Brian
FC Urban",,,,
Fidentia Insurance Brokers,,Financial institution,EC3N 3AX,"LLOYD'S AVENUE HOUSE, LONDON",23/07/2013,GROUP,66220 - Activities of insurance agents and brokers,Whitechapel,19,postcode district,,,,,,"Hi {First} - I'm Brian from FC Urban. We run social football at Whitechapel, a 19-min walk from Fidentia Insurance Brokers. Looking for someone inside the team up for starting an after-work game - we handle pitch, payments and organising. Open to a quick chat?",260,"Thanks for connecting, {First}.

Quick one - we run social football games at Whitechapel, about 19 minutes' walk from your office. A few City firms use them as an easy after-work thing for colleagues: we sort the pitch, the payments and the organising, and can top the group up with our own players if numbers are short.

Is there someone at Fidentia Insurance Brokers who looks after wellbeing or staff socials I should be speaking to? Happy to be pointed elsewhere.

Brian
FC Urban",,,,
Fil Holdings (Uk),,Financial institution,EC4M 5AB,"4 CANNON STREET, LONDON",30/10/2008,GROUP,64205 - Activities of financial services holding companies,Borough Academy,22,postcode district,,,,,,"Hi {First} - I'm Brian from FC Urban. We run social football at Borough Academy, a 22-min walk from Fil Holdings (Uk). Looking for someone inside the team up for starting an after-work game - we handle pitch, payments and organising. Open to a quick chat?",255,"Thanks for connecting, {First}.

Quick one - we run social football games at Borough Academy, about 22 minutes' walk from your office. A few City firms use them as an easy after-work thing for colleagues: we sort the pitch, the payments and the organising, and can top the group up with our own players if numbers are short.

Is there someone at Fil Holdings (Uk) who looks after wellbeing or staff socials I should be speaking to? Happy to be pointed elsewhere.

Brian
FC Urban",,,,
Finalto Financial Services,,Financial institution,EC2A 2EW,"11TH FLOOR BROADGATE TOWER, LONDON",07/04/2008,FULL,66190 - Activities auxiliary to financial intermediation n.e.c.,Shoreditch Rooftop,24,exact postcode,,,,,,"Hi {First} - I'm Brian from FC Urban. We run social football at Shoreditch Rooftop, a 24-min walk from Finalto Financial Services. Looking for someone inside the team up for starting an after-work game - we handle pitch, payments and organising. Open to a quick chat?",267,"Thanks for connecting, {First}.

Quick one - we run social football games at Shoreditch Rooftop, about 24 minutes' walk from your office. A few City firms use them as an easy after-work thing for colleagues: we sort the pitch, the payments and the organising, and can top the group up with our own players if numbers are short.

Is there someone at Finalto Financial Services who looks after wellbeing or staff socials I should be speaking to? Happy to be pointed elsewhere.

Brian
FC Urban",,,,
Finalto Trading,,Financial institution,EC2A 2EW,"BROADGATE TOWER, LONDON",27/08/2013,FULL,64999 - Financial intermediation not elsewhere classified,Shoreditch Rooftop,24,exact postcode,,,,,,"Hi {First} - I'm Brian from FC Urban. We run social football at Shoreditch Rooftop, a 24-min walk from Finalto Trading. Looking for someone inside the team up for starting an after-work game - we handle pitch, payments and organising. Open to a quick chat?",256,"Thanks for connecting, {First}.

Quick one - we run social football games at Shoreditch Rooftop, about 24 minutes' walk from your office. A few City firms use them as an easy after-work thing for colleagues: we sort the pitch, the payments and the organising, and can top the group up with our own players if numbers are short.

Is there someone at Finalto Trading who looks after wellbeing or staff socials I should be speaking to? Happy to be pointed elsewhere.

Brian
FC Urban",,,,
Finance Durham Gp,,Financial institution,EC2V 6BR,"6TH FLOOR SADDLERS HOUSE, LONDON",03/04/2017,FULL,66300 - Fund management activities,Borough Academy,23,postcode district,,,,,,"Hi {First} - I'm Brian from FC Urban. We run social football at Borough Academy, a 23-min walk from Finance Durham Gp. Looking for someone inside the team up for starting an after-work game - we handle pitch, payments and organising. Open to a quick chat?",255,"Thanks for connecting, {First}.

Quick one - we run social football games at Borough Academy, about 23 minutes' walk from your office. A few City firms use them as an easy after-work thing for colleagues: we sort the pitch, the payments and the organising, and can top the group up with our own players if numbers are short.

Is there someone at Finance Durham Gp who looks after wellbeing or staff socials I should be speaking to? Happy to be pointed elsewhere.

Brian
FC Urban",,,,
Financial House,,Financial institution,EC3A 7HL,"6 BEVIS MARKS BUILDING, 1ST FLOOR, LONDON",02/11/2016,GROUP,62012 - Business and domestic software development | 64999 - Financial intermediation not elsewhere classified,Whitechapel,22,postcode district,,,,,,"Hi {First} - I'm Brian from FC Urban. We run social football at Whitechapel, a 22-min walk from Financial House. Looking for someone inside the team up for starting an after-work game - we handle pitch, payments and organising. Open to a quick chat?",249,"Thanks for connecting, {First}.

Quick one - we run social football games at Whitechapel, about 22 minutes' walk from your office. A few City firms use them as an easy after-work thing for colleagues: we sort the pitch, the payments and the organising, and can top the group up with our own players if numbers are short.

Is there someone at Financial House who looks after wellbeing or staff socials I should be speaking to? Happy to be pointed elsewhere.

Brian
FC Urban",,,,
Find A Wealth Manager,,Financial institution,EC2R 6DA,"4 MOORGATE, LONDON",17/10/2011,FULL,66290 - Other activities auxiliary to insurance and pension funding,Old St - Moreland Primary School,26,exact postcode,,,,,,"Hi {First} - I'm Brian from FC Urban. We run social football at Old St - Moreland Primary School, a 26-min walk from Find A Wealth Manager. Looking for someone inside the team up for starting an after-work game - we handle pitch, payments and organising. Open to a quick chat?",276,"Thanks for connecting, {First}.

Quick one - we run social football games at Old St - Moreland Primary School, about 26 minutes' walk from your office. A few City firms use them as an easy after-work thing for colleagues: we sort the pitch, the payments and the organising, and can top the group up with our own players if numbers are short.

Is there someone at Find A Wealth Manager who looks after wellbeing or staff socials I should be speaking to? Happy to be pointed elsewhere.

Brian
FC Urban",,,,
Finseta,,Financial institution,EC2R 7DJ,"14-18 COPTHALL AVENUE, LONDON",21/01/2013,GROUP,64205 - Activities of financial services holding companies,Old St - Moreland Primary School,25,postcode district,,,,,,"Hi {First} - I'm Brian from FC Urban. We run social football at Old St - Moreland Primary School, a 25-min walk from Finseta. Looking for someone inside the team up for starting an after-work game - we handle pitch, payments and organising. Open to a quick chat?",262,"Thanks for connecting, {First}.

Quick one - we run social football games at Old St - Moreland Primary School, about 25 minutes' walk from your office. A few City firms use them as an easy after-work thing for colleagues: we sort the pitch, the payments and the organising, and can top the group up with our own players if numbers are short.

Is there someone at Finseta who looks after wellbeing or staff socials I should be speaking to? Happy to be pointed elsewhere.

Brian
FC Urban",,,,
Fire Financial Services,,Financial institution,EC2A 4DP,"THE RISE 41, LONDON",03/09/2018,FULL,64191 - Banks,Shoreditch Rooftop,17,postcode district,,,,,,"Hi {First} - I'm Brian from FC Urban. We run social football at Shoreditch Rooftop, a 17-min walk from Fire Financial Services. Looking for someone inside the team up for starting an after-work game - we handle pitch, payments and organising. Open to a quick chat?",264,"Thanks for connecting, {First}.

Quick one - we run social football games at Shoreditch Rooftop, about 17 minutes' walk from your office. A few City firms use them as an easy after-work thing for colleagues: we sort the pitch, the payments and the organising, and can top the group up with our own players if numbers are short.

Is there someone at Fire Financial Services who looks after wellbeing or staff socials I should be speaking to? Happy to be pointed elsewhere.

Brian
FC Urban",,,,
Firebird Defected Holdings,,Financial institution,EC2A 3LT,"23 CURTAIN ROAD, LONDON",20/04/2022,FULL,64209 - Activities of other holding companies n.e.c.,Shoreditch Rooftop,17,postcode district,,,,,,"Hi {First} - I'm Brian from FC Urban. We run social football at Shoreditch Rooftop, a 17-min walk from Firebird Defected Holdings. Looking for someone inside the team up for starting an after-work game - we handle pitch, payments and organising. Open to a quick chat?",267,"Thanks for connecting, {First}.

Quick one - we run social football games at Shoreditch Rooftop, about 17 minutes' walk from your office. A few City firms use them as an easy after-work thing for colleagues: we sort the pitch, the payments and the organising, and can top the group up with our own players if numbers are short.

Is there someone at Firebird Defected Holdings who looks after wellbeing or staff socials I should be speaking to? Happy to be pointed elsewhere.

Brian
FC Urban",,,,
First Title Insurance,,Financial institution,EC3N 4DJ,"42 TRINITY SQUARE, LONDON",08/05/1973,FULL,65120 - Non-life insurance | 65202 - Non-life reinsurance,Whitechapel,19,postcode district,,,,,,"Hi {First} - I'm Brian from FC Urban. We run social football at Whitechapel, a 19-min walk from First Title Insurance. Looking for someone inside the team up for starting an after-work game - we handle pitch, payments and organising. Open to a quick chat?",255,"Thanks for connecting, {First}.

Quick one - we run social football games at Whitechapel, about 19 minutes' walk from your office. A few City firms use them as an easy after-work thing for colleagues: we sort the pitch, the payments and the organising, and can top the group up with our own players if numbers are short.

Is there someone at First Title Insurance who looks after wellbeing or staff socials I should be speaking to? Happy to be pointed elsewhere.

Brian
FC Urban",,,,
First Trust Global Portfolios,,Financial institution,EC2R 7HJ,"FLOOR 2 8, LONDON",07/12/2011,FULL,64304 - Activities of open-ended investment companies,Old St - Moreland Primary School,27,exact postcode,,,,,,"Hi {First} - I'm Brian from FC Urban. We run social football at Old St - Moreland Primary School, a 27-min walk from First Trust Global Portfolios. Looking for someone inside the team up for starting an after-work game - we handle pitch, payments and organising. Open to a quick chat?",284,"Thanks for connecting, {First}.

Quick one - we run social football games at Old St - Moreland Primary School, about 27 minutes' walk from your office. A few City firms use them as an easy after-work thing for colleagues: we sort the pitch, the payments and the organising, and can top the group up with our own players if numbers are short.

Is there someone at First Trust Global Portfolios who looks after wellbeing or staff socials I should be speaking to? Happy to be pointed elsewhere.

Brian
FC Urban",,,,
First Underwriting,,Financial institution,EC3A 8BF,"LEVEL 15, 30, LONDON",23/11/2011,FULL,66220 - Activities of insurance agents and brokers,Whitechapel,22,postcode district,,,,,,"Hi {First} - I'm Brian from FC Urban. We run social football at Whitechapel, a 22-min walk from First Underwriting. Looking for someone inside the team up for starting an after-work game - we handle pitch, payments and organising. Open to a quick chat?",252,"Thanks for connecting, {First}.

Quick one - we run social football games at Whitechapel, about 22 minutes' walk from your office. A few City firms use them as an easy after-work thing for colleagues: we sort the pitch, the payments and the organising, and can top the group up with our own players if numbers are short.

Is there someone at First Underwriting who looks after wellbeing or staff socials I should be speaking to? Happy to be pointed elsewhere.

Brian
FC Urban",,,,
Firstbank Uk,,Financial institution,EC2M 7DT,28 FINSBURY CIRCUS,12/06/2002,FULL,64191 - Banks,Whitechapel,23,postcode district,,,,,,"Hi {First} - I'm Brian from FC Urban. We run social football at Whitechapel, a 23-min walk from Firstbank Uk. Looking for someone inside the team up for starting an after-work game - we handle pitch, payments and organising. Open to a quick chat?",246,"Thanks for connecting, {First}.

Quick one - we run social football games at Whitechapel, about 23 minutes' walk from your office. A few City firms use them as an easy after-work thing for colleagues: we sort the pitch, the payments and the organising, and can top the group up with our own players if numbers are short.

Is there someone at Firstbank Uk who looks after wellbeing or staff socials I should be speaking to? Happy to be pointed elsewhere.

Brian
FC Urban",,,,
Firstrand Securities,,Financial institution,EC2A 2EW,"LEVEL 23 THE BROADGATE TOWER, LONDON",21/05/2016,FULL,66190 - Activities auxiliary to financial intermediation n.e.c.,Shoreditch Rooftop,24,exact postcode,,,,,,"Hi {First} - I'm Brian from FC Urban. We run social football at Shoreditch Rooftop, a 24-min walk from Firstrand Securities. Looking for someone inside the team up for starting an after-work game - we handle pitch, payments and organising. Open to a quick chat?",261,"Thanks for connecting, {First}.

Quick one - we run social football games at Shoreditch Rooftop, about 24 minutes' walk from your office. A few City firms use them as an easy after-work thing for colleagues: we sort the pitch, the payments and the organising, and can top the group up with our own players if numbers are short.

Is there someone at Firstrand Securities who looks after wellbeing or staff socials I should be speaking to? Happy to be pointed elsewhere.

Brian
FC Urban",,,,
Firstrand Uk,,Financial institution,EC2A 2EW,"LEVEL 23 THE BROADGATE TOWER, LONDON",13/02/1997,FULL,64999 - Financial intermediation not elsewhere classified,Shoreditch Rooftop,24,exact postcode,,,,,,"Hi {First} - I'm Brian from FC Urban. We run social football at Shoreditch Rooftop, a 24-min walk from Firstrand Uk. Looking for someone inside the team up for starting an after-work game - we handle pitch, payments and organising. Open to a quick chat?",253,"Thanks for connecting, {First}.

Quick one - we run social football games at Shoreditch Rooftop, about 24 minutes' walk from your office. A few City firms use them as an easy after-work thing for colleagues: we sort the pitch, the payments and the organising, and can top the group up with our own players if numbers are short.

Is there someone at Firstrand Uk who looks after wellbeing or staff socials I should be speaking to? Happy to be pointed elsewhere.

Brian
FC Urban",,,,
Fis Asiapacrim Holdings,,Financial institution,EC4N 8AF,"C/O F I S CORPORATE GOVERNANCE THE WALBROOK BUILDING, LONDON",25/09/2008,FULL,64209 - Activities of other holding companies n.e.c. | 96090 - Other service activities n.e.c.,Borough Academy,22,postcode district,,,,,,"Hi {First} - I'm Brian from FC Urban. We run social football at Borough Academy, a 22-min walk from Fis Asiapacrim Holdings. Looking for someone inside the team up for starting an after-work game - we handle pitch, payments and organising. Open to a quick chat?",261,"Thanks for connecting, {First}.

Quick one - we run social football games at Borough Academy, about 22 minutes' walk from your office. A few City firms use them as an easy after-work thing for colleagues: we sort the pitch, the payments and the organising, and can top the group up with our own players if numbers are short.

Is there someone at Fis Asiapacrim Holdings who looks after wellbeing or staff socials I should be speaking to? Happy to be pointed elsewhere.

Brian
FC Urban",,,,
Fmr Investment Management (Uk),,Financial institution,EC4M 5SB,"25 CANNON STREET, LONDON",21/09/2006,FULL,66300 - Fund management activities,Borough Academy,20,exact postcode,,,,,,"Hi {First} - I'm Brian from FC Urban. We run social football at Borough Academy, a 20-min walk from Fmr Investment Management (Uk). Looking for someone inside the team up for starting an after-work game - we handle pitch, payments and organising. Open to a quick chat?",268,"Thanks for connecting, {First}.

Quick one - we run social football games at Borough Academy, about 20 minutes' walk from your office. A few City firms use them as an easy after-work thing for colleagues: we sort the pitch, the payments and the organising, and can top the group up with our own players if numbers are short.

Is there someone at Fmr Investment Management (Uk) who looks after wellbeing or staff socials I should be speaking to? Happy to be pointed elsewhere.

Brian
FC Urban",,,,
Fnality International,,Financial institution,EC4A 4AB,"C/O RSM 6TH FLOOR, LONDON",18/04/2019,GROUP,64999 - Financial intermediation not elsewhere classified,Old St - Moreland Primary School,24,exact postcode,,,,,,"Hi {First} - I'm Brian from FC Urban. We run social football at Old St - Moreland Primary School, a 24-min walk from Fnality International. Looking for someone inside the team up for starting an after-work game - we handle pitch, payments and organising. Open to a quick chat?",276,"Thanks for connecting, {First}.

Quick one - we run social football games at Old St - Moreland Primary School, about 24 minutes' walk from your office. A few City firms use them as an easy after-work thing for colleagues: we sort the pitch, the payments and the organising, and can top the group up with our own players if numbers are short.

Is there someone at Fnality International who looks after wellbeing or staff socials I should be speaking to? Happy to be pointed elsewhere.

Brian
FC Urban",,,,
Foenix Partners,,Financial institution,EC2A 2AB,"1-3 WORSHIP STREET, LONDON",22/06/2011,FULL,66110 - Administration of financial markets,Shoreditch Rooftop,17,postcode district,,,,,,"Hi {First} - I'm Brian from FC Urban. We run social football at Shoreditch Rooftop, a 17-min walk from Foenix Partners. Looking for someone inside the team up for starting an after-work game - we handle pitch, payments and organising. Open to a quick chat?",256,"Thanks for connecting, {First}.

Quick one - we run social football games at Shoreditch Rooftop, about 17 minutes' walk from your office. A few City firms use them as an easy after-work thing for colleagues: we sort the pitch, the payments and the organising, and can top the group up with our own players if numbers are short.

Is there someone at Foenix Partners who looks after wellbeing or staff socials I should be speaking to? Happy to be pointed elsewhere.

Brian
FC Urban",,,,
Folgate Underwriting Agency,,Financial institution,EC3A 3DH,"80 LEADENHALL STREET, LONDON",10/09/1993,FULL,65120 - Non-life insurance,Whitechapel,21,exact postcode,,,,,,"Hi {First} - I'm Brian from FC Urban. We run social football at Whitechapel, a 21-min walk from Folgate Underwriting Agency. Looking for someone inside the team up for starting an after-work game - we handle pitch, payments and organising. Open to a quick chat?",261,"Thanks for connecting, {First}.

Quick one - we run social football games at Whitechapel, about 21 minutes' walk from your office. A few City firms use them as an easy after-work thing for colleagues: we sort the pitch, the payments and the organising, and can top the group up with our own players if numbers are short.

Is there someone at Folgate Underwriting Agency who looks after wellbeing or staff socials I should be speaking to? Happy to be pointed elsewhere.

Brian
FC Urban",,,,
Fontana Uk Holdings,,Financial institution,EC2N 1AR,"18TH FLOOR, LONDON",17/02/2022,FULL,64205 - Activities of financial services holding companies,Borough Academy,27,exact postcode,,,,,,"Hi {First} - I'm Brian from FC Urban. We run social football at Borough Academy, a 27-min walk from Fontana Uk Holdings. Looking for someone inside the team up for starting an after-work game - we handle pitch, payments and organising. Open to a quick chat?",257,"Thanks for connecting, {First}.

Quick one - we run social football games at Borough Academy, about 27 minutes' walk from your office. A few City firms use them as an easy after-work thing for colleagues: we sort the pitch, the payments and the organising, and can top the group up with our own players if numbers are short.

Is there someone at Fontana Uk Holdings who looks after wellbeing or staff socials I should be speaking to? Happy to be pointed elsewhere.

Brian
FC Urban",,,,
Forada Investments,,Financial institution,EC2V 6DL,"C/O BUZZACOTT LLP ST. PETERS HOUSE, LONDON",12/04/2021,GROUP,64205 - Activities of financial services holding companies,Borough Academy,23,exact postcode,,,,,,"Hi {First} - I'm Brian from FC Urban. We run social football at Borough Academy, a 23-min walk from Forada Investments. Looking for someone inside the team up for starting an after-work game - we handle pitch, payments and organising. Open to a quick chat?",256,"Thanks for connecting, {First}.

Quick one - we run social football games at Borough Academy, about 23 minutes' walk from your office. A few City firms use them as an easy after-work thing for colleagues: we sort the pitch, the payments and the organising, and can top the group up with our own players if numbers are short.

Is there someone at Forada Investments who looks after wellbeing or staff socials I should be speaking to? Happy to be pointed elsewhere.

Brian
FC Urban",,,,
Forever Bidco,,Financial institution,EC1M 6HR,"BOUNDARY HOUSE, LONDON",21/01/2022,FULL,64209 - Activities of other holding companies n.e.c.,Old St - Moreland Primary School,13,postcode district,,,,,,"Hi {First} - I'm Brian from FC Urban. We run social football at Old St - Moreland Primary School, a 13-min walk from Forever Bidco. Looking for someone inside the team up for starting an after-work game - we handle pitch, payments and organising. Open to a quick chat?",268,"Thanks for connecting, {First}.

Quick one - we run social football games at Old St - Moreland Primary School, about 13 minutes' walk from your office. A few City firms use them as an easy after-work thing for colleagues: we sort the pitch, the payments and the organising, and can top the group up with our own players if numbers are short.

Is there someone at Forever Bidco who looks after wellbeing or staff socials I should be speaking to? Happy to be pointed elsewhere.

Brian
FC Urban",,,,
Forever Midco,,Financial institution,EC1M 6HR,"BOUNDARY HOUSE, LONDON",21/01/2022,FULL,64209 - Activities of other holding companies n.e.c.,Old St - Moreland Primary School,13,postcode district,,,,,,"Hi {First} - I'm Brian from FC Urban. We run social football at Old St - Moreland Primary School, a 13-min walk from Forever Midco. Looking for someone inside the team up for starting an after-work game - we handle pitch, payments and organising. Open to a quick chat?",268,"Thanks for connecting, {First}.

Quick one - we run social football games at Old St - Moreland Primary School, about 13 minutes' walk from your office. A few City firms use them as an easy after-work thing for colleagues: we sort the pitch, the payments and the organising, and can top the group up with our own players if numbers are short.

Is there someone at Forever Midco who looks after wellbeing or staff socials I should be speaking to? Happy to be pointed elsewhere.

Brian
FC Urban",,,,
Forever Topco,,Financial institution,EC1M 6HR,"BOUNDARY HOUSE, LONDON",21/01/2022,GROUP,64209 - Activities of other holding companies n.e.c.,Old St - Moreland Primary School,13,postcode district,,,,,,"Hi {First} - I'm Brian from FC Urban. We run social football at Old St - Moreland Primary School, a 13-min walk from Forever Topco. Looking for someone inside the team up for starting an after-work game - we handle pitch, payments and organising. Open to a quick chat?",268,"Thanks for connecting, {First}.

Quick one - we run social football games at Old St - Moreland Primary School, about 13 minutes' walk from your office. A few City firms use them as an easy after-work thing for colleagues: we sort the pitch, the payments and the organising, and can top the group up with our own players if numbers are short.

Is there someone at Forever Topco who looks after wellbeing or staff socials I should be speaking to? Happy to be pointed elsewhere.

Brian
FC Urban",,,,
Formation D&B Holdings,,Financial institution,EC2A 3AH,"LOWER GROUND OFFICE, UNIT 1, LONDON",16/02/2021,GROUP,64209 - Activities of other holding companies n.e.c.,Shoreditch Rooftop,17,postcode district,,,,,,"Hi {First} - I'm Brian from FC Urban. We run social football at Shoreditch Rooftop, a 17-min walk from Formation D&B Holdings. Looking for someone inside the team up for starting an after-work game - we handle pitch, payments and organising. Open to a quick chat?",263,"Thanks for connecting, {First}.

Quick one - we run social football games at Shoreditch Rooftop, about 17 minutes' walk from your office. A few City firms use them as an easy after-work thing for colleagues: we sort the pitch, the payments and the organising, and can top the group up with our own players if numbers are short.

Is there someone at Formation D&B Holdings who looks after wellbeing or staff socials I should be speaking to? Happy to be pointed elsewhere.

Brian
FC Urban",,,,
Forum Worldwide Holdings,,Financial institution,EC4V 6BJ,"C/O WORLDWIDE CORPORATE ADVISORS, LONDON",30/09/2014,FULL,64209 - Activities of other holding companies n.e.c.,Borough Academy,19,postcode district,,,,,,"Hi {First} - I'm Brian from FC Urban. We run social football at Borough Academy, a 19-min walk from Forum Worldwide Holdings. Looking for someone inside the team up for starting an after-work game - we handle pitch, payments and organising. Open to a quick chat?",262,"Thanks for connecting, {First}.

Quick one - we run social football games at Borough Academy, about 19 minutes' walk from your office. A few City firms use them as an easy after-work thing for colleagues: we sort the pitch, the payments and the organising, and can top the group up with our own players if numbers are short.

Is there someone at Forum Worldwide Holdings who looks after wellbeing or staff socials I should be speaking to? Happy to be pointed elsewhere.

Brian
FC Urban",,,,
Fourth Holdings U.K.,,Financial institution,EC2V 8AS,"FORUM ST PAUL'S 33 GUTTER LANE, LONDON",06/07/2015,FULL,64209 - Activities of other holding companies n.e.c.,Borough Academy,23,postcode district,,,,,,"Hi {First} - I'm Brian from FC Urban. We run social football at Borough Academy, a 23-min walk from Fourth Holdings U.K.. Looking for someone inside the team up for starting an after-work game - we handle pitch, payments and organising. Open to a quick chat?",258,"Thanks for connecting, {First}.

Quick one - we run social football games at Borough Academy, about 23 minutes' walk from your office. A few City firms use them as an easy after-work thing for colleagues: we sort the pitch, the payments and the organising, and can top the group up with our own players if numbers are short.

Is there someone at Fourth Holdings U.K. who looks after wellbeing or staff socials I should be speaking to? Happy to be pointed elsewhere.

Brian
FC Urban",,,,
Freetrade,,Financial institution,EC1V 1AZ,"145 CITY ROAD, LONDON",28/09/2015,FULL,62012 - Business and domestic software development | 66190 - Activities auxiliary to financial intermediation n.e.c.,Old St - Moreland Primary School,9,postcode district,,,,,,"Hi {First} - I'm Brian from FC Urban. We run social football at Old St - Moreland Primary School, a 9-min walk from Freetrade. Looking for someone inside the team up for starting an after-work game - we handle pitch, payments and organising. Open to a quick chat?",263,"Thanks for connecting, {First}.

Quick one - we run social football games at Old St - Moreland Primary School, about 9 minutes' walk from your office. A few City firms use them as an easy after-work thing for colleagues: we sort the pitch, the payments and the organising, and can top the group up with our own players if numbers are short.

Is there someone at Freetrade who looks after wellbeing or staff socials I should be speaking to? Happy to be pointed elsewhere.

Brian
FC Urban",,,,
Frontier Ip Group,,Financial institution,EC4N 6AF,"CMS CAMERON MCKENNA NABARRO OLSWANG LLP, LONDON",29/05/2007,GROUP,64209 - Activities of other holding companies n.e.c.,Borough Academy,22,postcode district,,,,,,"Hi {First} - I'm Brian from FC Urban. We run social football at Borough Academy, a 22-min walk from Frontier Ip Group. Looking for someone inside the team up for starting an after-work game - we handle pitch, payments and organising. Open to a quick chat?",255,"Thanks for connecting, {First}.

Quick one - we run social football games at Borough Academy, about 22 minutes' walk from your office. A few City firms use them as an easy after-work thing for colleagues: we sort the pitch, the payments and the organising, and can top the group up with our own players if numbers are short.

Is there someone at Frontier Ip Group who looks after wellbeing or staff socials I should be speaking to? Happy to be pointed elsewhere.

Brian
FC Urban",,,,
Fsi Global,,Financial institution,EC2V 8EA,"9 KING STREET, LONDON",21/09/2006,FULL,62012 - Business and domestic software development | 64209 - Activities of other holding companies n.e.c.,Borough Academy,23,postcode district,,,,,,"Hi {First} - I'm Brian from FC Urban. We run social football at Borough Academy, a 23-min walk from Fsi Global. Looking for someone inside the team up for starting an after-work game - we handle pitch, payments and organising. Open to a quick chat?",248,"Thanks for connecting, {First}.

Quick one - we run social football games at Borough Academy, about 23 minutes' walk from your office. A few City firms use them as an easy after-work thing for colleagues: we sort the pitch, the payments and the organising, and can top the group up with our own players if numbers are short.

Is there someone at Fsi Global who looks after wellbeing or staff socials I should be speaking to? Happy to be pointed elsewhere.

Brian
FC Urban",,,,
Fti Consulting Global Holdings,,Financial institution,EC1A 4HD,"200 ALDERSGATE, LONDON",19/05/2020,FULL,64209 - Activities of other holding companies n.e.c.,Old St - Moreland Primary School,19,exact postcode,,,,,,"Hi {First} - I'm Brian from FC Urban. We run social football at Old St - Moreland Primary School, a 19-min walk from Fti Consulting Global Holdings. Looking for someone inside the team up for starting an after-work game - we handle pitch, payments and organising. Open to a quick chat?",285,"Thanks for connecting, {First}.

Quick one - we run social football games at Old St - Moreland Primary School, about 19 minutes' walk from your office. A few City firms use them as an easy after-work thing for colleagues: we sort the pitch, the payments and the organising, and can top the group up with our own players if numbers are short.

Is there someone at Fti Consulting Global Holdings who looks after wellbeing or staff socials I should be speaking to? Happy to be pointed elsewhere.

Brian
FC Urban",,,,
Fti Consulting Management,,Financial institution,EC1A 4HD,"200 ALDERSGATE, LONDON",19/06/2003,FULL,64209 - Activities of other holding companies n.e.c. | 74990 - Non-trading company,Old St - Moreland Primary School,19,exact postcode,,,,,,"Hi {First} - I'm Brian from FC Urban. We run social football at Old St - Moreland Primary School, a 19-min walk from Fti Consulting Management. Looking for someone inside the team up for starting an after-work game - we handle pitch, payments and organising. Open to a quick chat?",280,"Thanks for connecting, {First}.

Quick one - we run social football games at Old St - Moreland Primary School, about 19 minutes' walk from your office. A few City firms use them as an easy after-work thing for colleagues: we sort the pitch, the payments and the organising, and can top the group up with our own players if numbers are short.

Is there someone at Fti Consulting Management who looks after wellbeing or staff socials I should be speaking to? Happy to be pointed elsewhere.

Brian
FC Urban",,,,
Fti Consulting Uk1 Holdings,,Financial institution,EC1A 4HD,"200 ALDERSGATE, ALDERSGATE STREET, LONDON",09/06/2020,FULL,64209 - Activities of other holding companies n.e.c.,Old St - Moreland Primary School,19,exact postcode,,,,,,"Hi {First} - I'm Brian from FC Urban. We run social football at Old St - Moreland Primary School, a 19-min walk from Fti Consulting Uk1 Holdings. Looking for someone inside the team up for starting an after-work game - we handle pitch, payments and organising. Open to a quick chat?",282,"Thanks for connecting, {First}.

Quick one - we run social football games at Old St - Moreland Primary School, about 19 minutes' walk from your office. A few City firms use them as an easy after-work thing for colleagues: we sort the pitch, the payments and the organising, and can top the group up with our own players if numbers are short.

Is there someone at Fti Consulting Uk1 Holdings who looks after wellbeing or staff socials I should be speaking to? Happy to be pointed elsewhere.

Brian
FC Urban",,,,
Fti Consulting Uk2 Holdings,,Financial institution,EC1A 4HD,"200 ALDERSGATE, ALDERSGATE STREET, LONDON",11/06/2020,FULL,64209 - Activities of other holding companies n.e.c.,Old St - Moreland Primary School,19,exact postcode,,,,,,"Hi {First} - I'm Brian from FC Urban. We run social football at Old St - Moreland Primary School, a 19-min walk from Fti Consulting Uk2 Holdings. Looking for someone inside the team up for starting an after-work game - we handle pitch, payments and organising. Open to a quick chat?",282,"Thanks for connecting, {First}.

Quick one - we run social football games at Old St - Moreland Primary School, about 19 minutes' walk from your office. A few City firms use them as an easy after-work thing for colleagues: we sort the pitch, the payments and the organising, and can top the group up with our own players if numbers are short.

Is there someone at Fti Consulting Uk2 Holdings who looks after wellbeing or staff socials I should be speaking to? Happy to be pointed elsewhere.

Brian
FC Urban",,,,
Fti Uk Holdings,,Financial institution,EC1A 4HD,"200 ALDERSGATE, LONDON",03/09/2007,FULL,64209 - Activities of other holding companies n.e.c.,Old St - Moreland Primary School,19,exact postcode,,,,,,"Hi {First} - I'm Brian from FC Urban. We run social football at Old St - Moreland Primary School, a 19-min walk from Fti Uk Holdings. Looking for someone inside the team up for starting an after-work game - we handle pitch, payments and organising. Open to a quick chat?",270,"Thanks for connecting, {First}.

Quick one - we run social football games at Old St - Moreland Primary School, about 19 minutes' walk from your office. A few City firms use them as an easy after-work thing for colleagues: we sort the pitch, the payments and the organising, and can top the group up with our own players if numbers are short.

Is there someone at Fti Uk Holdings who looks after wellbeing or staff socials I should be speaking to? Happy to be pointed elsewhere.

Brian
FC Urban",,,,
Fundamentum Social Housing Reit,,Financial institution,EC2M 1JD,"C/O NCM FUND SERVICES LIMITED, LONDON",10/09/2019,GROUP,64306 - Activities of real estate investment trusts,Old St - Moreland Primary School,26,exact postcode,,,,,,"Hi {First} - I'm Brian from FC Urban. We run social football at Old St - Moreland Primary School, a 26-min walk from Fundamentum Social Housing Reit. Looking for someone inside the team up for starting an after-work game - we handle pitch, payments and organising. Open to a quick chat?",286,"Thanks for connecting, {First}.

Quick one - we run social football games at Old St - Moreland Primary School, about 26 minutes' walk from your office. A few City firms use them as an easy after-work thing for colleagues: we sort the pitch, the payments and the organising, and can top the group up with our own players if numbers are short.

Is there someone at Fundamentum Social Housing Reit who looks after wellbeing or staff socials I should be speaking to? Happy to be pointed elsewhere.

Brian
FC Urban",,,,
Futurelife (Uk) Bidco,,Financial institution,EC1M 4NT,"16 ST JOHN ST, LONDON",08/07/2022,GROUP,64209 - Activities of other holding companies n.e.c.,Old St - Moreland Primary School,13,postcode district,,,,,,"Hi {First} - I'm Brian from FC Urban. We run social football at Old St - Moreland Primary School, a 13-min walk from Futurelife (Uk) Bidco. Looking for someone inside the team up for starting an after-work game - we handle pitch, payments and organising. Open to a quick chat?",276,"Thanks for connecting, {First}.

Quick one - we run social football games at Old St - Moreland Primary School, about 13 minutes' walk from your office. A few City firms use them as an easy after-work thing for colleagues: we sort the pitch, the payments and the organising, and can top the group up with our own players if numbers are short.

Is there someone at Futurelife (Uk) Bidco who looks after wellbeing or staff socials I should be speaking to? Happy to be pointed elsewhere.

Brian
FC Urban",,,,
G.H. Financials,,Financial institution,EC4V 6DE,"ST MARTIN'S HOUSE 3 PRIORY COURT, LONDON",04/01/1993,GROUP,66120 - Security and commodity contracts dealing activities,Borough Academy,19,postcode district,,,,,,"Hi {First} - I'm Brian from FC Urban. We run social football at Borough Academy, a 19-min walk from G.H. Financials. Looking for someone inside the team up for starting an after-work game - we handle pitch, payments and organising. Open to a quick chat?",253,"Thanks for connecting, {First}.

Quick one - we run social football games at Borough Academy, about 19 minutes' walk from your office. A few City firms use them as an easy after-work thing for colleagues: we sort the pitch, the payments and the organising, and can top the group up with our own players if numbers are short.

Is there someone at G.H. Financials who looks after wellbeing or staff socials I should be speaking to? Happy to be pointed elsewhere.

Brian
FC Urban",,,,
Gain Capital Holdings,,Financial institution,EC2Y 5ET,"FIRST FLOOR MOOR HOUSE, LONDON",12/09/1988,FULL,64209 - Activities of other holding companies n.e.c.,Old St - Moreland Primary School,19,postcode district,,,,,,"Hi {First} - I'm Brian from FC Urban. We run social football at Old St - Moreland Primary School, a 19-min walk from Gain Capital Holdings. Looking for someone inside the team up for starting an after-work game - we handle pitch, payments and organising. Open to a quick chat?",276,"Thanks for connecting, {First}.

Quick one - we run social football games at Old St - Moreland Primary School, about 19 minutes' walk from your office. A few City firms use them as an easy after-work thing for colleagues: we sort the pitch, the payments and the organising, and can top the group up with our own players if numbers are short.

Is there someone at Gain Capital Holdings who looks after wellbeing or staff socials I should be speaking to? Happy to be pointed elsewhere.

Brian
FC Urban",,,,
Gain Capital Uk,,Financial institution,EC2Y 5ET,"FIRST FLOOR MOOR HOUSE, LONDON",17/10/1983,FULL,64999 - Financial intermediation not elsewhere classified,Old St - Moreland Primary School,19,postcode district,,,,,,"Hi {First} - I'm Brian from FC Urban. We run social football at Old St - Moreland Primary School, a 19-min walk from Gain Capital Uk. Looking for someone inside the team up for starting an after-work game - we handle pitch, payments and organising. Open to a quick chat?",270,"Thanks for connecting, {First}.

Quick one - we run social football games at Old St - Moreland Primary School, about 19 minutes' walk from your office. A few City firms use them as an easy after-work thing for colleagues: we sort the pitch, the payments and the organising, and can top the group up with our own players if numbers are short.

Is there someone at Gain Capital Uk who looks after wellbeing or staff socials I should be speaking to? Happy to be pointed elsewhere.

Brian
FC Urban",,,,
Galaxy Pipeline Assets Topco,,Financial institution,EC3A 8BF,"C/O ALTER DOMUS (UK) LIMITED, 10TH FLOOR, LONDON",20/05/2020,FULL,64209 - Activities of other holding companies n.e.c.,Whitechapel,22,postcode district,,,,,,"Hi {First} - I'm Brian from FC Urban. We run social football at Whitechapel, a 22-min walk from Galaxy Pipeline Assets Topco. Looking for someone inside the team up for starting an after-work game - we handle pitch, payments and organising. Open to a quick chat?",262,"Thanks for connecting, {First}.

Quick one - we run social football games at Whitechapel, about 22 minutes' walk from your office. A few City firms use them as an easy after-work thing for colleagues: we sort the pitch, the payments and the organising, and can top the group up with our own players if numbers are short.

Is there someone at Galaxy Pipeline Assets Topco who looks after wellbeing or staff socials I should be speaking to? Happy to be pointed elsewhere.

Brian
FC Urban",,,,
Gard (Uk),,Financial institution,EC3R 7AG,"THE MINSTER BUILDING (5TH FLOOR), LONDON",19/11/1982,FULL,65120 - Non-life insurance,Borough Academy,22,postcode district,,,,,,"Hi {First} - I'm Brian from FC Urban. We run social football at Borough Academy, a 22-min walk from Gard (Uk). Looking for someone inside the team up for starting an after-work game - we handle pitch, payments and organising. Open to a quick chat?",247,"Thanks for connecting, {First}.

Quick one - we run social football games at Borough Academy, about 22 minutes' walk from your office. A few City firms use them as an easy after-work thing for colleagues: we sort the pitch, the payments and the organising, and can top the group up with our own players if numbers are short.

Is there someone at Gard (Uk) who looks after wellbeing or staff socials I should be speaking to? Happy to be pointed elsewhere.

Brian
FC Urban",,,,
Gatehouse Bank,,Financial institution,EC2M 2RB,"THE HELICON, LONDON",25/05/2007,GROUP,64191 - Banks | 64999 - Financial intermediation not elsewhere classified | 66120 - Security and commodity contracts dealing activities | 66190 - Activities auxiliary to financial intermediation n.e.c.,Whitechapel,23,postcode district,,,,,,"Hi {First} - I'm Brian from FC Urban. We run social football at Whitechapel, a 23-min walk from Gatehouse Bank. Looking for someone inside the team up for starting an after-work game - we handle pitch, payments and organising. Open to a quick chat?",248,"Thanks for connecting, {First}.

Quick one - we run social football games at Whitechapel, about 23 minutes' walk from your office. A few City firms use them as an easy after-work thing for colleagues: we sort the pitch, the payments and the organising, and can top the group up with our own players if numbers are short.

Is there someone at Gatehouse Bank who looks after wellbeing or staff socials I should be speaking to? Happy to be pointed elsewhere.

Brian
FC Urban",,,,
Gb Europe Holdings,,Financial institution,EC3N 3EL,"8 LLOYD'S AVENUE, LONDON",20/05/2021,GROUP,64209 - Activities of other holding companies n.e.c.,Whitechapel,19,postcode district,,,,,,"Hi {First} - I'm Brian from FC Urban. We run social football at Whitechapel, a 19-min walk from Gb Europe Holdings. Looking for someone inside the team up for starting an after-work game - we handle pitch, payments and organising. Open to a quick chat?",252,"Thanks for connecting, {First}.

Quick one - we run social football games at Whitechapel, about 19 minutes' walk from your office. A few City firms use them as an easy after-work thing for colleagues: we sort the pitch, the payments and the organising, and can top the group up with our own players if numbers are short.

Is there someone at Gb Europe Holdings who looks after wellbeing or staff socials I should be speaking to? Happy to be pointed elsewhere.

Brian
FC Urban",,,,
Gembellicus Holdings,,Financial institution,EC3V 9DU,"5TH FLOOR BIRCHIN COURT, LONDON",08/10/2020,GROUP,64209 - Activities of other holding companies n.e.c.,Borough Academy,24,exact postcode,,,,,,"Hi {First} - I'm Brian from FC Urban. We run social football at Borough Academy, a 24-min walk from Gembellicus Holdings. Looking for someone inside the team up for starting an after-work game - we handle pitch, payments and organising. Open to a quick chat?",258,"Thanks for connecting, {First}.

Quick one - we run social football games at Borough Academy, about 24 minutes' walk from your office. A few City firms use them as an easy after-work thing for colleagues: we sort the pitch, the payments and the organising, and can top the group up with our own players if numbers are short.

Is there someone at Gembellicus Holdings who looks after wellbeing or staff socials I should be speaking to? Happy to be pointed elsewhere.

Brian
FC Urban",,,,
Gf Financial Markets (Uk),,Financial institution,EC2A 1AE,"1 FINSBURY SQUARE, LONDON",02/02/1976,FULL,64999 - Financial intermediation not elsewhere classified,Shoreditch Rooftop,17,postcode district,,,,,,"Hi {First} - I'm Brian from FC Urban. We run social football at Shoreditch Rooftop, a 17-min walk from Gf Financial Markets (Uk). Looking for someone inside the team up for starting an after-work game - we handle pitch, payments and organising. Open to a quick chat?",266,"Thanks for connecting, {First}.

Quick one - we run social football games at Shoreditch Rooftop, about 17 minutes' walk from your office. A few City firms use them as an easy after-work thing for colleagues: we sort the pitch, the payments and the organising, and can top the group up with our own players if numbers are short.

Is there someone at Gf Financial Markets (Uk) who looks after wellbeing or staff socials I should be speaking to? Happy to be pointed elsewhere.

Brian
FC Urban",,,,
Ghana International Bank Public Limited Company,,Financial institution,EC2V 6AZ,"REGINA HOUSE 67 CHEAPSIDE, LONDON",13/11/1997,FULL,64191 - Banks,Borough Academy,23,postcode district,,,,,,"Hi {First} - I'm Brian from FC Urban. We run social football at Borough Academy, a 23-min walk from Ghana International Bank Public Limited Company. Looking for someone inside the team up for starting an after-work game - we handle pitch, payments and organising. Open to a quick chat?",285,"Thanks for connecting, {First}.

Quick one - we run social football games at Borough Academy, about 23 minutes' walk from your office. A few City firms use them as an easy after-work thing for colleagues: we sort the pitch, the payments and the organising, and can top the group up with our own players if numbers are short.

Is there someone at Ghana International Bank Public Limited Company who looks after wellbeing or staff socials I should be speaking to? Happy to be pointed elsewhere.

Brian
FC Urban",,,,
Global Aerospace Underwriting Managers,,Financial institution,EC3A 8EQ,"FITZWILLIAM HOUSE, LONDON",14/06/1990,GROUP,65120 - Non-life insurance,Whitechapel,22,postcode district,,,,,,"Hi {First} - I'm Brian from FC Urban. We run social football at Whitechapel, a 22-min walk from Global Aerospace Underwriting Managers. Looking for someone inside the team up for starting an after-work game - we handle pitch, payments and organising. Open to a quick chat?",272,"Thanks for connecting, {First}.

Quick one - we run social football games at Whitechapel, about 22 minutes' walk from your office. A few City firms use them as an easy after-work thing for colleagues: we sort the pitch, the payments and the organising, and can top the group up with our own players if numbers are short.

Is there someone at Global Aerospace Underwriting Managers who looks after wellbeing or staff socials I should be speaking to? Happy to be pointed elsewhere.

Brian
FC Urban",,,,
Global Investment Strategy Uk,,Financial institution,EC1A 4HD,"200 ALDERSGATE STREET, LONDON",29/10/2002,FULL,64999 - Financial intermediation not elsewhere classified,Old St - Moreland Primary School,19,exact postcode,,,,,,"Hi {First} - I'm Brian from FC Urban. We run social football at Old St - Moreland Primary School, a 19-min walk from Global Investment Strategy Uk. Looking for someone inside the team up for starting an after-work game - we handle pitch, payments and organising. Open to a quick chat?",284,"Thanks for connecting, {First}.

Quick one - we run social football games at Old St - Moreland Primary School, about 19 minutes' walk from your office. A few City firms use them as an easy after-work thing for colleagues: we sort the pitch, the payments and the organising, and can top the group up with our own players if numbers are short.

Is there someone at Global Investment Strategy Uk who looks after wellbeing or staff socials I should be speaking to? Happy to be pointed elsewhere.

Brian
FC Urban",,,,
Global Parametrics Holding Company,,Financial institution,EC3M 7HA,"1 LIME STREET, LONDON",12/04/2016,GROUP,64205 - Activities of financial services holding companies | 66300 - Fund management activities,Whitechapel,25,exact postcode,,,,,,"Hi {First} - I'm Brian from FC Urban. We run social football at Whitechapel, a 25-min walk from Global Parametrics Holding Company. Looking for someone inside the team up for starting an after-work game - we handle pitch, payments and organising. Open to a quick chat?",268,"Thanks for connecting, {First}.

Quick one - we run social football games at Whitechapel, about 25 minutes' walk from your office. A few City firms use them as an easy after-work thing for colleagues: we sort the pitch, the payments and the organising, and can top the group up with our own players if numbers are short.

Is there someone at Global Parametrics Holding Company who looks after wellbeing or staff socials I should be speaking to? Happy to be pointed elsewhere.

Brian
FC Urban",,,,
Globalwebindex Holdings,,Financial institution,EC4A 4AB,"25 FARRINGDON STREET, LONDON",21/07/2016,GROUP,64209 - Activities of other holding companies n.e.c.,Old St - Moreland Primary School,24,exact postcode,,,,,,"Hi {First} - I'm Brian from FC Urban. We run social football at Old St - Moreland Primary School, a 24-min walk from Globalwebindex Holdings. Looking for someone inside the team up for starting an after-work game - we handle pitch, payments and organising. Open to a quick chat?",278,"Thanks for connecting, {First}.

Quick one - we run social football games at Old St - Moreland Primary School, about 24 minutes' walk from your office. A few City firms use them as an easy after-work thing for colleagues: we sort the pitch, the payments and the organising, and can top the group up with our own players if numbers are short.

Is there someone at Globalwebindex Holdings who looks after wellbeing or staff socials I should be speaking to? Happy to be pointed elsewhere.

Brian
FC Urban",,,,
Gmg Brokers,,Financial institution,EC2N 2HA,"AUGUSTINE HOUSE 2ND FLOOR, LONDON",17/12/2008,FULL,64999 - Financial intermediation not elsewhere classified,Whitechapel,26,postcode district,,,,,,"Hi {First} - I'm Brian from FC Urban. We run social football at Whitechapel, a 26-min walk from Gmg Brokers. Looking for someone inside the team up for starting an after-work game - we handle pitch, payments and organising. Open to a quick chat?",245,"Thanks for connecting, {First}.

Quick one - we run social football games at Whitechapel, about 26 minutes' walk from your office. A few City firms use them as an easy after-work thing for colleagues: we sort the pitch, the payments and the organising, and can top the group up with our own players if numbers are short.

Is there someone at Gmg Brokers who looks after wellbeing or staff socials I should be speaking to? Happy to be pointed elsewhere.

Brian
FC Urban",,,,
Goldman Sachs Global Funding Ii,,Financial institution,EC4A 4AU,"PLUMTREE COURT / 25, LONDON",11/11/2022,FULL,64999 - Financial intermediation not elsewhere classified,Old St - Moreland Primary School,24,postcode district,,,,,,"Hi {First} - I'm Brian from FC Urban. We run social football at Old St - Moreland Primary School, a 24-min walk from Goldman Sachs Global Funding Ii. Looking for someone inside the team up for starting an after-work game - we handle pitch, payments and organising. Open to a quick chat?",286,"Thanks for connecting, {First}.

Quick one - we run social football games at Old St - Moreland Primary School, about 24 minutes' walk from your office. A few City firms use them as an easy after-work thing for colleagues: we sort the pitch, the payments and the organising, and can top the group up with our own players if numbers are short.

Is there someone at Goldman Sachs Global Funding Ii who looks after wellbeing or staff socials I should be speaking to? Happy to be pointed elsewhere.

Brian
FC Urban",,,,
Gps Capital Markets,,Financial institution,EC2R 6DA,"8-10 MOORGATE, 4TH FLOOR, LONDON",17/02/2012,FULL,64999 - Financial intermediation not elsewhere classified,Old St - Moreland Primary School,26,exact postcode,,,,,,"Hi {First} - I'm Brian from FC Urban. We run social football at Old St - Moreland Primary School, a 26-min walk from Gps Capital Markets. Looking for someone inside the team up for starting an after-work game - we handle pitch, payments and organising. Open to a quick chat?",274,"Thanks for connecting, {First}.

Quick one - we run social football games at Old St - Moreland Primary School, about 26 minutes' walk from your office. A few City firms use them as an easy after-work thing for colleagues: we sort the pitch, the payments and the organising, and can top the group up with our own players if numbers are short.

Is there someone at Gps Capital Markets who looks after wellbeing or staff socials I should be speaking to? Happy to be pointed elsewhere.

Brian
FC Urban",,,,
Grafton Commodity Trading,,Financial institution,EC1N 6TD,"26-28 ELY PLACE, LONDON",14/09/2016,GROUP,64991 - Security dealing on own account | 66120 - Security and commodity contracts dealing activities,Old St - Moreland Primary School,18,postcode district,,,,,,"Hi {First} - I'm Brian from FC Urban. We run social football at Old St - Moreland Primary School, a 18-min walk from Grafton Commodity Trading. Looking for someone inside the team up for starting an after-work game - we handle pitch, payments and organising. Open to a quick chat?",280,"Thanks for connecting, {First}.

Quick one - we run social football games at Old St - Moreland Primary School, about 18 minutes' walk from your office. A few City firms use them as an easy after-work thing for colleagues: we sort the pitch, the payments and the organising, and can top the group up with our own players if numbers are short.

Is there someone at Grafton Commodity Trading who looks after wellbeing or staff socials I should be speaking to? Happy to be pointed elsewhere.

Brian
FC Urban",,,,
Gran Reserva,,Financial institution,EC2A 3AH,"LOWER GROUND OFFICE, UNIT 1, LONDON",22/01/2001,FULL,41100 - Development of building projects | 64209 - Activities of other holding companies n.e.c.,Shoreditch Rooftop,17,postcode district,,,,,,"Hi {First} - I'm Brian from FC Urban. We run social football at Shoreditch Rooftop, a 17-min walk from Gran Reserva. Looking for someone inside the team up for starting an after-work game - we handle pitch, payments and organising. Open to a quick chat?",253,"Thanks for connecting, {First}.

Quick one - we run social football games at Shoreditch Rooftop, about 17 minutes' walk from your office. A few City firms use them as an easy after-work thing for colleagues: we sort the pitch, the payments and the organising, and can top the group up with our own players if numbers are short.

Is there someone at Gran Reserva who looks after wellbeing or staff socials I should be speaking to? Happy to be pointed elsewhere.

Brian
FC Urban",,,,
Gravity Global,,Financial institution,EC2A 2BB,"69 WILSON STREET, LONDON",24/12/2018,GROUP,64209 - Activities of other holding companies n.e.c.,Shoreditch Rooftop,17,postcode district,,,,,,"Hi {First} - I'm Brian from FC Urban. We run social football at Shoreditch Rooftop, a 17-min walk from Gravity Global. Looking for someone inside the team up for starting an after-work game - we handle pitch, payments and organising. Open to a quick chat?",255,"Thanks for connecting, {First}.

Quick one - we run social football games at Shoreditch Rooftop, about 17 minutes' walk from your office. A few City firms use them as an easy after-work thing for colleagues: we sort the pitch, the payments and the organising, and can top the group up with our own players if numbers are short.

Is there someone at Gravity Global who looks after wellbeing or staff socials I should be speaking to? Happy to be pointed elsewhere.

Brian
FC Urban",,,,
Green And Fortune Holdings,,Financial institution,EC1M 4JN,"C/O BEAVIS MORGAN, LONDON",25/03/2015,GROUP,64209 - Activities of other holding companies n.e.c.,Old St - Moreland Primary School,12,exact postcode,,,,,,"Hi {First} - I'm Brian from FC Urban. We run social football at Old St - Moreland Primary School, a 12-min walk from Green And Fortune Holdings. Looking for someone inside the team up for starting an after-work game - we handle pitch, payments and organising. Open to a quick chat?",281,"Thanks for connecting, {First}.

Quick one - we run social football games at Old St - Moreland Primary School, about 12 minutes' walk from your office. A few City firms use them as an easy after-work thing for colleagues: we sort the pitch, the payments and the organising, and can top the group up with our own players if numbers are short.

Is there someone at Green And Fortune Holdings who looks after wellbeing or staff socials I should be speaking to? Happy to be pointed elsewhere.

Brian
FC Urban",,,,
Grenadier Holdings Investments,,Financial institution,EC2M 7EB,"LOWER GROUND FLOOR, PARK HOUSE, 16/18, LONDON",26/03/2019,FULL,"64209 - Activities of other holding companies n.e.c. | 77400 - Leasing of intellectual property and similar products, except copyright works",Whitechapel,23,postcode district,,,,,,"Hi {First} - I'm Brian from FC Urban. We run social football at Whitechapel, a 23-min walk from Grenadier Holdings Investments. Looking for someone inside the team up for starting an after-work game - we handle pitch, payments and organising. Open to a quick chat?",264,"Thanks for connecting, {First}.

Quick one - we run social football games at Whitechapel, about 23 minutes' walk from your office. A few City firms use them as an easy after-work thing for colleagues: we sort the pitch, the payments and the organising, and can top the group up with our own players if numbers are short.

Is there someone at Grenadier Holdings Investments who looks after wellbeing or staff socials I should be speaking to? Happy to be pointed elsewhere.

Brian
FC Urban",,,,
Grind Holdings,,Financial institution,EC2A 4NG,"TELEPHONE HOUSE 69 PAUL STREET, LONDON",14/08/2020,GROUP,64209 - Activities of other holding companies n.e.c.,Shoreditch Rooftop,17,postcode district,,,,,,"Hi {First} - I'm Brian from FC Urban. We run social football at Shoreditch Rooftop, a 17-min walk from Grind Holdings. Looking for someone inside the team up for starting an after-work game - we handle pitch, payments and organising. Open to a quick chat?",255,"Thanks for connecting, {First}.

Quick one - we run social football games at Shoreditch Rooftop, about 17 minutes' walk from your office. A few City firms use them as an easy after-work thing for colleagues: we sort the pitch, the payments and the organising, and can top the group up with our own players if numbers are short.

Is there someone at Grind Holdings who looks after wellbeing or staff socials I should be speaking to? Happy to be pointed elsewhere.

Brian
FC Urban",,,,
Group Miki Holdings,,Financial institution,EC4V 3BJ,"VINTNERS PLACE, LONDON",13/09/1972,GROUP,64209 - Activities of other holding companies n.e.c.,Borough Academy,17,exact postcode,,,,,,"Hi {First} - I'm Brian from FC Urban. We run social football at Borough Academy, a 17-min walk from Group Miki Holdings. Looking for someone inside the team up for starting an after-work game - we handle pitch, payments and organising. Open to a quick chat?",257,"Thanks for connecting, {First}.

Quick one - we run social football games at Borough Academy, about 17 minutes' walk from your office. A few City firms use them as an easy after-work thing for colleagues: we sort the pitch, the payments and the organising, and can top the group up with our own players if numbers are short.

Is there someone at Group Miki Holdings who looks after wellbeing or staff socials I should be speaking to? Happy to be pointed elsewhere.

Brian
FC Urban",,,,
Gss Uk Holdings,,Financial institution,EC2R 8AE,"1-3 FREDERICK'S PLACE, LONDON",19/07/2021,GROUP,64209 - Activities of other holding companies n.e.c.,Old St - Moreland Primary School,25,postcode district,,,,,,"Hi {First} - I'm Brian from FC Urban. We run social football at Old St - Moreland Primary School, a 25-min walk from Gss Uk Holdings. Looking for someone inside the team up for starting an after-work game - we handle pitch, payments and organising. Open to a quick chat?",270,"Thanks for connecting, {First}.

Quick one - we run social football games at Old St - Moreland Primary School, about 25 minutes' walk from your office. A few City firms use them as an easy after-work thing for colleagues: we sort the pitch, the payments and the organising, and can top the group up with our own players if numbers are short.

Is there someone at Gss Uk Holdings who looks after wellbeing or staff socials I should be speaking to? Happy to be pointed elsewhere.

Brian
FC Urban",,,,
Gt R4 Holdings,,Financial institution,EC3V 9DU,"C/O JOHNSTON CARMICHAEL LLP BIRCHIN COURT, LONDON",17/03/2021,GROUP,64209 - Activities of other holding companies n.e.c.,Borough Academy,24,exact postcode,,,,,,"Hi {First} - I'm Brian from FC Urban. We run social football at Borough Academy, a 24-min walk from Gt R4 Holdings. Looking for someone inside the team up for starting an after-work game - we handle pitch, payments and organising. Open to a quick chat?",252,"Thanks for connecting, {First}.

Quick one - we run social football games at Borough Academy, about 24 minutes' walk from your office. A few City firms use them as an easy after-work thing for colleagues: we sort the pitch, the payments and the organising, and can top the group up with our own players if numbers are short.

Is there someone at Gt R4 Holdings who looks after wellbeing or staff socials I should be speaking to? Happy to be pointed elsewhere.

Brian
FC Urban",,,,
Gts Securities Europe,,Financial institution,EC2V 6AA,"5 CHEAPSIDE C/O ARGYLL MANAGEMENT LIMITED, 5 CHEAPSIDE, ST. PAUL, LONDON",25/07/2014,FULL,64991 - Security dealing on own account,Borough Academy,23,exact postcode,,,,,,"Hi {First} - I'm Brian from FC Urban. We run social football at Borough Academy, a 23-min walk from Gts Securities Europe. Looking for someone inside the team up for starting an after-work game - we handle pitch, payments and organising. Open to a quick chat?",259,"Thanks for connecting, {First}.

Quick one - we run social football games at Borough Academy, about 23 minutes' walk from your office. A few City firms use them as an easy after-work thing for colleagues: we sort the pitch, the payments and the organising, and can top the group up with our own players if numbers are short.

Is there someone at Gts Securities Europe who looks after wellbeing or staff socials I should be speaking to? Happy to be pointed elsewhere.

Brian
FC Urban",,,,
Guaranteed Conveyancing Solutions,,Financial institution,EC3N 4DJ,"42 TRINITY SQUARE, LONDON",28/08/1998,FULL,65120 - Non-life insurance,Whitechapel,19,postcode district,,,,,,"Hi {First} - I'm Brian from FC Urban. We run social football at Whitechapel, a 19-min walk from Guaranteed Conveyancing Solutions. Looking for someone inside the team up for starting an after-work game - we handle pitch, payments and organising. Open to a quick chat?",267,"Thanks for connecting, {First}.

Quick one - we run social football games at Whitechapel, about 19 minutes' walk from your office. A few City firms use them as an easy after-work thing for colleagues: we sort the pitch, the payments and the organising, and can top the group up with our own players if numbers are short.

Is there someone at Guaranteed Conveyancing Solutions who looks after wellbeing or staff socials I should be speaking to? Happy to be pointed elsewhere.

Brian
FC Urban",,,,
Gvo Wind,,Financial institution,EC3M 6BL,"C/O WILDER COE LTD 1ST FLOOR, SACKVILLE HOUSE, LONDON",19/07/2012,FULL,64209 - Activities of other holding companies n.e.c.,Borough Academy,25,exact postcode,,,,,,"Hi {First} - I'm Brian from FC Urban. We run social football at Borough Academy, a 25-min walk from Gvo Wind. Looking for someone inside the team up for starting an after-work game - we handle pitch, payments and organising. Open to a quick chat?",246,"Thanks for connecting, {First}.

Quick one - we run social football games at Borough Academy, about 25 minutes' walk from your office. A few City firms use them as an easy after-work thing for colleagues: we sort the pitch, the payments and the organising, and can top the group up with our own players if numbers are short.

Is there someone at Gvo Wind who looks after wellbeing or staff socials I should be speaking to? Happy to be pointed elsewhere.

Brian
FC Urban",,,,
H B Cranfield Wealth Management,,Financial institution,EC4Y 1BP,"FIRST FLOOR MITRE HOUSE, 44-46, LONDON",11/01/2005,FULL,66190 - Activities auxiliary to financial intermediation n.e.c.,Borough Academy,21,postcode district,,,,,,"Hi {First} - I'm Brian from FC Urban. We run social football at Borough Academy, a 21-min walk from H B Cranfield Wealth Management. Looking for someone inside the team up for starting an after-work game - we handle pitch, payments and organising. Open to a quick chat?",269,"Thanks for connecting, {First}.

Quick one - we run social football games at Borough Academy, about 21 minutes' walk from your office. A few City firms use them as an easy after-work thing for colleagues: we sort the pitch, the payments and the organising, and can top the group up with our own players if numbers are short.

Is there someone at H B Cranfield Wealth Management who looks after wellbeing or staff socials I should be speaking to? Happy to be pointed elsewhere.

Brian
FC Urban",,,,
H.W. Wood,,Financial institution,EC3N 3DQ,"1 LLOYD'S AVENUE, LONDON",02/06/1981,FULL,65120 - Non-life insurance | 65202 - Non-life reinsurance,Whitechapel,21,exact postcode,,,,,,"Hi {First} - I'm Brian from FC Urban. We run social football at Whitechapel, a 21-min walk from H.W. Wood. Looking for someone inside the team up for starting an after-work game - we handle pitch, payments and organising. Open to a quick chat?",243,"Thanks for connecting, {First}.

Quick one - we run social football games at Whitechapel, about 21 minutes' walk from your office. A few City firms use them as an easy after-work thing for colleagues: we sort the pitch, the payments and the organising, and can top the group up with our own players if numbers are short.

Is there someone at H.W. Wood who looks after wellbeing or staff socials I should be speaking to? Happy to be pointed elsewhere.

Brian
FC Urban",,,,
Habib Bank Zurich,,Financial institution,EC2R 6JJ,"HABIB HOUSE, LONDON",28/01/2014,FULL,64191 - Banks,Old St - Moreland Primary School,25,postcode district,,,,,,"Hi {First} - I'm Brian from FC Urban. We run social football at Old St - Moreland Primary School, a 25-min walk from Habib Bank Zurich. Looking for someone inside the team up for starting an after-work game - we handle pitch, payments and organising. Open to a quick chat?",272,"Thanks for connecting, {First}.

Quick one - we run social football games at Old St - Moreland Primary School, about 25 minutes' walk from your office. A few City firms use them as an easy after-work thing for colleagues: we sort the pitch, the payments and the organising, and can top the group up with our own players if numbers are short.

Is there someone at Habib Bank Zurich who looks after wellbeing or staff socials I should be speaking to? Happy to be pointed elsewhere.

Brian
FC Urban",,,,
Hamsard 3678,,Financial institution,EC4R 1BN,"2ND FLOOR, 36, LONDON",04/05/2022,GROUP,64209 - Activities of other holding companies n.e.c.,Borough Academy,18,postcode district,,,,,,"Hi {First} - I'm Brian from FC Urban. We run social football at Borough Academy, a 18-min walk from Hamsard 3678. Looking for someone inside the team up for starting an after-work game - we handle pitch, payments and organising. Open to a quick chat?",250,"Thanks for connecting, {First}.

Quick one - we run social football games at Borough Academy, about 18 minutes' walk from your office. A few City firms use them as an easy after-work thing for colleagues: we sort the pitch, the payments and the organising, and can top the group up with our own players if numbers are short.

Is there someone at Hamsard 3678 who looks after wellbeing or staff socials I should be speaking to? Happy to be pointed elsewhere.

Brian
FC Urban",,,,
Handelsbanken Acd,,Financial institution,EC2V 5HA,"25 BASINGHALL STREET, LONDON",03/12/2001,FULL,64999 - Financial intermediation not elsewhere classified,Borough Academy,23,postcode district,,,,,,"Hi {First} - I'm Brian from FC Urban. We run social football at Borough Academy, a 23-min walk from Handelsbanken Acd. Looking for someone inside the team up for starting an after-work game - we handle pitch, payments and organising. Open to a quick chat?",255,"Thanks for connecting, {First}.

Quick one - we run social football games at Borough Academy, about 23 minutes' walk from your office. A few City firms use them as an easy after-work thing for colleagues: we sort the pitch, the payments and the organising, and can top the group up with our own players if numbers are short.

Is there someone at Handelsbanken Acd who looks after wellbeing or staff socials I should be speaking to? Happy to be pointed elsewhere.

Brian
FC Urban",,,,
Handelsbanken,,Financial institution,EC2V 5HA,"25 BASINGHALL STREET, LONDON",11/04/2018,GROUP,64191 - Banks,Borough Academy,23,postcode district,,,,,,"Hi {First} - I'm Brian from FC Urban. We run social football at Borough Academy, a 23-min walk from Handelsbanken. Looking for someone inside the team up for starting an after-work game - we handle pitch, payments and organising. Open to a quick chat?",251,"Thanks for connecting, {First}.

Quick one - we run social football games at Borough Academy, about 23 minutes' walk from your office. A few City firms use them as an easy after-work thing for colleagues: we sort the pitch, the payments and the organising, and can top the group up with our own players if numbers are short.

Is there someone at Handelsbanken who looks after wellbeing or staff socials I should be speaking to? Happy to be pointed elsewhere.

Brian
FC Urban",,,,
Handelsbanken Wealth & Asset Management,,Financial institution,EC2V 5HA,"25 BASINGHALL STREET, LONDON",29/12/2000,FULL,66300 - Fund management activities,Borough Academy,23,postcode district,,,,,,"Hi {First} - I'm Brian from FC Urban. We run social football at Borough Academy, a 23-min walk from Handelsbanken Wealth & Asset Management. Looking for someone inside the team up for starting an after-work game - we handle pitch, payments and organising. Open to a quick chat?",277,"Thanks for connecting, {First}.

Quick one - we run social football games at Borough Academy, about 23 minutes' walk from your office. A few City firms use them as an easy after-work thing for colleagues: we sort the pitch, the payments and the organising, and can top the group up with our own players if numbers are short.

Is there someone at Handelsbanken Wealth & Asset Management who looks after wellbeing or staff socials I should be speaking to? Happy to be pointed elsewhere.

Brian
FC Urban",,,,
Hangar Holdco,,Financial institution,EC4Y 8AX,"4 BOUVERIE STREET, LONDON",07/07/2022,GROUP,64209 - Activities of other holding companies n.e.c.,Borough Academy,21,postcode district,,,,,,"Hi {First} - I'm Brian from FC Urban. We run social football at Borough Academy, a 21-min walk from Hangar Holdco. Looking for someone inside the team up for starting an after-work game - we handle pitch, payments and organising. Open to a quick chat?",251,"Thanks for connecting, {First}.

Quick one - we run social football games at Borough Academy, about 21 minutes' walk from your office. A few City firms use them as an easy after-work thing for colleagues: we sort the pitch, the payments and the organising, and can top the group up with our own players if numbers are short.

Is there someone at Hangar Holdco who looks after wellbeing or staff socials I should be speaking to? Happy to be pointed elsewhere.

Brian
FC Urban",,,,
Hanwha Systems Uk,,Financial institution,EC1Y 0TH,"SUITE A, LONDON",06/10/2021,FULL,64209 - Activities of other holding companies n.e.c.,Old St - Moreland Primary School,14,postcode district,,,,,,"Hi {First} - I'm Brian from FC Urban. We run social football at Old St - Moreland Primary School, a 14-min walk from Hanwha Systems Uk. Looking for someone inside the team up for starting an after-work game - we handle pitch, payments and organising. Open to a quick chat?",272,"Thanks for connecting, {First}.

Quick one - we run social football games at Old St - Moreland Primary School, about 14 minutes' walk from your office. A few City firms use them as an easy after-work thing for colleagues: we sort the pitch, the payments and the organising, and can top the group up with our own players if numbers are short.

Is there someone at Hanwha Systems Uk who looks after wellbeing or staff socials I should be speaking to? Happy to be pointed elsewhere.

Brian
FC Urban",,,,
Hardham,,Financial institution,EC3M 1DT,"39 2ND FLOOR, LONDON",26/10/2015,GROUP,65120 - Non-life insurance | 65202 - Non-life reinsurance,Borough Academy,24,exact postcode,,,,,,"Hi {First} - I'm Brian from FC Urban. We run social football at Borough Academy, a 24-min walk from Hardham. Looking for someone inside the team up for starting an after-work game - we handle pitch, payments and organising. Open to a quick chat?",245,"Thanks for connecting, {First}.

Quick one - we run social football games at Borough Academy, about 24 minutes' walk from your office. A few City firms use them as an easy after-work thing for colleagues: we sort the pitch, the payments and the organising, and can top the group up with our own players if numbers are short.

Is there someone at Hardham who looks after wellbeing or staff socials I should be speaking to? Happy to be pointed elsewhere.

Brian
FC Urban",,,,
Harmonic Consulting Services Uk,,Financial institution,EC2N 4BQ,"8 BISHOPSGATE LONDON, LONDON",12/08/2021,FULL,66110 - Administration of financial markets | 69202 - Bookkeeping activities,Whitechapel,26,exact postcode,,,,,,"Hi {First} - I'm Brian from FC Urban. We run social football at Whitechapel, a 26-min walk from Harmonic Consulting Services Uk. Looking for someone inside the team up for starting an after-work game - we handle pitch, payments and organising. Open to a quick chat?",265,"Thanks for connecting, {First}.

Quick one - we run social football games at Whitechapel, about 26 minutes' walk from your office. A few City firms use them as an easy after-work thing for colleagues: we sort the pitch, the payments and the organising, and can top the group up with our own players if numbers are short.

Is there someone at Harmonic Consulting Services Uk who looks after wellbeing or staff socials I should be speaking to? Happy to be pointed elsewhere.

Brian
FC Urban",,,,
Hays International Holdings,,Financial institution,EC2V 6DN,"4TH FLOOR, 107, LONDON",13/10/2005,FULL,64209 - Activities of other holding companies n.e.c.,Borough Academy,23,exact postcode,,,,,,"Hi {First} - I'm Brian from FC Urban. We run social football at Borough Academy, a 23-min walk from Hays International Holdings. Looking for someone inside the team up for starting an after-work game - we handle pitch, payments and organising. Open to a quick chat?",265,"Thanks for connecting, {First}.

Quick one - we run social football games at Borough Academy, about 23 minutes' walk from your office. A few City firms use them as an easy after-work thing for colleagues: we sort the pitch, the payments and the organising, and can top the group up with our own players if numbers are short.

Is there someone at Hays International Holdings who looks after wellbeing or staff socials I should be speaking to? Happy to be pointed elsewhere.

Brian
FC Urban",,,,
Hays Specialist Recruitment (Holdings),,Financial institution,EC2V 6DN,"4TH FLOOR, 107, LONDON",19/06/1968,FULL,64209 - Activities of other holding companies n.e.c.,Borough Academy,23,exact postcode,,,,,,"Hi {First} - I'm Brian from FC Urban. We run social football at Borough Academy, a 23-min walk from Hays Specialist Recruitment (Holdings). Looking for someone inside the team up for starting an after-work game - we handle pitch, payments and organising. Open to a quick chat?",276,"Thanks for connecting, {First}.

Quick one - we run social football games at Borough Academy, about 23 minutes' walk from your office. A few City firms use them as an easy after-work thing for colleagues: we sort the pitch, the payments and the organising, and can top the group up with our own players if numbers are short.

Is there someone at Hays Specialist Recruitment (Holdings) who looks after wellbeing or staff socials I should be speaking to? Happy to be pointed elsewhere.

Brian
FC Urban",,,,
Health Lottery Financial,,Financial institution,EC3R 6EN,"THE NORTHERN AND SHELL BUILDING, LONDON",16/01/2010,FULL,64999 - Financial intermediation not elsewhere classified,Borough Academy,22,postcode district,,,,,,"Hi {First} - I'm Brian from FC Urban. We run social football at Borough Academy, a 22-min walk from Health Lottery Financial. Looking for someone inside the team up for starting an after-work game - we handle pitch, payments and organising. Open to a quick chat?",262,"Thanks for connecting, {First}.

Quick one - we run social football games at Borough Academy, about 22 minutes' walk from your office. A few City firms use them as an easy after-work thing for colleagues: we sort the pitch, the payments and the organising, and can top the group up with our own players if numbers are short.

Is there someone at Health Lottery Financial who looks after wellbeing or staff socials I should be speaking to? Happy to be pointed elsewhere.

Brian
FC Urban",,,,
Hearthstone Investment Management,,Financial institution,EC4V 4EG,"SUITE 2.06, BRIDGE HOUSE, LONDON",22/06/2015,FULL,66300 - Fund management activities,Borough Academy,19,postcode district,,,,,,"Hi {First} - I'm Brian from FC Urban. We run social football at Borough Academy, a 19-min walk from Hearthstone Investment Management. Looking for someone inside the team up for starting an after-work game - we handle pitch, payments and organising. Open to a quick chat?",271,"Thanks for connecting, {First}.

Quick one - we run social football games at Borough Academy, about 19 minutes' walk from your office. A few City firms use them as an easy after-work thing for colleagues: we sort the pitch, the payments and the organising, and can top the group up with our own players if numbers are short.

Is there someone at Hearthstone Investment Management who looks after wellbeing or staff socials I should be speaking to? Happy to be pointed elsewhere.

Brian
FC Urban",,,,
Hearthstone Investments,,Financial institution,EC4V 4EG,"SUITE 2.06, BRIDGE HOUSE, LONDON",24/09/2007,GROUP,66300 - Fund management activities | 70100 - Activities of head offices,Borough Academy,19,postcode district,,,,,,"Hi {First} - I'm Brian from FC Urban. We run social football at Borough Academy, a 19-min walk from Hearthstone Investments. Looking for someone inside the team up for starting an after-work game - we handle pitch, payments and organising. Open to a quick chat?",261,"Thanks for connecting, {First}.

Quick one - we run social football games at Borough Academy, about 19 minutes' walk from your office. A few City firms use them as an easy after-work thing for colleagues: we sort the pitch, the payments and the organising, and can top the group up with our own players if numbers are short.

Is there someone at Hearthstone Investments who looks after wellbeing or staff socials I should be speaking to? Happy to be pointed elsewhere.

Brian
FC Urban",,,,
Helios Towers,,Financial institution,EC2N 4BQ,"LEVEL 21 8, LONDON",01/08/2019,GROUP,64209 - Activities of other holding companies n.e.c.,Whitechapel,26,exact postcode,,,,,,"Hi {First} - I'm Brian from FC Urban. We run social football at Whitechapel, a 26-min walk from Helios Towers. Looking for someone inside the team up for starting an after-work game - we handle pitch, payments and organising. Open to a quick chat?",247,"Thanks for connecting, {First}.

Quick one - we run social football games at Whitechapel, about 26 minutes' walk from your office. A few City firms use them as an easy after-work thing for colleagues: we sort the pitch, the payments and the organising, and can top the group up with our own players if numbers are short.

Is there someone at Helios Towers who looks after wellbeing or staff socials I should be speaking to? Happy to be pointed elsewhere.

Brian
FC Urban",,,,
Herald Investment Management,,Financial institution,EC1M 6EE,10-11 CHARTERHOUSE SQUARE,01/12/1993,FULL,66300 - Fund management activities,Old St - Moreland Primary School,13,postcode district,,,,,,"Hi {First} - I'm Brian from FC Urban. We run social football at Old St - Moreland Primary School, a 13-min walk from Herald Investment Management. Looking for someone inside the team up for starting an after-work game - we handle pitch, payments and organising. Open to a quick chat?",283,"Thanks for connecting, {First}.

Quick one - we run social football games at Old St - Moreland Primary School, about 13 minutes' walk from your office. A few City firms use them as an easy after-work thing for colleagues: we sort the pitch, the payments and the organising, and can top the group up with our own players if numbers are short.

Is there someone at Herald Investment Management who looks after wellbeing or staff socials I should be speaking to? Happy to be pointed elsewhere.

Brian
FC Urban",,,,
Hermes Alternative Investment Management,,Financial institution,EC2V 6ET,"SIXTH FLOOR, 150, LONDON",06/01/1995,FULL,64999 - Financial intermediation not elsewhere classified,Borough Academy,23,postcode district,,,,,,"Hi {First} - I'm Brian from FC Urban. We run social football at Borough Academy, a 23-min walk from Hermes Alternative Investment Management. Looking for someone inside the team up for starting an after-work game - we handle pitch, payments and organising. Open to a quick chat?",278,"Thanks for connecting, {First}.

Quick one - we run social football games at Borough Academy, about 23 minutes' walk from your office. A few City firms use them as an easy after-work thing for colleagues: we sort the pitch, the payments and the organising, and can top the group up with our own players if numbers are short.

Is there someone at Hermes Alternative Investment Management who looks after wellbeing or staff socials I should be speaking to? Happy to be pointed elsewhere.

Brian
FC Urban",,,,
Hermes Investment Management,,Financial institution,EC2V 6ET,"SIXTH FLOOR, 150, LONDON",01/02/1990,FULL,64999 - Financial intermediation not elsewhere classified,Borough Academy,23,postcode district,,,,,,"Hi {First} - I'm Brian from FC Urban. We run social football at Borough Academy, a 23-min walk from Hermes Investment Management. Looking for someone inside the team up for starting an after-work game - we handle pitch, payments and organising. Open to a quick chat?",266,"Thanks for connecting, {First}.

Quick one - we run social football games at Borough Academy, about 23 minutes' walk from your office. A few City firms use them as an easy after-work thing for colleagues: we sort the pitch, the payments and the organising, and can top the group up with our own players if numbers are short.

Is there someone at Hermes Investment Management who looks after wellbeing or staff socials I should be speaking to? Happy to be pointed elsewhere.

Brian
FC Urban",,,,
Hexagon Midco 1,,Financial institution,EC2R 8DD,"BECKET HOUSE, 5TH FLOOR, 36 OLD JEWRY, LONDON",25/10/2021,FULL,64209 - Activities of other holding companies n.e.c.,Old St - Moreland Primary School,25,postcode district,,,,,,"Hi {First} - I'm Brian from FC Urban. We run social football at Old St - Moreland Primary School, a 25-min walk from Hexagon Midco 1. Looking for someone inside the team up for starting an after-work game - we handle pitch, payments and organising. Open to a quick chat?",270,"Thanks for connecting, {First}.

Quick one - we run social football games at Old St - Moreland Primary School, about 25 minutes' walk from your office. A few City firms use them as an easy after-work thing for colleagues: we sort the pitch, the payments and the organising, and can top the group up with our own players if numbers are short.

Is there someone at Hexagon Midco 1 who looks after wellbeing or staff socials I should be speaking to? Happy to be pointed elsewhere.

Brian
FC Urban",,,,
Hexagon Midco 2,,Financial institution,EC2R 8DD,"BECKET HOUSE, 5TH FLOOR, 36 OLD JEWRY, LONDON",25/10/2021,FULL,64209 - Activities of other holding companies n.e.c.,Old St - Moreland Primary School,25,postcode district,,,,,,"Hi {First} - I'm Brian from FC Urban. We run social football at Old St - Moreland Primary School, a 25-min walk from Hexagon Midco 2. Looking for someone inside the team up for starting an after-work game - we handle pitch, payments and organising. Open to a quick chat?",270,"Thanks for connecting, {First}.

Quick one - we run social football games at Old St - Moreland Primary School, about 25 minutes' walk from your office. A few City firms use them as an easy after-work thing for colleagues: we sort the pitch, the payments and the organising, and can top the group up with our own players if numbers are short.

Is there someone at Hexagon Midco 2 who looks after wellbeing or staff socials I should be speaking to? Happy to be pointed elsewhere.

Brian
FC Urban",,,,
Hexagon Topco,,Financial institution,EC2R 8DD,"BECKET HOUSE, 5TH FLOOR, 36 OLD JEWRY, LONDON",25/10/2021,GROUP,64209 - Activities of other holding companies n.e.c.,Old St - Moreland Primary School,25,postcode district,,,,,,"Hi {First} - I'm Brian from FC Urban. We run social football at Old St - Moreland Primary School, a 25-min walk from Hexagon Topco. Looking for someone inside the team up for starting an after-work game - we handle pitch, payments and organising. Open to a quick chat?",268,"Thanks for connecting, {First}.

Quick one - we run social football games at Old St - Moreland Primary School, about 25 minutes' walk from your office. A few City firms use them as an easy after-work thing for colleagues: we sort the pitch, the payments and the organising, and can top the group up with our own players if numbers are short.

Is there someone at Hexagon Topco who looks after wellbeing or staff socials I should be speaking to? Happy to be pointed elsewhere.

Brian
FC Urban",,,,
Hh Global Finance Holdings,,Financial institution,EC2N 4AY,"12TH FLOOR HERON TOWER, LONDON",17/01/2020,FULL,64209 - Activities of other holding companies n.e.c.,Whitechapel,24,exact postcode,,,,,,"Hi {First} - I'm Brian from FC Urban. We run social football at Whitechapel, a 24-min walk from Hh Global Finance Holdings. Looking for someone inside the team up for starting an after-work game - we handle pitch, payments and organising. Open to a quick chat?",260,"Thanks for connecting, {First}.

Quick one - we run social football games at Whitechapel, about 24 minutes' walk from your office. A few City firms use them as an easy after-work thing for colleagues: we sort the pitch, the payments and the organising, and can top the group up with our own players if numbers are short.

Is there someone at Hh Global Finance Holdings who looks after wellbeing or staff socials I should be speaking to? Happy to be pointed elsewhere.

Brian
FC Urban",,,,
Hh Global Finance,,Financial institution,EC2N 4AY,"12TH FLOOR HERON TOWER, LONDON",20/01/2020,GROUP,64209 - Activities of other holding companies n.e.c.,Whitechapel,24,exact postcode,,,,,,"Hi {First} - I'm Brian from FC Urban. We run social football at Whitechapel, a 24-min walk from Hh Global Finance. Looking for someone inside the team up for starting an after-work game - we handle pitch, payments and organising. Open to a quick chat?",251,"Thanks for connecting, {First}.

Quick one - we run social football games at Whitechapel, about 24 minutes' walk from your office. A few City firms use them as an easy after-work thing for colleagues: we sort the pitch, the payments and the organising, and can top the group up with our own players if numbers are short.

Is there someone at Hh Global Finance who looks after wellbeing or staff socials I should be speaking to? Happy to be pointed elsewhere.

Brian
FC Urban",,,,
Hicl Infrastructure,,Financial institution,EC1A 7BL,"ONE BARTHOLOMEW CLOSE, LONDON",21/12/2018,FULL,64301 - Activities of investment trusts,Old St - Moreland Primary School,18,postcode district,,,,,,"Hi {First} - I'm Brian from FC Urban. We run social football at Old St - Moreland Primary School, a 18-min walk from Hicl Infrastructure. Looking for someone inside the team up for starting an after-work game - we handle pitch, payments and organising. Open to a quick chat?",274,"Thanks for connecting, {First}.

Quick one - we run social football games at Old St - Moreland Primary School, about 18 minutes' walk from your office. A few City firms use them as an easy after-work thing for colleagues: we sort the pitch, the payments and the organising, and can top the group up with our own players if numbers are short.

Is there someone at Hicl Infrastructure who looks after wellbeing or staff socials I should be speaking to? Happy to be pointed elsewhere.

Brian
FC Urban",,,,
Himl Holdings,,Financial institution,EC1M 6EE,10-11 CHARTERHOUSE SQUARE,13/10/2004,GROUP,64205 - Activities of financial services holding companies | 64209 - Activities of other holding companies n.e.c.,Old St - Moreland Primary School,13,postcode district,,,,,,"Hi {First} - I'm Brian from FC Urban. We run social football at Old St - Moreland Primary School, a 13-min walk from Himl Holdings. Looking for someone inside the team up for starting an after-work game - we handle pitch, payments and organising. Open to a quick chat?",268,"Thanks for connecting, {First}.

Quick one - we run social football games at Old St - Moreland Primary School, about 13 minutes' walk from your office. A few City firms use them as an easy after-work thing for colleagues: we sort the pitch, the payments and the organising, and can top the group up with our own players if numbers are short.

Is there someone at Himl Holdings who looks after wellbeing or staff socials I should be speaking to? Happy to be pointed elsewhere.

Brian
FC Urban",,,,
Hitachi Rail Gts Holding,,Financial institution,EC4M 7AW,"7TH FLOOR, ONE NEW LUDGATE, LONDON",21/01/2022,FULL,62020 - Information technology consultancy activities | 64209 - Activities of other holding companies n.e.c.,Borough Academy,22,postcode district,,,,,,"Hi {First} - I'm Brian from FC Urban. We run social football at Borough Academy, a 22-min walk from Hitachi Rail Gts Holding. Looking for someone inside the team up for starting an after-work game - we handle pitch, payments and organising. Open to a quick chat?",262,"Thanks for connecting, {First}.

Quick one - we run social football games at Borough Academy, about 22 minutes' walk from your office. A few City firms use them as an easy after-work thing for colleagues: we sort the pitch, the payments and the organising, and can top the group up with our own players if numbers are short.

Is there someone at Hitachi Rail Gts Holding who looks after wellbeing or staff socials I should be speaking to? Happy to be pointed elsewhere.

Brian
FC Urban",,,,
Hogan Lovells Cadwalader (Holdings) No. 2,,Financial institution,EC1A 2DY,21 HOLBORN VIADUCT,30/04/2007,FULL,64209 - Activities of other holding companies n.e.c.,Old St - Moreland Primary School,18,postcode district,,,,,,"Hi {First} - I'm Brian from FC Urban. We run social football at Old St - Moreland Primary School, a 18-min walk from Hogan Lovells Cadwalader (Holdings) No. 2. Looking for someone inside the team up for starting an after-work game - we handle pitch, payments and organising. Open to a quick chat?",296,"Thanks for connecting, {First}.

Quick one - we run social football games at Old St - Moreland Primary School, about 18 minutes' walk from your office. A few City firms use them as an easy after-work thing for colleagues: we sort the pitch, the payments and the organising, and can top the group up with our own players if numbers are short.

Is there someone at Hogan Lovells Cadwalader (Holdings) No. 2 who looks after wellbeing or staff socials I should be speaking to? Happy to be pointed elsewhere.

Brian
FC Urban",,,,
Hokodo,,Financial institution,EC2A 3JF,"RIVINGTON HOUSE, LONDON",20/02/2018,GROUP,62012 - Business and domestic software development | 64999 - Financial intermediation not elsewhere classified | 66220 - Activities of insurance agents and brokers,Whitechapel,15,exact postcode,,,,,,"Hi {First} - I'm Brian from FC Urban. We run social football at Whitechapel, a 15-min walk from Hokodo. Looking for someone inside the team up for starting an after-work game - we handle pitch, payments and organising. Open to a quick chat?",240,"Thanks for connecting, {First}.

Quick one - we run social football games at Whitechapel, about 15 minutes' walk from your office. A few City firms use them as an easy after-work thing for colleagues: we sort the pitch, the payments and the organising, and can top the group up with our own players if numbers are short.

Is there someone at Hokodo who looks after wellbeing or staff socials I should be speaking to? Happy to be pointed elsewhere.

Brian
FC Urban",,,,
Housing Growth Partnership,,Financial institution,EC2V 7HN,"C/O LLOYDS BANKING GROUP PLC, LONDON",23/03/2015,FULL,64999 - Financial intermediation not elsewhere classified,Borough Academy,23,postcode district,,,,,,"Hi {First} - I'm Brian from FC Urban. We run social football at Borough Academy, a 23-min walk from Housing Growth Partnership. Looking for someone inside the team up for starting an after-work game - we handle pitch, payments and organising. Open to a quick chat?",264,"Thanks for connecting, {First}.

Quick one - we run social football games at Borough Academy, about 23 minutes' walk from your office. A few City firms use them as an easy after-work thing for colleagues: we sort the pitch, the payments and the organising, and can top the group up with our own players if numbers are short.

Is there someone at Housing Growth Partnership who looks after wellbeing or staff socials I should be speaking to? Happy to be pointed elsewhere.

Brian
FC Urban",,,,
Housing Growth Partnership Manager,,Financial institution,EC2V 7HN,"C/O LLOYDS BANKING GROUP PLC, LONDON",24/03/2015,FULL,64999 - Financial intermediation not elsewhere classified,Borough Academy,23,postcode district,,,,,,"Hi {First} - I'm Brian from FC Urban. We run social football at Borough Academy, a 23-min walk from Housing Growth Partnership Manager. Looking for someone inside the team up for starting an after-work game - we handle pitch, payments and organising. Open to a quick chat?",272,"Thanks for connecting, {First}.

Quick one - we run social football games at Borough Academy, about 23 minutes' walk from your office. A few City firms use them as an easy after-work thing for colleagues: we sort the pitch, the payments and the organising, and can top the group up with our own players if numbers are short.

Is there someone at Housing Growth Partnership Manager who looks after wellbeing or staff socials I should be speaking to? Happy to be pointed elsewhere.

Brian
FC Urban",,,,
Hsbc Innovation Bank,,Financial institution,EC2A 1BR,"ALPHABETA, LONDON",03/04/2020,FULL,64191 - Banks,Shoreditch Rooftop,17,postcode district,,,,,,"Hi {First} - I'm Brian from FC Urban. We run social football at Shoreditch Rooftop, a 17-min walk from Hsbc Innovation Bank. Looking for someone inside the team up for starting an after-work game - we handle pitch, payments and organising. Open to a quick chat?",261,"Thanks for connecting, {First}.

Quick one - we run social football games at Shoreditch Rooftop, about 17 minutes' walk from your office. A few City firms use them as an easy after-work thing for colleagues: we sort the pitch, the payments and the organising, and can top the group up with our own players if numbers are short.

Is there someone at Hsbc Innovation Bank who looks after wellbeing or staff socials I should be speaking to? Happy to be pointed elsewhere.

Brian
FC Urban",,,,
Hume Brophy Holdings,,Financial institution,EC4R 9AD,"55 KING WILLIAM STREET, LONDON",15/12/2022,GROUP,64209 - Activities of other holding companies n.e.c. | 70229 - Management consultancy activities other than financial management,Borough Academy,18,postcode district,,,,,,"Hi {First} - I'm Brian from FC Urban. We run social football at Borough Academy, a 18-min walk from Hume Brophy Holdings. Looking for someone inside the team up for starting an after-work game - we handle pitch, payments and organising. Open to a quick chat?",258,"Thanks for connecting, {First}.

Quick one - we run social football games at Borough Academy, about 18 minutes' walk from your office. A few City firms use them as an easy after-work thing for colleagues: we sort the pitch, the payments and the organising, and can top the group up with our own players if numbers are short.

Is there someone at Hume Brophy Holdings who looks after wellbeing or staff socials I should be speaking to? Happy to be pointed elsewhere.

Brian
FC Urban",,,,
Ibanfirst,,Financial institution,EC2V 6DN,"6TH FLOOR, 107, LONDON",29/05/2007,FULL,64999 - Financial intermediation not elsewhere classified,Borough Academy,23,exact postcode,,,,,,"Hi {First} - I'm Brian from FC Urban. We run social football at Borough Academy, a 23-min walk from Ibanfirst. Looking for someone inside the team up for starting an after-work game - we handle pitch, payments and organising. Open to a quick chat?",247,"Thanks for connecting, {First}.

Quick one - we run social football games at Borough Academy, about 23 minutes' walk from your office. A few City firms use them as an easy after-work thing for colleagues: we sort the pitch, the payments and the organising, and can top the group up with our own players if numbers are short.

Is there someone at Ibanfirst who looks after wellbeing or staff socials I should be speaking to? Happy to be pointed elsewhere.

Brian
FC Urban",,,,
Icbc (London),,Financial institution,EC4N 7BG,"81 KING WILLIAM STREET, LONDON",03/10/2002,FULL,64191 - Banks | 64991 - Security dealing on own account,Borough Academy,22,postcode district,,,,,,"Hi {First} - I'm Brian from FC Urban. We run social football at Borough Academy, a 22-min walk from Icbc (London). Looking for someone inside the team up for starting an after-work game - we handle pitch, payments and organising. Open to a quick chat?",251,"Thanks for connecting, {First}.

Quick one - we run social football games at Borough Academy, about 22 minutes' walk from your office. A few City firms use them as an easy after-work thing for colleagues: we sort the pitch, the payments and the organising, and can top the group up with our own players if numbers are short.

Is there someone at Icbc (London) who looks after wellbeing or staff socials I should be speaking to? Happy to be pointed elsewhere.

Brian
FC Urban",,,,
Icbc Standard Bank,,Financial institution,EC2V 7JE,"20 GRESHAM STREET, LONDON",11/05/1987,GROUP,64191 - Banks,Old St - Moreland Primary School,24,exact postcode,,,,,,"Hi {First} - I'm Brian from FC Urban. We run social football at Old St - Moreland Primary School, a 24-min walk from Icbc Standard Bank. Looking for someone inside the team up for starting an after-work game - we handle pitch, payments and organising. Open to a quick chat?",273,"Thanks for connecting, {First}.

Quick one - we run social football games at Old St - Moreland Primary School, about 24 minutes' walk from your office. A few City firms use them as an easy after-work thing for colleagues: we sort the pitch, the payments and the organising, and can top the group up with our own players if numbers are short.

Is there someone at Icbc Standard Bank who looks after wellbeing or staff socials I should be speaking to? Happy to be pointed elsewhere.

Brian
FC Urban",,,,
Ice Holdco,,Financial institution,EC1V 9NR,"14TH FLOOR, THE BOWER, LONDON",26/10/2022,FULL,64209 - Activities of other holding companies n.e.c.,Shoreditch Rooftop,16,exact postcode,,,,,,"Hi {First} - I'm Brian from FC Urban. We run social football at Shoreditch Rooftop, a 16-min walk from Ice Holdco. Looking for someone inside the team up for starting an after-work game - we handle pitch, payments and organising. Open to a quick chat?",251,"Thanks for connecting, {First}.

Quick one - we run social football games at Shoreditch Rooftop, about 16 minutes' walk from your office. A few City firms use them as an easy after-work thing for colleagues: we sort the pitch, the payments and the organising, and can top the group up with our own players if numbers are short.

Is there someone at Ice Holdco who looks after wellbeing or staff socials I should be speaking to? Happy to be pointed elsewhere.

Brian
FC Urban",,,,
Ice Midco,,Financial institution,EC1V 9NR,"14TH FLOOR, THE BOWER, LONDON",26/10/2022,GROUP,64209 - Activities of other holding companies n.e.c.,Shoreditch Rooftop,16,exact postcode,,,,,,"Hi {First} - I'm Brian from FC Urban. We run social football at Shoreditch Rooftop, a 16-min walk from Ice Midco. Looking for someone inside the team up for starting an after-work game - we handle pitch, payments and organising. Open to a quick chat?",250,"Thanks for connecting, {First}.

Quick one - we run social football games at Shoreditch Rooftop, about 16 minutes' walk from your office. A few City firms use them as an easy after-work thing for colleagues: we sort the pitch, the payments and the organising, and can top the group up with our own players if numbers are short.

Is there someone at Ice Midco who looks after wellbeing or staff socials I should be speaking to? Happy to be pointed elsewhere.

Brian
FC Urban",,,,
Ice Topco,,Financial institution,EC1V 9NR,"14TH FLOOR, THE BOWER, LONDON",26/10/2022,GROUP,64209 - Activities of other holding companies n.e.c.,Shoreditch Rooftop,16,exact postcode,,,,,,"Hi {First} - I'm Brian from FC Urban. We run social football at Shoreditch Rooftop, a 16-min walk from Ice Topco. Looking for someone inside the team up for starting an after-work game - we handle pitch, payments and organising. Open to a quick chat?",250,"Thanks for connecting, {First}.

Quick one - we run social football games at Shoreditch Rooftop, about 16 minutes' walk from your office. A few City firms use them as an easy after-work thing for colleagues: we sort the pitch, the payments and the organising, and can top the group up with our own players if numbers are short.

Is there someone at Ice Topco who looks after wellbeing or staff socials I should be speaking to? Happy to be pointed elsewhere.

Brian
FC Urban",,,,
Idealing.Com,,Financial institution,EC1Y 0TH,"SUITE A, LONDON",01/03/1999,FULL,66120 - Security and commodity contracts dealing activities,Old St - Moreland Primary School,14,postcode district,,,,,,"Hi {First} - I'm Brian from FC Urban. We run social football at Old St - Moreland Primary School, a 14-min walk from Idealing.Com. Looking for someone inside the team up for starting an after-work game - we handle pitch, payments and organising. Open to a quick chat?",267,"Thanks for connecting, {First}.

Quick one - we run social football games at Old St - Moreland Primary School, about 14 minutes' walk from your office. A few City firms use them as an easy after-work thing for colleagues: we sort the pitch, the payments and the organising, and can top the group up with our own players if numbers are short.

Is there someone at Idealing.Com who looks after wellbeing or staff socials I should be speaking to? Happy to be pointed elsewhere.

Brian
FC Urban",,,,
Ifx (Uk),,Financial institution,EC4V 6RN,"THE CARTER, LONDON",12/04/2005,GROUP,62012 - Business and domestic software development | 64999 - Financial intermediation not elsewhere classified,Borough Academy,19,postcode district,,,,,,"Hi {First} - I'm Brian from FC Urban. We run social football at Borough Academy, a 19-min walk from Ifx (Uk). Looking for someone inside the team up for starting an after-work game - we handle pitch, payments and organising. Open to a quick chat?",246,"Thanks for connecting, {First}.

Quick one - we run social football games at Borough Academy, about 19 minutes' walk from your office. A few City firms use them as an easy after-work thing for colleagues: we sort the pitch, the payments and the organising, and can top the group up with our own players if numbers are short.

Is there someone at Ifx (Uk) who looks after wellbeing or staff socials I should be speaking to? Happy to be pointed elsewhere.

Brian
FC Urban",,,,
Imagine Mortgages,,Financial institution,EC1Y 8AF,"WHITE COLLAR FACTORY 1 OLD STREET YARD, LONDON",16/07/2018,GROUP,64922 - Activities of mortgage finance companies,Old St - Moreland Primary School,13,exact postcode,,,,,,"Hi {First} - I'm Brian from FC Urban. We run social football at Old St - Moreland Primary School, a 13-min walk from Imagine Mortgages. Looking for someone inside the team up for starting an after-work game - we handle pitch, payments and organising. Open to a quick chat?",272,"Thanks for connecting, {First}.

Quick one - we run social football games at Old St - Moreland Primary School, about 13 minutes' walk from your office. A few City firms use them as an easy after-work thing for colleagues: we sort the pitch, the payments and the organising, and can top the group up with our own players if numbers are short.

Is there someone at Imagine Mortgages who looks after wellbeing or staff socials I should be speaking to? Happy to be pointed elsewhere.

Brian
FC Urban",,,,
Impact Finance 5,,Financial institution,EC3M 7AF,"THE SCALPEL 18TH FLOOR,, LONDON",16/11/2021,FULL,64209 - Activities of other holding companies n.e.c.,Whitechapel,24,exact postcode,,,,,,"Hi {First} - I'm Brian from FC Urban. We run social football at Whitechapel, a 24-min walk from Impact Finance 5. Looking for someone inside the team up for starting an after-work game - we handle pitch, payments and organising. Open to a quick chat?",250,"Thanks for connecting, {First}.

Quick one - we run social football games at Whitechapel, about 24 minutes' walk from your office. A few City firms use them as an easy after-work thing for colleagues: we sort the pitch, the payments and the organising, and can top the group up with our own players if numbers are short.

Is there someone at Impact Finance 5 who looks after wellbeing or staff socials I should be speaking to? Happy to be pointed elsewhere.

Brian
FC Urban",,,,
Impact Holdco 5,,Financial institution,EC3M 7AF,"THE SCALPEL ,18TH FLOOR, LONDON",18/11/2021,FULL,64209 - Activities of other holding companies n.e.c.,Whitechapel,24,exact postcode,,,,,,"Hi {First} - I'm Brian from FC Urban. We run social football at Whitechapel, a 24-min walk from Impact Holdco 5. Looking for someone inside the team up for starting an after-work game - we handle pitch, payments and organising. Open to a quick chat?",249,"Thanks for connecting, {First}.

Quick one - we run social football games at Whitechapel, about 24 minutes' walk from your office. A few City firms use them as an easy after-work thing for colleagues: we sort the pitch, the payments and the organising, and can top the group up with our own players if numbers are short.

Is there someone at Impact Holdco 5 who looks after wellbeing or staff socials I should be speaking to? Happy to be pointed elsewhere.

Brian
FC Urban",,,,
Impact Property 5,,Financial institution,EC3M 7AF,"THE SCALPEL, LONDON",03/12/2019,FULL,64209 - Activities of other holding companies n.e.c.,Whitechapel,24,exact postcode,,,,,,"Hi {First} - I'm Brian from FC Urban. We run social football at Whitechapel, a 24-min walk from Impact Property 5. Looking for someone inside the team up for starting an after-work game - we handle pitch, payments and organising. Open to a quick chat?",251,"Thanks for connecting, {First}.

Quick one - we run social football games at Whitechapel, about 24 minutes' walk from your office. A few City firms use them as an easy after-work thing for colleagues: we sort the pitch, the payments and the organising, and can top the group up with our own players if numbers are short.

Is there someone at Impact Property 5 who looks after wellbeing or staff socials I should be speaking to? Happy to be pointed elsewhere.

Brian
FC Urban",,,,
Impala Group Bidco,,Financial institution,EC2A 4DN,"15 BONHILL STREET, LONDON",13/01/2021,FULL,64209 - Activities of other holding companies n.e.c.,Old St - Moreland Primary School,17,exact postcode,,,,,,"Hi {First} - I'm Brian from FC Urban. We run social football at Old St - Moreland Primary School, a 17-min walk from Impala Group Bidco. Looking for someone inside the team up for starting an after-work game - we handle pitch, payments and organising. Open to a quick chat?",273,"Thanks for connecting, {First}.

Quick one - we run social football games at Old St - Moreland Primary School, about 17 minutes' walk from your office. A few City firms use them as an easy after-work thing for colleagues: we sort the pitch, the payments and the organising, and can top the group up with our own players if numbers are short.

Is there someone at Impala Group Bidco who looks after wellbeing or staff socials I should be speaking to? Happy to be pointed elsewhere.

Brian
FC Urban",,,,
Impala Group Midco,,Financial institution,EC2A 4DN,"15 BONHILL STREET, LONDON",22/01/2021,FULL,64209 - Activities of other holding companies n.e.c.,Old St - Moreland Primary School,17,exact postcode,,,,,,"Hi {First} - I'm Brian from FC Urban. We run social football at Old St - Moreland Primary School, a 17-min walk from Impala Group Midco. Looking for someone inside the team up for starting an after-work game - we handle pitch, payments and organising. Open to a quick chat?",273,"Thanks for connecting, {First}.

Quick one - we run social football games at Old St - Moreland Primary School, about 17 minutes' walk from your office. A few City firms use them as an easy after-work thing for colleagues: we sort the pitch, the payments and the organising, and can top the group up with our own players if numbers are short.

Is there someone at Impala Group Midco who looks after wellbeing or staff socials I should be speaking to? Happy to be pointed elsewhere.

Brian
FC Urban",,,,
Indemnity & Guarantee,,Financial institution,EC2N 4AY,"HERON TOWER, LONDON",03/04/2013,FULL,64922 - Activities of mortgage finance companies,Whitechapel,24,exact postcode,,,,,,"Hi {First} - I'm Brian from FC Urban. We run social football at Whitechapel, a 24-min walk from Indemnity & Guarantee. Looking for someone inside the team up for starting an after-work game - we handle pitch, payments and organising. Open to a quick chat?",255,"Thanks for connecting, {First}.

Quick one - we run social football games at Whitechapel, about 24 minutes' walk from your office. A few City firms use them as an easy after-work thing for colleagues: we sort the pitch, the payments and the organising, and can top the group up with our own players if numbers are short.

Is there someone at Indemnity & Guarantee who looks after wellbeing or staff socials I should be speaking to? Happy to be pointed elsewhere.

Brian
FC Urban",,,,
India Infrastructure Finance Company (Uk),,Financial institution,EC4N 7HR,"THIRD FLOOR 72, LONDON",07/02/2008,FULL,64921 - Credit granting by non-deposit taking finance houses and other specialist consumer credit grantors,Borough Academy,22,exact postcode,,,,,,"Hi {First} - I'm Brian from FC Urban. We run social football at Borough Academy, a 22-min walk from India Infrastructure Finance Company (Uk). Looking for someone inside the team up for starting an after-work game - we handle pitch, payments and organising. Open to a quick chat?",279,"Thanks for connecting, {First}.

Quick one - we run social football games at Borough Academy, about 22 minutes' walk from your office. A few City firms use them as an easy after-work thing for colleagues: we sort the pitch, the payments and the organising, and can top the group up with our own players if numbers are short.

Is there someone at India Infrastructure Finance Company (Uk) who looks after wellbeing or staff socials I should be speaking to? Happy to be pointed elsewhere.

Brian
FC Urban",,,,
Infinigate Hld Uk,,Financial institution,EC2A 4BX,"FIRST FLOOR,, LONDON",10/05/2022,FULL,64209 - Activities of other holding companies n.e.c.,Old St - Moreland Primary School,18,exact postcode,,,,,,"Hi {First} - I'm Brian from FC Urban. We run social football at Old St - Moreland Primary School, a 18-min walk from Infinigate Hld Uk. Looking for someone inside the team up for starting an after-work game - we handle pitch, payments and organising. Open to a quick chat?",272,"Thanks for connecting, {First}.

Quick one - we run social football games at Old St - Moreland Primary School, about 18 minutes' walk from your office. A few City firms use them as an easy after-work thing for colleagues: we sort the pitch, the payments and the organising, and can top the group up with our own players if numbers are short.

Is there someone at Infinigate Hld Uk who looks after wellbeing or staff socials I should be speaking to? Happy to be pointed elsewhere.

Brian
FC Urban",,,,
Infinity Capital Markets,,Financial institution,EC2R 5BJ,"80 COLEMAN STREET 1ST FLOOR LONDON, LONDON",10/03/2003,FULL,64991 - Security dealing on own account,Old St - Moreland Primary School,23,exact postcode,,,,,,"Hi {First} - I'm Brian from FC Urban. We run social football at Old St - Moreland Primary School, a 23-min walk from Infinity Capital Markets. Looking for someone inside the team up for starting an after-work game - we handle pitch, payments and organising. Open to a quick chat?",279,"Thanks for connecting, {First}.

Quick one - we run social football games at Old St - Moreland Primary School, about 23 minutes' walk from your office. A few City firms use them as an easy after-work thing for colleagues: we sort the pitch, the payments and the organising, and can top the group up with our own players if numbers are short.

Is there someone at Infinity Capital Markets who looks after wellbeing or staff socials I should be speaking to? Happy to be pointed elsewhere.

Brian
FC Urban",,,,
Infinox Capital,,Financial institution,EC1A 7BN,"90 BARTHOLOMEW CLOSE, LONDON",21/03/2009,FULL,64999 - Financial intermediation not elsewhere classified,Old St - Moreland Primary School,19,exact postcode,,,,,,"Hi {First} - I'm Brian from FC Urban. We run social football at Old St - Moreland Primary School, a 19-min walk from Infinox Capital. Looking for someone inside the team up for starting an after-work game - we handle pitch, payments and organising. Open to a quick chat?",270,"Thanks for connecting, {First}.

Quick one - we run social football games at Old St - Moreland Primary School, about 19 minutes' walk from your office. A few City firms use them as an easy after-work thing for colleagues: we sort the pitch, the payments and the organising, and can top the group up with our own players if numbers are short.

Is there someone at Infinox Capital who looks after wellbeing or staff socials I should be speaking to? Happy to be pointed elsewhere.

Brian
FC Urban",,,,
Infopro Digital Holding (Uk),,Financial institution,EC3A 7BX,"FIFTH FLOOR, 133, LONDON",20/03/2017,FULL,64209 - Activities of other holding companies n.e.c.,Whitechapel,22,postcode district,,,,,,"Hi {First} - I'm Brian from FC Urban. We run social football at Whitechapel, a 22-min walk from Infopro Digital Holding (Uk). Looking for someone inside the team up for starting an after-work game - we handle pitch, payments and organising. Open to a quick chat?",262,"Thanks for connecting, {First}.

Quick one - we run social football games at Whitechapel, about 22 minutes' walk from your office. A few City firms use them as an easy after-work thing for colleagues: we sort the pitch, the payments and the organising, and can top the group up with our own players if numbers are short.

Is there someone at Infopro Digital Holding (Uk) who looks after wellbeing or staff socials I should be speaking to? Happy to be pointed elsewhere.

Brian
FC Urban",,,,
Innisfree Canada Isf 2,,Financial institution,EC1M 6HR,"1ST FLOOR BOUNDARY HOUSE, LONDON",08/12/2016,FULL,64301 - Activities of investment trusts,Old St - Moreland Primary School,13,postcode district,,,,,,"Hi {First} - I'm Brian from FC Urban. We run social football at Old St - Moreland Primary School, a 13-min walk from Innisfree Canada Isf 2. Looking for someone inside the team up for starting an after-work game - we handle pitch, payments and organising. Open to a quick chat?",277,"Thanks for connecting, {First}.

Quick one - we run social football games at Old St - Moreland Primary School, about 13 minutes' walk from your office. A few City firms use them as an easy after-work thing for colleagues: we sort the pitch, the payments and the organising, and can top the group up with our own players if numbers are short.

Is there someone at Innisfree Canada Isf 2 who looks after wellbeing or staff socials I should be speaking to? Happy to be pointed elsewhere.

Brian
FC Urban",,,,
Innisfree Canada Isf,,Financial institution,EC1M 6HR,"1ST FLOOR BOUNDARY HOUSE, LONDON",08/12/2016,FULL,64301 - Activities of investment trusts,Old St - Moreland Primary School,13,postcode district,,,,,,"Hi {First} - I'm Brian from FC Urban. We run social football at Old St - Moreland Primary School, a 13-min walk from Innisfree Canada Isf. Looking for someone inside the team up for starting an after-work game - we handle pitch, payments and organising. Open to a quick chat?",275,"Thanks for connecting, {First}.

Quick one - we run social football games at Old St - Moreland Primary School, about 13 minutes' walk from your office. A few City firms use them as an easy after-work thing for colleagues: we sort the pitch, the payments and the organising, and can top the group up with our own players if numbers are short.

Is there someone at Innisfree Canada Isf who looks after wellbeing or staff socials I should be speaking to? Happy to be pointed elsewhere.

Brian
FC Urban",,,,
Innisfree Europe F2C,,Financial institution,EC1M 6HR,"1ST FLOOR BOUNDARY HOUSE, LONDON",28/04/2017,FULL,64301 - Activities of investment trusts,Old St - Moreland Primary School,13,postcode district,,,,,,"Hi {First} - I'm Brian from FC Urban. We run social football at Old St - Moreland Primary School, a 13-min walk from Innisfree Europe F2C. Looking for someone inside the team up for starting an after-work game - we handle pitch, payments and organising. Open to a quick chat?",275,"Thanks for connecting, {First}.

Quick one - we run social football games at Old St - Moreland Primary School, about 13 minutes' walk from your office. A few City firms use them as an easy after-work thing for colleagues: we sort the pitch, the payments and the organising, and can top the group up with our own players if numbers are short.

Is there someone at Innisfree Europe F2C who looks after wellbeing or staff socials I should be speaking to? Happy to be pointed elsewhere.

Brian
FC Urban",,,,
Innisfree,,Financial institution,EC1M 6HR,"FIRST FLOOR, BOUNDARY HOUSE, LONDON",30/03/1995,FULL,66300 - Fund management activities,Old St - Moreland Primary School,13,postcode district,,,,,,"Hi {First} - I'm Brian from FC Urban. We run social football at Old St - Moreland Primary School, a 13-min walk from Innisfree. Looking for someone inside the team up for starting an after-work game - we handle pitch, payments and organising. Open to a quick chat?",264,"Thanks for connecting, {First}.

Quick one - we run social football games at Old St - Moreland Primary School, about 13 minutes' walk from your office. A few City firms use them as an easy after-work thing for colleagues: we sort the pitch, the payments and the organising, and can top the group up with our own players if numbers are short.

Is there someone at Innisfree who looks after wellbeing or staff socials I should be speaking to? Happy to be pointed elsewhere.

Brian
FC Urban",,,,
Insolutions,,Financial institution,EC3R 5BU,1 TOWER PLACE WEST,05/10/1962,FULL,66220 - Activities of insurance agents and brokers,Borough Academy,22,postcode district,,,,,,"Hi {First} - I'm Brian from FC Urban. We run social football at Borough Academy, a 22-min walk from Insolutions. Looking for someone inside the team up for starting an after-work game - we handle pitch, payments and organising. Open to a quick chat?",249,"Thanks for connecting, {First}.

Quick one - we run social football games at Borough Academy, about 22 minutes' walk from your office. A few City firms use them as an easy after-work thing for colleagues: we sort the pitch, the payments and the organising, and can top the group up with our own players if numbers are short.

Is there someone at Insolutions who looks after wellbeing or staff socials I should be speaking to? Happy to be pointed elsewhere.

Brian
FC Urban",,,,
Insurance Holdings,,Financial institution,EC4N 7BE,"MEZZANINE FLOOR, LONDON",24/10/2005,GROUP,65120 - Non-life insurance,Borough Academy,22,postcode district,,,,,,"Hi {First} - I'm Brian from FC Urban. We run social football at Borough Academy, a 22-min walk from Insurance Holdings. Looking for someone inside the team up for starting an after-work game - we handle pitch, payments and organising. Open to a quick chat?",256,"Thanks for connecting, {First}.

Quick one - we run social football games at Borough Academy, about 22 minutes' walk from your office. A few City firms use them as an easy after-work thing for colleagues: we sort the pitch, the payments and the organising, and can top the group up with our own players if numbers are short.

Is there someone at Insurance Holdings who looks after wellbeing or staff socials I should be speaking to? Happy to be pointed elsewhere.

Brian
FC Urban",,,,
Intega Uk Holdings,,Financial institution,EC4V 6BJ,"C/O WORLDWIDE CORPORATE ADVISORS, LONDON",22/05/2019,FULL,64209 - Activities of other holding companies n.e.c.,Borough Academy,19,postcode district,,,,,,"Hi {First} - I'm Brian from FC Urban. We run social football at Borough Academy, a 19-min walk from Intega Uk Holdings. Looking for someone inside the team up for starting an after-work game - we handle pitch, payments and organising. Open to a quick chat?",256,"Thanks for connecting, {First}.

Quick one - we run social football games at Borough Academy, about 19 minutes' walk from your office. A few City firms use them as an easy after-work thing for colleagues: we sort the pitch, the payments and the organising, and can top the group up with our own players if numbers are short.

Is there someone at Intega Uk Holdings who looks after wellbeing or staff socials I should be speaking to? Happy to be pointed elsewhere.

Brian
FC Urban",,,,
Intelligent Lending,,Financial institution,EC1Y 2AS,"WHITE COLLAR FACTORY, LONDON",21/09/2001,FULL,64999 - Financial intermediation not elsewhere classified,Shoreditch Rooftop,18,exact postcode,,,,,,"Hi {First} - I'm Brian from FC Urban. We run social football at Shoreditch Rooftop, a 18-min walk from Intelligent Lending. Looking for someone inside the team up for starting an after-work game - we handle pitch, payments and organising. Open to a quick chat?",260,"Thanks for connecting, {First}.

Quick one - we run social football games at Shoreditch Rooftop, about 18 minutes' walk from your office. A few City firms use them as an easy after-work thing for colleagues: we sort the pitch, the payments and the organising, and can top the group up with our own players if numbers are short.

Is there someone at Intelligent Lending who looks after wellbeing or staff socials I should be speaking to? Happy to be pointed elsewhere.

Brian
FC Urban",,,,
Inter Hannover (No.2),,Financial institution,EC3V 0XL,"5TH FLOOR 70 GRACECHURCH STREET, LONDON",23/07/2019,FULL,65120 - Non-life insurance,Borough Academy,24,exact postcode,,,,,,"Hi {First} - I'm Brian from FC Urban. We run social football at Borough Academy, a 24-min walk from Inter Hannover (No.2). Looking for someone inside the team up for starting an after-work game - we handle pitch, payments and organising. Open to a quick chat?",259,"Thanks for connecting, {First}.

Quick one - we run social football games at Borough Academy, about 24 minutes' walk from your office. A few City firms use them as an easy after-work thing for colleagues: we sort the pitch, the payments and the organising, and can top the group up with our own players if numbers are short.

Is there someone at Inter Hannover (No.2) who looks after wellbeing or staff socials I should be speaking to? Happy to be pointed elsewhere.

Brian
FC Urban",,,,
International General Insurance Company (Uk),,Financial institution,EC3M 3BY,"FLOOR 15, 20, LONDON",05/04/2009,FULL,65120 - Non-life insurance | 65202 - Non-life reinsurance,Borough Academy,24,exact postcode,,,,,,"Hi {First} - I'm Brian from FC Urban. We run social football at Borough Academy, a 24-min walk from International General Insurance Company (Uk). Looking for someone inside the team up for starting an after-work game - we handle pitch, payments and organising. Open to a quick chat?",282,"Thanks for connecting, {First}.

Quick one - we run social football games at Borough Academy, about 24 minutes' walk from your office. A few City firms use them as an easy after-work thing for colleagues: we sort the pitch, the payments and the organising, and can top the group up with our own players if numbers are short.

Is there someone at International General Insurance Company (Uk) who looks after wellbeing or staff socials I should be speaking to? Happy to be pointed elsewhere.

Brian
FC Urban",,,,
International Risk Solutions,,Financial institution,EC3A 5EB,"33 4TH FLOOR, LONDON",20/04/2000,GROUP,65120 - Non-life insurance | 65202 - Non-life reinsurance,Whitechapel,22,postcode district,,,,,,"Hi {First} - I'm Brian from FC Urban. We run social football at Whitechapel, a 22-min walk from International Risk Solutions. Looking for someone inside the team up for starting an after-work game - we handle pitch, payments and organising. Open to a quick chat?",262,"Thanks for connecting, {First}.

Quick one - we run social football games at Whitechapel, about 22 minutes' walk from your office. A few City firms use them as an easy after-work thing for colleagues: we sort the pitch, the payments and the organising, and can top the group up with our own players if numbers are short.

Is there someone at International Risk Solutions who looks after wellbeing or staff socials I should be speaking to? Happy to be pointed elsewhere.

Brian
FC Urban",,,,
Interpath Holdings,,Financial institution,EC4M 7RB,"10 FLEET PLACE, LONDON",11/03/2021,GROUP,64209 - Activities of other holding companies n.e.c.,Borough Academy,22,postcode district,,,,,,"Hi {First} - I'm Brian from FC Urban. We run social football at Borough Academy, a 22-min walk from Interpath Holdings. Looking for someone inside the team up for starting an after-work game - we handle pitch, payments and organising. Open to a quick chat?",256,"Thanks for connecting, {First}.

Quick one - we run social football games at Borough Academy, about 22 minutes' walk from your office. A few City firms use them as an easy after-work thing for colleagues: we sort the pitch, the payments and the organising, and can top the group up with our own players if numbers are short.

Is there someone at Interpath Holdings who looks after wellbeing or staff socials I should be speaking to? Happy to be pointed elsewhere.

Brian
FC Urban",,,,
Intragen International,,Financial institution,EC2M 5SQ,"SALISBURY HOUSE 29 FINSBURY CIRCUS, LONDON",01/05/2019,GROUP,64209 - Activities of other holding companies n.e.c.,Whitechapel,23,postcode district,,,,,,"Hi {First} - I'm Brian from FC Urban. We run social football at Whitechapel, a 23-min walk from Intragen International. Looking for someone inside the team up for starting an after-work game - we handle pitch, payments and organising. Open to a quick chat?",256,"Thanks for connecting, {First}.

Quick one - we run social football games at Whitechapel, about 23 minutes' walk from your office. A few City firms use them as an easy after-work thing for colleagues: we sort the pitch, the payments and the organising, and can top the group up with our own players if numbers are short.

Is there someone at Intragen International who looks after wellbeing or staff socials I should be speaking to? Happy to be pointed elsewhere.

Brian
FC Urban",,,,
Iris Insurance Brokers,,Financial institution,EC3A 8AA,"33 EXCHEQUER COURT, LONDON",15/09/2000,GROUP,65120 - Non-life insurance | 65202 - Non-life reinsurance,Whitechapel,23,exact postcode,,,,,,"Hi {First} - I'm Brian from FC Urban. We run social football at Whitechapel, a 23-min walk from Iris Insurance Brokers. Looking for someone inside the team up for starting an after-work game - we handle pitch, payments and organising. Open to a quick chat?",256,"Thanks for connecting, {First}.

Quick one - we run social football games at Whitechapel, about 23 minutes' walk from your office. A few City firms use them as an easy after-work thing for colleagues: we sort the pitch, the payments and the organising, and can top the group up with our own players if numbers are short.

Is there someone at Iris Insurance Brokers who looks after wellbeing or staff socials I should be speaking to? Happy to be pointed elsewhere.

Brian
FC Urban",,,,
Itau Bba International,,Financial institution,EC2A 2EW,"THE BROADGATE TOWER, LEVEL 10A, LONDON",01/11/2010,GROUP,64191 - Banks,Shoreditch Rooftop,24,exact postcode,,,,,,"Hi {First} - I'm Brian from FC Urban. We run social football at Shoreditch Rooftop, a 24-min walk from Itau Bba International. Looking for someone inside the team up for starting an after-work game - we handle pitch, payments and organising. Open to a quick chat?",263,"Thanks for connecting, {First}.

Quick one - we run social football games at Shoreditch Rooftop, about 24 minutes' walk from your office. A few City firms use them as an easy after-work thing for colleagues: we sort the pitch, the payments and the organising, and can top the group up with our own players if numbers are short.

Is there someone at Itau Bba International who looks after wellbeing or staff socials I should be speaking to? Happy to be pointed elsewhere.

Brian
FC Urban",,,,
Iti Capital,,Financial institution,EC2R 8AY,"38 THREADNEEDLE STREET, LONDON",05/05/1994,FULL,66120 - Security and commodity contracts dealing activities,Whitechapel,27,exact postcode,YES,,,,,"Hi {First} - I'm Brian from FC Urban. We run social football at Whitechapel, a 27-min walk from Iti Capital. Looking for someone inside the team up for starting an after-work game - we handle pitch, payments and organising. Open to a quick chat?",245,"Thanks for connecting, {First}.

Quick one - we run social football games at Whitechapel, about 27 minutes' walk from your office. A few City firms use them as an easy after-work thing for colleagues: we sort the pitch, the payments and the organising, and can top the group up with our own players if numbers are short.

Is there someone at Iti Capital who looks after wellbeing or staff socials I should be speaking to? Happy to be pointed elsewhere.

Brian
FC Urban",,,,
Itochu Treasury Centre Europe,,Financial institution,EC2A 2EW,"20 PRIMROSE STREET, LONDON",16/09/2008,FULL,64999 - Financial intermediation not elsewhere classified,Shoreditch Rooftop,24,exact postcode,,,,,,"Hi {First} - I'm Brian from FC Urban. We run social football at Shoreditch Rooftop, a 24-min walk from Itochu Treasury Centre Europe. Looking for someone inside the team up for starting an after-work game - we handle pitch, payments and organising. Open to a quick chat?",270,"Thanks for connecting, {First}.

Quick one - we run social football games at Shoreditch Rooftop, about 24 minutes' walk from your office. A few City firms use them as an easy after-work thing for colleagues: we sort the pitch, the payments and the organising, and can top the group up with our own players if numbers are short.

Is there someone at Itochu Treasury Centre Europe who looks after wellbeing or staff socials I should be speaking to? Happy to be pointed elsewhere.

Brian
FC Urban",,,,
Itrs Europe Holdings,,Financial institution,EC2A 4DN,"15 BONHILL STREET, LONDON",27/10/2020,FULL,64209 - Activities of other holding companies n.e.c.,Old St - Moreland Primary School,17,exact postcode,,,,,,"Hi {First} - I'm Brian from FC Urban. We run social football at Old St - Moreland Primary School, a 17-min walk from Itrs Europe Holdings. Looking for someone inside the team up for starting an after-work game - we handle pitch, payments and organising. Open to a quick chat?",275,"Thanks for connecting, {First}.

Quick one - we run social football games at Old St - Moreland Primary School, about 17 minutes' walk from your office. A few City firms use them as an easy after-work thing for colleagues: we sort the pitch, the payments and the organising, and can top the group up with our own players if numbers are short.

Is there someone at Itrs Europe Holdings who looks after wellbeing or staff socials I should be speaking to? Happy to be pointed elsewhere.

Brian
FC Urban",,,,
Ixico,,Financial institution,EC1A 9PN,"15 LONG LANE, LONDON",28/11/1995,GROUP,64209 - Activities of other holding companies n.e.c.,Old St - Moreland Primary School,18,postcode district,,,,,,"Hi {First} - I'm Brian from FC Urban. We run social football at Old St - Moreland Primary School, a 18-min walk from Ixico. Looking for someone inside the team up for starting an after-work game - we handle pitch, payments and organising. Open to a quick chat?",260,"Thanks for connecting, {First}.

Quick one - we run social football games at Old St - Moreland Primary School, about 18 minutes' walk from your office. A few City firms use them as an easy after-work thing for colleagues: we sort the pitch, the payments and the organising, and can top the group up with our own players if numbers are short.

Is there someone at Ixico who looks after wellbeing or staff socials I should be speaking to? Happy to be pointed elsewhere.

Brian
FC Urban",,,,
J.B. Boda & Co. (Uk),,Financial institution,EC3N 2AF,"MURO, 11TH FLOOR, LONDON",11/04/1956,MEDIUM,65202 - Non-life reinsurance,Whitechapel,19,postcode district,,,,,,"Hi {First} - I'm Brian from FC Urban. We run social football at Whitechapel, a 19-min walk from J.B. Boda & Co. (Uk). Looking for someone inside the team up for starting an after-work game - we handle pitch, payments and organising. Open to a quick chat?",254,"Thanks for connecting, {First}.

Quick one - we run social football games at Whitechapel, about 19 minutes' walk from your office. A few City firms use them as an easy after-work thing for colleagues: we sort the pitch, the payments and the organising, and can top the group up with our own players if numbers are short.

Is there someone at J.B. Boda & Co. (Uk) who looks after wellbeing or staff socials I should be speaking to? Happy to be pointed elsewhere.

Brian
FC Urban",,,,
Jane Street Europe,,Financial institution,EC2M 4UJ,"2 & A HALF, LONDON",11/08/2006,GROUP,64991 - Security dealing on own account,Whitechapel,23,postcode district,,,,,,"Hi {First} - I'm Brian from FC Urban. We run social football at Whitechapel, a 23-min walk from Jane Street Europe. Looking for someone inside the team up for starting an after-work game - we handle pitch, payments and organising. Open to a quick chat?",252,"Thanks for connecting, {First}.

Quick one - we run social football games at Whitechapel, about 23 minutes' walk from your office. A few City firms use them as an easy after-work thing for colleagues: we sort the pitch, the payments and the organising, and can top the group up with our own players if numbers are short.

Is there someone at Jane Street Europe who looks after wellbeing or staff socials I should be speaking to? Happy to be pointed elsewhere.

Brian
FC Urban",,,,
Jane Street Financial,,Financial institution,EC2M 4UJ,"2 & A HALF, LONDON",13/04/2007,FULL,64991 - Security dealing on own account,Whitechapel,23,postcode district,,,,,,"Hi {First} - I'm Brian from FC Urban. We run social football at Whitechapel, a 23-min walk from Jane Street Financial. Looking for someone inside the team up for starting an after-work game - we handle pitch, payments and organising. Open to a quick chat?",255,"Thanks for connecting, {First}.

Quick one - we run social football games at Whitechapel, about 23 minutes' walk from your office. A few City firms use them as an easy after-work thing for colleagues: we sort the pitch, the payments and the organising, and can top the group up with our own players if numbers are short.

Is there someone at Jane Street Financial who looks after wellbeing or staff socials I should be speaking to? Happy to be pointed elsewhere.

Brian
FC Urban",,,,
Jane Street International Trading,,Financial institution,EC2M 4UJ,"2 & A HALF, LONDON",07/10/2013,FULL,64999 - Financial intermediation not elsewhere classified,Whitechapel,23,postcode district,,,,,,"Hi {First} - I'm Brian from FC Urban. We run social football at Whitechapel, a 23-min walk from Jane Street International Trading. Looking for someone inside the team up for starting an after-work game - we handle pitch, payments and organising. Open to a quick chat?",267,"Thanks for connecting, {First}.

Quick one - we run social football games at Whitechapel, about 23 minutes' walk from your office. A few City firms use them as an easy after-work thing for colleagues: we sort the pitch, the payments and the organising, and can top the group up with our own players if numbers are short.

Is there someone at Jane Street International Trading who looks after wellbeing or staff socials I should be speaking to? Happy to be pointed elsewhere.

Brian
FC Urban",,,,
Jb Drax Honore (Uk),,Financial institution,EC2N 4BQ,"36TH FLOOR, 8 BISHOPSGATE, LONDON, LONDON",10/07/2012,FULL,66220 - Activities of insurance agents and brokers,Whitechapel,26,exact postcode,,,,,,"Hi {First} - I'm Brian from FC Urban. We run social football at Whitechapel, a 26-min walk from Jb Drax Honore (Uk). Looking for someone inside the team up for starting an after-work game - we handle pitch, payments and organising. Open to a quick chat?",253,"Thanks for connecting, {First}.

Quick one - we run social football games at Whitechapel, about 26 minutes' walk from your office. A few City firms use them as an easy after-work thing for colleagues: we sort the pitch, the payments and the organising, and can top the group up with our own players if numbers are short.

Is there someone at Jb Drax Honore (Uk) who looks after wellbeing or staff socials I should be speaking to? Happy to be pointed elsewhere.

Brian
FC Urban",,,,
Jb Drax Honore Markets (Uk),,Financial institution,EC2N 4BQ,"36TH FLOOR, 8 BISHOPSGATE, LONDON, LONDON",03/05/2018,FULL,64999 - Financial intermediation not elsewhere classified,Whitechapel,26,exact postcode,,,,,,"Hi {First} - I'm Brian from FC Urban. We run social football at Whitechapel, a 26-min walk from Jb Drax Honore Markets (Uk). Looking for someone inside the team up for starting an after-work game - we handle pitch, payments and organising. Open to a quick chat?",261,"Thanks for connecting, {First}.

Quick one - we run social football games at Whitechapel, about 26 minutes' walk from your office. A few City firms use them as an easy after-work thing for colleagues: we sort the pitch, the payments and the organising, and can top the group up with our own players if numbers are short.

Is there someone at Jb Drax Honore Markets (Uk) who looks after wellbeing or staff socials I should be speaking to? Happy to be pointed elsewhere.

Brian
FC Urban",,,,
Jb Drax Honore Mgt,,Accountancy / financial advisory,EC2N 4BQ,"36TH FLOOR, 8 BISHOPSGATE, LONDON, LONDON, EC2N 4BQ",10/07/2012,FULL,70221 - Financial management,Whitechapel,26,exact postcode,,,,,,"Hi {First} - I'm Brian from FC Urban. We run social football at Whitechapel, a 26-min walk from Jb Drax Honore Mgt. Looking for someone inside the team up for starting an after-work game - we handle pitch, payments and organising. Open to a quick chat?",252,"Thanks for connecting, {First}.

Quick one - we run social football games at Whitechapel, about 26 minutes' walk from your office. A few City firms use them as an easy after-work thing for colleagues: we sort the pitch, the payments and the organising, and can top the group up with our own players if numbers are short.

Is there someone at Jb Drax Honore Mgt who looks after wellbeing or staff socials I should be speaking to? Happy to be pointed elsewhere.

Brian
FC Urban",,,,
Jbr Capital,,Financial institution,EC3A 2BJ,"FLOOR 10,, LONDON",08/02/2011,FULL,64921 - Credit granting by non-deposit taking finance houses and other specialist consumer credit grantors | 64999 - Financial intermediation not elsewhere classified,Whitechapel,23,exact postcode,,,,,,"Hi {First} - I'm Brian from FC Urban. We run social football at Whitechapel, a 23-min walk from Jbr Capital. Looking for someone inside the team up for starting an after-work game - we handle pitch, payments and organising. Open to a quick chat?",245,"Thanks for connecting, {First}.

Quick one - we run social football games at Whitechapel, about 23 minutes' walk from your office. A few City firms use them as an easy after-work thing for colleagues: we sort the pitch, the payments and the organising, and can top the group up with our own players if numbers are short.

Is there someone at Jbr Capital who looks after wellbeing or staff socials I should be speaking to? Happy to be pointed elsewhere.

Brian
FC Urban",,,,
Jemhafin,,Financial institution,EC1R 0DE,"2-7 CLERKENWELL GREEN, LONDON",10/09/2014,GROUP,64209 - Activities of other holding companies n.e.c.,Old St - Moreland Primary School,13,postcode district,,,,,,"Hi {First} - I'm Brian from FC Urban. We run social football at Old St - Moreland Primary School, a 13-min walk from Jemhafin. Looking for someone inside the team up for starting an after-work game - we handle pitch, payments and organising. Open to a quick chat?",263,"Thanks for connecting, {First}.

Quick one - we run social football games at Old St - Moreland Primary School, about 13 minutes' walk from your office. A few City firms use them as an easy after-work thing for colleagues: we sort the pitch, the payments and the organising, and can top the group up with our own players if numbers are short.

Is there someone at Jemhafin who looks after wellbeing or staff socials I should be speaking to? Happy to be pointed elsewhere.

Brian
FC Urban",,,,
Jetsmart Holdings,,Financial institution,EC2R 5AR,"4 COLEMAN STREET, LONDON",05/08/2016,GROUP,64209 - Activities of other holding companies n.e.c.,Old St - Moreland Primary School,25,postcode district,,,,,,"Hi {First} - I'm Brian from FC Urban. We run social football at Old St - Moreland Primary School, a 25-min walk from Jetsmart Holdings. Looking for someone inside the team up for starting an after-work game - we handle pitch, payments and organising. Open to a quick chat?",272,"Thanks for connecting, {First}.

Quick one - we run social football games at Old St - Moreland Primary School, about 25 minutes' walk from your office. A few City firms use them as an easy after-work thing for colleagues: we sort the pitch, the payments and the organising, and can top the group up with our own players if numbers are short.

Is there someone at Jetsmart Holdings who looks after wellbeing or staff socials I should be speaking to? Happy to be pointed elsewhere.

Brian
FC Urban",,,,
Jlif Holdings (Barcelona Metro),,Financial institution,EC1A 4HD,"3RD FLOOR, SOUTH BUILDING, 200, LONDON",14/12/2015,FULL,64209 - Activities of other holding companies n.e.c.,Old St - Moreland Primary School,19,exact postcode,,,,,,"Hi {First} - I'm Brian from FC Urban. We run social football at Old St - Moreland Primary School, a 19-min walk from Jlif Holdings (Barcelona Metro). Looking for someone inside the team up for starting an after-work game - we handle pitch, payments and organising. Open to a quick chat?",286,"Thanks for connecting, {First}.

Quick one - we run social football games at Old St - Moreland Primary School, about 19 minutes' walk from your office. A few City firms use them as an easy after-work thing for colleagues: we sort the pitch, the payments and the organising, and can top the group up with our own players if numbers are short.

Is there someone at Jlif Holdings (Barcelona Metro) who looks after wellbeing or staff socials I should be speaking to? Happy to be pointed elsewhere.

Brian
FC Urban",,,,
John Street Capital,,Financial institution,EC1N 6TD,"29-30 ELY PLACE, LONDON",06/08/2019,FULL,66300 - Fund management activities,Old St - Moreland Primary School,18,postcode district,,,,,,"Hi {First} - I'm Brian from FC Urban. We run social football at Old St - Moreland Primary School, a 18-min walk from John Street Capital. Looking for someone inside the team up for starting an after-work game - we handle pitch, payments and organising. Open to a quick chat?",274,"Thanks for connecting, {First}.

Quick one - we run social football games at Old St - Moreland Primary School, about 18 minutes' walk from your office. A few City firms use them as an easy after-work thing for colleagues: we sort the pitch, the payments and the organising, and can top the group up with our own players if numbers are short.

Is there someone at John Street Capital who looks after wellbeing or staff socials I should be speaking to? Happy to be pointed elsewhere.

Brian
FC Urban",,,,
Jones Lang Lasalle Corporate Finance,,Financial institution,EC2M 2QS,"1 BROADGATE, LONDON",12/11/1973,FULL,64303 - Activities of venture and development capital companies,Whitechapel,23,postcode district,,,,,,"Hi {First} - I'm Brian from FC Urban. We run social football at Whitechapel, a 23-min walk from Jones Lang Lasalle Corporate Finance. Looking for someone inside the team up for starting an after-work game - we handle pitch, payments and organising. Open to a quick chat?",270,"Thanks for connecting, {First}.

Quick one - we run social football games at Whitechapel, about 23 minutes' walk from your office. A few City firms use them as an easy after-work thing for colleagues: we sort the pitch, the payments and the organising, and can top the group up with our own players if numbers are short.

Is there someone at Jones Lang Lasalle Corporate Finance who looks after wellbeing or staff socials I should be speaking to? Happy to be pointed elsewhere.

Brian
FC Urban",,,,
Jrp Insurance Management,,Financial institution,EC3M 7DQ,"SUITE 828, GALLERY 8, LLOYD'S BUILDING, LONDON",12/12/2008,FULL,65120 - Non-life insurance,Whitechapel,24,postcode district,,,,,,"Hi {First} - I'm Brian from FC Urban. We run social football at Whitechapel, a 24-min walk from Jrp Insurance Management. Looking for someone inside the team up for starting an after-work game - we handle pitch, payments and organising. Open to a quick chat?",258,"Thanks for connecting, {First}.

Quick one - we run social football games at Whitechapel, about 24 minutes' walk from your office. A few City firms use them as an easy after-work thing for colleagues: we sort the pitch, the payments and the organising, and can top the group up with our own players if numbers are short.

Is there someone at Jrp Insurance Management who looks after wellbeing or staff socials I should be speaking to? Happy to be pointed elsewhere.

Brian
FC Urban",,,,
Julius Baer International,,Financial institution,EC1N 8SS,"20-23 GREVILLE STREET, LONDON",28/06/1973,GROUP,64999 - Financial intermediation not elsewhere classified,Old St - Moreland Primary School,18,exact postcode,,,,,,"Hi {First} - I'm Brian from FC Urban. We run social football at Old St - Moreland Primary School, a 18-min walk from Julius Baer International. Looking for someone inside the team up for starting an after-work game - we handle pitch, payments and organising. Open to a quick chat?",280,"Thanks for connecting, {First}.

Quick one - we run social football games at Old St - Moreland Primary School, about 18 minutes' walk from your office. A few City firms use them as an easy after-work thing for colleagues: we sort the pitch, the payments and the organising, and can top the group up with our own players if numbers are short.

Is there someone at Julius Baer International who looks after wellbeing or staff socials I should be speaking to? Happy to be pointed elsewhere.

Brian
FC Urban",,,,
Just Eat (Acquisitions) Holding,,Financial institution,EC4M 7RF,"FLEET PLACE HOUSE, LONDON",05/05/2015,FULL,64209 - Activities of other holding companies n.e.c.,Borough Academy,22,postcode district,,,,,,"Hi {First} - I'm Brian from FC Urban. We run social football at Borough Academy, a 22-min walk from Just Eat (Acquisitions) Holding. Looking for someone inside the team up for starting an after-work game - we handle pitch, payments and organising. Open to a quick chat?",269,"Thanks for connecting, {First}.

Quick one - we run social football games at Borough Academy, about 22 minutes' walk from your office. A few City firms use them as an easy after-work thing for colleagues: we sort the pitch, the payments and the organising, and can top the group up with our own players if numbers are short.

Is there someone at Just Eat (Acquisitions) Holding who looks after wellbeing or staff socials I should be speaking to? Happy to be pointed elsewhere.

Brian
FC Urban",,,,
Just Eat Central Holdings,,Financial institution,EC4M 7RF,"FLEET PLACE HOUSE, LONDON",07/05/2015,FULL,64209 - Activities of other holding companies n.e.c.,Borough Academy,22,postcode district,,,,,,"Hi {First} - I'm Brian from FC Urban. We run social football at Borough Academy, a 22-min walk from Just Eat Central Holdings. Looking for someone inside the team up for starting an after-work game - we handle pitch, payments and organising. Open to a quick chat?",263,"Thanks for connecting, {First}.

Quick one - we run social football games at Borough Academy, about 22 minutes' walk from your office. A few City firms use them as an easy after-work thing for colleagues: we sort the pitch, the payments and the organising, and can top the group up with our own players if numbers are short.

Is there someone at Just Eat Central Holdings who looks after wellbeing or staff socials I should be speaking to? Happy to be pointed elsewhere.

Brian
FC Urban",,,,
K.M. Dastur Holdings,,Financial institution,EC3M 7AN,"THIRD FLOOR, 15-18, LONDON",24/07/2007,GROUP,66220 - Activities of insurance agents and brokers,Whitechapel,24,postcode district,,,,,,"Hi {First} - I'm Brian from FC Urban. We run social football at Whitechapel, a 24-min walk from K.M. Dastur Holdings. Looking for someone inside the team up for starting an after-work game - we handle pitch, payments and organising. Open to a quick chat?",254,"Thanks for connecting, {First}.

Quick one - we run social football games at Whitechapel, about 24 minutes' walk from your office. A few City firms use them as an easy after-work thing for colleagues: we sort the pitch, the payments and the organising, and can top the group up with our own players if numbers are short.

Is there someone at K.M. Dastur Holdings who looks after wellbeing or staff socials I should be speaking to? Happy to be pointed elsewhere.

Brian
FC Urban",,,,
Kay International Public Limited Company,,Financial institution,EC3M 7DQ,"LLOYD'S BUILDING SUITE 809,, LONDON",11/09/1980,FULL,65202 - Non-life reinsurance,Whitechapel,24,postcode district,,,,,,"Hi {First} - I'm Brian from FC Urban. We run social football at Whitechapel, a 24-min walk from Kay International Public Limited Company. Looking for someone inside the team up for starting an after-work game - we handle pitch, payments and organising. Open to a quick chat?",274,"Thanks for connecting, {First}.

Quick one - we run social football games at Whitechapel, about 24 minutes' walk from your office. A few City firms use them as an easy after-work thing for colleagues: we sort the pitch, the payments and the organising, and can top the group up with our own players if numbers are short.

Is there someone at Kay International Public Limited Company who looks after wellbeing or staff socials I should be speaking to? Happy to be pointed elsewhere.

Brian
FC Urban",,,,
Kelso Group,,Financial institution,EC3V 9AA,"SHEPHERD AND WEDDERBURN LLP, LONDON",10/11/2021,GROUP,64209 - Activities of other holding companies n.e.c.,Borough Academy,24,postcode district,,,,,,"Hi {First} - I'm Brian from FC Urban. We run social football at Borough Academy, a 24-min walk from Kelso Group. Looking for someone inside the team up for starting an after-work game - we handle pitch, payments and organising. Open to a quick chat?",249,"Thanks for connecting, {First}.

Quick one - we run social football games at Borough Academy, about 24 minutes' walk from your office. A few City firms use them as an easy after-work thing for colleagues: we sort the pitch, the payments and the organising, and can top the group up with our own players if numbers are short.

Is there someone at Kelso Group who looks after wellbeing or staff socials I should be speaking to? Happy to be pointed elsewhere.

Brian
FC Urban",,,,
Kelso Holdings,,Financial institution,EC3V 9AA,"SHEPHERD AND WEDDERBURN LLP, LONDON",11/11/2021,FULL,64209 - Activities of other holding companies n.e.c.,Borough Academy,24,postcode district,,,,,,"Hi {First} - I'm Brian from FC Urban. We run social football at Borough Academy, a 24-min walk from Kelso Holdings. Looking for someone inside the team up for starting an after-work game - we handle pitch, payments and organising. Open to a quick chat?",252,"Thanks for connecting, {First}.

Quick one - we run social football games at Borough Academy, about 24 minutes' walk from your office. A few City firms use them as an easy after-work thing for colleagues: we sort the pitch, the payments and the organising, and can top the group up with our own players if numbers are short.

Is there someone at Kelso Holdings who looks after wellbeing or staff socials I should be speaking to? Happy to be pointed elsewhere.

Brian
FC Urban",,,,
Kepler Interactive,,Financial institution,EC2A 4DQ,"2 LEONARD CIRCUS, LONDON",02/04/2020,GROUP,64209 - Activities of other holding companies n.e.c.,Shoreditch Rooftop,17,exact postcode,,,,,,"Hi {First} - I'm Brian from FC Urban. We run social football at Shoreditch Rooftop, a 17-min walk from Kepler Interactive. Looking for someone inside the team up for starting an after-work game - we handle pitch, payments and organising. Open to a quick chat?",259,"Thanks for connecting, {First}.

Quick one - we run social football games at Shoreditch Rooftop, about 17 minutes' walk from your office. A few City firms use them as an easy after-work thing for colleagues: we sort the pitch, the payments and the organising, and can top the group up with our own players if numbers are short.

Is there someone at Kepler Interactive who looks after wellbeing or staff socials I should be speaking to? Happy to be pointed elsewhere.

Brian
FC Urban",,,,
Kexim Bank (Uk),,Financial institution,EC2M 6XB,"3RD FLOOR MOORGATE HALL, LONDON",03/03/1992,FULL,64191 - Banks,Whitechapel,23,postcode district,,,,,,"Hi {First} - I'm Brian from FC Urban. We run social football at Whitechapel, a 23-min walk from Kexim Bank (Uk). Looking for someone inside the team up for starting an after-work game - we handle pitch, payments and organising. Open to a quick chat?",249,"Thanks for connecting, {First}.

Quick one - we run social football games at Whitechapel, about 23 minutes' walk from your office. A few City firms use them as an easy after-work thing for colleagues: we sort the pitch, the payments and the organising, and can top the group up with our own players if numbers are short.

Is there someone at Kexim Bank (Uk) who looks after wellbeing or staff socials I should be speaking to? Happy to be pointed elsewhere.

Brian
FC Urban",,,,
King Sturge Holdings,,Financial institution,EC2M 2QS,"1 BROADGATE, LONDON",26/07/1995,FULL,64209 - Activities of other holding companies n.e.c. | 68209 - Other letting and operating of own or leased real estate,Whitechapel,23,postcode district,,,,,,"Hi {First} - I'm Brian from FC Urban. We run social football at Whitechapel, a 23-min walk from King Sturge Holdings. Looking for someone inside the team up for starting an after-work game - we handle pitch, payments and organising. Open to a quick chat?",254,"Thanks for connecting, {First}.

Quick one - we run social football games at Whitechapel, about 23 minutes' walk from your office. A few City firms use them as an easy after-work thing for colleagues: we sort the pitch, the payments and the organising, and can top the group up with our own players if numbers are short.

Is there someone at King Sturge Holdings who looks after wellbeing or staff socials I should be speaking to? Happy to be pointed elsewhere.

Brian
FC Urban",,,,
Kingsway Capital Partners,,Financial institution,EC4A 3AQ,"EIGHTH FLOOR, 6 NEW STREET SQUARE, LONDON",28/02/2017,GROUP,64205 - Activities of financial services holding companies,Old St - Moreland Primary School,24,postcode district,,,,,,"Hi {First} - I'm Brian from FC Urban. We run social football at Old St - Moreland Primary School, a 24-min walk from Kingsway Capital Partners. Looking for someone inside the team up for starting an after-work game - we handle pitch, payments and organising. Open to a quick chat?",280,"Thanks for connecting, {First}.

Quick one - we run social football games at Old St - Moreland Primary School, about 24 minutes' walk from your office. A few City firms use them as an easy after-work thing for colleagues: we sort the pitch, the payments and the organising, and can top the group up with our own players if numbers are short.

Is there someone at Kingsway Capital Partners who looks after wellbeing or staff socials I should be speaking to? Happy to be pointed elsewhere.

Brian
FC Urban",,,,
Kinsworth Investments,,Financial institution,EC2A 2AP,"OFFICE 961,, LONDON",24/06/2013,FULL,64999 - Financial intermediation not elsewhere classified,Old St - Moreland Primary School,22,exact postcode,,,,,,"Hi {First} - I'm Brian from FC Urban. We run social football at Old St - Moreland Primary School, a 22-min walk from Kinsworth Investments. Looking for someone inside the team up for starting an after-work game - we handle pitch, payments and organising. Open to a quick chat?",276,"Thanks for connecting, {First}.

Quick one - we run social football games at Old St - Moreland Primary School, about 22 minutes' walk from your office. A few City firms use them as an easy after-work thing for colleagues: we sort the pitch, the payments and the organising, and can top the group up with our own players if numbers are short.

Is there someone at Kinsworth Investments who looks after wellbeing or staff socials I should be speaking to? Happy to be pointed elsewhere.

Brian
FC Urban",,,,
Knight Piesold Holdings International,,Financial institution,EC3A 7LN,"17 BEVIS MARKS, LONDON",09/11/2021,GROUP,64209 - Activities of other holding companies n.e.c.,Whitechapel,22,postcode district,,,,,,"Hi {First} - I'm Brian from FC Urban. We run social football at Whitechapel, a 22-min walk from Knight Piesold Holdings International. Looking for someone inside the team up for starting an after-work game - we handle pitch, payments and organising. Open to a quick chat?",271,"Thanks for connecting, {First}.

Quick one - we run social football games at Whitechapel, about 22 minutes' walk from your office. A few City firms use them as an easy after-work thing for colleagues: we sort the pitch, the payments and the organising, and can top the group up with our own players if numbers are short.

Is there someone at Knight Piesold Holdings International who looks after wellbeing or staff socials I should be speaking to? Happy to be pointed elsewhere.

Brian
FC Urban",,,,
Knight Piesold Holdings,,Financial institution,EC3A 7LN,"17 BEVIS MARKS, LONDON",04/12/1998,FULL,64209 - Activities of other holding companies n.e.c. | 82990 - Other business support service activities n.e.c.,Whitechapel,22,postcode district,,,,,,"Hi {First} - I'm Brian from FC Urban. We run social football at Whitechapel, a 22-min walk from Knight Piesold Holdings. Looking for someone inside the team up for starting an after-work game - we handle pitch, payments and organising. Open to a quick chat?",257,"Thanks for connecting, {First}.

Quick one - we run social football games at Whitechapel, about 22 minutes' walk from your office. A few City firms use them as an easy after-work thing for colleagues: we sort the pitch, the payments and the organising, and can top the group up with our own players if numbers are short.

Is there someone at Knight Piesold Holdings who looks after wellbeing or staff socials I should be speaking to? Happy to be pointed elsewhere.

Brian
FC Urban",,,,
Koenigsweg Holdings,,Financial institution,EC4A 3AQ,"EIGHTH FLOOR, 6 NEW STREET SQUARE, LONDON",28/02/2017,GROUP,64205 - Activities of financial services holding companies,Old St - Moreland Primary School,24,postcode district,,,,,,"Hi {First} - I'm Brian from FC Urban. We run social football at Old St - Moreland Primary School, a 24-min walk from Koenigsweg Holdings. Looking for someone inside the team up for starting an after-work game - we handle pitch, payments and organising. Open to a quick chat?",274,"Thanks for connecting, {First}.

Quick one - we run social football games at Old St - Moreland Primary School, about 24 minutes' walk from your office. A few City firms use them as an easy after-work thing for colleagues: we sort the pitch, the payments and the organising, and can top the group up with our own players if numbers are short.

Is there someone at Koenigsweg Holdings who looks after wellbeing or staff socials I should be speaking to? Happy to be pointed elsewhere.

Brian
FC Urban",,,,
Korea Investment & Securities Europe,,Financial institution,EC4R 0DJ,"THE OLD RECTORY, LONDON",14/11/1994,FULL,64999 - Financial intermediation not elsewhere classified,Borough Academy,18,postcode district,,,,,,"Hi {First} - I'm Brian from FC Urban. We run social football at Borough Academy, a 18-min walk from Korea Investment & Securities Europe. Looking for someone inside the team up for starting an after-work game - we handle pitch, payments and organising. Open to a quick chat?",274,"Thanks for connecting, {First}.

Quick one - we run social football games at Borough Academy, about 18 minutes' walk from your office. A few City firms use them as an easy after-work thing for colleagues: we sort the pitch, the payments and the organising, and can top the group up with our own players if numbers are short.

Is there someone at Korea Investment & Securities Europe who looks after wellbeing or staff socials I should be speaking to? Happy to be pointed elsewhere.

Brian
FC Urban",,,,
Korean Re Underwriting,,Financial institution,EC3M 7HA,"ROOM NO.703, GALLERY 7 LLOYD'S, LONDON",09/02/2015,FULL,65120 - Non-life insurance | 65202 - Non-life reinsurance,Whitechapel,25,exact postcode,,,,,,"Hi {First} - I'm Brian from FC Urban. We run social football at Whitechapel, a 25-min walk from Korean Re Underwriting. Looking for someone inside the team up for starting an after-work game - we handle pitch, payments and organising. Open to a quick chat?",256,"Thanks for connecting, {First}.

Quick one - we run social football games at Whitechapel, about 25 minutes' walk from your office. A few City firms use them as an easy after-work thing for colleagues: we sort the pitch, the payments and the organising, and can top the group up with our own players if numbers are short.

Is there someone at Korean Re Underwriting who looks after wellbeing or staff socials I should be speaking to? Happy to be pointed elsewhere.

Brian
FC Urban",,,,
La Reunion Aerienne London,,Financial institution,EC3M 4BE,"65 FENCHURCH STREET, LONDON",27/08/1964,FULL,65120 - Non-life insurance,Whitechapel,22,exact postcode,,,,,,"Hi {First} - I'm Brian from FC Urban. We run social football at Whitechapel, a 22-min walk from La Reunion Aerienne London. Looking for someone inside the team up for starting an after-work game - we handle pitch, payments and organising. Open to a quick chat?",260,"Thanks for connecting, {First}.

Quick one - we run social football games at Whitechapel, about 22 minutes' walk from your office. A few City firms use them as an easy after-work thing for colleagues: we sort the pitch, the payments and the organising, and can top the group up with our own players if numbers are short.

Is there someone at La Reunion Aerienne London who looks after wellbeing or staff socials I should be speaking to? Happy to be pointed elsewhere.

Brian
FC Urban",,,,
Langham Hall,,Accountancy / financial advisory,EC2A 2DA,"3RD FLOOR, BROADWALK HOUSE, 5 APPOLD STREET, LONDON",06/01/2006,GROUP,69201 - Accounting and auditing activities,Old St - Moreland Primary School,23,exact postcode,,,,,,"Hi {First} - I'm Brian from FC Urban. We run social football at Old St - Moreland Primary School, a 23-min walk from Langham Hall. Looking for someone inside the team up for starting an after-work game - we handle pitch, payments and organising. Open to a quick chat?",267,"Thanks for connecting, {First}.

Quick one - we run social football games at Old St - Moreland Primary School, about 23 minutes' walk from your office. A few City firms use them as an easy after-work thing for colleagues: we sort the pitch, the payments and the organising, and can top the group up with our own players if numbers are short.

Is there someone at Langham Hall who looks after wellbeing or staff socials I should be speaking to? Happy to be pointed elsewhere.

Brian
FC Urban",,,,
Ld International Holdings,,Financial institution,EC4A 4AB,"NEXUS, LONDON",01/12/2016,FULL,64209 - Activities of other holding companies n.e.c.,Old St - Moreland Primary School,24,exact postcode,,,,,,"Hi {First} - I'm Brian from FC Urban. We run social football at Old St - Moreland Primary School, a 24-min walk from Ld International Holdings. Looking for someone inside the team up for starting an after-work game - we handle pitch, payments and organising. Open to a quick chat?",280,"Thanks for connecting, {First}.

Quick one - we run social football games at Old St - Moreland Primary School, about 24 minutes' walk from your office. A few City firms use them as an easy after-work thing for colleagues: we sort the pitch, the payments and the organising, and can top the group up with our own players if numbers are short.

Is there someone at Ld International Holdings who looks after wellbeing or staff socials I should be speaking to? Happy to be pointed elsewhere.

Brian
FC Urban",,,,
Leathwaite Holdings,,Financial institution,EC1A 4EN,"16 ST. MARTIN'S LE GRAND LEVEL 5, 16 ST. MARTIN'S LE GRAND, LONDON",27/02/2018,GROUP,64209 - Activities of other holding companies n.e.c. | 78109 - Other activities of employment placement agencies,Old St - Moreland Primary School,18,postcode district,,,,,,"Hi {First} - I'm Brian from FC Urban. We run social football at Old St - Moreland Primary School, a 18-min walk from Leathwaite Holdings. Looking for someone inside the team up for starting an after-work game - we handle pitch, payments and organising. Open to a quick chat?",274,"Thanks for connecting, {First}.

Quick one - we run social football games at Old St - Moreland Primary School, about 18 minutes' walk from your office. A few City firms use them as an easy after-work thing for colleagues: we sort the pitch, the payments and the organising, and can top the group up with our own players if numbers are short.

Is there someone at Leathwaite Holdings who looks after wellbeing or staff socials I should be speaking to? Happy to be pointed elsewhere.

Brian
FC Urban",,,,
Lendable,,Financial institution,EC2A 4NW,"TELEPHONE HOUSE, LONDON",31/12/2013,FULL,64921 - Credit granting by non-deposit taking finance houses and other specialist consumer credit grantors,Old St - Moreland Primary School,17,exact postcode,,,,,,"Hi {First} - I'm Brian from FC Urban. We run social football at Old St - Moreland Primary School, a 17-min walk from Lendable. Looking for someone inside the team up for starting an after-work game - we handle pitch, payments and organising. Open to a quick chat?",263,"Thanks for connecting, {First}.

Quick one - we run social football games at Old St - Moreland Primary School, about 17 minutes' walk from your office. A few City firms use them as an easy after-work thing for colleagues: we sort the pitch, the payments and the organising, and can top the group up with our own players if numbers are short.

Is there someone at Lendable who looks after wellbeing or staff socials I should be speaking to? Happy to be pointed elsewhere.

Brian
FC Urban",,,,
Lendable Operations,,Financial institution,EC2A 4NW,"TELEPHONE HOUSE, LONDON",25/04/2014,GROUP,66190 - Activities auxiliary to financial intermediation n.e.c.,Old St - Moreland Primary School,17,exact postcode,,,,,,"Hi {First} - I'm Brian from FC Urban. We run social football at Old St - Moreland Primary School, a 17-min walk from Lendable Operations. Looking for someone inside the team up for starting an after-work game - we handle pitch, payments and organising. Open to a quick chat?",274,"Thanks for connecting, {First}.

Quick one - we run social football games at Old St - Moreland Primary School, about 17 minutes' walk from your office. A few City firms use them as an easy after-work thing for colleagues: we sort the pitch, the payments and the organising, and can top the group up with our own players if numbers are short.

Is there someone at Lendable Operations who looks after wellbeing or staff socials I should be speaking to? Happy to be pointed elsewhere.

Brian
FC Urban",,,,
Leo Intermediateco,,Financial institution,EC3R 7AA,"10TH FLOOR, 1 MINSTER COURT, LONDON",15/01/2019,GROUP,66190 - Activities auxiliary to financial intermediation n.e.c.,Borough Academy,22,postcode district,,,,,,"Hi {First} - I'm Brian from FC Urban. We run social football at Borough Academy, a 22-min walk from Leo Intermediateco. Looking for someone inside the team up for starting an after-work game - we handle pitch, payments and organising. Open to a quick chat?",256,"Thanks for connecting, {First}.

Quick one - we run social football games at Borough Academy, about 22 minutes' walk from your office. A few City firms use them as an easy after-work thing for colleagues: we sort the pitch, the payments and the organising, and can top the group up with our own players if numbers are short.

Is there someone at Leo Intermediateco who looks after wellbeing or staff socials I should be speaking to? Happy to be pointed elsewhere.

Brian
FC Urban",,,,
Leumi Uk Group,,Financial institution,EC2R 7HJ,"TWELFTH FLOOR, 1, LONDON",13/02/1959,FULL,64921 - Credit granting by non-deposit taking finance houses and other specialist consumer credit grantors,Old St - Moreland Primary School,27,exact postcode,,,,,,"Hi {First} - I'm Brian from FC Urban. We run social football at Old St - Moreland Primary School, a 27-min walk from Leumi Uk Group. Looking for someone inside the team up for starting an after-work game - we handle pitch, payments and organising. Open to a quick chat?",269,"Thanks for connecting, {First}.

Quick one - we run social football games at Old St - Moreland Primary School, about 27 minutes' walk from your office. A few City firms use them as an easy after-work thing for colleagues: we sort the pitch, the payments and the organising, and can top the group up with our own players if numbers are short.

Is there someone at Leumi Uk Group who looks after wellbeing or staff socials I should be speaking to? Happy to be pointed elsewhere.

Brian
FC Urban",,,,
Lgt Wealth Management Us,,Financial institution,EC3V 3NR,"14 CORNHILL, LONDON",17/12/2007,FULL,64999 - Financial intermediation not elsewhere classified,Borough Academy,24,postcode district,,,,,,"Hi {First} - I'm Brian from FC Urban. We run social football at Borough Academy, a 24-min walk from Lgt Wealth Management Us. Looking for someone inside the team up for starting an after-work game - we handle pitch, payments and organising. Open to a quick chat?",262,"Thanks for connecting, {First}.

Quick one - we run social football games at Borough Academy, about 24 minutes' walk from your office. A few City firms use them as an easy after-work thing for colleagues: we sort the pitch, the payments and the organising, and can top the group up with our own players if numbers are short.

Is there someone at Lgt Wealth Management Us who looks after wellbeing or staff socials I should be speaking to? Happy to be pointed elsewhere.

Brian
FC Urban",,,,
Lhv Bank,,Financial institution,EC2R 7HJ,"ONE ANGEL COURT, LONDON",04/02/2021,FULL,64191 - Banks,Old St - Moreland Primary School,27,exact postcode,,,,,,"Hi {First} - I'm Brian from FC Urban. We run social football at Old St - Moreland Primary School, a 27-min walk from Lhv Bank. Looking for someone inside the team up for starting an after-work game - we handle pitch, payments and organising. Open to a quick chat?",263,"Thanks for connecting, {First}.

Quick one - we run social football games at Old St - Moreland Primary School, about 27 minutes' walk from your office. A few City firms use them as an easy after-work thing for colleagues: we sort the pitch, the payments and the organising, and can top the group up with our own players if numbers are short.

Is there someone at Lhv Bank who looks after wellbeing or staff socials I should be speaking to? Happy to be pointed elsewhere.

Brian
FC Urban",,,,
Light Midco 1,,Financial institution,EC1M 4AH,"SECOND FLOOR, THE SANS, LONDON",13/12/2021,GROUP,64209 - Activities of other holding companies n.e.c.,Old St - Moreland Primary School,13,postcode district,,,,,,"Hi {First} - I'm Brian from FC Urban. We run social football at Old St - Moreland Primary School, a 13-min walk from Light Midco 1. Looking for someone inside the team up for starting an after-work game - we handle pitch, payments and organising. Open to a quick chat?",268,"Thanks for connecting, {First}.

Quick one - we run social football games at Old St - Moreland Primary School, about 13 minutes' walk from your office. A few City firms use them as an easy after-work thing for colleagues: we sort the pitch, the payments and the organising, and can top the group up with our own players if numbers are short.

Is there someone at Light Midco 1 who looks after wellbeing or staff socials I should be speaking to? Happy to be pointed elsewhere.

Brian
FC Urban",,,,
Lightyear Financial,,Financial institution,EC1V 9DD,"256-260 OLD STREET, LONDON",03/10/2020,GROUP,64999 - Financial intermediation not elsewhere classified,Old St - Moreland Primary School,16,exact postcode,,,,,,"Hi {First} - I'm Brian from FC Urban. We run social football at Old St - Moreland Primary School, a 16-min walk from Lightyear Financial. Looking for someone inside the team up for starting an after-work game - we handle pitch, payments and organising. Open to a quick chat?",274,"Thanks for connecting, {First}.

Quick one - we run social football games at Old St - Moreland Primary School, about 16 minutes' walk from your office. A few City firms use them as an easy after-work thing for colleagues: we sort the pitch, the payments and the organising, and can top the group up with our own players if numbers are short.

Is there someone at Lightyear Financial who looks after wellbeing or staff socials I should be speaking to? Happy to be pointed elsewhere.

Brian
FC Urban",,,,
Lightyear U.K.,,Financial institution,EC1V 9DD,"256-260 OLD STREET, LONDON",21/09/2022,FULL,64999 - Financial intermediation not elsewhere classified,Old St - Moreland Primary School,16,exact postcode,,,,,,"Hi {First} - I'm Brian from FC Urban. We run social football at Old St - Moreland Primary School, a 16-min walk from Lightyear U.K.. Looking for someone inside the team up for starting an after-work game - we handle pitch, payments and organising. Open to a quick chat?",269,"Thanks for connecting, {First}.

Quick one - we run social football games at Old St - Moreland Primary School, about 16 minutes' walk from your office. A few City firms use them as an easy after-work thing for colleagues: we sort the pitch, the payments and the organising, and can top the group up with our own players if numbers are short.

Is there someone at Lightyear U.K. who looks after wellbeing or staff socials I should be speaking to? Happy to be pointed elsewhere.

Brian
FC Urban",,,,
Linter Holdings,,Financial institution,EC1M 4BH,"C/O GROSS KLEIN, LONDON",02/01/2009,GROUP,64209 - Activities of other holding companies n.e.c.,Old St - Moreland Primary School,13,postcode district,,,,,,"Hi {First} - I'm Brian from FC Urban. We run social football at Old St - Moreland Primary School, a 13-min walk from Linter Holdings. Looking for someone inside the team up for starting an after-work game - we handle pitch, payments and organising. Open to a quick chat?",270,"Thanks for connecting, {First}.

Quick one - we run social football games at Old St - Moreland Primary School, about 13 minutes' walk from your office. A few City firms use them as an easy after-work thing for colleagues: we sort the pitch, the payments and the organising, and can top the group up with our own players if numbers are short.

Is there someone at Linter Holdings who looks after wellbeing or staff socials I should be speaking to? Happy to be pointed elsewhere.

Brian
FC Urban",,,,
Lithium Hangar Holdco,,Financial institution,EC4Y 8AX,"8 BOUVERIE STREET, LONDON",10/11/2022,GROUP,64303 - Activities of venture and development capital companies,Borough Academy,21,postcode district,,,,,,"Hi {First} - I'm Brian from FC Urban. We run social football at Borough Academy, a 21-min walk from Lithium Hangar Holdco. Looking for someone inside the team up for starting an after-work game - we handle pitch, payments and organising. Open to a quick chat?",259,"Thanks for connecting, {First}.

Quick one - we run social football games at Borough Academy, about 21 minutes' walk from your office. A few City firms use them as an easy after-work thing for colleagues: we sort the pitch, the payments and the organising, and can top the group up with our own players if numbers are short.

Is there someone at Lithium Hangar Holdco who looks after wellbeing or staff socials I should be speaking to? Happy to be pointed elsewhere.

Brian
FC Urban",,,,
Ll Pay Uk,,Accountancy / financial advisory,EC3A 7BA,"BROWNE JACOBSON LLP (CS) 15TH FLOOR, LONDON",13/07/2016,FULL,70221 - Financial management,Whitechapel,22,exact postcode,,,,,,"Hi {First} - I'm Brian from FC Urban. We run social football at Whitechapel, a 22-min walk from Ll Pay Uk. Looking for someone inside the team up for starting an after-work game - we handle pitch, payments and organising. Open to a quick chat?",243,"Thanks for connecting, {First}.

Quick one - we run social football games at Whitechapel, about 22 minutes' walk from your office. A few City firms use them as an easy after-work thing for colleagues: we sort the pitch, the payments and the organising, and can top the group up with our own players if numbers are short.

Is there someone at Ll Pay Uk who looks after wellbeing or staff socials I should be speaking to? Happy to be pointed elsewhere.

Brian
FC Urban",,,,
Lloyd Warwick International (London),,Financial institution,EC3M 7AN,"FORUM HOUSE, LONDON",16/05/2013,FULL,66210 - Risk and damage evaluation,Whitechapel,24,postcode district,,,,,,"Hi {First} - I'm Brian from FC Urban. We run social football at Whitechapel, a 24-min walk from Lloyd Warwick International (London). Looking for someone inside the team up for starting an after-work game - we handle pitch, payments and organising. Open to a quick chat?",270,"Thanks for connecting, {First}.

Quick one - we run social football games at Whitechapel, about 24 minutes' walk from your office. A few City firms use them as an easy after-work thing for colleagues: we sort the pitch, the payments and the organising, and can top the group up with our own players if numbers are short.

Is there someone at Lloyd Warwick International (London) who looks after wellbeing or staff socials I should be speaking to? Happy to be pointed elsewhere.

Brian
FC Urban",,,,
Lombard Lease Finance,,Financial institution,EC2M 4AA,"250, BISHOPSGATE, LONDON",03/07/1984,FULL,64999 - Financial intermediation not elsewhere classified,Whitechapel,23,postcode district,,,,,,"Hi {First} - I'm Brian from FC Urban. We run social football at Whitechapel, a 23-min walk from Lombard Lease Finance. Looking for someone inside the team up for starting an after-work game - we handle pitch, payments and organising. Open to a quick chat?",255,"Thanks for connecting, {First}.

Quick one - we run social football games at Whitechapel, about 23 minutes' walk from your office. A few City firms use them as an easy after-work thing for colleagues: we sort the pitch, the payments and the organising, and can top the group up with our own players if numbers are short.

Is there someone at Lombard Lease Finance who looks after wellbeing or staff socials I should be speaking to? Happy to be pointed elsewhere.

Brian
FC Urban",,,,
Lombard Street Research Financial Services,,Financial institution,EC4Y 0AN,"JOHN CARPENTER HOUSE, LONDON",30/03/2009,FULL,64999 - Financial intermediation not elsewhere classified,Borough Academy,21,postcode district,,,,,,"Hi {First} - I'm Brian from FC Urban. We run social football at Borough Academy, a 21-min walk from Lombard Street Research Financial Services. Looking for someone inside the team up for starting an after-work game - we handle pitch, payments and organising. Open to a quick chat?",280,"Thanks for connecting, {First}.

Quick one - we run social football games at Borough Academy, about 21 minutes' walk from your office. A few City firms use them as an easy after-work thing for colleagues: we sort the pitch, the payments and the organising, and can top the group up with our own players if numbers are short.

Is there someone at Lombard Street Research Financial Services who looks after wellbeing or staff socials I should be speaking to? Happy to be pointed elsewhere.

Brian
FC Urban",,,,
London And Inverness Management Services,,Financial institution,EC2A 1AS,"THE ASPECT, LONDON",15/09/2020,FULL,64209 - Activities of other holding companies n.e.c.,Shoreditch Rooftop,17,postcode district,,,,,,"Hi {First} - I'm Brian from FC Urban. We run social football at Shoreditch Rooftop, a 17-min walk from London And Inverness Management Services. Looking for someone inside the team up for starting an after-work game - we handle pitch, payments and organising. Open to a quick chat?",281,"Thanks for connecting, {First}.

Quick one - we run social football games at Shoreditch Rooftop, about 17 minutes' walk from your office. A few City firms use them as an easy after-work thing for colleagues: we sort the pitch, the payments and the organising, and can top the group up with our own players if numbers are short.

Is there someone at London And Inverness Management Services who looks after wellbeing or staff socials I should be speaking to? Happy to be pointed elsewhere.

Brian
FC Urban",,,,
London Bridge Corporate Member No. 1,,Financial institution,EC2R 8DD,"C/O CALLIDUS LCM BECKET HOUSE, LONDON",27/09/2017,FULL,65120 - Non-life insurance,Old St - Moreland Primary School,25,postcode district,,,,,,"Hi {First} - I'm Brian from FC Urban. We run social football at Old St - Moreland Primary School, a 25-min walk from London Bridge Corporate Member No. 1. Looking for someone inside the team up for starting an after-work game - we handle pitch, payments and organising. Open to a quick chat?",291,"Thanks for connecting, {First}.

Quick one - we run social football games at Old St - Moreland Primary School, about 25 minutes' walk from your office. A few City firms use them as an easy after-work thing for colleagues: we sort the pitch, the payments and the organising, and can top the group up with our own players if numbers are short.

Is there someone at London Bridge Corporate Member No. 1 who looks after wellbeing or staff socials I should be speaking to? Happy to be pointed elsewhere.

Brian
FC Urban",,,,
London Forfaiting Company,,Financial institution,EC2N 2HE,"15-18 AUSTIN FRIARS, LONDON",22/06/1983,GROUP,64999 - Financial intermediation not elsewhere classified,Old St - Moreland Primary School,27,exact postcode,,,,,,"Hi {First} - I'm Brian from FC Urban. We run social football at Old St - Moreland Primary School, a 27-min walk from London Forfaiting Company. Looking for someone inside the team up for starting an after-work game - we handle pitch, payments and organising. Open to a quick chat?",280,"Thanks for connecting, {First}.

Quick one - we run social football games at Old St - Moreland Primary School, about 27 minutes' walk from your office. A few City firms use them as an easy after-work thing for colleagues: we sort the pitch, the payments and the organising, and can top the group up with our own players if numbers are short.

Is there someone at London Forfaiting Company who looks after wellbeing or staff socials I should be speaking to? Happy to be pointed elsewhere.

Brian
FC Urban",,,,
London Stock Exchange,,Financial institution,EC4M 7LS,10 PATERNOSTER SQUARE,19/11/1986,FULL,66110 - Administration of financial markets,Borough Academy,22,postcode district,,,,,,"Hi {First} - I'm Brian from FC Urban. We run social football at Borough Academy, a 22-min walk from London Stock Exchange. Looking for someone inside the team up for starting an after-work game - we handle pitch, payments and organising. Open to a quick chat?",259,"Thanks for connecting, {First}.

Quick one - we run social football games at Borough Academy, about 22 minutes' walk from your office. A few City firms use them as an easy after-work thing for colleagues: we sort the pitch, the payments and the organising, and can top the group up with our own players if numbers are short.

Is there someone at London Stock Exchange who looks after wellbeing or staff socials I should be speaking to? Happy to be pointed elsewhere.

Brian
FC Urban",,,,
Lq Indigo Net Lease Holding,,Financial institution,EC2A 2DA,"3RD FLOOR, BROADWALK HOUSE 5 APPOLD STREET, LONDON",23/09/2021,GROUP,64209 - Activities of other holding companies n.e.c.,Old St - Moreland Primary School,23,exact postcode,,,,,,"Hi {First} - I'm Brian from FC Urban. We run social football at Old St - Moreland Primary School, a 23-min walk from Lq Indigo Net Lease Holding. Looking for someone inside the team up for starting an after-work game - we handle pitch, payments and organising. Open to a quick chat?",282,"Thanks for connecting, {First}.

Quick one - we run social football games at Old St - Moreland Primary School, about 23 minutes' walk from your office. A few City firms use them as an easy after-work thing for colleagues: we sort the pitch, the payments and the organising, and can top the group up with our own players if numbers are short.

Is there someone at Lq Indigo Net Lease Holding who looks after wellbeing or staff socials I should be speaking to? Happy to be pointed elsewhere.

Brian
FC Urban",,,,
Lseg Pts Holdings,,Financial institution,EC4R 0AN,"CANNON GREEN BUILDING, LONDON",04/09/2020,FULL,64205 - Activities of financial services holding companies,Borough Academy,18,postcode district,,,,,,"Hi {First} - I'm Brian from FC Urban. We run social football at Borough Academy, a 18-min walk from Lseg Pts Holdings. Looking for someone inside the team up for starting an after-work game - we handle pitch, payments and organising. Open to a quick chat?",255,"Thanks for connecting, {First}.

Quick one - we run social football games at Borough Academy, about 18 minutes' walk from your office. A few City firms use them as an easy after-work thing for colleagues: we sort the pitch, the payments and the organising, and can top the group up with our own players if numbers are short.

Is there someone at Lseg Pts Holdings who looks after wellbeing or staff socials I should be speaking to? Happy to be pointed elsewhere.

Brian
FC Urban",,,,
Lucid Markets Trading,,Financial institution,EC2N 4AY,"17TH FLOOR,, LONDON",16/12/2011,FULL,66110 - Administration of financial markets,Whitechapel,24,exact postcode,,,,,,"Hi {First} - I'm Brian from FC Urban. We run social football at Whitechapel, a 24-min walk from Lucid Markets Trading. Looking for someone inside the team up for starting an after-work game - we handle pitch, payments and organising. Open to a quick chat?",255,"Thanks for connecting, {First}.

Quick one - we run social football games at Whitechapel, about 24 minutes' walk from your office. A few City firms use them as an easy after-work thing for colleagues: we sort the pitch, the payments and the organising, and can top the group up with our own players if numbers are short.

Is there someone at Lucid Markets Trading who looks after wellbeing or staff socials I should be speaking to? Happy to be pointed elsewhere.

Brian
FC Urban",,,,
Lumen Asset Management,,Financial institution,EC2R 8DU,"7TH FLOOR (NORTH), LONDON",13/03/2019,FULL,66300 - Fund management activities,Old St - Moreland Primary School,25,postcode district,,,,,,"Hi {First} - I'm Brian from FC Urban. We run social football at Old St - Moreland Primary School, a 25-min walk from Lumen Asset Management. Looking for someone inside the team up for starting an after-work game - we handle pitch, payments and organising. Open to a quick chat?",277,"Thanks for connecting, {First}.

Quick one - we run social football games at Old St - Moreland Primary School, about 25 minutes' walk from your office. A few City firms use them as an easy after-work thing for colleagues: we sort the pitch, the payments and the organising, and can top the group up with our own players if numbers are short.

Is there someone at Lumen Asset Management who looks after wellbeing or staff socials I should be speaking to? Happy to be pointed elsewhere.

Brian
FC Urban",,,,
Lyra International Tech,,Financial institution,EC2V 7NQ,"85 GRESHAM STREET, LONDON",26/08/2020,FULL,64209 - Activities of other holding companies n.e.c.,Borough Academy,23,postcode district,,,,,,"Hi {First} - I'm Brian from FC Urban. We run social football at Borough Academy, a 23-min walk from Lyra International Tech. Looking for someone inside the team up for starting an after-work game - we handle pitch, payments and organising. Open to a quick chat?",261,"Thanks for connecting, {First}.

Quick one - we run social football games at Borough Academy, about 23 minutes' walk from your office. A few City firms use them as an easy after-work thing for colleagues: we sort the pitch, the payments and the organising, and can top the group up with our own players if numbers are short.

Is there someone at Lyra International Tech who looks after wellbeing or staff socials I should be speaking to? Happy to be pointed elsewhere.

Brian
FC Urban",,,,
Mace Finance,,Financial institution,EC2M 6XB,"155 MOORGATE, LONDON",04/05/2012,GROUP,64203 - Activities of construction holding companies,Whitechapel,23,postcode district,,,,,,"Hi {First} - I'm Brian from FC Urban. We run social football at Whitechapel, a 23-min walk from Mace Finance. Looking for someone inside the team up for starting an after-work game - we handle pitch, payments and organising. Open to a quick chat?",246,"Thanks for connecting, {First}.

Quick one - we run social football games at Whitechapel, about 23 minutes' walk from your office. A few City firms use them as an easy after-work thing for colleagues: we sort the pitch, the payments and the organising, and can top the group up with our own players if numbers are short.

Is there someone at Mace Finance who looks after wellbeing or staff socials I should be speaking to? Happy to be pointed elsewhere.

Brian
FC Urban",,,,
Mace,,Financial institution,EC2M 6XB,"155 MOORGATE, LONDON",02/08/1989,GROUP,41100 - Development of building projects | 41201 - Construction of commercial buildings | 64203 - Activities of construction holding companies | 70229 - Management consultancy activities other than financial management,Whitechapel,23,postcode district,,,,,,"Hi {First} - I'm Brian from FC Urban. We run social football at Whitechapel, a 23-min walk from Mace. Looking for someone inside the team up for starting an after-work game - we handle pitch, payments and organising. Open to a quick chat?",238,"Thanks for connecting, {First}.

Quick one - we run social football games at Whitechapel, about 23 minutes' walk from your office. A few City firms use them as an easy after-work thing for colleagues: we sort the pitch, the payments and the organising, and can top the group up with our own players if numbers are short.

Is there someone at Mace who looks after wellbeing or staff socials I should be speaking to? Happy to be pointed elsewhere.

Brian
FC Urban",,,,
Madigan Gill Group Holdings,,Financial institution,EC3A 3DE,"77 LEADENHALL STREET, LONDON",03/10/2011,GROUP,64203 - Activities of construction holding companies,Whitechapel,22,postcode district,,,,,,"Hi {First} - I'm Brian from FC Urban. We run social football at Whitechapel, a 22-min walk from Madigan Gill Group Holdings. Looking for someone inside the team up for starting an after-work game - we handle pitch, payments and organising. Open to a quick chat?",261,"Thanks for connecting, {First}.

Quick one - we run social football games at Whitechapel, about 22 minutes' walk from your office. A few City firms use them as an easy after-work thing for colleagues: we sort the pitch, the payments and the organising, and can top the group up with our own players if numbers are short.

Is there someone at Madigan Gill Group Holdings who looks after wellbeing or staff socials I should be speaking to? Happy to be pointed elsewhere.

Brian
FC Urban",,,,
Madison Cf Uk,,Financial institution,EC4V 5EQ,"71-73 CARTER LANE, LONDON",07/02/2013,GROUP,64921 - Credit granting by non-deposit taking finance houses and other specialist consumer credit grantors,Borough Academy,20,exact postcode,,,,,,"Hi {First} - I'm Brian from FC Urban. We run social football at Borough Academy, a 20-min walk from Madison Cf Uk. Looking for someone inside the team up for starting an after-work game - we handle pitch, payments and organising. Open to a quick chat?",251,"Thanks for connecting, {First}.

Quick one - we run social football games at Borough Academy, about 20 minutes' walk from your office. A few City firms use them as an easy after-work thing for colleagues: we sort the pitch, the payments and the organising, and can top the group up with our own players if numbers are short.

Is there someone at Madison Cf Uk who looks after wellbeing or staff socials I should be speaking to? Happy to be pointed elsewhere.

Brian
FC Urban",,,,
Madison Lc1,,Financial institution,EC4A 3AG,"THE CLUBHOUSE, HOLBORN CIRCUS, LONDON",18/05/2021,FULL,64921 - Credit granting by non-deposit taking finance houses and other specialist consumer credit grantors,Old St - Moreland Primary School,23,exact postcode,,,,,,"Hi {First} - I'm Brian from FC Urban. We run social football at Old St - Moreland Primary School, a 23-min walk from Madison Lc1. Looking for someone inside the team up for starting an after-work game - we handle pitch, payments and organising. Open to a quick chat?",266,"Thanks for connecting, {First}.

Quick one - we run social football games at Old St - Moreland Primary School, about 23 minutes' walk from your office. A few City firms use them as an easy after-work thing for colleagues: we sort the pitch, the payments and the organising, and can top the group up with our own players if numbers are short.

Is there someone at Madison Lc1 who looks after wellbeing or staff socials I should be speaking to? Happy to be pointed elsewhere.

Brian
FC Urban",,,,
Man Australia Gp,,Financial institution,EC4R 3AD,"RIVER BANK HOUSE, LONDON",25/07/2013,FULL,64999 - Financial intermediation not elsewhere classified,Borough Academy,18,postcode district,,,,,,"Hi {First} - I'm Brian from FC Urban. We run social football at Borough Academy, a 18-min walk from Man Australia Gp. Looking for someone inside the team up for starting an after-work game - we handle pitch, payments and organising. Open to a quick chat?",254,"Thanks for connecting, {First}.

Quick one - we run social football games at Borough Academy, about 18 minutes' walk from your office. A few City firms use them as an easy after-work thing for colleagues: we sort the pitch, the payments and the organising, and can top the group up with our own players if numbers are short.

Is there someone at Man Australia Gp who looks after wellbeing or staff socials I should be speaking to? Happy to be pointed elsewhere.

Brian
FC Urban",,,,
Many Group,,Financial institution,EC1R 5BD,"UNIT 1B 1-10, LONDON",12/08/2020,GROUP,64209 - Activities of other holding companies n.e.c.,Old St - Moreland Primary School,16,exact postcode,,,,,,"Hi {First} - I'm Brian from FC Urban. We run social football at Old St - Moreland Primary School, a 16-min walk from Many Group. Looking for someone inside the team up for starting an after-work game - we handle pitch, payments and organising. Open to a quick chat?",265,"Thanks for connecting, {First}.

Quick one - we run social football games at Old St - Moreland Primary School, about 16 minutes' walk from your office. A few City firms use them as an easy after-work thing for colleagues: we sort the pitch, the payments and the organising, and can top the group up with our own players if numbers are short.

Is there someone at Many Group who looks after wellbeing or staff socials I should be speaking to? Happy to be pointed elsewhere.

Brian
FC Urban",,,,
Manypets,,Financial institution,EC1R 5BD,"UNIT 1B, LONDON",19/12/2011,FULL,66220 - Activities of insurance agents and brokers,Old St - Moreland Primary School,16,exact postcode,YES,,,,,"Hi {First} - I'm Brian from FC Urban. We run social football at Old St - Moreland Primary School, a 16-min walk from Manypets. Looking for someone inside the team up for starting an after-work game - we handle pitch, payments and organising. Open to a quick chat?",263,"Thanks for connecting, {First}.

Quick one - we run social football games at Old St - Moreland Primary School, about 16 minutes' walk from your office. A few City firms use them as an easy after-work thing for colleagues: we sort the pitch, the payments and the organising, and can top the group up with our own players if numbers are short.

Is there someone at Manypets who looks after wellbeing or staff socials I should be speaking to? Happy to be pointed elsewhere.

Brian
FC Urban",,,,
Mariana Capital Holdings,,Financial institution,EC4N 6EU,"100 CANNON STREET, LONDON",16/12/2015,GROUP,64205 - Activities of financial services holding companies,Borough Academy,22,postcode district,,,,,,"Hi {First} - I'm Brian from FC Urban. We run social football at Borough Academy, a 22-min walk from Mariana Capital Holdings. Looking for someone inside the team up for starting an after-work game - we handle pitch, payments and organising. Open to a quick chat?",262,"Thanks for connecting, {First}.

Quick one - we run social football games at Borough Academy, about 22 minutes' walk from your office. A few City firms use them as an easy after-work thing for colleagues: we sort the pitch, the payments and the organising, and can top the group up with our own players if numbers are short.

Is there someone at Mariana Capital Holdings who looks after wellbeing or staff socials I should be speaking to? Happy to be pointed elsewhere.

Brian
FC Urban",,,,
Mariana Ufp (Americas),,Financial institution,EC4N 6EU,"100 CANNON STREET, LONDON",24/09/2014,MEDIUM,64999 - Financial intermediation not elsewhere classified,Borough Academy,22,postcode district,,,,,,"Hi {First} - I'm Brian from FC Urban. We run social football at Borough Academy, a 22-min walk from Mariana Ufp (Americas). Looking for someone inside the team up for starting an after-work game - we handle pitch, payments and organising. Open to a quick chat?",260,"Thanks for connecting, {First}.

Quick one - we run social football games at Borough Academy, about 22 minutes' walk from your office. A few City firms use them as an easy after-work thing for colleagues: we sort the pitch, the payments and the organising, and can top the group up with our own players if numbers are short.

Is there someone at Mariana Ufp (Americas) who looks after wellbeing or staff socials I should be speaking to? Happy to be pointed elsewhere.

Brian
FC Urban",,,,
"Marine, Aviation & General (London)",,Financial institution,EC3R 7AA,"1 MINSTER COURT, LONDON",24/09/1993,FULL,65120 - Non-life insurance | 65202 - Non-life reinsurance,Borough Academy,22,postcode district,,,,,,"Hi {First} - I'm Brian from FC Urban. We run social football at Borough Academy, a 22-min walk from Marine, Aviation & General (London). Looking for someone inside the team up for starting an after-work game - we handle pitch, payments and organising. Open to a quick chat?",273,"Thanks for connecting, {First}.

Quick one - we run social football games at Borough Academy, about 22 minutes' walk from your office. A few City firms use them as an easy after-work thing for colleagues: we sort the pitch, the payments and the organising, and can top the group up with our own players if numbers are short.

Is there someone at Marine, Aviation & General (London) who looks after wellbeing or staff socials I should be speaking to? Happy to be pointed elsewhere.

Brian
FC Urban",,,,
Marketaxess Europe,,Financial institution,EC2V 7HR,"5 (10TH FLOOR), LONDON",20/06/2000,FULL,66190 - Activities auxiliary to financial intermediation n.e.c.,Borough Academy,23,postcode district,,,,,,"Hi {First} - I'm Brian from FC Urban. We run social football at Borough Academy, a 23-min walk from Marketaxess Europe. Looking for someone inside the team up for starting an after-work game - we handle pitch, payments and organising. Open to a quick chat?",256,"Thanks for connecting, {First}.

Quick one - we run social football games at Borough Academy, about 23 minutes' walk from your office. A few City firms use them as an easy after-work thing for colleagues: we sort the pitch, the payments and the organising, and can top the group up with our own players if numbers are short.

Is there someone at Marketaxess Europe who looks after wellbeing or staff socials I should be speaking to? Happy to be pointed elsewhere.

Brian
FC Urban",,,,
Marshmallow Financial Services,,Financial institution,EC1Y 1BD,"1ST FLOOR THE FEATHERSTONE BUILDING, LONDON",10/10/2017,FULL,66220 - Activities of insurance agents and brokers,Old St - Moreland Primary School,14,postcode district,,,,,,"Hi {First} - I'm Brian from FC Urban. We run social football at Old St - Moreland Primary School, a 14-min walk from Marshmallow Financial Services. Looking for someone inside the team up for starting an after-work game - we handle pitch, payments and organising. Open to a quick chat?",285,"Thanks for connecting, {First}.

Quick one - we run social football games at Old St - Moreland Primary School, about 14 minutes' walk from your office. A few City firms use them as an easy after-work thing for colleagues: we sort the pitch, the payments and the organising, and can top the group up with our own players if numbers are short.

Is there someone at Marshmallow Financial Services who looks after wellbeing or staff socials I should be speaking to? Happy to be pointed elsewhere.

Brian
FC Urban",,,,
Marygold & Co. (Uk),,Financial institution,EC2N 4AG,"18TH & 19TH FLOORS, 100 BISHOPSGATE",02/08/2021,GROUP,64205 - Activities of financial services holding companies,Whitechapel,24,exact postcode,,,,,,"Hi {First} - I'm Brian from FC Urban. We run social football at Whitechapel, a 24-min walk from Marygold & Co. (Uk). Looking for someone inside the team up for starting an after-work game - we handle pitch, payments and organising. Open to a quick chat?",253,"Thanks for connecting, {First}.

Quick one - we run social football games at Whitechapel, about 24 minutes' walk from your office. A few City firms use them as an easy after-work thing for colleagues: we sort the pitch, the payments and the organising, and can top the group up with our own players if numbers are short.

Is there someone at Marygold & Co. (Uk) who looks after wellbeing or staff socials I should be speaking to? Happy to be pointed elsewhere.

Brian
FC Urban",,,,
Maven Investment Partners Monaco,,Accountancy / financial advisory,EC2M 3TQ,"LEVEL 7, LONDON",18/05/2022,FULL,70221 - Financial management,Whitechapel,24,exact postcode,,,,,,"Hi {First} - I'm Brian from FC Urban. We run social football at Whitechapel, a 24-min walk from Maven Investment Partners Monaco. Looking for someone inside the team up for starting an after-work game - we handle pitch, payments and organising. Open to a quick chat?",266,"Thanks for connecting, {First}.

Quick one - we run social football games at Whitechapel, about 24 minutes' walk from your office. A few City firms use them as an easy after-work thing for colleagues: we sort the pitch, the payments and the organising, and can top the group up with our own players if numbers are short.

Is there someone at Maven Investment Partners Monaco who looks after wellbeing or staff socials I should be speaking to? Happy to be pointed elsewhere.

Brian
FC Urban",,,,
Maven Renovar Vct,,Financial institution,EC2V 6BR,"SADDLERS HOUSE 6TH FLOOR, LONDON",10/01/2001,FULL,64301 - Activities of investment trusts,Borough Academy,23,postcode district,,,,,,"Hi {First} - I'm Brian from FC Urban. We run social football at Borough Academy, a 23-min walk from Maven Renovar Vct. Looking for someone inside the team up for starting an after-work game - we handle pitch, payments and organising. Open to a quick chat?",255,"Thanks for connecting, {First}.

Quick one - we run social football games at Borough Academy, about 23 minutes' walk from your office. A few City firms use them as an easy after-work thing for colleagues: we sort the pitch, the payments and the organising, and can top the group up with our own players if numbers are short.

Is there someone at Maven Renovar Vct who looks after wellbeing or staff socials I should be speaking to? Happy to be pointed elsewhere.

Brian
FC Urban",,,,
Mayar Capital,,Financial institution,EC1R 0JH,"3RD FLOOR, UNIT 185 EXMOUTH HOUSE, 3-11, LONDON",12/03/2015,FULL,66300 - Fund management activities,Old St - Moreland Primary School,13,postcode district,,,,,,"Hi {First} - I'm Brian from FC Urban. We run social football at Old St - Moreland Primary School, a 13-min walk from Mayar Capital. Looking for someone inside the team up for starting an after-work game - we handle pitch, payments and organising. Open to a quick chat?",268,"Thanks for connecting, {First}.

Quick one - we run social football games at Old St - Moreland Primary School, about 13 minutes' walk from your office. A few City firms use them as an easy after-work thing for colleagues: we sort the pitch, the payments and the organising, and can top the group up with our own players if numbers are short.

Is there someone at Mayar Capital who looks after wellbeing or staff socials I should be speaking to? Happy to be pointed elsewhere.

Brian
FC Urban",,,,
Maybank Securities (London),,Financial institution,EC4V 4AY,"PNB HOUSE, 1ST FLOOR, LONDON",28/04/1989,FULL,64999 - Financial intermediation not elsewhere classified,Borough Academy,19,postcode district,,,,,,"Hi {First} - I'm Brian from FC Urban. We run social football at Borough Academy, a 19-min walk from Maybank Securities (London). Looking for someone inside the team up for starting an after-work game - we handle pitch, payments and organising. Open to a quick chat?",265,"Thanks for connecting, {First}.

Quick one - we run social football games at Borough Academy, about 19 minutes' walk from your office. A few City firms use them as an easy after-work thing for colleagues: we sort the pitch, the payments and the organising, and can top the group up with our own players if numbers are short.

Is there someone at Maybank Securities (London) who looks after wellbeing or staff socials I should be speaking to? Happy to be pointed elsewhere.

Brian
FC Urban",,,,
Mba Holding Company 3,,Financial institution,EC2A 3SJ,"12 BROOK HOUSE, CHAPEL PLACE, LONDON",03/05/2016,GROUP,64209 - Activities of other holding companies n.e.c.,Shoreditch Rooftop,17,postcode district,,,,,,"Hi {First} - I'm Brian from FC Urban. We run social football at Shoreditch Rooftop, a 17-min walk from Mba Holding Company 3. Looking for someone inside the team up for starting an after-work game - we handle pitch, payments and organising. Open to a quick chat?",262,"Thanks for connecting, {First}.

Quick one - we run social football games at Shoreditch Rooftop, about 17 minutes' walk from your office. A few City firms use them as an easy after-work thing for colleagues: we sort the pitch, the payments and the organising, and can top the group up with our own players if numbers are short.

Is there someone at Mba Holding Company 3 who looks after wellbeing or staff socials I should be speaking to? Happy to be pointed elsewhere.

Brian
FC Urban",,,,
Mcgill And Partners Group,,Financial institution,EC3A 2BJ,"13TH FLOOR, 40, LONDON",11/03/2019,GROUP,64209 - Activities of other holding companies n.e.c.,Whitechapel,23,exact postcode,,,,,,"Hi {First} - I'm Brian from FC Urban. We run social football at Whitechapel, a 23-min walk from Mcgill And Partners Group. Looking for someone inside the team up for starting an after-work game - we handle pitch, payments and organising. Open to a quick chat?",259,"Thanks for connecting, {First}.

Quick one - we run social football games at Whitechapel, about 23 minutes' walk from your office. A few City firms use them as an easy after-work thing for colleagues: we sort the pitch, the payments and the organising, and can top the group up with our own players if numbers are short.

Is there someone at Mcgill And Partners Group who looks after wellbeing or staff socials I should be speaking to? Happy to be pointed elsewhere.

Brian
FC Urban",,,,
Mcgill And Partners Holdings,,Financial institution,EC3A 2BJ,"13TH FLOOR, 40, LONDON",23/09/2022,FULL,64209 - Activities of other holding companies n.e.c.,Whitechapel,23,exact postcode,,,,,,"Hi {First} - I'm Brian from FC Urban. We run social football at Whitechapel, a 23-min walk from Mcgill And Partners Holdings. Looking for someone inside the team up for starting an after-work game - we handle pitch, payments and organising. Open to a quick chat?",262,"Thanks for connecting, {First}.

Quick one - we run social football games at Whitechapel, about 23 minutes' walk from your office. A few City firms use them as an easy after-work thing for colleagues: we sort the pitch, the payments and the organising, and can top the group up with our own players if numbers are short.

Is there someone at Mcgill And Partners Holdings who looks after wellbeing or staff socials I should be speaking to? Happy to be pointed elsewhere.

Brian
FC Urban",,,,
Mcgill And Partners,,Financial institution,EC3A 2BJ,"13TH FLOOR, 40, LONDON",12/03/2019,FULL,66220 - Activities of insurance agents and brokers,Whitechapel,23,exact postcode,,,,,,"Hi {First} - I'm Brian from FC Urban. We run social football at Whitechapel, a 23-min walk from Mcgill And Partners. Looking for someone inside the team up for starting an after-work game - we handle pitch, payments and organising. Open to a quick chat?",253,"Thanks for connecting, {First}.

Quick one - we run social football games at Whitechapel, about 23 minutes' walk from your office. A few City firms use them as an easy after-work thing for colleagues: we sort the pitch, the payments and the organising, and can top the group up with our own players if numbers are short.

Is there someone at Mcgill And Partners who looks after wellbeing or staff socials I should be speaking to? Happy to be pointed elsewhere.

Brian
FC Urban",,,,
Meacock Capital,,Financial institution,EC2N 4AW,"HASILWOOD HOUSE, LONDON",14/07/1998,GROUP,65120 - Non-life insurance,Whitechapel,26,postcode district,,,,,,"Hi {First} - I'm Brian from FC Urban. We run social football at Whitechapel, a 26-min walk from Meacock Capital. Looking for someone inside the team up for starting an after-work game - we handle pitch, payments and organising. Open to a quick chat?",249,"Thanks for connecting, {First}.

Quick one - we run social football games at Whitechapel, about 26 minutes' walk from your office. A few City firms use them as an easy after-work thing for colleagues: we sort the pitch, the payments and the organising, and can top the group up with our own players if numbers are short.

Is there someone at Meacock Capital who looks after wellbeing or staff socials I should be speaking to? Happy to be pointed elsewhere.

Brian
FC Urban",,,,
Meacock Underwriting,,Financial institution,EC2N 4AW,"HASILWOOD HOUSE, LONDON",14/07/1998,FULL,65120 - Non-life insurance,Whitechapel,26,postcode district,,,,,,"Hi {First} - I'm Brian from FC Urban. We run social football at Whitechapel, a 26-min walk from Meacock Underwriting. Looking for someone inside the team up for starting an after-work game - we handle pitch, payments and organising. Open to a quick chat?",254,"Thanks for connecting, {First}.

Quick one - we run social football games at Whitechapel, about 26 minutes' walk from your office. A few City firms use them as an easy after-work thing for colleagues: we sort the pitch, the payments and the organising, and can top the group up with our own players if numbers are short.

Is there someone at Meacock Underwriting who looks after wellbeing or staff socials I should be speaking to? Happy to be pointed elsewhere.

Brian
FC Urban",,,,
Mellis Place,,Financial institution,EC2A 2EW,"HILL DICKINSON, BROADGATE TOWER, LONDON",29/01/2018,FULL,64209 - Activities of other holding companies n.e.c.,Shoreditch Rooftop,24,exact postcode,,,,,,"Hi {First} - I'm Brian from FC Urban. We run social football at Shoreditch Rooftop, a 24-min walk from Mellis Place. Looking for someone inside the team up for starting an after-work game - we handle pitch, payments and organising. Open to a quick chat?",253,"Thanks for connecting, {First}.

Quick one - we run social football games at Shoreditch Rooftop, about 24 minutes' walk from your office. A few City firms use them as an easy after-work thing for colleagues: we sort the pitch, the payments and the organising, and can top the group up with our own players if numbers are short.

Is there someone at Mellis Place who looks after wellbeing or staff socials I should be speaking to? Happy to be pointed elsewhere.

Brian
FC Urban",,,,
Mer Uk Holding,,Financial institution,EC2N 4BQ,"19TH FLOOR, 22, LONDON",24/11/2020,FULL,64209 - Activities of other holding companies n.e.c.,Whitechapel,26,exact postcode,,,,,,"Hi {First} - I'm Brian from FC Urban. We run social football at Whitechapel, a 26-min walk from Mer Uk Holding. Looking for someone inside the team up for starting an after-work game - we handle pitch, payments and organising. Open to a quick chat?",248,"Thanks for connecting, {First}.

Quick one - we run social football games at Whitechapel, about 26 minutes' walk from your office. A few City firms use them as an easy after-work thing for colleagues: we sort the pitch, the payments and the organising, and can top the group up with our own players if numbers are short.

Is there someone at Mer Uk Holding who looks after wellbeing or staff socials I should be speaking to? Happy to be pointed elsewhere.

Brian
FC Urban",,,,
Methods Holdings,,Financial institution,EC1N 8TS,"SAFFRON HOUSE, LONDON",26/04/2017,GROUP,64209 - Activities of other holding companies n.e.c.,Old St - Moreland Primary School,17,exact postcode,,,,,,"Hi {First} - I'm Brian from FC Urban. We run social football at Old St - Moreland Primary School, a 17-min walk from Methods Holdings. Looking for someone inside the team up for starting an after-work game - we handle pitch, payments and organising. Open to a quick chat?",271,"Thanks for connecting, {First}.

Quick one - we run social football games at Old St - Moreland Primary School, about 17 minutes' walk from your office. A few City firms use them as an easy after-work thing for colleagues: we sort the pitch, the payments and the organising, and can top the group up with our own players if numbers are short.

Is there someone at Methods Holdings who looks after wellbeing or staff socials I should be speaking to? Happy to be pointed elsewhere.

Brian
FC Urban",,,,
Metlife Investment Management,,Financial institution,EC4R 3AB,"ONE ANGEL LANE, LONDON",26/02/2014,FULL,64999 - Financial intermediation not elsewhere classified,Borough Academy,17,exact postcode,,,,,,"Hi {First} - I'm Brian from FC Urban. We run social football at Borough Academy, a 17-min walk from Metlife Investment Management. Looking for someone inside the team up for starting an after-work game - we handle pitch, payments and organising. Open to a quick chat?",267,"Thanks for connecting, {First}.

Quick one - we run social football games at Borough Academy, about 17 minutes' walk from your office. A few City firms use them as an easy after-work thing for colleagues: we sort the pitch, the payments and the organising, and can top the group up with our own players if numbers are short.

Is there someone at Metlife Investment Management who looks after wellbeing or staff socials I should be speaking to? Happy to be pointed elsewhere.

Brian
FC Urban",,,,
Metlife Investments,,Financial institution,EC4R 3AB,"ONE ANGEL LANE, LONDON",10/01/1992,FULL,64999 - Financial intermediation not elsewhere classified,Borough Academy,17,exact postcode,,,,,,"Hi {First} - I'm Brian from FC Urban. We run social football at Borough Academy, a 17-min walk from Metlife Investments. Looking for someone inside the team up for starting an after-work game - we handle pitch, payments and organising. Open to a quick chat?",257,"Thanks for connecting, {First}.

Quick one - we run social football games at Borough Academy, about 17 minutes' walk from your office. A few City firms use them as an easy after-work thing for colleagues: we sort the pitch, the payments and the organising, and can top the group up with our own players if numbers are short.

Is there someone at Metlife Investments who looks after wellbeing or staff socials I should be speaking to? Happy to be pointed elsewhere.

Brian
FC Urban",,,,
Midpoint & Transfer,,Financial institution,EC2R 7AS,"12 TOKENHOUSE YARD, LONDON",04/07/2007,AUDITED ABRIDGED,64999 - Financial intermediation not elsewhere classified,Old St - Moreland Primary School,25,postcode district,,,,,,"Hi {First} - I'm Brian from FC Urban. We run social football at Old St - Moreland Primary School, a 25-min walk from Midpoint & Transfer. Looking for someone inside the team up for starting an after-work game - we handle pitch, payments and organising. Open to a quick chat?",274,"Thanks for connecting, {First}.

Quick one - we run social football games at Old St - Moreland Primary School, about 25 minutes' walk from your office. A few City firms use them as an easy after-work thing for colleagues: we sort the pitch, the payments and the organising, and can top the group up with our own players if numbers are short.

Is there someone at Midpoint & Transfer who looks after wellbeing or staff socials I should be speaking to? Happy to be pointed elsewhere.

Brian
FC Urban",,,,
Mif Holdings,,Financial institution,EC3V 1AB,"1 LEADENHALL STREET, LONDON",22/04/2016,FULL,66220 - Activities of insurance agents and brokers,Borough Academy,24,postcode district,,,,,,"Hi {First} - I'm Brian from FC Urban. We run social football at Borough Academy, a 24-min walk from Mif Holdings. Looking for someone inside the team up for starting an after-work game - we handle pitch, payments and organising. Open to a quick chat?",250,"Thanks for connecting, {First}.

Quick one - we run social football games at Borough Academy, about 24 minutes' walk from your office. A few City firms use them as an easy after-work thing for colleagues: we sort the pitch, the payments and the organising, and can top the group up with our own players if numbers are short.

Is there someone at Mif Holdings who looks after wellbeing or staff socials I should be speaking to? Happy to be pointed elsewhere.

Brian
FC Urban",,,,
Mightyhive,,Financial institution,EC2A 4DN,"MEDIAMONKS, 15, LONDON",15/07/2016,FULL,64999 - Financial intermediation not elsewhere classified,Old St - Moreland Primary School,17,exact postcode,,,,,,"Hi {First} - I'm Brian from FC Urban. We run social football at Old St - Moreland Primary School, a 17-min walk from Mightyhive. Looking for someone inside the team up for starting an after-work game - we handle pitch, payments and organising. Open to a quick chat?",265,"Thanks for connecting, {First}.

Quick one - we run social football games at Old St - Moreland Primary School, about 17 minutes' walk from your office. A few City firms use them as an easy after-work thing for colleagues: we sort the pitch, the payments and the organising, and can top the group up with our own players if numbers are short.

Is there someone at Mightyhive who looks after wellbeing or staff socials I should be speaking to? Happy to be pointed elsewhere.

Brian
FC Urban",,,,
Millbridge Holdings Group,,Financial institution,EC1Y 2AJ,"22 CITY ROAD, LONDON",23/02/2017,GROUP,64203 - Activities of construction holding companies,Old St - Moreland Primary School,14,postcode district,,,,,,"Hi {First} - I'm Brian from FC Urban. We run social football at Old St - Moreland Primary School, a 14-min walk from Millbridge Holdings Group. Looking for someone inside the team up for starting an after-work game - we handle pitch, payments and organising. Open to a quick chat?",280,"Thanks for connecting, {First}.

Quick one - we run social football games at Old St - Moreland Primary School, about 14 minutes' walk from your office. A few City firms use them as an easy after-work thing for colleagues: we sort the pitch, the payments and the organising, and can top the group up with our own players if numbers are short.

Is there someone at Millbridge Holdings Group who looks after wellbeing or staff socials I should be speaking to? Happy to be pointed elsewhere.

Brian
FC Urban",,,,
Millennium Global Investments,,Financial institution,EC2V 7QR,"15TH FLOOR, LONDON",05/09/1994,FULL,66300 - Fund management activities,Borough Academy,23,postcode district,,,,,,"Hi {First} - I'm Brian from FC Urban. We run social football at Borough Academy, a 23-min walk from Millennium Global Investments. Looking for someone inside the team up for starting an after-work game - we handle pitch, payments and organising. Open to a quick chat?",267,"Thanks for connecting, {First}.

Quick one - we run social football games at Borough Academy, about 23 minutes' walk from your office. A few City firms use them as an easy after-work thing for colleagues: we sort the pitch, the payments and the organising, and can top the group up with our own players if numbers are short.

Is there someone at Millennium Global Investments who looks after wellbeing or staff socials I should be speaking to? Happy to be pointed elsewhere.

Brian
FC Urban",,,,
Millennium Global Treasury Services,,Financial institution,EC2V 7QR,"15TH FLOOR, LONDON",28/01/2019,GROUP,64999 - Financial intermediation not elsewhere classified,Borough Academy,23,postcode district,,,,,,"Hi {First} - I'm Brian from FC Urban. We run social football at Borough Academy, a 23-min walk from Millennium Global Treasury Services. Looking for someone inside the team up for starting an after-work game - we handle pitch, payments and organising. Open to a quick chat?",273,"Thanks for connecting, {First}.

Quick one - we run social football games at Borough Academy, about 23 minutes' walk from your office. A few City firms use them as an easy after-work thing for colleagues: we sort the pitch, the payments and the organising, and can top the group up with our own players if numbers are short.

Is there someone at Millennium Global Treasury Services who looks after wellbeing or staff socials I should be speaking to? Happy to be pointed elsewhere.

Brian
FC Urban",,,,
Milliman Advisers,,Financial institution,EC3M 8AA,"EASTCHEAP COURT, LONDON",22/09/2000,FULL,66290 - Other activities auxiliary to insurance and pension funding,Whitechapel,24,postcode district,,,,,,"Hi {First} - I'm Brian from FC Urban. We run social football at Whitechapel, a 24-min walk from Milliman Advisers. Looking for someone inside the team up for starting an after-work game - we handle pitch, payments and organising. Open to a quick chat?",251,"Thanks for connecting, {First}.

Quick one - we run social football games at Whitechapel, about 24 minutes' walk from your office. A few City firms use them as an easy after-work thing for colleagues: we sort the pitch, the payments and the organising, and can top the group up with our own players if numbers are short.

Is there someone at Milliman Advisers who looks after wellbeing or staff socials I should be speaking to? Happy to be pointed elsewhere.

Brian
FC Urban",,,,
Miniclip (Finco),,Financial institution,EC4A 1EN,"2ND FLOOR, BUREAU, LONDON",01/06/2022,FULL,64209 - Activities of other holding companies n.e.c.,Old St - Moreland Primary School,23,exact postcode,,,,,,"Hi {First} - I'm Brian from FC Urban. We run social football at Old St - Moreland Primary School, a 23-min walk from Miniclip (Finco). Looking for someone inside the team up for starting an after-work game - we handle pitch, payments and organising. Open to a quick chat?",271,"Thanks for connecting, {First}.

Quick one - we run social football games at Old St - Moreland Primary School, about 23 minutes' walk from your office. A few City firms use them as an easy after-work thing for colleagues: we sort the pitch, the payments and the organising, and can top the group up with our own players if numbers are short.

Is there someone at Miniclip (Finco) who looks after wellbeing or staff socials I should be speaking to? Happy to be pointed elsewhere.

Brian
FC Urban",,,,
Minova Insurance Holdings,,Financial institution,EC3N 2LS,ONE AMERICA SQUARE,29/04/1980,FULL,64209 - Activities of other holding companies n.e.c.,Whitechapel,19,postcode district,,,,,,"Hi {First} - I'm Brian from FC Urban. We run social football at Whitechapel, a 19-min walk from Minova Insurance Holdings. Looking for someone inside the team up for starting an after-work game - we handle pitch, payments and organising. Open to a quick chat?",259,"Thanks for connecting, {First}.

Quick one - we run social football games at Whitechapel, about 19 minutes' walk from your office. A few City firms use them as an easy after-work thing for colleagues: we sort the pitch, the payments and the organising, and can top the group up with our own players if numbers are short.

Is there someone at Minova Insurance Holdings who looks after wellbeing or staff socials I should be speaking to? Happy to be pointed elsewhere.

Brian
FC Urban",,,,
Minova Management Services,,Financial institution,EC3N 2LS,ONE AMERICA SQUARE,17/07/1995,FULL,65120 - Non-life insurance,Whitechapel,19,postcode district,,,,,,"Hi {First} - I'm Brian from FC Urban. We run social football at Whitechapel, a 19-min walk from Minova Management Services. Looking for someone inside the team up for starting an after-work game - we handle pitch, payments and organising. Open to a quick chat?",260,"Thanks for connecting, {First}.

Quick one - we run social football games at Whitechapel, about 19 minutes' walk from your office. A few City firms use them as an easy after-work thing for colleagues: we sort the pitch, the payments and the organising, and can top the group up with our own players if numbers are short.

Is there someone at Minova Management Services who looks after wellbeing or staff socials I should be speaking to? Happy to be pointed elsewhere.

Brian
FC Urban",,,,
Mirae Asset Securities (Uk),,Financial institution,EC2N 1HQ,"11TH FLOOR, TOWER 42, LONDON",03/05/1991,FULL,64999 - Financial intermediation not elsewhere classified,Whitechapel,27,exact postcode,,,,,,"Hi {First} - I'm Brian from FC Urban. We run social football at Whitechapel, a 27-min walk from Mirae Asset Securities (Uk). Looking for someone inside the team up for starting an after-work game - we handle pitch, payments and organising. Open to a quick chat?",261,"Thanks for connecting, {First}.

Quick one - we run social football games at Whitechapel, about 27 minutes' walk from your office. A few City firms use them as an easy after-work thing for colleagues: we sort the pitch, the payments and the organising, and can top the group up with our own players if numbers are short.

Is there someone at Mirae Asset Securities (Uk) who looks after wellbeing or staff socials I should be speaking to? Happy to be pointed elsewhere.

Brian
FC Urban",,,,
Miramar Underwriting,,Financial institution,EC3N 2EX,"DAWSON HOUSE 5, JEWRY STREET, LONDON",07/08/2009,FULL,66220 - Activities of insurance agents and brokers,Whitechapel,19,exact postcode,,,,,,"Hi {First} - I'm Brian from FC Urban. We run social football at Whitechapel, a 19-min walk from Miramar Underwriting. Looking for someone inside the team up for starting an after-work game - we handle pitch, payments and organising. Open to a quick chat?",254,"Thanks for connecting, {First}.

Quick one - we run social football games at Whitechapel, about 19 minutes' walk from your office. A few City firms use them as an easy after-work thing for colleagues: we sort the pitch, the payments and the organising, and can top the group up with our own players if numbers are short.

Is there someone at Miramar Underwriting who looks after wellbeing or staff socials I should be speaking to? Happy to be pointed elsewhere.

Brian
FC Urban",,,,
Mitel Networks (International),,Financial institution,EC2M 1QS,"12TH FLOOR (SOUTH) DASHWOOD HOUSE, LONDON",01/08/2018,GROUP,64209 - Activities of other holding companies n.e.c.,Whitechapel,26,exact postcode,,,,,,"Hi {First} - I'm Brian from FC Urban. We run social football at Whitechapel, a 26-min walk from Mitel Networks (International). Looking for someone inside the team up for starting an after-work game - we handle pitch, payments and organising. Open to a quick chat?",264,"Thanks for connecting, {First}.

Quick one - we run social football games at Whitechapel, about 26 minutes' walk from your office. A few City firms use them as an easy after-work thing for colleagues: we sort the pitch, the payments and the organising, and can top the group up with our own players if numbers are short.

Is there someone at Mitel Networks (International) who looks after wellbeing or staff socials I should be speaking to? Happy to be pointed elsewhere.

Brian
FC Urban",,,,
Miton Group,,Financial institution,EC4M 8AB,"6TH FLOOR, PATERNOSTER HOUSE, LONDON",22/06/2004,FULL,64205 - Activities of financial services holding companies,Borough Academy,23,exact postcode,,,,,,"Hi {First} - I'm Brian from FC Urban. We run social football at Borough Academy, a 23-min walk from Miton Group. Looking for someone inside the team up for starting an after-work game - we handle pitch, payments and organising. Open to a quick chat?",249,"Thanks for connecting, {First}.

Quick one - we run social football games at Borough Academy, about 23 minutes' walk from your office. A few City firms use them as an easy after-work thing for colleagues: we sort the pitch, the payments and the organising, and can top the group up with our own players if numbers are short.

Is there someone at Miton Group who looks after wellbeing or staff socials I should be speaking to? Happy to be pointed elsewhere.

Brian
FC Urban",,,,
Miton Group Service Company,,Financial institution,EC4M 8AB,"6TH FLOOR, PATERNOSTER HOUSE, LONDON",14/10/2013,FULL,64205 - Activities of financial services holding companies,Borough Academy,23,exact postcode,,,,,,"Hi {First} - I'm Brian from FC Urban. We run social football at Borough Academy, a 23-min walk from Miton Group Service Company. Looking for someone inside the team up for starting an after-work game - we handle pitch, payments and organising. Open to a quick chat?",265,"Thanks for connecting, {First}.

Quick one - we run social football games at Borough Academy, about 23 minutes' walk from your office. A few City firms use them as an easy after-work thing for colleagues: we sort the pitch, the payments and the organising, and can top the group up with our own players if numbers are short.

Is there someone at Miton Group Service Company who looks after wellbeing or staff socials I should be speaking to? Happy to be pointed elsewhere.

Brian
FC Urban",,,,
Mitsubishi Ufj Asset Management (Uk),,Financial institution,EC3V 9AJ,"24 LOMBARD STREET, LONDON",20/08/1984,FULL,66300 - Fund management activities,Borough Academy,24,postcode district,,,,,,"Hi {First} - I'm Brian from FC Urban. We run social football at Borough Academy, a 24-min walk from Mitsubishi Ufj Asset Management (Uk). Looking for someone inside the team up for starting an after-work game - we handle pitch, payments and organising. Open to a quick chat?",274,"Thanks for connecting, {First}.

Quick one - we run social football games at Borough Academy, about 24 minutes' walk from your office. A few City firms use them as an easy after-work thing for colleagues: we sort the pitch, the payments and the organising, and can top the group up with our own players if numbers are short.

Is there someone at Mitsubishi Ufj Asset Management (Uk) who looks after wellbeing or staff socials I should be speaking to? Happy to be pointed elsewhere.

Brian
FC Urban",,,,
Mitsui & Co. Financial Services (Europe),,Financial institution,EC1A 4AS,"8TH AND 9TH FLOORS, LONDON",27/03/2012,FULL,64999 - Financial intermediation not elsewhere classified,Old St - Moreland Primary School,18,postcode district,,,,,,"Hi {First} - I'm Brian from FC Urban. We run social football at Old St - Moreland Primary School, a 18-min walk from Mitsui & Co. Financial Services (Europe). Looking for someone inside the team up for starting an after-work game - we handle pitch, payments and organising. Open to a quick chat?",295,"Thanks for connecting, {First}.

Quick one - we run social football games at Old St - Moreland Primary School, about 18 minutes' walk from your office. A few City firms use them as an easy after-work thing for colleagues: we sort the pitch, the payments and the organising, and can top the group up with our own players if numbers are short.

Is there someone at Mitsui & Co. Financial Services (Europe) who looks after wellbeing or staff socials I should be speaking to? Happy to be pointed elsewhere.

Brian
FC Urban",,,,
Mitsui Bussan Commodities,,Financial institution,EC4M 7DX,"1ST FLOOR WARWICK COURT, LONDON",15/03/2002,GROUP,66120 - Security and commodity contracts dealing activities,Borough Academy,22,postcode district,,,,,,"Hi {First} - I'm Brian from FC Urban. We run social football at Borough Academy, a 22-min walk from Mitsui Bussan Commodities. Looking for someone inside the team up for starting an after-work game - we handle pitch, payments and organising. Open to a quick chat?",263,"Thanks for connecting, {First}.

Quick one - we run social football games at Borough Academy, about 22 minutes' walk from your office. A few City firms use them as an easy after-work thing for colleagues: we sort the pitch, the payments and the organising, and can top the group up with our own players if numbers are short.

Is there someone at Mitsui Bussan Commodities who looks after wellbeing or staff socials I should be speaking to? Happy to be pointed elsewhere.

Brian
FC Urban",,,,
Mizuho Leasing (Uk),,Financial institution,EC4M 7AU,"MIZUHO HOUSE, LONDON",27/02/1987,FULL,64910 - Financial leasing,Borough Academy,22,postcode district,,,,,,"Hi {First} - I'm Brian from FC Urban. We run social football at Borough Academy, a 22-min walk from Mizuho Leasing (Uk). Looking for someone inside the team up for starting an after-work game - we handle pitch, payments and organising. Open to a quick chat?",257,"Thanks for connecting, {First}.

Quick one - we run social football games at Borough Academy, about 22 minutes' walk from your office. A few City firms use them as an easy after-work thing for colleagues: we sort the pitch, the payments and the organising, and can top the group up with our own players if numbers are short.

Is there someone at Mizuho Leasing (Uk) who looks after wellbeing or staff socials I should be speaking to? Happy to be pointed elsewhere.

Brian
FC Urban",,,,
Modulr Fs,,Financial institution,EC1Y 2AL,"THE FEATHERSTONE BUILDING, LONDON",02/12/2015,FULL,66190 - Activities auxiliary to financial intermediation n.e.c.,Old St - Moreland Primary School,14,exact postcode,,,,,,"Hi {First} - I'm Brian from FC Urban. We run social football at Old St - Moreland Primary School, a 14-min walk from Modulr Fs. Looking for someone inside the team up for starting an after-work game - we handle pitch, payments and organising. Open to a quick chat?",264,"Thanks for connecting, {First}.

Quick one - we run social football games at Old St - Moreland Primary School, about 14 minutes' walk from your office. A few City firms use them as an easy after-work thing for colleagues: we sort the pitch, the payments and the organising, and can top the group up with our own players if numbers are short.

Is there someone at Modulr Fs who looks after wellbeing or staff socials I should be speaking to? Happy to be pointed elsewhere.

Brian
FC Urban",,,,
Modulr Holdings,,Financial institution,EC1Y 2AL,"THE FEATHERSTONE BUILDING, LONDON",01/12/2015,GROUP,64209 - Activities of other holding companies n.e.c.,Old St - Moreland Primary School,14,exact postcode,,,,,,"Hi {First} - I'm Brian from FC Urban. We run social football at Old St - Moreland Primary School, a 14-min walk from Modulr Holdings. Looking for someone inside the team up for starting an after-work game - we handle pitch, payments and organising. Open to a quick chat?",270,"Thanks for connecting, {First}.

Quick one - we run social football games at Old St - Moreland Primary School, about 14 minutes' walk from your office. A few City firms use them as an easy after-work thing for colleagues: we sort the pitch, the payments and the organising, and can top the group up with our own players if numbers are short.

Is there someone at Modulr Holdings who looks after wellbeing or staff socials I should be speaking to? Happy to be pointed elsewhere.

Brian
FC Urban",,,,
Mollie Uk,,Financial institution,EC2N 4BQ,"HUCKLETREE BISHOPSGATE 8 BISHOPSGATE, LONDON",30/03/2022,FULL,64999 - Financial intermediation not elsewhere classified,Whitechapel,26,exact postcode,,,,,,"Hi {First} - I'm Brian from FC Urban. We run social football at Whitechapel, a 26-min walk from Mollie Uk. Looking for someone inside the team up for starting an after-work game - we handle pitch, payments and organising. Open to a quick chat?",243,"Thanks for connecting, {First}.

Quick one - we run social football games at Whitechapel, about 26 minutes' walk from your office. A few City firms use them as an easy after-work thing for colleagues: we sort the pitch, the payments and the organising, and can top the group up with our own players if numbers are short.

Is there someone at Mollie Uk who looks after wellbeing or staff socials I should be speaking to? Happy to be pointed elsewhere.

Brian
FC Urban",,,,
Mondrian Investment Partners,,Accountancy / financial advisory,EC2M 5TQ,"SIXTY LONDON WALL, LONDON",21/08/1990,FULL,70221 - Financial management,Old St - Moreland Primary School,24,exact postcode,,,,,,"Hi {First} - I'm Brian from FC Urban. We run social football at Old St - Moreland Primary School, a 24-min walk from Mondrian Investment Partners. Looking for someone inside the team up for starting an after-work game - we handle pitch, payments and organising. Open to a quick chat?",283,"Thanks for connecting, {First}.

Quick one - we run social football games at Old St - Moreland Primary School, about 24 minutes' walk from your office. A few City firms use them as an easy after-work thing for colleagues: we sort the pitch, the payments and the organising, and can top the group up with our own players if numbers are short.

Is there someone at Mondrian Investment Partners who looks after wellbeing or staff socials I should be speaking to? Happy to be pointed elsewhere.

Brian
FC Urban",,,,
Monese,,Financial institution,EC1V 1NR,"EAGLE HOUSE, LONDON",07/10/2013,FULL,64999 - Financial intermediation not elsewhere classified,Old St - Moreland Primary School,9,postcode district,,,,,,"Hi {First} - I'm Brian from FC Urban. We run social football at Old St - Moreland Primary School, a 9-min walk from Monese. Looking for someone inside the team up for starting an after-work game - we handle pitch, payments and organising. Open to a quick chat?",260,"Thanks for connecting, {First}.

Quick one - we run social football games at Old St - Moreland Primary School, about 9 minutes' walk from your office. A few City firms use them as an easy after-work thing for colleagues: we sort the pitch, the payments and the organising, and can top the group up with our own players if numbers are short.

Is there someone at Monese who looks after wellbeing or staff socials I should be speaking to? Happy to be pointed elsewhere.

Brian
FC Urban",,,,
Montanaro Asset Management,,Financial institution,EC2R 8AR,53 THREADNEEDLE STREET,06/09/1996,GROUP,66300 - Fund management activities,Old St - Moreland Primary School,25,postcode district,,,,,,"Hi {First} - I'm Brian from FC Urban. We run social football at Old St - Moreland Primary School, a 25-min walk from Montanaro Asset Management. Looking for someone inside the team up for starting an after-work game - we handle pitch, payments and organising. Open to a quick chat?",281,"Thanks for connecting, {First}.

Quick one - we run social football games at Old St - Moreland Primary School, about 25 minutes' walk from your office. A few City firms use them as an easy after-work thing for colleagues: we sort the pitch, the payments and the organising, and can top the group up with our own players if numbers are short.

Is there someone at Montanaro Asset Management who looks after wellbeing or staff socials I should be speaking to? Happy to be pointed elsewhere.

Brian
FC Urban",,,,
Montanaro Uk Smaller Companies Investment Trust,,Financial institution,EC2R 8AR,"53 THREADNEEDLE STREET, LONDON",21/12/1994,FULL,64301 - Activities of investment trusts,Old St - Moreland Primary School,25,postcode district,,,,,,"Hi {First} - Brian from FC Urban. We run social football at Old St - Moreland Primary School, a 25-min walk from your office. Anyone at Montanaro Uk Smaller Companies Investment Trust up for starting an after-work game? We handle pitch, payments and organising.",261,"Thanks for connecting, {First}.

Quick one - we run social football games at Old St - Moreland Primary School, about 25 minutes' walk from your office. A few City firms use them as an easy after-work thing for colleagues: we sort the pitch, the payments and the organising, and can top the group up with our own players if numbers are short.

Is there someone at Montanaro Uk Smaller Companies Investment Trust who looks after wellbeing or staff socials I should be speaking to? Happy to be pointed elsewhere.

Brian
FC Urban",,,,
Montify,,Financial institution,EC3R 7LP,"NEW LONDON HOUSE, LONDON",27/09/2019,FULL,63990 - Other information service activities n.e.c. | 64999 - Financial intermediation not elsewhere classified,Borough Academy,22,postcode district,,,,,,"Hi {First} - I'm Brian from FC Urban. We run social football at Borough Academy, a 22-min walk from Montify. Looking for someone inside the team up for starting an after-work game - we handle pitch, payments and organising. Open to a quick chat?",245,"Thanks for connecting, {First}.

Quick one - we run social football games at Borough Academy, about 22 minutes' walk from your office. A few City firms use them as an easy after-work thing for colleagues: we sort the pitch, the payments and the organising, and can top the group up with our own players if numbers are short.

Is there someone at Montify who looks after wellbeing or staff socials I should be speaking to? Happy to be pointed elsewhere.

Brian
FC Urban",,,,
Monument Re Services (Uk),,Financial institution,EC3N 4AH,"5TH FLOOR WALSINGHAM HOUSE, LONDON",30/04/2014,FULL,66290 - Other activities auxiliary to insurance and pension funding,Whitechapel,19,postcode district,,,,,,"Hi {First} - I'm Brian from FC Urban. We run social football at Whitechapel, a 19-min walk from Monument Re Services (Uk). Looking for someone inside the team up for starting an after-work game - we handle pitch, payments and organising. Open to a quick chat?",259,"Thanks for connecting, {First}.

Quick one - we run social football games at Whitechapel, about 19 minutes' walk from your office. A few City firms use them as an easy after-work thing for colleagues: we sort the pitch, the payments and the organising, and can top the group up with our own players if numbers are short.

Is there someone at Monument Re Services (Uk) who looks after wellbeing or staff socials I should be speaking to? Happy to be pointed elsewhere.

Brian
FC Urban",,,,
Moody'S Emea Holdings,,Financial institution,EC2V 7AE,"10 GRESHAM STREET, LONDON",15/01/2013,FULL,64209 - Activities of other holding companies n.e.c.,Borough Academy,23,postcode district,,,,,,"Hi {First} - I'm Brian from FC Urban. We run social football at Borough Academy, a 23-min walk from Moody'S Emea Holdings. Looking for someone inside the team up for starting an after-work game - we handle pitch, payments and organising. Open to a quick chat?",259,"Thanks for connecting, {First}.

Quick one - we run social football games at Borough Academy, about 23 minutes' walk from your office. A few City firms use them as an easy after-work thing for colleagues: we sort the pitch, the payments and the organising, and can top the group up with our own players if numbers are short.

Is there someone at Moody'S Emea Holdings who looks after wellbeing or staff socials I should be speaking to? Happy to be pointed elsewhere.

Brian
FC Urban",,,,
Moody'S Group (Holdings) Unlimited,,Financial institution,EC2V 7AE,"10 GRESHAM STREET, LONDON",14/03/2012,FULL,64209 - Activities of other holding companies n.e.c.,Borough Academy,23,postcode district,,,,,,"Hi {First} - I'm Brian from FC Urban. We run social football at Borough Academy, a 23-min walk from Moody'S Group (Holdings) Unlimited. Looking for someone inside the team up for starting an after-work game - we handle pitch, payments and organising. Open to a quick chat?",272,"Thanks for connecting, {First}.

Quick one - we run social football games at Borough Academy, about 23 minutes' walk from your office. A few City firms use them as an easy after-work thing for colleagues: we sort the pitch, the payments and the organising, and can top the group up with our own players if numbers are short.

Is there someone at Moody'S Group (Holdings) Unlimited who looks after wellbeing or staff socials I should be speaking to? Happy to be pointed elsewhere.

Brian
FC Urban",,,,
Moorwand,,Financial institution,EC3N 3DS,"FORA, LONDON",16/04/2013,GROUP,62090 - Other information technology service activities | 64999 - Financial intermediation not elsewhere classified,Whitechapel,20,exact postcode,,,,,,"Hi {First} - I'm Brian from FC Urban. We run social football at Whitechapel, a 20-min walk from Moorwand. Looking for someone inside the team up for starting an after-work game - we handle pitch, payments and organising. Open to a quick chat?",242,"Thanks for connecting, {First}.

Quick one - we run social football games at Whitechapel, about 20 minutes' walk from your office. A few City firms use them as an easy after-work thing for colleagues: we sort the pitch, the payments and the organising, and can top the group up with our own players if numbers are short.

Is there someone at Moorwand who looks after wellbeing or staff socials I should be speaking to? Happy to be pointed elsewhere.

Brian
FC Urban",,,,
Mosaic Corporate Capital,,Financial institution,EC3V 0BT,"4TH FLOOR 33, LONDON",10/12/2020,FULL,65120 - Non-life insurance | 65202 - Non-life reinsurance,Borough Academy,22,exact postcode,,,,,,"Hi {First} - I'm Brian from FC Urban. We run social football at Borough Academy, a 22-min walk from Mosaic Corporate Capital. Looking for someone inside the team up for starting an after-work game - we handle pitch, payments and organising. Open to a quick chat?",262,"Thanks for connecting, {First}.

Quick one - we run social football games at Borough Academy, about 22 minutes' walk from your office. A few City firms use them as an easy after-work thing for colleagues: we sort the pitch, the payments and the organising, and can top the group up with our own players if numbers are short.

Is there someone at Mosaic Corporate Capital who looks after wellbeing or staff socials I should be speaking to? Happy to be pointed elsewhere.

Brian
FC Urban",,,,
Motability Operations,,Financial institution,EC2N 4BQ,"LEVEL 6, 22 BISHOPSGATE LEVEL 6, LONDON",16/06/1978,FULL,64910 - Financial leasing,Whitechapel,26,exact postcode,,,,,,"Hi {First} - I'm Brian from FC Urban. We run social football at Whitechapel, a 26-min walk from Motability Operations. Looking for someone inside the team up for starting an after-work game - we handle pitch, payments and organising. Open to a quick chat?",255,"Thanks for connecting, {First}.

Quick one - we run social football games at Whitechapel, about 26 minutes' walk from your office. A few City firms use them as an easy after-work thing for colleagues: we sort the pitch, the payments and the organising, and can top the group up with our own players if numbers are short.

Is there someone at Motability Operations who looks after wellbeing or staff socials I should be speaking to? Happy to be pointed elsewhere.

Brian
FC Urban",,,,
Mpac,,Financial institution,EC2R 8DU,"11 OLD JEWRY, LONDON",24/09/2003,FULL,64205 - Activities of financial services holding companies,Old St - Moreland Primary School,25,postcode district,,,,,,"Hi {First} - I'm Brian from FC Urban. We run social football at Old St - Moreland Primary School, a 25-min walk from Mpac. Looking for someone inside the team up for starting an after-work game - we handle pitch, payments and organising. Open to a quick chat?",259,"Thanks for connecting, {First}.

Quick one - we run social football games at Old St - Moreland Primary School, about 25 minutes' walk from your office. A few City firms use them as an easy after-work thing for colleagues: we sort the pitch, the payments and the organising, and can top the group up with our own players if numbers are short.

Is there someone at Mpac who looks after wellbeing or staff socials I should be speaking to? Happy to be pointed elsewhere.

Brian
FC Urban",,,,
Mrald,,Financial institution,EC2N 1HN,"SIGNATURE BY REGUS - LONDON TOWER 42, LONDON",11/11/2021,FULL,64205 - Activities of financial services holding companies,Whitechapel,26,exact postcode,,,,,,"Hi {First} - I'm Brian from FC Urban. We run social football at Whitechapel, a 26-min walk from Mrald. Looking for someone inside the team up for starting an after-work game - we handle pitch, payments and organising. Open to a quick chat?",239,"Thanks for connecting, {First}.

Quick one - we run social football games at Whitechapel, about 26 minutes' walk from your office. A few City firms use them as an easy after-work thing for colleagues: we sort the pitch, the payments and the organising, and can top the group up with our own players if numbers are short.

Is there someone at Mrald who looks after wellbeing or staff socials I should be speaking to? Happy to be pointed elsewhere.

Brian
FC Urban",,,,
Mrp Capital Partners,,Financial institution,EC2M 4QD,"232-238 BISHOPSGATE, LONDON",08/11/2022,MEDIUM,66110 - Administration of financial markets,Whitechapel,23,postcode district,,,,,,"Hi {First} - I'm Brian from FC Urban. We run social football at Whitechapel, a 23-min walk from Mrp Capital Partners. Looking for someone inside the team up for starting an after-work game - we handle pitch, payments and organising. Open to a quick chat?",254,"Thanks for connecting, {First}.

Quick one - we run social football games at Whitechapel, about 23 minutes' walk from your office. A few City firms use them as an easy after-work thing for colleagues: we sort the pitch, the payments and the organising, and can top the group up with our own players if numbers are short.

Is there someone at Mrp Capital Partners who looks after wellbeing or staff socials I should be speaking to? Happy to be pointed elsewhere.

Brian
FC Urban",,,,
Mufg Funding (Uk),,Financial institution,EC2Y 9AN,"ROPEMAKER PLACE 25, LONDON",06/12/1967,FULL,64999 - Financial intermediation not elsewhere classified,Old St - Moreland Primary School,19,postcode district,,,,,,"Hi {First} - I'm Brian from FC Urban. We run social football at Old St - Moreland Primary School, a 19-min walk from Mufg Funding (Uk). Looking for someone inside the team up for starting an after-work game - we handle pitch, payments and organising. Open to a quick chat?",272,"Thanks for connecting, {First}.

Quick one - we run social football games at Old St - Moreland Primary School, about 19 minutes' walk from your office. A few City firms use them as an easy after-work thing for colleagues: we sort the pitch, the payments and the organising, and can top the group up with our own players if numbers are short.

Is there someone at Mufg Funding (Uk) who looks after wellbeing or staff socials I should be speaking to? Happy to be pointed elsewhere.

Brian
FC Urban",,,,
Multi Asset Solutions,,Financial institution,EC2A 1NT,"131 FINSBURY PAVEMENT, LONDON",07/05/2020,GROUP,66120 - Security and commodity contracts dealing activities,Old St - Moreland Primary School,19,exact postcode,,,,,,"Hi {First} - I'm Brian from FC Urban. We run social football at Old St - Moreland Primary School, a 19-min walk from Multi Asset Solutions. Looking for someone inside the team up for starting an after-work game - we handle pitch, payments and organising. Open to a quick chat?",276,"Thanks for connecting, {First}.

Quick one - we run social football games at Old St - Moreland Primary School, about 19 minutes' walk from your office. A few City firms use them as an easy after-work thing for colleagues: we sort the pitch, the payments and the organising, and can top the group up with our own players if numbers are short.

Is there someone at Multi Asset Solutions who looks after wellbeing or staff socials I should be speaking to? Happy to be pointed elsewhere.

Brian
FC Urban",,,,
Mxlg Acquisitions,,Financial institution,EC2V 5HA,"FIRST FLOOR, WOOLGATE, LONDON",15/11/2017,GROUP,64209 - Activities of other holding companies n.e.c.,Borough Academy,23,postcode district,,,,,,"Hi {First} - I'm Brian from FC Urban. We run social football at Borough Academy, a 23-min walk from Mxlg Acquisitions. Looking for someone inside the team up for starting an after-work game - we handle pitch, payments and organising. Open to a quick chat?",255,"Thanks for connecting, {First}.

Quick one - we run social football games at Borough Academy, about 23 minutes' walk from your office. A few City firms use them as an easy after-work thing for colleagues: we sort the pitch, the payments and the organising, and can top the group up with our own players if numbers are short.

Is there someone at Mxlg Acquisitions who looks after wellbeing or staff socials I should be speaking to? Happy to be pointed elsewhere.

Brian
FC Urban",,,,
Mxlg Intermediate Holdings,,Financial institution,EC2V 5HA,"FIRST FLOOR, WOOLGATE, LONDON",06/02/2018,FULL,64209 - Activities of other holding companies n.e.c.,Borough Academy,23,postcode district,,,,,,"Hi {First} - I'm Brian from FC Urban. We run social football at Borough Academy, a 23-min walk from Mxlg Intermediate Holdings. Looking for someone inside the team up for starting an after-work game - we handle pitch, payments and organising. Open to a quick chat?",264,"Thanks for connecting, {First}.

Quick one - we run social football games at Borough Academy, about 23 minutes' walk from your office. A few City firms use them as an easy after-work thing for colleagues: we sort the pitch, the payments and the organising, and can top the group up with our own players if numbers are short.

Is there someone at Mxlg Intermediate Holdings who looks after wellbeing or staff socials I should be speaking to? Happy to be pointed elsewhere.

Brian
FC Urban",,,,
Myi,,Financial institution,EC3M 7AN,"FORUM HOUSE, LONDON",22/11/1990,FULL,66210 - Risk and damage evaluation,Whitechapel,24,postcode district,,,,,,"Hi {First} - I'm Brian from FC Urban. We run social football at Whitechapel, a 24-min walk from Myi. Looking for someone inside the team up for starting an after-work game - we handle pitch, payments and organising. Open to a quick chat?",237,"Thanks for connecting, {First}.

Quick one - we run social football games at Whitechapel, about 24 minutes' walk from your office. A few City firms use them as an easy after-work thing for colleagues: we sort the pitch, the payments and the organising, and can top the group up with our own players if numbers are short.

Is there someone at Myi who looks after wellbeing or staff socials I should be speaking to? Happy to be pointed elsewhere.

Brian
FC Urban",,,,
Naisbitt King Asset Management,,Financial institution,EC4R 0EU,"NICHOLAS HOUSE, 3 LAURENCE POUNTNEY HILL, LONDON",18/12/2015,FULL,66300 - Fund management activities,Borough Academy,18,postcode district,,,,,,"Hi {First} - I'm Brian from FC Urban. We run social football at Borough Academy, a 18-min walk from Naisbitt King Asset Management. Looking for someone inside the team up for starting an after-work game - we handle pitch, payments and organising. Open to a quick chat?",268,"Thanks for connecting, {First}.

Quick one - we run social football games at Borough Academy, about 18 minutes' walk from your office. A few City firms use them as an easy after-work thing for colleagues: we sort the pitch, the payments and the organising, and can top the group up with our own players if numbers are short.

Is there someone at Naisbitt King Asset Management who looks after wellbeing or staff socials I should be speaking to? Happy to be pointed elsewhere.

Brian
FC Urban",,,,
Nanhua Financial (Uk) Co,,Financial institution,EC2R 6EJ,"60 MOORGATE, LONDON",17/07/2018,FULL,64999 - Financial intermediation not elsewhere classified,Old St - Moreland Primary School,25,postcode district,,,,,,"Hi {First} - I'm Brian from FC Urban. We run social football at Old St - Moreland Primary School, a 25-min walk from Nanhua Financial (Uk) Co. Looking for someone inside the team up for starting an after-work game - we handle pitch, payments and organising. Open to a quick chat?",279,"Thanks for connecting, {First}.

Quick one - we run social football games at Old St - Moreland Primary School, about 25 minutes' walk from your office. A few City firms use them as an easy after-work thing for colleagues: we sort the pitch, the payments and the organising, and can top the group up with our own players if numbers are short.

Is there someone at Nanhua Financial (Uk) Co who looks after wellbeing or staff socials I should be speaking to? Happy to be pointed elsewhere.

Brian
FC Urban",,,,
Nash Squared Holdings,,Financial institution,EC2N 2DL,"10 THROGMORTON AVENUE, LONDON",13/07/2018,GROUP,64209 - Activities of other holding companies n.e.c.,Whitechapel,26,postcode district,,,,,,"Hi {First} - I'm Brian from FC Urban. We run social football at Whitechapel, a 26-min walk from Nash Squared Holdings. Looking for someone inside the team up for starting an after-work game - we handle pitch, payments and organising. Open to a quick chat?",255,"Thanks for connecting, {First}.

Quick one - we run social football games at Whitechapel, about 26 minutes' walk from your office. A few City firms use them as an easy after-work thing for colleagues: we sort the pitch, the payments and the organising, and can top the group up with our own players if numbers are short.

Is there someone at Nash Squared Holdings who looks after wellbeing or staff socials I should be speaking to? Happy to be pointed elsewhere.

Brian
FC Urban",,,,
Natilik Corporate,,Financial institution,EC2M 4YN,"9A DEVONSHIRE SQUARE, LONDON",16/02/2021,GROUP,64209 - Activities of other holding companies n.e.c.,Whitechapel,23,postcode district,,,,,,"Hi {First} - I'm Brian from FC Urban. We run social football at Whitechapel, a 23-min walk from Natilik Corporate. Looking for someone inside the team up for starting an after-work game - we handle pitch, payments and organising. Open to a quick chat?",251,"Thanks for connecting, {First}.

Quick one - we run social football games at Whitechapel, about 23 minutes' walk from your office. A few City firms use them as an easy after-work thing for colleagues: we sort the pitch, the payments and the organising, and can top the group up with our own players if numbers are short.

Is there someone at Natilik Corporate who looks after wellbeing or staff socials I should be speaking to? Happy to be pointed elsewhere.

Brian
FC Urban",,,,
National Energy Holdings,,Financial institution,EC4R 3TT,"FIELDFISHER LLP RIVERBANK HOUSE, LONDON",29/11/2018,GROUP,64209 - Activities of other holding companies n.e.c.,Borough Academy,18,postcode district,,,,,,"Hi {First} - I'm Brian from FC Urban. We run social football at Borough Academy, a 18-min walk from National Energy Holdings. Looking for someone inside the team up for starting an after-work game - we handle pitch, payments and organising. Open to a quick chat?",262,"Thanks for connecting, {First}.

Quick one - we run social football games at Borough Academy, about 18 minutes' walk from your office. A few City firms use them as an easy after-work thing for colleagues: we sort the pitch, the payments and the organising, and can top the group up with our own players if numbers are short.

Is there someone at National Energy Holdings who looks after wellbeing or staff socials I should be speaking to? Happy to be pointed elsewhere.

Brian
FC Urban",,,,
Nationwide Assistance Group,,Financial institution,EC4A 3BA,"C/O MACKRELL SOLICITORS, LONDON",06/06/2011,FULL,64209 - Activities of other holding companies n.e.c. | 82200 - Activities of call centres | 82990 - Other business support service activities n.e.c.,Old St - Moreland Primary School,24,postcode district,,,,,,"Hi {First} - I'm Brian from FC Urban. We run social football at Old St - Moreland Primary School, a 24-min walk from Nationwide Assistance Group. Looking for someone inside the team up for starting an after-work game - we handle pitch, payments and organising. Open to a quick chat?",282,"Thanks for connecting, {First}.

Quick one - we run social football games at Old St - Moreland Primary School, about 24 minutes' walk from your office. A few City firms use them as an easy after-work thing for colleagues: we sort the pitch, the payments and the organising, and can top the group up with our own players if numbers are short.

Is there someone at Nationwide Assistance Group who looks after wellbeing or staff socials I should be speaking to? Happy to be pointed elsewhere.

Brian
FC Urban",,,,
Nationwide Holdings,,Financial institution,EC4A 3BA,"C/O MACKRELL SOLICITORS, LONDON",16/04/2021,GROUP,64209 - Activities of other holding companies n.e.c.,Old St - Moreland Primary School,24,postcode district,,,,,,"Hi {First} - I'm Brian from FC Urban. We run social football at Old St - Moreland Primary School, a 24-min walk from Nationwide Holdings. Looking for someone inside the team up for starting an after-work game - we handle pitch, payments and organising. Open to a quick chat?",274,"Thanks for connecting, {First}.

Quick one - we run social football games at Old St - Moreland Primary School, about 24 minutes' walk from your office. A few City firms use them as an easy after-work thing for colleagues: we sort the pitch, the payments and the organising, and can top the group up with our own players if numbers are short.

Is there someone at Nationwide Holdings who looks after wellbeing or staff socials I should be speaking to? Happy to be pointed elsewhere.

Brian
FC Urban",,,,
Natixis Investment Managers Uk,,Financial institution,EC4R 2YA,"LEVEL 4 CANNON BRIDGE HOUSE, LONDON",08/12/1998,FULL,66300 - Fund management activities,Borough Academy,18,postcode district,,,,,,"Hi {First} - I'm Brian from FC Urban. We run social football at Borough Academy, a 18-min walk from Natixis Investment Managers Uk. Looking for someone inside the team up for starting an after-work game - we handle pitch, payments and organising. Open to a quick chat?",268,"Thanks for connecting, {First}.

Quick one - we run social football games at Borough Academy, about 18 minutes' walk from your office. A few City firms use them as an easy after-work thing for colleagues: we sort the pitch, the payments and the organising, and can top the group up with our own players if numbers are short.

Is there someone at Natixis Investment Managers Uk who looks after wellbeing or staff socials I should be speaking to? Happy to be pointed elsewhere.

Brian
FC Urban",,,,
Nature Bidco,,Financial institution,EC3A 8AA,"2ND FLOOR EXCHEQUER COURT, LONDON",20/04/2021,FULL,64209 - Activities of other holding companies n.e.c.,Whitechapel,23,exact postcode,,,,,,"Hi {First} - I'm Brian from FC Urban. We run social football at Whitechapel, a 23-min walk from Nature Bidco. Looking for someone inside the team up for starting an after-work game - we handle pitch, payments and organising. Open to a quick chat?",246,"Thanks for connecting, {First}.

Quick one - we run social football games at Whitechapel, about 23 minutes' walk from your office. A few City firms use them as an easy after-work thing for colleagues: we sort the pitch, the payments and the organising, and can top the group up with our own players if numbers are short.

Is there someone at Nature Bidco who looks after wellbeing or staff socials I should be speaking to? Happy to be pointed elsewhere.

Brian
FC Urban",,,,
Nature Midco,,Financial institution,EC3A 8AA,"2ND FLOOR EXCHEQUER COURT, LONDON",19/04/2021,FULL,64209 - Activities of other holding companies n.e.c.,Whitechapel,23,exact postcode,,,,,,"Hi {First} - I'm Brian from FC Urban. We run social football at Whitechapel, a 23-min walk from Nature Midco. Looking for someone inside the team up for starting an after-work game - we handle pitch, payments and organising. Open to a quick chat?",246,"Thanks for connecting, {First}.

Quick one - we run social football games at Whitechapel, about 23 minutes' walk from your office. A few City firms use them as an easy after-work thing for colleagues: we sort the pitch, the payments and the organising, and can top the group up with our own players if numbers are short.

Is there someone at Nature Midco who looks after wellbeing or staff socials I should be speaking to? Happy to be pointed elsewhere.

Brian
FC Urban",,,,
Ncm Fund Services (England),,Financial institution,EC2M 1JD,"FIRST FLOOR, 42 NEW BROAD STREET, LONDON",30/08/2016,FULL,64999 - Financial intermediation not elsewhere classified,Old St - Moreland Primary School,26,exact postcode,,,,,,"Hi {First} - I'm Brian from FC Urban. We run social football at Old St - Moreland Primary School, a 26-min walk from Ncm Fund Services (England). Looking for someone inside the team up for starting an after-work game - we handle pitch, payments and organising. Open to a quick chat?",282,"Thanks for connecting, {First}.

Quick one - we run social football games at Old St - Moreland Primary School, about 26 minutes' walk from your office. A few City firms use them as an easy after-work thing for colleagues: we sort the pitch, the payments and the organising, and can top the group up with our own players if numbers are short.

Is there someone at Ncm Fund Services (England) who looks after wellbeing or staff socials I should be speaking to? Happy to be pointed elsewhere.

Brian
FC Urban",,,,
Nd4A,,Financial institution,EC4Y 0DY,"UNILEVER HOUSE, LONDON",10/10/2012,FULL,64209 - Activities of other holding companies n.e.c.,Borough Academy,21,postcode district,,,,,,"Hi {First} - I'm Brian from FC Urban. We run social football at Borough Academy, a 21-min walk from Nd4A. Looking for someone inside the team up for starting an after-work game - we handle pitch, payments and organising. Open to a quick chat?",242,"Thanks for connecting, {First}.

Quick one - we run social football games at Borough Academy, about 21 minutes' walk from your office. A few City firms use them as an easy after-work thing for colleagues: we sort the pitch, the payments and the organising, and can top the group up with our own players if numbers are short.

Is there someone at Nd4A who looks after wellbeing or staff socials I should be speaking to? Happy to be pointed elsewhere.

Brian
FC Urban",,,,
Nephila 2357,,Financial institution,EC3N 4AH,"WALSINGHAM HOUSE 35 SEETHING LANE, LONDON",11/10/2012,FULL,66290 - Other activities auxiliary to insurance and pension funding,Whitechapel,19,postcode district,,,,,,"Hi {First} - I'm Brian from FC Urban. We run social football at Whitechapel, a 19-min walk from Nephila 2357. Looking for someone inside the team up for starting an after-work game - we handle pitch, payments and organising. Open to a quick chat?",246,"Thanks for connecting, {First}.

Quick one - we run social football games at Whitechapel, about 19 minutes' walk from your office. A few City firms use them as an easy after-work thing for colleagues: we sort the pitch, the payments and the organising, and can top the group up with our own players if numbers are short.

Is there someone at Nephila 2357 who looks after wellbeing or staff socials I should be speaking to? Happy to be pointed elsewhere.

Brian
FC Urban",,,,
Nephila Advisors (Uk),,Financial institution,EC3N 4AH,"WALSINGHAM HOUSE 4TH FLOOR, WALSINGHAM HOUSE, LONDON",12/12/2013,FULL,66290 - Other activities auxiliary to insurance and pension funding,Whitechapel,19,postcode district,,,,,,"Hi {First} - I'm Brian from FC Urban. We run social football at Whitechapel, a 19-min walk from Nephila Advisors (Uk). Looking for someone inside the team up for starting an after-work game - we handle pitch, payments and organising. Open to a quick chat?",255,"Thanks for connecting, {First}.

Quick one - we run social football games at Whitechapel, about 19 minutes' walk from your office. A few City firms use them as an easy after-work thing for colleagues: we sort the pitch, the payments and the organising, and can top the group up with our own players if numbers are short.

Is there someone at Nephila Advisors (Uk) who looks after wellbeing or staff socials I should be speaking to? Happy to be pointed elsewhere.

Brian
FC Urban",,,,
Nephila Management Services,,Financial institution,EC3N 4AH,"WALSINGHAM HOUSE 35 SEETHING LANE, LONDON",13/11/2019,FULL,66290 - Other activities auxiliary to insurance and pension funding,Whitechapel,19,postcode district,,,,,,"Hi {First} - I'm Brian from FC Urban. We run social football at Whitechapel, a 19-min walk from Nephila Management Services. Looking for someone inside the team up for starting an after-work game - we handle pitch, payments and organising. Open to a quick chat?",261,"Thanks for connecting, {First}.

Quick one - we run social football games at Whitechapel, about 19 minutes' walk from your office. A few City firms use them as an easy after-work thing for colleagues: we sort the pitch, the payments and the organising, and can top the group up with our own players if numbers are short.

Is there someone at Nephila Management Services who looks after wellbeing or staff socials I should be speaking to? Happy to be pointed elsewhere.

Brian
FC Urban",,,,
Nephila Syndicate Management Holdings,,Financial institution,EC3N 4AH,"WALSINGHAM HOUSE 35 SEETHING LANE, LONDON",12/11/2019,FULL,64205 - Activities of financial services holding companies,Whitechapel,19,postcode district,,,,,,"Hi {First} - I'm Brian from FC Urban. We run social football at Whitechapel, a 19-min walk from Nephila Syndicate Management Holdings. Looking for someone inside the team up for starting an after-work game - we handle pitch, payments and organising. Open to a quick chat?",271,"Thanks for connecting, {First}.

Quick one - we run social football games at Whitechapel, about 19 minutes' walk from your office. A few City firms use them as an easy after-work thing for colleagues: we sort the pitch, the payments and the organising, and can top the group up with our own players if numbers are short.

Is there someone at Nephila Syndicate Management Holdings who looks after wellbeing or staff socials I should be speaking to? Happy to be pointed elsewhere.

Brian
FC Urban",,,,
Nephila Syndicate Management,,Financial institution,EC3N 4AH,"35 SEETHING LANE, LONDON",08/12/2017,FULL,66290 - Other activities auxiliary to insurance and pension funding,Whitechapel,19,postcode district,,,,,,"Hi {First} - I'm Brian from FC Urban. We run social football at Whitechapel, a 19-min walk from Nephila Syndicate Management. Looking for someone inside the team up for starting an after-work game - we handle pitch, payments and organising. Open to a quick chat?",262,"Thanks for connecting, {First}.

Quick one - we run social football games at Whitechapel, about 19 minutes' walk from your office. A few City firms use them as an easy after-work thing for colleagues: we sort the pitch, the payments and the organising, and can top the group up with our own players if numbers are short.

Is there someone at Nephila Syndicate Management who looks after wellbeing or staff socials I should be speaking to? Happy to be pointed elsewhere.

Brian
FC Urban",,,,
Nephthys Wind Company,,Financial institution,EC4V 3BJ,"VINTNERS  PLACE, LONDON",14/06/2022,FULL,64209 - Activities of other holding companies n.e.c.,Borough Academy,17,exact postcode,,,,,,"Hi {First} - I'm Brian from FC Urban. We run social football at Borough Academy, a 17-min walk from Nephthys Wind Company. Looking for someone inside the team up for starting an after-work game - we handle pitch, payments and organising. Open to a quick chat?",259,"Thanks for connecting, {First}.

Quick one - we run social football games at Borough Academy, about 17 minutes' walk from your office. A few City firms use them as an easy after-work thing for colleagues: we sort the pitch, the payments and the organising, and can top the group up with our own players if numbers are short.

Is there someone at Nephthys Wind Company who looks after wellbeing or staff socials I should be speaking to? Happy to be pointed elsewhere.

Brian
FC Urban",,,,
New Bath Court,,Financial institution,EC3A 6AB,"C/O OGIER GLOBAL (UK) LIMITED, LONDON",05/10/2015,GROUP,64209 - Activities of other holding companies n.e.c.,Whitechapel,24,exact postcode,,,,,,"Hi {First} - I'm Brian from FC Urban. We run social football at Whitechapel, a 24-min walk from New Bath Court. Looking for someone inside the team up for starting an after-work game - we handle pitch, payments and organising. Open to a quick chat?",248,"Thanks for connecting, {First}.

Quick one - we run social football games at Whitechapel, about 24 minutes' walk from your office. A few City firms use them as an easy after-work thing for colleagues: we sort the pitch, the payments and the organising, and can top the group up with our own players if numbers are short.

Is there someone at New Bath Court who looks after wellbeing or staff socials I should be speaking to? Happy to be pointed elsewhere.

Brian
FC Urban",,,,
Newton Topco,,Financial institution,EC2A 2BB,"69 WILSON STREET, LONDON",20/05/2021,GROUP,64209 - Activities of other holding companies n.e.c.,Shoreditch Rooftop,17,postcode district,,,,,,"Hi {First} - I'm Brian from FC Urban. We run social football at Shoreditch Rooftop, a 17-min walk from Newton Topco. Looking for someone inside the team up for starting an after-work game - we handle pitch, payments and organising. Open to a quick chat?",253,"Thanks for connecting, {First}.

Quick one - we run social football games at Shoreditch Rooftop, about 17 minutes' walk from your office. A few City firms use them as an easy after-work thing for colleagues: we sort the pitch, the payments and the organising, and can top the group up with our own players if numbers are short.

Is there someone at Newton Topco who looks after wellbeing or staff socials I should be speaking to? Happy to be pointed elsewhere.

Brian
FC Urban",,,,
Next Level Underwriting,,Financial institution,EC3V 9DF,"1 GEORGE YARD, LONDON",19/06/2020,FULL,66220 - Activities of insurance agents and brokers,Borough Academy,24,postcode district,,,,,,"Hi {First} - I'm Brian from FC Urban. We run social football at Borough Academy, a 24-min walk from Next Level Underwriting. Looking for someone inside the team up for starting an after-work game - we handle pitch, payments and organising. Open to a quick chat?",261,"Thanks for connecting, {First}.

Quick one - we run social football games at Borough Academy, about 24 minutes' walk from your office. A few City firms use them as an easy after-work thing for colleagues: we sort the pitch, the payments and the organising, and can top the group up with our own players if numbers are short.

Is there someone at Next Level Underwriting who looks after wellbeing or staff socials I should be speaking to? Happy to be pointed elsewhere.

Brian
FC Urban",,,,
Nextgen Clearing,,Financial institution,EC4Y 7DL,"C/O PREISKEL & CO LLP, 4 KING'S BENCH WALK, LONDON",09/08/2007,GROUP,64999 - Financial intermediation not elsewhere classified,Borough Academy,21,postcode district,,,,,,"Hi {First} - I'm Brian from FC Urban. We run social football at Borough Academy, a 21-min walk from Nextgen Clearing. Looking for someone inside the team up for starting an after-work game - we handle pitch, payments and organising. Open to a quick chat?",254,"Thanks for connecting, {First}.

Quick one - we run social football games at Borough Academy, about 21 minutes' walk from your office. A few City firms use them as an easy after-work thing for colleagues: we sort the pitch, the payments and the organising, and can top the group up with our own players if numbers are short.

Is there someone at Nextgen Clearing who looks after wellbeing or staff socials I should be speaking to? Happy to be pointed elsewhere.

Brian
FC Urban",,,,
Nfg Capital,,Financial institution,EC3M 5JD,"DIXON HOUSE 5TH FLOOR, LONDON",22/07/2011,FULL,65120 - Non-life insurance,Whitechapel,24,postcode district,,,,,,"Hi {First} - I'm Brian from FC Urban. We run social football at Whitechapel, a 24-min walk from Nfg Capital. Looking for someone inside the team up for starting an after-work game - we handle pitch, payments and organising. Open to a quick chat?",245,"Thanks for connecting, {First}.

Quick one - we run social football games at Whitechapel, about 24 minutes' walk from your office. A few City firms use them as an easy after-work thing for colleagues: we sort the pitch, the payments and the organising, and can top the group up with our own players if numbers are short.

Is there someone at Nfg Capital who looks after wellbeing or staff socials I should be speaking to? Happy to be pointed elsewhere.

Brian
FC Urban",,,,
Nido Uk Holdco,,Financial institution,EC2M 1NH,"SPACES LIVERPOOL STREET STATION, LONDON",29/10/2021,FULL,64209 - Activities of other holding companies n.e.c.,Old St - Moreland Primary School,26,exact postcode,,,,,,"Hi {First} - I'm Brian from FC Urban. We run social football at Old St - Moreland Primary School, a 26-min walk from Nido Uk Holdco. Looking for someone inside the team up for starting an after-work game - we handle pitch, payments and organising. Open to a quick chat?",269,"Thanks for connecting, {First}.

Quick one - we run social football games at Old St - Moreland Primary School, about 26 minutes' walk from your office. A few City firms use them as an easy after-work thing for colleagues: we sort the pitch, the payments and the organising, and can top the group up with our own players if numbers are short.

Is there someone at Nido Uk Holdco who looks after wellbeing or staff socials I should be speaking to? Happy to be pointed elsewhere.

Brian
FC Urban",,,,
Nimbus Acquisitions Bidco,,Financial institution,EC2V 8AS,"FORUM ST PAUL'S 33 GUTTER LANE, LONDON",22/06/2015,FULL,64209 - Activities of other holding companies n.e.c.,Borough Academy,23,postcode district,,,,,,"Hi {First} - I'm Brian from FC Urban. We run social football at Borough Academy, a 23-min walk from Nimbus Acquisitions Bidco. Looking for someone inside the team up for starting an after-work game - we handle pitch, payments and organising. Open to a quick chat?",263,"Thanks for connecting, {First}.

Quick one - we run social football games at Borough Academy, about 23 minutes' walk from your office. A few City firms use them as an easy after-work thing for colleagues: we sort the pitch, the payments and the organising, and can top the group up with our own players if numbers are short.

Is there someone at Nimbus Acquisitions Bidco who looks after wellbeing or staff socials I should be speaking to? Happy to be pointed elsewhere.

Brian
FC Urban",,,,
Nobel Energy,,Financial institution,EC4M 7JN,"4TH FLOOR EAST, LONDON",25/06/2014,FULL,64209 - Activities of other holding companies n.e.c.,Borough Academy,21,exact postcode,,,,,,"Hi {First} - I'm Brian from FC Urban. We run social football at Borough Academy, a 21-min walk from Nobel Energy. Looking for someone inside the team up for starting an after-work game - we handle pitch, payments and organising. Open to a quick chat?",250,"Thanks for connecting, {First}.

Quick one - we run social football games at Borough Academy, about 21 minutes' walk from your office. A few City firms use them as an easy after-work thing for colleagues: we sort the pitch, the payments and the organising, and can top the group up with our own players if numbers are short.

Is there someone at Nobel Energy who looks after wellbeing or staff socials I should be speaking to? Happy to be pointed elsewhere.

Brian
FC Urban",,,,
North Star Underwriting,,Financial institution,EC3M 3BY,"FLOOR 15, 20, LONDON",28/10/2002,FULL,65120 - Non-life insurance,Borough Academy,24,exact postcode,,,,,,"Hi {First} - I'm Brian from FC Urban. We run social football at Borough Academy, a 24-min walk from North Star Underwriting. Looking for someone inside the team up for starting an after-work game - we handle pitch, payments and organising. Open to a quick chat?",261,"Thanks for connecting, {First}.

Quick one - we run social football games at Borough Academy, about 24 minutes' walk from your office. A few City firms use them as an easy after-work thing for colleagues: we sort the pitch, the payments and the organising, and can top the group up with our own players if numbers are short.

Is there someone at North Star Underwriting who looks after wellbeing or staff socials I should be speaking to? Happy to be pointed elsewhere.

Brian
FC Urban",,,,
Northglen Investments,,Financial institution,EC4R 0EU,"NICHOLAS HOUSE, LONDON",11/06/2001,GROUP,64205 - Activities of financial services holding companies,Borough Academy,18,postcode district,,,,,,"Hi {First} - I'm Brian from FC Urban. We run social football at Borough Academy, a 18-min walk from Northglen Investments. Looking for someone inside the team up for starting an after-work game - we handle pitch, payments and organising. Open to a quick chat?",259,"Thanks for connecting, {First}.

Quick one - we run social football games at Borough Academy, about 18 minutes' walk from your office. A few City firms use them as an easy after-work thing for colleagues: we sort the pitch, the payments and the organising, and can top the group up with our own players if numbers are short.

Is there someone at Northglen Investments who looks after wellbeing or staff socials I should be speaking to? Happy to be pointed elsewhere.

Brian
FC Urban",,,,
Novate Global Markets,,Financial institution,EC3V 9AJ,24 LOMBARD STREET,26/07/1985,FULL,64991 - Security dealing on own account,Borough Academy,24,postcode district,,,,,,"Hi {First} - I'm Brian from FC Urban. We run social football at Borough Academy, a 24-min walk from Novate Global Markets. Looking for someone inside the team up for starting an after-work game - we handle pitch, payments and organising. Open to a quick chat?",259,"Thanks for connecting, {First}.

Quick one - we run social football games at Borough Academy, about 24 minutes' walk from your office. A few City firms use them as an easy after-work thing for colleagues: we sort the pitch, the payments and the organising, and can top the group up with our own players if numbers are short.

Is there someone at Novate Global Markets who looks after wellbeing or staff socials I should be speaking to? Happy to be pointed elsewhere.

Brian
FC Urban",,,,
Nuova Capital,,Financial institution,EC3A 7LP,"DUKES HOUSE, LONDON",30/04/2021,GROUP,64303 - Activities of venture and development capital companies,Whitechapel,20,exact postcode,,,,,,"Hi {First} - I'm Brian from FC Urban. We run social football at Whitechapel, a 20-min walk from Nuova Capital. Looking for someone inside the team up for starting an after-work game - we handle pitch, payments and organising. Open to a quick chat?",247,"Thanks for connecting, {First}.

Quick one - we run social football games at Whitechapel, about 20 minutes' walk from your office. A few City firms use them as an easy after-work thing for colleagues: we sort the pitch, the payments and the organising, and can top the group up with our own players if numbers are short.

Is there someone at Nuova Capital who looks after wellbeing or staff socials I should be speaking to? Happy to be pointed elsewhere.

Brian
FC Urban",,,,
Nuveen Investment Management International,,Financial institution,EC2M 3BN,"9TH FLOOR 201, LONDON",04/06/1987,FULL,66300 - Fund management activities,Whitechapel,23,postcode district,,,,,,"Hi {First} - I'm Brian from FC Urban. We run social football at Whitechapel, a 23-min walk from Nuveen Investment Management International. Looking for someone inside the team up for starting an after-work game - we handle pitch, payments and organising. Open to a quick chat?",276,"Thanks for connecting, {First}.

Quick one - we run social football games at Whitechapel, about 23 minutes' walk from your office. A few City firms use them as an easy after-work thing for colleagues: we sort the pitch, the payments and the organising, and can top the group up with our own players if numbers are short.

Is there someone at Nuveen Investment Management International who looks after wellbeing or staff socials I should be speaking to? Happy to be pointed elsewhere.

Brian
FC Urban",,,,
Nuveen Management Aifm,,Financial institution,EC2M 3BN,"9TH FLOOR 201, LONDON",03/05/2000,FULL,66300 - Fund management activities,Whitechapel,23,postcode district,,,,,,"Hi {First} - I'm Brian from FC Urban. We run social football at Whitechapel, a 23-min walk from Nuveen Management Aifm. Looking for someone inside the team up for starting an after-work game - we handle pitch, payments and organising. Open to a quick chat?",256,"Thanks for connecting, {First}.

Quick one - we run social football games at Whitechapel, about 23 minutes' walk from your office. A few City firms use them as an easy after-work thing for colleagues: we sort the pitch, the payments and the organising, and can top the group up with our own players if numbers are short.

Is there someone at Nuveen Management Aifm who looks after wellbeing or staff socials I should be speaking to? Happy to be pointed elsewhere.

Brian
FC Urban",,,,
Nuvu Mga,,Financial institution,EC3N 3DQ,"1 LLOYD'S AVENUE, LONDON",22/04/2016,FULL,66220 - Activities of insurance agents and brokers,Whitechapel,21,exact postcode,,,,,,"Hi {First} - I'm Brian from FC Urban. We run social football at Whitechapel, a 21-min walk from Nuvu Mga. Looking for someone inside the team up for starting an after-work game - we handle pitch, payments and organising. Open to a quick chat?",242,"Thanks for connecting, {First}.

Quick one - we run social football games at Whitechapel, about 21 minutes' walk from your office. A few City firms use them as an easy after-work thing for colleagues: we sort the pitch, the payments and the organising, and can top the group up with our own players if numbers are short.

Is there someone at Nuvu Mga who looks after wellbeing or staff socials I should be speaking to? Happy to be pointed elsewhere.

Brian
FC Urban",,,,
Nwc Usa Group,,Financial institution,EC1Y 8LZ,"FLOORS 6-8 HYLO BUILDING, LONDON",28/04/2021,FULL,64999 - Financial intermediation not elsewhere classified,Old St - Moreland Primary School,14,exact postcode,,,,,,"Hi {First} - I'm Brian from FC Urban. We run social football at Old St - Moreland Primary School, a 14-min walk from Nwc Usa Group. Looking for someone inside the team up for starting an after-work game - we handle pitch, payments and organising. Open to a quick chat?",268,"Thanks for connecting, {First}.

Quick one - we run social football games at Old St - Moreland Primary School, about 14 minutes' walk from your office. A few City firms use them as an easy after-work thing for colleagues: we sort the pitch, the payments and the organising, and can top the group up with our own players if numbers are short.

Is there someone at Nwc Usa Group who looks after wellbeing or staff socials I should be speaking to? Happy to be pointed elsewhere.

Brian
FC Urban",,,,
Oceva Risk Solutions,,Financial institution,EC3A 2AD,"6TH FLOOR, 65, LONDON",20/04/2017,FULL,66220 - Activities of insurance agents and brokers,Whitechapel,21,exact postcode,,,,,,"Hi {First} - I'm Brian from FC Urban. We run social football at Whitechapel, a 21-min walk from Oceva Risk Solutions. Looking for someone inside the team up for starting an after-work game - we handle pitch, payments and organising. Open to a quick chat?",254,"Thanks for connecting, {First}.

Quick one - we run social football games at Whitechapel, about 21 minutes' walk from your office. A few City firms use them as an easy after-work thing for colleagues: we sort the pitch, the payments and the organising, and can top the group up with our own players if numbers are short.

Is there someone at Oceva Risk Solutions who looks after wellbeing or staff socials I should be speaking to? Happy to be pointed elsewhere.

Brian
FC Urban",,,,
Ocs Group Topco,,Financial institution,EC3V 0AU,"SECOND FLOOR, 81, LONDON",17/05/2022,GROUP,64209 - Activities of other holding companies n.e.c.,Borough Academy,24,postcode district,,,,,,"Hi {First} - I'm Brian from FC Urban. We run social football at Borough Academy, a 24-min walk from Ocs Group Topco. Looking for someone inside the team up for starting an after-work game - we handle pitch, payments and organising. Open to a quick chat?",253,"Thanks for connecting, {First}.

Quick one - we run social football games at Borough Academy, about 24 minutes' walk from your office. A few City firms use them as an easy after-work thing for colleagues: we sort the pitch, the payments and the organising, and can top the group up with our own players if numbers are short.

Is there someone at Ocs Group Topco who looks after wellbeing or staff socials I should be speaking to? Happy to be pointed elsewhere.

Brian
FC Urban",,,,
Ocs Parco,,Financial institution,EC3V 0AU,"SECOND FLOOR, 81, LONDON",17/05/2022,GROUP,64209 - Activities of other holding companies n.e.c.,Borough Academy,24,postcode district,,,,,,"Hi {First} - I'm Brian from FC Urban. We run social football at Borough Academy, a 24-min walk from Ocs Parco. Looking for someone inside the team up for starting an after-work game - we handle pitch, payments and organising. Open to a quick chat?",247,"Thanks for connecting, {First}.

Quick one - we run social football games at Borough Academy, about 24 minutes' walk from your office. A few City firms use them as an easy after-work thing for colleagues: we sort the pitch, the payments and the organising, and can top the group up with our own players if numbers are short.

Is there someone at Ocs Parco who looks after wellbeing or staff socials I should be speaking to? Happy to be pointed elsewhere.

Brian
FC Urban",,,,
Octopus Aif Management,,Financial institution,EC1N 2HT,"6TH FLOOR, 33, LONDON",04/12/2013,FULL,66300 - Fund management activities,Old St - Moreland Primary School,22,exact postcode,,,,,,"Hi {First} - I'm Brian from FC Urban. We run social football at Old St - Moreland Primary School, a 22-min walk from Octopus Aif Management. Looking for someone inside the team up for starting an after-work game - we handle pitch, payments and organising. Open to a quick chat?",277,"Thanks for connecting, {First}.

Quick one - we run social football games at Old St - Moreland Primary School, about 22 minutes' walk from your office. A few City firms use them as an easy after-work thing for colleagues: we sort the pitch, the payments and the organising, and can top the group up with our own players if numbers are short.

Is there someone at Octopus Aif Management who looks after wellbeing or staff socials I should be speaking to? Happy to be pointed elsewhere.

Brian
FC Urban",,,,
Octopus Financial Services,,Financial institution,EC1N 2HT,"33 HOLBORN, LONDON",19/10/2012,FULL,64999 - Financial intermediation not elsewhere classified,Old St - Moreland Primary School,22,exact postcode,,,,,,"Hi {First} - I'm Brian from FC Urban. We run social football at Old St - Moreland Primary School, a 22-min walk from Octopus Financial Services. Looking for someone inside the team up for starting an after-work game - we handle pitch, payments and organising. Open to a quick chat?",281,"Thanks for connecting, {First}.

Quick one - we run social football games at Old St - Moreland Primary School, about 22 minutes' walk from your office. A few City firms use them as an easy after-work thing for colleagues: we sort the pitch, the payments and the organising, and can top the group up with our own players if numbers are short.

Is there someone at Octopus Financial Services who looks after wellbeing or staff socials I should be speaking to? Happy to be pointed elsewhere.

Brian
FC Urban",,,,
Octopus Group Holdings,,Financial institution,EC1N 2HT,"6TH FLOOR 33, LONDON",25/03/2022,GROUP,64209 - Activities of other holding companies n.e.c.,Old St - Moreland Primary School,22,exact postcode,,,,,,"Hi {First} - I'm Brian from FC Urban. We run social football at Old St - Moreland Primary School, a 22-min walk from Octopus Group Holdings. Looking for someone inside the team up for starting an after-work game - we handle pitch, payments and organising. Open to a quick chat?",277,"Thanks for connecting, {First}.

Quick one - we run social football games at Old St - Moreland Primary School, about 22 minutes' walk from your office. A few City firms use them as an easy after-work thing for colleagues: we sort the pitch, the payments and the organising, and can top the group up with our own players if numbers are short.

Is there someone at Octopus Group Holdings who looks after wellbeing or staff socials I should be speaking to? Happy to be pointed elsewhere.

Brian
FC Urban",,,,
Octopus Investments,,Financial institution,EC1N 2HT,"6TH FLOOR, 33, LONDON",08/03/2000,FULL,66120 - Security and commodity contracts dealing activities,Old St - Moreland Primary School,22,exact postcode,,,,,,"Hi {First} - I'm Brian from FC Urban. We run social football at Old St - Moreland Primary School, a 22-min walk from Octopus Investments. Looking for someone inside the team up for starting an after-work game - we handle pitch, payments and organising. Open to a quick chat?",274,"Thanks for connecting, {First}.

Quick one - we run social football games at Old St - Moreland Primary School, about 22 minutes' walk from your office. A few City firms use them as an easy after-work thing for colleagues: we sort the pitch, the payments and the organising, and can top the group up with our own players if numbers are short.

Is there someone at Octopus Investments who looks after wellbeing or staff socials I should be speaking to? Happy to be pointed elsewhere.

Brian
FC Urban",,,,
Od Projects (Holdings),,Financial institution,EC1Y 4TY,"8TH FLOOR,, LONDON",07/08/2012,GROUP,64203 - Activities of construction holding companies,Old St - Moreland Primary School,17,exact postcode,,,,,,"Hi {First} - I'm Brian from FC Urban. We run social football at Old St - Moreland Primary School, a 17-min walk from Od Projects (Holdings). Looking for someone inside the team up for starting an after-work game - we handle pitch, payments and organising. Open to a quick chat?",277,"Thanks for connecting, {First}.

Quick one - we run social football games at Old St - Moreland Primary School, about 17 minutes' walk from your office. A few City firms use them as an easy after-work thing for colleagues: we sort the pitch, the payments and the organising, and can top the group up with our own players if numbers are short.

Is there someone at Od Projects (Holdings) who looks after wellbeing or staff socials I should be speaking to? Happy to be pointed elsewhere.

Brian
FC Urban",,,,
Oe Holdco,,Financial institution,EC1N 2HT,"6TH FLOOR 33, LONDON",28/03/2022,GROUP,64209 - Activities of other holding companies n.e.c.,Old St - Moreland Primary School,22,exact postcode,,,,,,"Hi {First} - I'm Brian from FC Urban. We run social football at Old St - Moreland Primary School, a 22-min walk from Oe Holdco. Looking for someone inside the team up for starting an after-work game - we handle pitch, payments and organising. Open to a quick chat?",264,"Thanks for connecting, {First}.

Quick one - we run social football games at Old St - Moreland Primary School, about 22 minutes' walk from your office. A few City firms use them as an easy after-work thing for colleagues: we sort the pitch, the payments and the organising, and can top the group up with our own players if numbers are short.

Is there someone at Oe Holdco who looks after wellbeing or staff socials I should be speaking to? Happy to be pointed elsewhere.

Brian
FC Urban",,,,
Olympus Uk Midco,,Financial institution,EC2Y 9AW,"CITYPOINT, LEVEL 7, LONDON",15/07/2022,GROUP,64209 - Activities of other holding companies n.e.c.,Old St - Moreland Primary School,19,exact postcode,,,,,,"Hi {First} - I'm Brian from FC Urban. We run social football at Old St - Moreland Primary School, a 19-min walk from Olympus Uk Midco. Looking for someone inside the team up for starting an after-work game - we handle pitch, payments and organising. Open to a quick chat?",271,"Thanks for connecting, {First}.

Quick one - we run social football games at Old St - Moreland Primary School, about 19 minutes' walk from your office. A few City firms use them as an easy after-work thing for colleagues: we sort the pitch, the payments and the organising, and can top the group up with our own players if numbers are short.

Is there someone at Olympus Uk Midco who looks after wellbeing or staff socials I should be speaking to? Happy to be pointed elsewhere.

Brian
FC Urban",,,,
Om Zimbabwe Holdco,,Financial institution,EC2Y 9DT,"WEWORK MOOR PLACE, LONDON",20/12/2012,FULL,64205 - Activities of financial services holding companies,Old St - Moreland Primary School,20,exact postcode,,,,,,"Hi {First} - I'm Brian from FC Urban. We run social football at Old St - Moreland Primary School, a 20-min walk from Om Zimbabwe Holdco. Looking for someone inside the team up for starting an after-work game - we handle pitch, payments and organising. Open to a quick chat?",273,"Thanks for connecting, {First}.

Quick one - we run social football games at Old St - Moreland Primary School, about 20 minutes' walk from your office. A few City firms use them as an easy after-work thing for colleagues: we sort the pitch, the payments and the organising, and can top the group up with our own players if numbers are short.

Is there someone at Om Zimbabwe Holdco who looks after wellbeing or staff socials I should be speaking to? Happy to be pointed elsewhere.

Brian
FC Urban",,,,
Omers Europe,,Financial institution,EC3V 4AB,"29TH FLOOR, THE LEADENHALL BUILDING, LONDON",11/03/2021,FULL,66300 - Fund management activities,Whitechapel,25,exact postcode,,,,,,"Hi {First} - I'm Brian from FC Urban. We run social football at Whitechapel, a 25-min walk from Omers Europe. Looking for someone inside the team up for starting an after-work game - we handle pitch, payments and organising. Open to a quick chat?",246,"Thanks for connecting, {First}.

Quick one - we run social football games at Whitechapel, about 25 minutes' walk from your office. A few City firms use them as an easy after-work thing for colleagues: we sort the pitch, the payments and the organising, and can top the group up with our own players if numbers are short.

Is there someone at Omers Europe who looks after wellbeing or staff socials I should be speaking to? Happy to be pointed elsewhere.

Brian
FC Urban",,,,
Omni Corporate Solutions,,Financial institution,EC3A 7AG,"ST BOTOLPH BUILDING, LONDON",22/08/2006,FULL,66220 - Activities of insurance agents and brokers,Whitechapel,22,postcode district,,,,,,"Hi {First} - I'm Brian from FC Urban. We run social football at Whitechapel, a 22-min walk from Omni Corporate Solutions. Looking for someone inside the team up for starting an after-work game - we handle pitch, payments and organising. Open to a quick chat?",258,"Thanks for connecting, {First}.

Quick one - we run social football games at Whitechapel, about 22 minutes' walk from your office. A few City firms use them as an easy after-work thing for colleagues: we sort the pitch, the payments and the organising, and can top the group up with our own players if numbers are short.

Is there someone at Omni Corporate Solutions who looks after wellbeing or staff socials I should be speaking to? Happy to be pointed elsewhere.

Brian
FC Urban",,,,
Ontario Airports Investments,,Financial institution,EC3A 8BF,"C/O ALTER DOMUS, LONDON",27/08/2009,FULL,64999 - Financial intermediation not elsewhere classified,Whitechapel,22,postcode district,,,,,,"Hi {First} - I'm Brian from FC Urban. We run social football at Whitechapel, a 22-min walk from Ontario Airports Investments. Looking for someone inside the team up for starting an after-work game - we handle pitch, payments and organising. Open to a quick chat?",262,"Thanks for connecting, {First}.

Quick one - we run social football games at Whitechapel, about 22 minutes' walk from your office. A few City firms use them as an easy after-work thing for colleagues: we sort the pitch, the payments and the organising, and can top the group up with our own players if numbers are short.

Is there someone at Ontario Airports Investments who looks after wellbeing or staff socials I should be speaking to? Happy to be pointed elsewhere.

Brian
FC Urban",,,,
Optimity Bidco,,Financial institution,EC2A 2BR,"10 EXCHANGE SQUARE, LONDON",19/01/2016,FULL,64209 - Activities of other holding companies n.e.c.,Shoreditch Rooftop,17,postcode district,,,,,,"Hi {First} - I'm Brian from FC Urban. We run social football at Shoreditch Rooftop, a 17-min walk from Optimity Bidco. Looking for someone inside the team up for starting an after-work game - we handle pitch, payments and organising. Open to a quick chat?",255,"Thanks for connecting, {First}.

Quick one - we run social football games at Shoreditch Rooftop, about 17 minutes' walk from your office. A few City firms use them as an easy after-work thing for colleagues: we sort the pitch, the payments and the organising, and can top the group up with our own players if numbers are short.

Is there someone at Optimity Bidco who looks after wellbeing or staff socials I should be speaking to? Happy to be pointed elsewhere.

Brian
FC Urban",,,,
Optimity Holdings,,Financial institution,EC2A 2BR,"10 EXCHANGE SQUARE, LONDON",15/03/2016,GROUP,64209 - Activities of other holding companies n.e.c.,Shoreditch Rooftop,17,postcode district,,,,,,"Hi {First} - I'm Brian from FC Urban. We run social football at Shoreditch Rooftop, a 17-min walk from Optimity Holdings. Looking for someone inside the team up for starting an after-work game - we handle pitch, payments and organising. Open to a quick chat?",258,"Thanks for connecting, {First}.

Quick one - we run social football games at Shoreditch Rooftop, about 17 minutes' walk from your office. A few City firms use them as an easy after-work thing for colleagues: we sort the pitch, the payments and the organising, and can top the group up with our own players if numbers are short.

Is there someone at Optimity Holdings who looks after wellbeing or staff socials I should be speaking to? Happy to be pointed elsewhere.

Brian
FC Urban",,,,
Optio Group,,Financial institution,EC3R 7AA,"10TH FLOOR, 1 MINSTER COURT, LONDON",25/10/2017,GROUP,66190 - Activities auxiliary to financial intermediation n.e.c.,Borough Academy,22,postcode district,,,,,,"Hi {First} - I'm Brian from FC Urban. We run social football at Borough Academy, a 22-min walk from Optio Group. Looking for someone inside the team up for starting an after-work game - we handle pitch, payments and organising. Open to a quick chat?",249,"Thanks for connecting, {First}.

Quick one - we run social football games at Borough Academy, about 22 minutes' walk from your office. A few City firms use them as an easy after-work thing for colleagues: we sort the pitch, the payments and the organising, and can top the group up with our own players if numbers are short.

Is there someone at Optio Group who looks after wellbeing or staff socials I should be speaking to? Happy to be pointed elsewhere.

Brian
FC Urban",,,,
Optio Underwriting,,Financial institution,EC3R 7AA,"10TH FLOOR, 1 MINSTER COURT, LONDON",02/04/2015,FULL,65120 - Non-life insurance,Borough Academy,22,postcode district,,,,,,"Hi {First} - I'm Brian from FC Urban. We run social football at Borough Academy, a 22-min walk from Optio Underwriting. Looking for someone inside the team up for starting an after-work game - we handle pitch, payments and organising. Open to a quick chat?",256,"Thanks for connecting, {First}.

Quick one - we run social football games at Borough Academy, about 22 minutes' walk from your office. A few City firms use them as an easy after-work thing for colleagues: we sort the pitch, the payments and the organising, and can top the group up with our own players if numbers are short.

Is there someone at Optio Underwriting who looks after wellbeing or staff socials I should be speaking to? Happy to be pointed elsewhere.

Brian
FC Urban",,,,
Optiva Securities,,Financial institution,EC3R 6DP,"7 HARP LANE, LONDON",09/06/1995,FULL,64999 - Financial intermediation not elsewhere classified,Borough Academy,24,exact postcode,,,,,,"Hi {First} - I'm Brian from FC Urban. We run social football at Borough Academy, a 24-min walk from Optiva Securities. Looking for someone inside the team up for starting an after-work game - we handle pitch, payments and organising. Open to a quick chat?",255,"Thanks for connecting, {First}.

Quick one - we run social football games at Borough Academy, about 24 minutes' walk from your office. A few City firms use them as an easy after-work thing for colleagues: we sort the pitch, the payments and the organising, and can top the group up with our own players if numbers are short.

Is there someone at Optiva Securities who looks after wellbeing or staff socials I should be speaking to? Happy to be pointed elsewhere.

Brian
FC Urban",,,,
Opus Origin,,Financial institution,EC1R 0AN,"14 CLERKENWELL CLOSE, LONDON",04/08/2021,GROUP,64209 - Activities of other holding companies n.e.c.,Old St - Moreland Primary School,13,postcode district,,,,,,"Hi {First} - I'm Brian from FC Urban. We run social football at Old St - Moreland Primary School, a 13-min walk from Opus Origin. Looking for someone inside the team up for starting an after-work game - we handle pitch, payments and organising. Open to a quick chat?",266,"Thanks for connecting, {First}.

Quick one - we run social football games at Old St - Moreland Primary School, about 13 minutes' walk from your office. A few City firms use them as an easy after-work thing for colleagues: we sort the pitch, the payments and the organising, and can top the group up with our own players if numbers are short.

Is there someone at Opus Origin who looks after wellbeing or staff socials I should be speaking to? Happy to be pointed elsewhere.

Brian
FC Urban",,,,
Opv 2,,Financial institution,EC1N 2HT,"6TH FLOOR 33, LONDON",07/10/2019,FULL,64999 - Financial intermediation not elsewhere classified | 96090 - Other service activities n.e.c.,Old St - Moreland Primary School,22,exact postcode,,,,,,"Hi {First} - I'm Brian from FC Urban. We run social football at Old St - Moreland Primary School, a 22-min walk from Opv 2. Looking for someone inside the team up for starting an after-work game - we handle pitch, payments and organising. Open to a quick chat?",260,"Thanks for connecting, {First}.

Quick one - we run social football games at Old St - Moreland Primary School, about 22 minutes' walk from your office. A few City firms use them as an easy after-work thing for colleagues: we sort the pitch, the payments and the organising, and can top the group up with our own players if numbers are short.

Is there someone at Opv 2 who looks after wellbeing or staff socials I should be speaking to? Happy to be pointed elsewhere.

Brian
FC Urban",,,,
Orchard Global Services,,Financial institution,EC2N 4AG,"LEVEL 16, 100 BISHOPSGATE, LONDON",02/10/2008,GROUP,66190 - Activities auxiliary to financial intermediation n.e.c.,Whitechapel,24,exact postcode,,,,,,"Hi {First} - I'm Brian from FC Urban. We run social football at Whitechapel, a 24-min walk from Orchard Global Services. Looking for someone inside the team up for starting an after-work game - we handle pitch, payments and organising. Open to a quick chat?",257,"Thanks for connecting, {First}.

Quick one - we run social football games at Whitechapel, about 24 minutes' walk from your office. A few City firms use them as an easy after-work thing for colleagues: we sort the pitch, the payments and the organising, and can top the group up with our own players if numbers are short.

Is there someone at Orchard Global Services who looks after wellbeing or staff socials I should be speaking to? Happy to be pointed elsewhere.

Brian
FC Urban",,,,
Ordet,,Financial institution,EC2M 2TE,"23 WILSON STREET (3RD FLOOR) WILSON'S CORNER, LONDON",16/11/2017,GROUP,64209 - Activities of other holding companies n.e.c.,Old St - Moreland Primary School,21,exact postcode,,,,,,"Hi {First} - I'm Brian from FC Urban. We run social football at Old St - Moreland Primary School, a 21-min walk from Ordet. Looking for someone inside the team up for starting an after-work game - we handle pitch, payments and organising. Open to a quick chat?",260,"Thanks for connecting, {First}.

Quick one - we run social football games at Old St - Moreland Primary School, about 21 minutes' walk from your office. A few City firms use them as an easy after-work thing for colleagues: we sort the pitch, the payments and the organising, and can top the group up with our own players if numbers are short.

Is there someone at Ordet who looks after wellbeing or staff socials I should be speaking to? Happy to be pointed elsewhere.

Brian
FC Urban",,,,
Orgvue Holdings,,Financial institution,EC2V 6DT,"100 CHEAPSIDE, LONDON",10/11/2021,FULL,64209 - Activities of other holding companies n.e.c.,Borough Academy,23,postcode district,,,,,,"Hi {First} - I'm Brian from FC Urban. We run social football at Borough Academy, a 23-min walk from Orgvue Holdings. Looking for someone inside the team up for starting an after-work game - we handle pitch, payments and organising. Open to a quick chat?",253,"Thanks for connecting, {First}.

Quick one - we run social football games at Borough Academy, about 23 minutes' walk from your office. A few City firms use them as an easy after-work thing for colleagues: we sort the pitch, the payments and the organising, and can top the group up with our own players if numbers are short.

Is there someone at Orgvue Holdings who looks after wellbeing or staff socials I should be speaking to? Happy to be pointed elsewhere.

Brian
FC Urban",,,,
Oscar Agro,,Financial institution,EC4V 3BJ,"C/O SUMI AGRO EUROPE LIMITED VINTNERS PLACE, LONDON",22/06/2018,FULL,64201 - Activities of agricultural holding companies,Borough Academy,17,exact postcode,,,,,,"Hi {First} - I'm Brian from FC Urban. We run social football at Borough Academy, a 17-min walk from Oscar Agro. Looking for someone inside the team up for starting an after-work game - we handle pitch, payments and organising. Open to a quick chat?",248,"Thanks for connecting, {First}.

Quick one - we run social football games at Borough Academy, about 17 minutes' walk from your office. A few City firms use them as an easy after-work thing for colleagues: we sort the pitch, the payments and the organising, and can top the group up with our own players if numbers are short.

Is there someone at Oscar Agro who looks after wellbeing or staff socials I should be speaking to? Happy to be pointed elsewhere.

Brian
FC Urban",,,,
Osmosis (Holdings),,Financial institution,EC3R 8DE,"36-38 BOTOLPH LANE, LONDON",27/02/2013,GROUP,64205 - Activities of financial services holding companies,Borough Academy,22,postcode district,,,,,,"Hi {First} - I'm Brian from FC Urban. We run social football at Borough Academy, a 22-min walk from Osmosis (Holdings). Looking for someone inside the team up for starting an after-work game - we handle pitch, payments and organising. Open to a quick chat?",256,"Thanks for connecting, {First}.

Quick one - we run social football games at Borough Academy, about 22 minutes' walk from your office. A few City firms use them as an easy after-work thing for colleagues: we sort the pitch, the payments and the organising, and can top the group up with our own players if numbers are short.

Is there someone at Osmosis (Holdings) who looks after wellbeing or staff socials I should be speaking to? Happy to be pointed elsewhere.

Brian
FC Urban",,,,
Osmosis Investment Management Uk,,Financial institution,EC3R 8DE,"36-38 BOTOLPH LANE, LONDON",20/01/2016,MEDIUM,66300 - Fund management activities,Borough Academy,22,postcode district,,,,,,"Hi {First} - I'm Brian from FC Urban. We run social football at Borough Academy, a 22-min walk from Osmosis Investment Management Uk. Looking for someone inside the team up for starting an after-work game - we handle pitch, payments and organising. Open to a quick chat?",270,"Thanks for connecting, {First}.

Quick one - we run social football games at Borough Academy, about 22 minutes' walk from your office. A few City firms use them as an easy after-work thing for colleagues: we sort the pitch, the payments and the organising, and can top the group up with our own players if numbers are short.

Is there someone at Osmosis Investment Management Uk who looks after wellbeing or staff socials I should be speaking to? Happy to be pointed elsewhere.

Brian
FC Urban",,,,
Otala.Markets,,Financial institution,EC2Y 5EA,"ONE LONDON WALL 1 LONDON WALL, LONDON",21/01/2014,GROUP,64999 - Financial intermediation not elsewhere classified,Old St - Moreland Primary School,19,postcode district,,,,,,"Hi {First} - I'm Brian from FC Urban. We run social football at Old St - Moreland Primary School, a 19-min walk from Otala.Markets. Looking for someone inside the team up for starting an after-work game - we handle pitch, payments and organising. Open to a quick chat?",268,"Thanks for connecting, {First}.

Quick one - we run social football games at Old St - Moreland Primary School, about 19 minutes' walk from your office. A few City firms use them as an easy after-work thing for colleagues: we sort the pitch, the payments and the organising, and can top the group up with our own players if numbers are short.

Is there someone at Otala.Markets who looks after wellbeing or staff socials I should be speaking to? Happy to be pointed elsewhere.

Brian
FC Urban",,,,
Otcx,,Financial institution,EC4R 2SU,"6 DOWGATE HILL, LONDON",21/05/2013,GROUP,64209 - Activities of other holding companies n.e.c.,Borough Academy,19,exact postcode,,,,,,"Hi {First} - I'm Brian from FC Urban. We run social football at Borough Academy, a 19-min walk from Otcx. Looking for someone inside the team up for starting an after-work game - we handle pitch, payments and organising. Open to a quick chat?",242,"Thanks for connecting, {First}.

Quick one - we run social football games at Borough Academy, about 19 minutes' walk from your office. A few City firms use them as an easy after-work thing for colleagues: we sort the pitch, the payments and the organising, and can top the group up with our own players if numbers are short.

Is there someone at Otcx who looks after wellbeing or staff socials I should be speaking to? Happy to be pointed elsewhere.

Brian
FC Urban",,,,
Otcx Trading,,Financial institution,EC4R 2SU,"6 DOWGATE HILL, LONDON",24/06/2014,FULL,66190 - Activities auxiliary to financial intermediation n.e.c.,Borough Academy,19,exact postcode,,,,,,"Hi {First} - I'm Brian from FC Urban. We run social football at Borough Academy, a 19-min walk from Otcx Trading. Looking for someone inside the team up for starting an after-work game - we handle pitch, payments and organising. Open to a quick chat?",250,"Thanks for connecting, {First}.

Quick one - we run social football games at Borough Academy, about 19 minutes' walk from your office. A few City firms use them as an easy after-work thing for colleagues: we sort the pitch, the payments and the organising, and can top the group up with our own players if numbers are short.

Is there someone at Otcx Trading who looks after wellbeing or staff socials I should be speaking to? Happy to be pointed elsewhere.

Brian
FC Urban",,,,
Ouestia Property Gp,,Financial institution,EC2N 4BQ,"14TH FLOOR, LONDON",05/06/2014,FULL,66300 - Fund management activities,Whitechapel,26,exact postcode,,,,,,"Hi {First} - I'm Brian from FC Urban. We run social football at Whitechapel, a 26-min walk from Ouestia Property Gp. Looking for someone inside the team up for starting an after-work game - we handle pitch, payments and organising. Open to a quick chat?",253,"Thanks for connecting, {First}.

Quick one - we run social football games at Whitechapel, about 26 minutes' walk from your office. A few City firms use them as an easy after-work thing for colleagues: we sort the pitch, the payments and the organising, and can top the group up with our own players if numbers are short.

Is there someone at Ouestia Property Gp who looks after wellbeing or staff socials I should be speaking to? Happy to be pointed elsewhere.

Brian
FC Urban",,,,
Paisley Newco,,Financial institution,EC4N 5AT,"YARNWICKE, LONDON",02/05/2018,FULL,64209 - Activities of other holding companies n.e.c.,Borough Academy,22,postcode district,,,,,,"Hi {First} - I'm Brian from FC Urban. We run social football at Borough Academy, a 22-min walk from Paisley Newco. Looking for someone inside the team up for starting an after-work game - we handle pitch, payments and organising. Open to a quick chat?",251,"Thanks for connecting, {First}.

Quick one - we run social football games at Borough Academy, about 22 minutes' walk from your office. A few City firms use them as an easy after-work thing for colleagues: we sort the pitch, the payments and the organising, and can top the group up with our own players if numbers are short.

Is there someone at Paisley Newco who looks after wellbeing or staff socials I should be speaking to? Happy to be pointed elsewhere.

Brian
FC Urban",,,,
Palo Alto Networks (Uk Holding 1),,Financial institution,EC2N 4BQ,"22 BISHOPSGATE, LEVEL 55, LONDON",30/10/2019,FULL,64209 - Activities of other holding companies n.e.c.,Whitechapel,26,exact postcode,,,,,,"Hi {First} - I'm Brian from FC Urban. We run social football at Whitechapel, a 26-min walk from Palo Alto Networks (Uk Holding 1). Looking for someone inside the team up for starting an after-work game - we handle pitch, payments and organising. Open to a quick chat?",267,"Thanks for connecting, {First}.

Quick one - we run social football games at Whitechapel, about 26 minutes' walk from your office. A few City firms use them as an easy after-work thing for colleagues: we sort the pitch, the payments and the organising, and can top the group up with our own players if numbers are short.

Is there someone at Palo Alto Networks (Uk Holding 1) who looks after wellbeing or staff socials I should be speaking to? Happy to be pointed elsewhere.

Brian
FC Urban",,,,
Palo Alto Networks (Uk Holding 2),,Financial institution,EC2N 4BQ,"22 BISHOPSGATE, LEVEL 55, LONDON",30/10/2019,FULL,64209 - Activities of other holding companies n.e.c.,Whitechapel,26,exact postcode,,,,,,"Hi {First} - I'm Brian from FC Urban. We run social football at Whitechapel, a 26-min walk from Palo Alto Networks (Uk Holding 2). Looking for someone inside the team up for starting an after-work game - we handle pitch, payments and organising. Open to a quick chat?",267,"Thanks for connecting, {First}.

Quick one - we run social football games at Whitechapel, about 26 minutes' walk from your office. A few City firms use them as an easy after-work thing for colleagues: we sort the pitch, the payments and the organising, and can top the group up with our own players if numbers are short.

Is there someone at Palo Alto Networks (Uk Holding 2) who looks after wellbeing or staff socials I should be speaking to? Happy to be pointed elsewhere.

Brian
FC Urban",,,,
Panmure Liberum Capital,,Financial institution,EC2Y 9LY,"ROPEMAKER PLACE LEVEL 12, LONDON",22/08/2006,GROUP,66190 - Activities auxiliary to financial intermediation n.e.c.,Old St - Moreland Primary School,19,postcode district,,,,,,"Hi {First} - I'm Brian from FC Urban. We run social football at Old St - Moreland Primary School, a 19-min walk from Panmure Liberum Capital. Looking for someone inside the team up for starting an after-work game - we handle pitch, payments and organising. Open to a quick chat?",278,"Thanks for connecting, {First}.

Quick one - we run social football games at Old St - Moreland Primary School, about 19 minutes' walk from your office. A few City firms use them as an easy after-work thing for colleagues: we sort the pitch, the payments and the organising, and can top the group up with our own players if numbers are short.

Is there someone at Panmure Liberum Capital who looks after wellbeing or staff socials I should be speaking to? Happy to be pointed elsewhere.

Brian
FC Urban",,,,
Panmure Liberum Group,,Financial institution,EC2Y 9LY,"ROPEMAKER PLACE, LEVEL 12, LONDON",31/01/2017,GROUP,64205 - Activities of financial services holding companies,Old St - Moreland Primary School,19,postcode district,,,,,,"Hi {First} - I'm Brian from FC Urban. We run social football at Old St - Moreland Primary School, a 19-min walk from Panmure Liberum Group. Looking for someone inside the team up for starting an after-work game - we handle pitch, payments and organising. Open to a quick chat?",276,"Thanks for connecting, {First}.

Quick one - we run social football games at Old St - Moreland Primary School, about 19 minutes' walk from your office. A few City firms use them as an easy after-work thing for colleagues: we sort the pitch, the payments and the organising, and can top the group up with our own players if numbers are short.

Is there someone at Panmure Liberum Group who looks after wellbeing or staff socials I should be speaking to? Happy to be pointed elsewhere.

Brian
FC Urban",,,,
Panmure Liberum,,Financial institution,EC2Y 9LY,"ROPEMAKER PLACE, LEVEL 12, LONDON",29/09/2003,FULL,64999 - Financial intermediation not elsewhere classified,Old St - Moreland Primary School,19,postcode district,,,,,,"Hi {First} - I'm Brian from FC Urban. We run social football at Old St - Moreland Primary School, a 19-min walk from Panmure Liberum. Looking for someone inside the team up for starting an after-work game - we handle pitch, payments and organising. Open to a quick chat?",270,"Thanks for connecting, {First}.

Quick one - we run social football games at Old St - Moreland Primary School, about 19 minutes' walk from your office. A few City firms use them as an easy after-work thing for colleagues: we sort the pitch, the payments and the organising, and can top the group up with our own players if numbers are short.

Is there someone at Panmure Liberum who looks after wellbeing or staff socials I should be speaking to? Happy to be pointed elsewhere.

Brian
FC Urban",,,,
Paratus Seabras Uk,,Accountancy / financial advisory,EC3M 1AJ,"10 EASTCHEAP, LONDON",21/03/2018,FULL,70221 - Financial management,Whitechapel,24,postcode district,,,,,,"Hi {First} - I'm Brian from FC Urban. We run social football at Whitechapel, a 24-min walk from Paratus Seabras Uk. Looking for someone inside the team up for starting an after-work game - we handle pitch, payments and organising. Open to a quick chat?",252,"Thanks for connecting, {First}.

Quick one - we run social football games at Whitechapel, about 24 minutes' walk from your office. A few City firms use them as an easy after-work thing for colleagues: we sort the pitch, the payments and the organising, and can top the group up with our own players if numbers are short.

Is there someone at Paratus Seabras Uk who looks after wellbeing or staff socials I should be speaking to? Happy to be pointed elsewhere.

Brian
FC Urban",,,,
Pardus Holdings,,Financial institution,EC3R 7NE,"7TH FLOOR, CORN EXCHANGE, LONDON",06/08/2013,GROUP,64205 - Activities of financial services holding companies,Borough Academy,22,postcode district,,,,,,"Hi {First} - I'm Brian from FC Urban. We run social football at Borough Academy, a 22-min walk from Pardus Holdings. Looking for someone inside the team up for starting an after-work game - we handle pitch, payments and organising. Open to a quick chat?",253,"Thanks for connecting, {First}.

Quick one - we run social football games at Borough Academy, about 22 minutes' walk from your office. A few City firms use them as an easy after-work thing for colleagues: we sort the pitch, the payments and the organising, and can top the group up with our own players if numbers are short.

Is there someone at Pardus Holdings who looks after wellbeing or staff socials I should be speaking to? Happy to be pointed elsewhere.

Brian
FC Urban",,,,
Parsyl Syndicate,,Financial institution,EC3V 0BT,"5TH FLOOR 40, LONDON",04/09/2020,FULL,65120 - Non-life insurance,Borough Academy,22,exact postcode,,,,,,"Hi {First} - I'm Brian from FC Urban. We run social football at Borough Academy, a 22-min walk from Parsyl Syndicate. Looking for someone inside the team up for starting an after-work game - we handle pitch, payments and organising. Open to a quick chat?",254,"Thanks for connecting, {First}.

Quick one - we run social football games at Borough Academy, about 22 minutes' walk from your office. A few City firms use them as an easy after-work thing for colleagues: we sort the pitch, the payments and the organising, and can top the group up with our own players if numbers are short.

Is there someone at Parsyl Syndicate who looks after wellbeing or staff socials I should be speaking to? Happy to be pointed elsewhere.

Brian
FC Urban",,,,
Patria Corporate Member,,Financial institution,EC3M 4AJ,"8 LEVEL 3, LONDON",23/09/2015,FULL,65202 - Non-life reinsurance,Whitechapel,24,postcode district,,,,,,"Hi {First} - I'm Brian from FC Urban. We run social football at Whitechapel, a 24-min walk from Patria Corporate Member. Looking for someone inside the team up for starting an after-work game - we handle pitch, payments and organising. Open to a quick chat?",257,"Thanks for connecting, {First}.

Quick one - we run social football games at Whitechapel, about 24 minutes' walk from your office. A few City firms use them as an easy after-work thing for colleagues: we sort the pitch, the payments and the organising, and can top the group up with our own players if numbers are short.

Is there someone at Patria Corporate Member who looks after wellbeing or staff socials I should be speaking to? Happy to be pointed elsewhere.

Brian
FC Urban",,,,
Paulson,,Financial institution,EC4A 1EN,"C/O DMH STALLARD LLP, FETTER YARD BARNARDS INN, LONDON",01/02/2006,GROUP,64304 - Activities of open-ended investment companies,Old St - Moreland Primary School,23,exact postcode,,,,,,"Hi {First} - I'm Brian from FC Urban. We run social football at Old St - Moreland Primary School, a 23-min walk from Paulson. Looking for someone inside the team up for starting an after-work game - we handle pitch, payments and organising. Open to a quick chat?",262,"Thanks for connecting, {First}.

Quick one - we run social football games at Old St - Moreland Primary School, about 23 minutes' walk from your office. A few City firms use them as an easy after-work thing for colleagues: we sort the pitch, the payments and the organising, and can top the group up with our own players if numbers are short.

Is there someone at Paulson who looks after wellbeing or staff socials I should be speaking to? Happy to be pointed elsewhere.

Brian
FC Urban",,,,
Pay Perform Holdings,,Financial institution,EC3V 9BQ,"37 LOMBARD STREET, LONDON",19/08/2020,GROUP,64209 - Activities of other holding companies n.e.c.,Borough Academy,23,exact postcode,,,,,,"Hi {First} - I'm Brian from FC Urban. We run social football at Borough Academy, a 23-min walk from Pay Perform Holdings. Looking for someone inside the team up for starting an after-work game - we handle pitch, payments and organising. Open to a quick chat?",258,"Thanks for connecting, {First}.

Quick one - we run social football games at Borough Academy, about 23 minutes' walk from your office. A few City firms use them as an easy after-work thing for colleagues: we sort the pitch, the payments and the organising, and can top the group up with our own players if numbers are short.

Is there someone at Pay Perform Holdings who looks after wellbeing or staff socials I should be speaking to? Happy to be pointed elsewhere.

Brian
FC Urban",,,,
Payden & Rygel Global,,Financial institution,EC2N 2AX,"1 BARTHOLOMEW LANE, LONDON",13/04/1999,FULL,64999 - Financial intermediation not elsewhere classified,Borough Academy,26,exact postcode,,,,,,"Hi {First} - I'm Brian from FC Urban. We run social football at Borough Academy, a 26-min walk from Payden & Rygel Global. Looking for someone inside the team up for starting an after-work game - we handle pitch, payments and organising. Open to a quick chat?",259,"Thanks for connecting, {First}.

Quick one - we run social football games at Borough Academy, about 26 minutes' walk from your office. A few City firms use them as an easy after-work thing for colleagues: we sort the pitch, the payments and the organising, and can top the group up with our own players if numbers are short.

Is there someone at Payden & Rygel Global who looks after wellbeing or staff socials I should be speaking to? Happy to be pointed elsewhere.

Brian
FC Urban",,,,
Paynetics Uk,,Financial institution,EC2M 5SQ,"SALISBURY HOUSE OFFICE 409, LONDON",25/02/2020,FULL,64999 - Financial intermediation not elsewhere classified,Whitechapel,23,postcode district,,,,,,"Hi {First} - I'm Brian from FC Urban. We run social football at Whitechapel, a 23-min walk from Paynetics Uk. Looking for someone inside the team up for starting an after-work game - we handle pitch, payments and organising. Open to a quick chat?",246,"Thanks for connecting, {First}.

Quick one - we run social football games at Whitechapel, about 23 minutes' walk from your office. A few City firms use them as an easy after-work thing for colleagues: we sort the pitch, the payments and the organising, and can top the group up with our own players if numbers are short.

Is there someone at Paynetics Uk who looks after wellbeing or staff socials I should be speaking to? Happy to be pointed elsewhere.

Brian
FC Urban",,,,
Payrnet,,Financial institution,EC4V 3BJ,"3RD FLOOR, VINTNERS' PLACE, LONDON",23/11/2015,FULL,64999 - Financial intermediation not elsewhere classified,Borough Academy,17,exact postcode,,,,,,"Hi {First} - I'm Brian from FC Urban. We run social football at Borough Academy, a 17-min walk from Payrnet. Looking for someone inside the team up for starting an after-work game - we handle pitch, payments and organising. Open to a quick chat?",245,"Thanks for connecting, {First}.

Quick one - we run social football games at Borough Academy, about 17 minutes' walk from your office. A few City firms use them as an easy after-work thing for colleagues: we sort the pitch, the payments and the organising, and can top the group up with our own players if numbers are short.

Is there someone at Payrnet who looks after wellbeing or staff socials I should be speaking to? Happy to be pointed elsewhere.

Brian
FC Urban",,,,
"Payroc Worldaccess,",,Financial institution,EC4M 7AU,"FORVIS MAZARS LLP, LONDON",22/06/2020,FULL,64999 - Financial intermediation not elsewhere classified,Borough Academy,22,postcode district,,,,,,"Hi {First} - I'm Brian from FC Urban. We run social football at Borough Academy, a 22-min walk from Payroc Worldaccess,. Looking for someone inside the team up for starting an after-work game - we handle pitch, payments and organising. Open to a quick chat?",257,"Thanks for connecting, {First}.

Quick one - we run social football games at Borough Academy, about 22 minutes' walk from your office. A few City firms use them as an easy after-work thing for colleagues: we sort the pitch, the payments and the organising, and can top the group up with our own players if numbers are short.

Is there someone at Payroc Worldaccess, who looks after wellbeing or staff socials I should be speaking to? Happy to be pointed elsewhere.

Brian
FC Urban",,,,
Pcc Global,,Financial institution,EC2M 7EB,"LOWER GROUND FLOOR, PARK HOUSE, 16/18, LONDON",13/03/1998,GROUP,64209 - Activities of other holding companies n.e.c.,Whitechapel,23,postcode district,,,,,,"Hi {First} - I'm Brian from FC Urban. We run social football at Whitechapel, a 23-min walk from Pcc Global. Looking for someone inside the team up for starting an after-work game - we handle pitch, payments and organising. Open to a quick chat?",244,"Thanks for connecting, {First}.

Quick one - we run social football games at Whitechapel, about 23 minutes' walk from your office. A few City firms use them as an easy after-work thing for colleagues: we sort the pitch, the payments and the organising, and can top the group up with our own players if numbers are short.

Is there someone at Pcc Global who looks after wellbeing or staff socials I should be speaking to? Happy to be pointed elsewhere.

Brian
FC Urban",,,,
Pcc Grenadier,,Financial institution,EC2M 7EB,"LOWER GROUND FLOOR, PARK HOUSE 16/18, LONDON",13/07/2021,FULL,64209 - Activities of other holding companies n.e.c.,Whitechapel,23,postcode district,,,,,,"Hi {First} - I'm Brian from FC Urban. We run social football at Whitechapel, a 23-min walk from Pcc Grenadier. Looking for someone inside the team up for starting an after-work game - we handle pitch, payments and organising. Open to a quick chat?",247,"Thanks for connecting, {First}.

Quick one - we run social football games at Whitechapel, about 23 minutes' walk from your office. A few City firms use them as an easy after-work thing for colleagues: we sort the pitch, the payments and the organising, and can top the group up with our own players if numbers are short.

Is there someone at Pcc Grenadier who looks after wellbeing or staff socials I should be speaking to? Happy to be pointed elsewhere.

Brian
FC Urban",,,,
Pension Insurance Corporation Group,,Financial institution,EC2Y 9AR,"22 ROPEMAKER STREET, LONDON",19/08/2015,GROUP,66290 - Other activities auxiliary to insurance and pension funding,Old St - Moreland Primary School,19,postcode district,,,,,,"Hi {First} - I'm Brian from FC Urban. We run social football at Old St - Moreland Primary School, a 19-min walk from Pension Insurance Corporation Group. Looking for someone inside the team up for starting an after-work game - we handle pitch, payments and organising. Open to a quick chat?",290,"Thanks for connecting, {First}.

Quick one - we run social football games at Old St - Moreland Primary School, about 19 minutes' walk from your office. A few City firms use them as an easy after-work thing for colleagues: we sort the pitch, the payments and the organising, and can top the group up with our own players if numbers are short.

Is there someone at Pension Insurance Corporation Group who looks after wellbeing or staff socials I should be speaking to? Happy to be pointed elsewhere.

Brian
FC Urban",,,,
Pension Insurance Corporation,,Financial institution,EC2Y 9AR,"22 ROPEMAKER STREET, LONDON",13/02/2006,GROUP,66290 - Other activities auxiliary to insurance and pension funding,Old St - Moreland Primary School,19,postcode district,,,,,,"Hi {First} - I'm Brian from FC Urban. We run social football at Old St - Moreland Primary School, a 19-min walk from Pension Insurance Corporation. Looking for someone inside the team up for starting an after-work game - we handle pitch, payments and organising. Open to a quick chat?",284,"Thanks for connecting, {First}.

Quick one - we run social football games at Old St - Moreland Primary School, about 19 minutes' walk from your office. A few City firms use them as an easy after-work thing for colleagues: we sort the pitch, the payments and the organising, and can top the group up with our own players if numbers are short.

Is there someone at Pension Insurance Corporation who looks after wellbeing or staff socials I should be speaking to? Happy to be pointed elsewhere.

Brian
FC Urban",,,,
Perivan Holdco,,Financial institution,EC2A 2DW,"21 WORSHIP STREET, LONDON",24/06/2019,GROUP,18129 - Printing n.e.c. | 64209 - Activities of other holding companies n.e.c.,Shoreditch Rooftop,17,postcode district,,,,,,"Hi {First} - I'm Brian from FC Urban. We run social football at Shoreditch Rooftop, a 17-min walk from Perivan Holdco. Looking for someone inside the team up for starting an after-work game - we handle pitch, payments and organising. Open to a quick chat?",255,"Thanks for connecting, {First}.

Quick one - we run social football games at Shoreditch Rooftop, about 17 minutes' walk from your office. A few City firms use them as an easy after-work thing for colleagues: we sort the pitch, the payments and the organising, and can top the group up with our own players if numbers are short.

Is there someone at Perivan Holdco who looks after wellbeing or staff socials I should be speaking to? Happy to be pointed elsewhere.

Brian
FC Urban",,,,
Persia International Bank,,Financial institution,EC2R 7HH,6 LOTHBURY,16/05/2001,FULL,64191 - Banks,Old St - Moreland Primary School,25,postcode district,,,,,,"Hi {First} - I'm Brian from FC Urban. We run social football at Old St - Moreland Primary School, a 25-min walk from Persia International Bank. Looking for someone inside the team up for starting an after-work game - we handle pitch, payments and organising. Open to a quick chat?",280,"Thanks for connecting, {First}.

Quick one - we run social football games at Old St - Moreland Primary School, about 25 minutes' walk from your office. A few City firms use them as an easy after-work thing for colleagues: we sort the pitch, the payments and the organising, and can top the group up with our own players if numbers are short.

Is there someone at Persia International Bank who looks after wellbeing or staff socials I should be speaking to? Happy to be pointed elsewhere.

Brian
FC Urban",,,,
Petredec (Europe),,Financial institution,EC3V 4AB,"THE LEADENHALL BUILDING, LEVEL 43, LONDON",22/05/2015,GROUP,66120 - Security and commodity contracts dealing activities,Whitechapel,25,exact postcode,,,,,,"Hi {First} - I'm Brian from FC Urban. We run social football at Whitechapel, a 25-min walk from Petredec (Europe). Looking for someone inside the team up for starting an after-work game - we handle pitch, payments and organising. Open to a quick chat?",251,"Thanks for connecting, {First}.

Quick one - we run social football games at Whitechapel, about 25 minutes' walk from your office. A few City firms use them as an easy after-work thing for colleagues: we sort the pitch, the payments and the organising, and can top the group up with our own players if numbers are short.

Is there someone at Petredec (Europe) who looks after wellbeing or staff socials I should be speaking to? Happy to be pointed elsewhere.

Brian
FC Urban",,,,
Pft,,Financial institution,EC2N 1HQ,"LEVEL 37, TOWER 42, LONDON",11/01/1955,FULL,66290 - Other activities auxiliary to insurance and pension funding,Whitechapel,27,exact postcode,,,,,,"Hi {First} - I'm Brian from FC Urban. We run social football at Whitechapel, a 27-min walk from Pft. Looking for someone inside the team up for starting an after-work game - we handle pitch, payments and organising. Open to a quick chat?",237,"Thanks for connecting, {First}.

Quick one - we run social football games at Whitechapel, about 27 minutes' walk from your office. A few City firms use them as an easy after-work thing for colleagues: we sort the pitch, the payments and the organising, and can top the group up with our own players if numbers are short.

Is there someone at Pft who looks after wellbeing or staff socials I should be speaking to? Happy to be pointed elsewhere.

Brian
FC Urban",,,,
Phillipcapital Uk,,Financial institution,EC4V 4BJ,"128 QUEEN VICTORIA STREET, LONDON",19/10/1993,FULL,64999 - Financial intermediation not elsewhere classified | 66110 - Administration of financial markets,Borough Academy,19,exact postcode,,,,,,"Hi {First} - I'm Brian from FC Urban. We run social football at Borough Academy, a 19-min walk from Phillipcapital Uk. Looking for someone inside the team up for starting an after-work game - we handle pitch, payments and organising. Open to a quick chat?",255,"Thanks for connecting, {First}.

Quick one - we run social football games at Borough Academy, about 19 minutes' walk from your office. A few City firms use them as an easy after-work thing for colleagues: we sort the pitch, the payments and the organising, and can top the group up with our own players if numbers are short.

Is there someone at Phillipcapital Uk who looks after wellbeing or staff socials I should be speaking to? Happy to be pointed elsewhere.

Brian
FC Urban",,,,
Phoenix Natural Gas Pp Finance,,Financial institution,EC4A 3DW,"C/O ARTHUR COX, LONDON",23/02/2017,FULL,66190 - Activities auxiliary to financial intermediation n.e.c.,Old St - Moreland Primary School,24,postcode district,,,,,,"Hi {First} - I'm Brian from FC Urban. We run social football at Old St - Moreland Primary School, a 24-min walk from Phoenix Natural Gas Pp Finance. Looking for someone inside the team up for starting an after-work game - we handle pitch, payments and organising. Open to a quick chat?",285,"Thanks for connecting, {First}.

Quick one - we run social football games at Old St - Moreland Primary School, about 24 minutes' walk from your office. A few City firms use them as an easy after-work thing for colleagues: we sort the pitch, the payments and the organising, and can top the group up with our own players if numbers are short.

Is there someone at Phoenix Natural Gas Pp Finance who looks after wellbeing or staff socials I should be speaking to? Happy to be pointed elsewhere.

Brian
FC Urban",,,,
Pic Holdings,,Financial institution,EC2Y 9AR,"22 ROPEMAKER STREET, LONDON",13/02/2006,FULL,66290 - Other activities auxiliary to insurance and pension funding,Old St - Moreland Primary School,19,postcode district,,,,,,"Hi {First} - I'm Brian from FC Urban. We run social football at Old St - Moreland Primary School, a 19-min walk from Pic Holdings. Looking for someone inside the team up for starting an after-work game - we handle pitch, payments and organising. Open to a quick chat?",267,"Thanks for connecting, {First}.

Quick one - we run social football games at Old St - Moreland Primary School, about 19 minutes' walk from your office. A few City firms use them as an easy after-work thing for colleagues: we sort the pitch, the payments and the organising, and can top the group up with our own players if numbers are short.

Is there someone at Pic Holdings who looks after wellbeing or staff socials I should be speaking to? Happy to be pointed elsewhere.

Brian
FC Urban",,,,
Pictet Asset Management,,Financial institution,EC2Y 5ET,"MOOR HOUSE LEVEL 11, LONDON",21/08/1995,FULL,64999 - Financial intermediation not elsewhere classified,Old St - Moreland Primary School,19,postcode district,,,,,,"Hi {First} - I'm Brian from FC Urban. We run social football at Old St - Moreland Primary School, a 19-min walk from Pictet Asset Management. Looking for someone inside the team up for starting an after-work game - we handle pitch, payments and organising. Open to a quick chat?",278,"Thanks for connecting, {First}.

Quick one - we run social football games at Old St - Moreland Primary School, about 19 minutes' walk from your office. A few City firms use them as an easy after-work thing for colleagues: we sort the pitch, the payments and the organising, and can top the group up with our own players if numbers are short.

Is there someone at Pictet Asset Management who looks after wellbeing or staff socials I should be speaking to? Happy to be pointed elsewhere.

Brian
FC Urban",,,,
Pine Walk Capital,,Financial institution,EC2N 4BQ,"22 BISHOPSGATE LEVEL 42, LONDON",03/07/2017,GROUP,65120 - Non-life insurance,Whitechapel,26,exact postcode,,,,,,"Hi {First} - I'm Brian from FC Urban. We run social football at Whitechapel, a 26-min walk from Pine Walk Capital. Looking for someone inside the team up for starting an after-work game - we handle pitch, payments and organising. Open to a quick chat?",251,"Thanks for connecting, {First}.

Quick one - we run social football games at Whitechapel, about 26 minutes' walk from your office. A few City firms use them as an easy after-work thing for colleagues: we sort the pitch, the payments and the organising, and can top the group up with our own players if numbers are short.

Is there someone at Pine Walk Capital who looks after wellbeing or staff socials I should be speaking to? Happy to be pointed elsewhere.

Brian
FC Urban",,,,
Pivotal Financial,,Financial institution,EC2A 2BS,"25 CHRISTOPHER STREET, LONDON",01/08/2014,FULL,64999 - Financial intermediation not elsewhere classified,Shoreditch Rooftop,17,postcode district,,,,,,"Hi {First} - I'm Brian from FC Urban. We run social football at Shoreditch Rooftop, a 17-min walk from Pivotal Financial. Looking for someone inside the team up for starting an after-work game - we handle pitch, payments and organising. Open to a quick chat?",258,"Thanks for connecting, {First}.

Quick one - we run social football games at Shoreditch Rooftop, about 17 minutes' walk from your office. A few City firms use them as an easy after-work thing for colleagues: we sort the pitch, the payments and the organising, and can top the group up with our own players if numbers are short.

Is there someone at Pivotal Financial who looks after wellbeing or staff socials I should be speaking to? Happy to be pointed elsewhere.

Brian
FC Urban",,,,
Plum Fintech,,Financial institution,EC1R 0DE,"2-7 CLERKENWELL GREEN, LONDON",14/01/2016,GROUP,66190 - Activities auxiliary to financial intermediation n.e.c.,Old St - Moreland Primary School,13,postcode district,,,,,,"Hi {First} - I'm Brian from FC Urban. We run social football at Old St - Moreland Primary School, a 13-min walk from Plum Fintech. Looking for someone inside the team up for starting an after-work game - we handle pitch, payments and organising. Open to a quick chat?",267,"Thanks for connecting, {First}.

Quick one - we run social football games at Old St - Moreland Primary School, about 13 minutes' walk from your office. A few City firms use them as an easy after-work thing for colleagues: we sort the pitch, the payments and the organising, and can top the group up with our own players if numbers are short.

Is there someone at Plum Fintech who looks after wellbeing or staff socials I should be speaking to? Happy to be pointed elsewhere.

Brian
FC Urban",,,,
Plus500Uk,,Financial institution,EC2R 7HJ,"8 ANGEL COURT, LONDON",21/09/2009,FULL,64999 - Financial intermediation not elsewhere classified,Old St - Moreland Primary School,27,exact postcode,,,,,,"Hi {First} - I'm Brian from FC Urban. We run social football at Old St - Moreland Primary School, a 27-min walk from Plus500Uk. Looking for someone inside the team up for starting an after-work game - we handle pitch, payments and organising. Open to a quick chat?",264,"Thanks for connecting, {First}.

Quick one - we run social football games at Old St - Moreland Primary School, about 27 minutes' walk from your office. A few City firms use them as an easy after-work thing for colleagues: we sort the pitch, the payments and the organising, and can top the group up with our own players if numbers are short.

Is there someone at Plus500Uk who looks after wellbeing or staff socials I should be speaking to? Happy to be pointed elsewhere.

Brian
FC Urban",,,,
Polen Capital Uk Partner,,Financial institution,EC2N 2HE,"FIRST FLOOR OFFICES, LONDON",12/12/2019,FULL,64304 - Activities of open-ended investment companies | 66300 - Fund management activities,Old St - Moreland Primary School,27,exact postcode,,,,,,"Hi {First} - I'm Brian from FC Urban. We run social football at Old St - Moreland Primary School, a 27-min walk from Polen Capital Uk Partner. Looking for someone inside the team up for starting an after-work game - we handle pitch, payments and organising. Open to a quick chat?",279,"Thanks for connecting, {First}.

Quick one - we run social football games at Old St - Moreland Primary School, about 27 minutes' walk from your office. A few City firms use them as an easy after-work thing for colleagues: we sort the pitch, the payments and the organising, and can top the group up with our own players if numbers are short.

Is there someone at Polen Capital Uk Partner who looks after wellbeing or staff socials I should be speaking to? Happy to be pointed elsewhere.

Brian
FC Urban",,,,
Pollitt Holdings,,Financial institution,EC4R 0DR,"24 MARTIN LANE, LONDON",28/06/2018,GROUP,64209 - Activities of other holding companies n.e.c.,Borough Academy,18,postcode district,,,,,,"Hi {First} - I'm Brian from FC Urban. We run social football at Borough Academy, a 18-min walk from Pollitt Holdings. Looking for someone inside the team up for starting an after-work game - we handle pitch, payments and organising. Open to a quick chat?",254,"Thanks for connecting, {First}.

Quick one - we run social football games at Borough Academy, about 18 minutes' walk from your office. A few City firms use them as an easy after-work thing for colleagues: we sort the pitch, the payments and the organising, and can top the group up with our own players if numbers are short.

Is there someone at Pollitt Holdings who looks after wellbeing or staff socials I should be speaking to? Happy to be pointed elsewhere.

Brian
FC Urban",,,,
Portigon Europe (Uk) Holdings,,Financial institution,EC2R 5BJ,"PORTIGON EUROPE (UK) HOLDINGS LIMITED, LONDON",24/05/1989,GROUP,64205 - Activities of financial services holding companies,Old St - Moreland Primary School,23,exact postcode,,,,,,"Hi {First} - I'm Brian from FC Urban. We run social football at Old St - Moreland Primary School, a 23-min walk from Portigon Europe (Uk) Holdings. Looking for someone inside the team up for starting an after-work game - we handle pitch, payments and organising. Open to a quick chat?",284,"Thanks for connecting, {First}.

Quick one - we run social football games at Old St - Moreland Primary School, about 23 minutes' walk from your office. A few City firms use them as an easy after-work thing for colleagues: we sort the pitch, the payments and the organising, and can top the group up with our own players if numbers are short.

Is there someone at Portigon Europe (Uk) Holdings who looks after wellbeing or staff socials I should be speaking to? Happy to be pointed elsewhere.

Brian
FC Urban",,,,
Posco Capital Partners,,Financial institution,EC2M 4QD,"232 - 238 BISHOPSGATE, LONDON",03/01/2014,FULL,66110 - Administration of financial markets,Whitechapel,23,postcode district,,,,,,"Hi {First} - I'm Brian from FC Urban. We run social football at Whitechapel, a 23-min walk from Posco Capital Partners. Looking for someone inside the team up for starting an after-work game - we handle pitch, payments and organising. Open to a quick chat?",256,"Thanks for connecting, {First}.

Quick one - we run social football games at Whitechapel, about 23 minutes' walk from your office. A few City firms use them as an easy after-work thing for colleagues: we sort the pitch, the payments and the organising, and can top the group up with our own players if numbers are short.

Is there someone at Posco Capital Partners who looks after wellbeing or staff socials I should be speaking to? Happy to be pointed elsewhere.

Brian
FC Urban",,,,
Post Office Management Services,,Financial institution,EC4M 9AF,"2ND FLOOR MYO, LONDON",25/03/2013,FULL,66220 - Activities of insurance agents and brokers,Borough Academy,22,postcode district,,,,,,"Hi {First} - I'm Brian from FC Urban. We run social football at Borough Academy, a 22-min walk from Post Office Management Services. Looking for someone inside the team up for starting an after-work game - we handle pitch, payments and organising. Open to a quick chat?",269,"Thanks for connecting, {First}.

Quick one - we run social football games at Borough Academy, about 22 minutes' walk from your office. A few City firms use them as an easy after-work thing for colleagues: we sort the pitch, the payments and the organising, and can top the group up with our own players if numbers are short.

Is there someone at Post Office Management Services who looks after wellbeing or staff socials I should be speaking to? Happy to be pointed elsewhere.

Brian
FC Urban",,,,
Pp Buyer,,Financial institution,EC1N 8QX,"67-74 SAFFRON HILL, LONDON",25/10/2022,FULL,64209 - Activities of other holding companies n.e.c.,Old St - Moreland Primary School,18,postcode district,,,,,,"Hi {First} - I'm Brian from FC Urban. We run social football at Old St - Moreland Primary School, a 18-min walk from Pp Buyer. Looking for someone inside the team up for starting an after-work game - we handle pitch, payments and organising. Open to a quick chat?",263,"Thanks for connecting, {First}.

Quick one - we run social football games at Old St - Moreland Primary School, about 18 minutes' walk from your office. A few City firms use them as an easy after-work thing for colleagues: we sort the pitch, the payments and the organising, and can top the group up with our own players if numbers are short.

Is there someone at Pp Buyer who looks after wellbeing or staff socials I should be speaking to? Happy to be pointed elsewhere.

Brian
FC Urban",,,,
Pp Intermediary,,Financial institution,EC1N 8QX,"67-74 SAFFRON HILL, LONDON",25/10/2022,FULL,64209 - Activities of other holding companies n.e.c.,Old St - Moreland Primary School,18,postcode district,,,,,,"Hi {First} - I'm Brian from FC Urban. We run social football at Old St - Moreland Primary School, a 18-min walk from Pp Intermediary. Looking for someone inside the team up for starting an after-work game - we handle pitch, payments and organising. Open to a quick chat?",270,"Thanks for connecting, {First}.

Quick one - we run social football games at Old St - Moreland Primary School, about 18 minutes' walk from your office. A few City firms use them as an easy after-work thing for colleagues: we sort the pitch, the payments and the organising, and can top the group up with our own players if numbers are short.

Is there someone at Pp Intermediary who looks after wellbeing or staff socials I should be speaking to? Happy to be pointed elsewhere.

Brian
FC Urban",,,,
Project Hermes Bidco,,Financial institution,EC1M 5RN,"29 CLERKENWELL ROAD, LONDON",20/04/2022,FULL,64209 - Activities of other holding companies n.e.c.,Old St - Moreland Primary School,12,exact postcode,,,,,,"Hi {First} - I'm Brian from FC Urban. We run social football at Old St - Moreland Primary School, a 12-min walk from Project Hermes Bidco. Looking for someone inside the team up for starting an after-work game - we handle pitch, payments and organising. Open to a quick chat?",275,"Thanks for connecting, {First}.

Quick one - we run social football games at Old St - Moreland Primary School, about 12 minutes' walk from your office. A few City firms use them as an easy after-work thing for colleagues: we sort the pitch, the payments and the organising, and can top the group up with our own players if numbers are short.

Is there someone at Project Hermes Bidco who looks after wellbeing or staff socials I should be speaking to? Happy to be pointed elsewhere.

Brian
FC Urban",,,,
Project Hermes Midco,,Financial institution,EC1M 5RN,"29 CLERKENWELL ROAD, LONDON",20/04/2022,FULL,64209 - Activities of other holding companies n.e.c.,Old St - Moreland Primary School,12,exact postcode,,,,,,"Hi {First} - I'm Brian from FC Urban. We run social football at Old St - Moreland Primary School, a 12-min walk from Project Hermes Midco. Looking for someone inside the team up for starting an after-work game - we handle pitch, payments and organising. Open to a quick chat?",275,"Thanks for connecting, {First}.

Quick one - we run social football games at Old St - Moreland Primary School, about 12 minutes' walk from your office. A few City firms use them as an easy after-work thing for colleagues: we sort the pitch, the payments and the organising, and can top the group up with our own players if numbers are short.

Is there someone at Project Hermes Midco who looks after wellbeing or staff socials I should be speaking to? Happy to be pointed elsewhere.

Brian
FC Urban",,,,
Project Hermes Topco,,Financial institution,EC1M 5RN,"29 CLERKENWELL ROAD, LONDON",20/04/2022,GROUP,64209 - Activities of other holding companies n.e.c.,Old St - Moreland Primary School,12,exact postcode,,,,,,"Hi {First} - I'm Brian from FC Urban. We run social football at Old St - Moreland Primary School, a 12-min walk from Project Hermes Topco. Looking for someone inside the team up for starting an after-work game - we handle pitch, payments and organising. Open to a quick chat?",275,"Thanks for connecting, {First}.

Quick one - we run social football games at Old St - Moreland Primary School, about 12 minutes' walk from your office. A few City firms use them as an easy after-work thing for colleagues: we sort the pitch, the payments and the organising, and can top the group up with our own players if numbers are short.

Is there someone at Project Hermes Topco who looks after wellbeing or staff socials I should be speaking to? Happy to be pointed elsewhere.

Brian
FC Urban",,,,
Project Jupiter Bidco,,Financial institution,EC2M 4YP,"10 C/O GRAVITAS RECRUITMENT GROUP LIMITED, LONDON",15/04/2019,FULL,64209 - Activities of other holding companies n.e.c.,Whitechapel,23,postcode district,,,,,,"Hi {First} - I'm Brian from FC Urban. We run social football at Whitechapel, a 23-min walk from Project Jupiter Bidco. Looking for someone inside the team up for starting an after-work game - we handle pitch, payments and organising. Open to a quick chat?",255,"Thanks for connecting, {First}.

Quick one - we run social football games at Whitechapel, about 23 minutes' walk from your office. A few City firms use them as an easy after-work thing for colleagues: we sort the pitch, the payments and the organising, and can top the group up with our own players if numbers are short.

Is there someone at Project Jupiter Bidco who looks after wellbeing or staff socials I should be speaking to? Happy to be pointed elsewhere.

Brian
FC Urban",,,,
Project Jupiter Topco,,Financial institution,EC2M 4YP,"10 C/O GRAVITAS RECRUITMENT GROUP LIMITED, LONDON",15/04/2019,GROUP,64209 - Activities of other holding companies n.e.c.,Whitechapel,23,postcode district,,,,,,"Hi {First} - I'm Brian from FC Urban. We run social football at Whitechapel, a 23-min walk from Project Jupiter Topco. Looking for someone inside the team up for starting an after-work game - we handle pitch, payments and organising. Open to a quick chat?",255,"Thanks for connecting, {First}.

Quick one - we run social football games at Whitechapel, about 23 minutes' walk from your office. A few City firms use them as an easy after-work thing for colleagues: we sort the pitch, the payments and the organising, and can top the group up with our own players if numbers are short.

Is there someone at Project Jupiter Topco who looks after wellbeing or staff socials I should be speaking to? Happy to be pointed elsewhere.

Brian
FC Urban",,,,
Prospex Energy,,Financial institution,EC2N 4BQ,"C/O ARCH LAW HUCKLETREE BISHOPSGATE, LONDON",17/12/1999,FULL,64209 - Activities of other holding companies n.e.c.,Whitechapel,26,exact postcode,,,,,,"Hi {First} - I'm Brian from FC Urban. We run social football at Whitechapel, a 26-min walk from Prospex Energy. Looking for someone inside the team up for starting an after-work game - we handle pitch, payments and organising. Open to a quick chat?",248,"Thanks for connecting, {First}.

Quick one - we run social football games at Whitechapel, about 26 minutes' walk from your office. A few City firms use them as an easy after-work thing for colleagues: we sort the pitch, the payments and the organising, and can top the group up with our own players if numbers are short.

Is there someone at Prospex Energy who looks after wellbeing or staff socials I should be speaking to? Happy to be pointed elsewhere.

Brian
FC Urban",,,,
Prytania Asset Management,,Financial institution,EC4N 7BP,"C/O PRYTANIA INVESTMENT ADVISORS LLP, LONDON",28/11/2016,GROUP,66300 - Fund management activities,Borough Academy,22,exact postcode,,,,,,"Hi {First} - I'm Brian from FC Urban. We run social football at Borough Academy, a 22-min walk from Prytania Asset Management. Looking for someone inside the team up for starting an after-work game - we handle pitch, payments and organising. Open to a quick chat?",263,"Thanks for connecting, {First}.

Quick one - we run social football games at Borough Academy, about 22 minutes' walk from your office. A few City firms use them as an easy after-work thing for colleagues: we sort the pitch, the payments and the organising, and can top the group up with our own players if numbers are short.

Is there someone at Prytania Asset Management who looks after wellbeing or staff socials I should be speaking to? Happy to be pointed elsewhere.

Brian
FC Urban",,,,
Psc Rainbow Holdings,,Financial institution,EC3V 4QT,"140 LEADENHALL STREET, LONDON",16/07/2019,GROUP,64205 - Activities of financial services holding companies | 66220 - Activities of insurance agents and brokers | 66290 - Other activities auxiliary to insurance and pension funding,Borough Academy,24,postcode district,,,,,,"Hi {First} - I'm Brian from FC Urban. We run social football at Borough Academy, a 24-min walk from Psc Rainbow Holdings. Looking for someone inside the team up for starting an after-work game - we handle pitch, payments and organising. Open to a quick chat?",258,"Thanks for connecting, {First}.

Quick one - we run social football games at Borough Academy, about 24 minutes' walk from your office. A few City firms use them as an easy after-work thing for colleagues: we sort the pitch, the payments and the organising, and can top the group up with our own players if numbers are short.

Is there someone at Psc Rainbow Holdings who looks after wellbeing or staff socials I should be speaking to? Happy to be pointed elsewhere.

Brian
FC Urban",,,,
Psc Uk Holdings,,Financial institution,EC4N 7BE,"MEZZANINE FLOOR, LONDON",27/02/2016,GROUP,66190 - Activities auxiliary to financial intermediation n.e.c.,Borough Academy,22,postcode district,,,,,,"Hi {First} - I'm Brian from FC Urban. We run social football at Borough Academy, a 22-min walk from Psc Uk Holdings. Looking for someone inside the team up for starting an after-work game - we handle pitch, payments and organising. Open to a quick chat?",253,"Thanks for connecting, {First}.

Quick one - we run social football games at Borough Academy, about 22 minutes' walk from your office. A few City firms use them as an easy after-work thing for colleagues: we sort the pitch, the payments and the organising, and can top the group up with our own players if numbers are short.

Is there someone at Psc Uk Holdings who looks after wellbeing or staff socials I should be speaking to? Happy to be pointed elsewhere.

Brian
FC Urban",,,,
Punjab National Bank (International),,Financial institution,EC2R 6JH,"1 MOORGATE, LONDON",13/04/2006,FULL,64191 - Banks,Old St - Moreland Primary School,25,postcode district,,,,,,"Hi {First} - I'm Brian from FC Urban. We run social football at Old St - Moreland Primary School, a 25-min walk from Punjab National Bank (International). Looking for someone inside the team up for starting an after-work game - we handle pitch, payments and organising. Open to a quick chat?",291,"Thanks for connecting, {First}.

Quick one - we run social football games at Old St - Moreland Primary School, about 25 minutes' walk from your office. A few City firms use them as an easy after-work thing for colleagues: we sort the pitch, the payments and the organising, and can top the group up with our own players if numbers are short.

Is there someone at Punjab National Bank (International) who looks after wellbeing or staff socials I should be speaking to? Happy to be pointed elsewhere.

Brian
FC Urban",,,,
Quantile Technologies,,Financial institution,EC4R 0AN,"27 BUSH LANE, LONDON",04/06/2015,FULL,66190 - Activities auxiliary to financial intermediation n.e.c.,Borough Academy,18,postcode district,,,,,,"Hi {First} - I'm Brian from FC Urban. We run social football at Borough Academy, a 18-min walk from Quantile Technologies. Looking for someone inside the team up for starting an after-work game - we handle pitch, payments and organising. Open to a quick chat?",259,"Thanks for connecting, {First}.

Quick one - we run social football games at Borough Academy, about 18 minutes' walk from your office. A few City firms use them as an easy after-work thing for colleagues: we sort the pitch, the payments and the organising, and can top the group up with our own players if numbers are short.

Is there someone at Quantile Technologies who looks after wellbeing or staff socials I should be speaking to? Happy to be pointed elsewhere.

Brian
FC Urban",,,,
Quantum Holding Midco 1,,Financial institution,EC4R 9AF,"EQUITABLE HOUSE, LONDON",01/07/2019,GROUP,64209 - Activities of other holding companies n.e.c.,Borough Academy,18,postcode district,,,,,,"Hi {First} - I'm Brian from FC Urban. We run social football at Borough Academy, a 18-min walk from Quantum Holding Midco 1. Looking for someone inside the team up for starting an after-work game - we handle pitch, payments and organising. Open to a quick chat?",261,"Thanks for connecting, {First}.

Quick one - we run social football games at Borough Academy, about 18 minutes' walk from your office. A few City firms use them as an easy after-work thing for colleagues: we sort the pitch, the payments and the organising, and can top the group up with our own players if numbers are short.

Is there someone at Quantum Holding Midco 1 who looks after wellbeing or staff socials I should be speaking to? Happy to be pointed elsewhere.

Brian
FC Urban",,,,
Quantum Holding Topco,,Financial institution,EC4R 9AF,"EQUITABLE HOUSE, LONDON",01/07/2019,GROUP,64209 - Activities of other holding companies n.e.c.,Borough Academy,18,postcode district,,,,,,"Hi {First} - I'm Brian from FC Urban. We run social football at Borough Academy, a 18-min walk from Quantum Holding Topco. Looking for someone inside the team up for starting an after-work game - we handle pitch, payments and organising. Open to a quick chat?",259,"Thanks for connecting, {First}.

Quick one - we run social football games at Borough Academy, about 18 minutes' walk from your office. A few City firms use them as an easy after-work thing for colleagues: we sort the pitch, the payments and the organising, and can top the group up with our own players if numbers are short.

Is there someone at Quantum Holding Topco who looks after wellbeing or staff socials I should be speaking to? Happy to be pointed elsewhere.

Brian
FC Urban",,,,
Queen Street Finance,,Financial institution,EC4R 1QS,"FIVE KINGS HOUSE, LONDON",21/02/1991,FULL,64999 - Financial intermediation not elsewhere classified,Borough Academy,18,postcode district,,,,,,"Hi {First} - I'm Brian from FC Urban. We run social football at Borough Academy, a 18-min walk from Queen Street Finance. Looking for someone inside the team up for starting an after-work game - we handle pitch, payments and organising. Open to a quick chat?",258,"Thanks for connecting, {First}.

Quick one - we run social football games at Borough Academy, about 18 minutes' walk from your office. A few City firms use them as an easy after-work thing for colleagues: we sort the pitch, the payments and the organising, and can top the group up with our own players if numbers are short.

Is there someone at Queen Street Finance who looks after wellbeing or staff socials I should be speaking to? Happy to be pointed elsewhere.

Brian
FC Urban",,,,
Quest Consulting (London),,Financial institution,EC3V 0EH,"52-54 GRACECHURCH STREET, LONDON",14/03/2005,FULL,66290 - Other activities auxiliary to insurance and pension funding,Borough Academy,24,postcode district,,,,,,"Hi {First} - I'm Brian from FC Urban. We run social football at Borough Academy, a 24-min walk from Quest Consulting (London). Looking for someone inside the team up for starting an after-work game - we handle pitch, payments and organising. Open to a quick chat?",263,"Thanks for connecting, {First}.

Quick one - we run social football games at Borough Academy, about 24 minutes' walk from your office. A few City firms use them as an easy after-work thing for colleagues: we sort the pitch, the payments and the organising, and can top the group up with our own players if numbers are short.

Is there someone at Quest Consulting (London) who looks after wellbeing or staff socials I should be speaking to? Happy to be pointed elsewhere.

Brian
FC Urban",,,,
R&Q Broker Services,,Financial institution,EC4V 3DB,"THE MERMAID 2 PUDDLE DOCK, LONDON",27/07/2007,FULL,66220 - Activities of insurance agents and brokers,Borough Academy,18,exact postcode,,,,,,"Hi {First} - I'm Brian from FC Urban. We run social football at Borough Academy, a 18-min walk from R&Q Broker Services. Looking for someone inside the team up for starting an after-work game - we handle pitch, payments and organising. Open to a quick chat?",257,"Thanks for connecting, {First}.

Quick one - we run social football games at Borough Academy, about 18 minutes' walk from your office. A few City firms use them as an easy after-work thing for colleagues: we sort the pitch, the payments and the organising, and can top the group up with our own players if numbers are short.

Is there someone at R&Q Broker Services who looks after wellbeing or staff socials I should be speaking to? Happy to be pointed elsewhere.

Brian
FC Urban",,,,
R.B. Leasing (September),,Financial institution,EC2M 4AA,"250, BISHOPSGATE, LONDON",05/03/1986,FULL,64999 - Financial intermediation not elsewhere classified,Whitechapel,23,postcode district,,,,,,"Hi {First} - I'm Brian from FC Urban. We run social football at Whitechapel, a 23-min walk from R.B. Leasing (September). Looking for someone inside the team up for starting an after-work game - we handle pitch, payments and organising. Open to a quick chat?",258,"Thanks for connecting, {First}.

Quick one - we run social football games at Whitechapel, about 23 minutes' walk from your office. A few City firms use them as an easy after-work thing for colleagues: we sort the pitch, the payments and the organising, and can top the group up with our own players if numbers are short.

Is there someone at R.B. Leasing (September) who looks after wellbeing or staff socials I should be speaking to? Happy to be pointed elsewhere.

Brian
FC Urban",,,,
R.J. O'Brien (Europe),,Financial institution,EC2Y 5ET,"MOOR HOUSE FIRST FLOOR, LONDON",08/11/2010,GROUP,64205 - Activities of financial services holding companies,Old St - Moreland Primary School,19,postcode district,,,,,,"Hi {First} - I'm Brian from FC Urban. We run social football at Old St - Moreland Primary School, a 19-min walk from R.J. O'Brien (Europe). Looking for someone inside the team up for starting an after-work game - we handle pitch, payments and organising. Open to a quick chat?",276,"Thanks for connecting, {First}.

Quick one - we run social football games at Old St - Moreland Primary School, about 19 minutes' walk from your office. A few City firms use them as an easy after-work thing for colleagues: we sort the pitch, the payments and the organising, and can top the group up with our own players if numbers are short.

Is there someone at R.J. O'Brien (Europe) who looks after wellbeing or staff socials I should be speaking to? Happy to be pointed elsewhere.

Brian
FC Urban",,,,
R.J. O'Brien,,Financial institution,EC2Y 5ET,"MOOR HOUSE FIRST FLOOR, LONDON",19/04/1984,FULL,66120 - Security and commodity contracts dealing activities,Old St - Moreland Primary School,19,postcode district,,,,,,"Hi {First} - I'm Brian from FC Urban. We run social football at Old St - Moreland Primary School, a 19-min walk from R.J. O'Brien. Looking for someone inside the team up for starting an after-work game - we handle pitch, payments and organising. Open to a quick chat?",267,"Thanks for connecting, {First}.

Quick one - we run social football games at Old St - Moreland Primary School, about 19 minutes' walk from your office. A few City firms use them as an easy after-work thing for colleagues: we sort the pitch, the payments and the organising, and can top the group up with our own players if numbers are short.

Is there someone at R.J. O'Brien who looks after wellbeing or staff socials I should be speaking to? Happy to be pointed elsewhere.

Brian
FC Urban",,,,
Railpen,,Financial institution,EC2M 4YH,"7 DEVONSHIRE SQUARE, LONDON",10/11/1988,FULL,65300 - Pension funding,Whitechapel,20,exact postcode,,,,,,"Hi {First} - I'm Brian from FC Urban. We run social football at Whitechapel, a 20-min walk from Railpen. Looking for someone inside the team up for starting an after-work game - we handle pitch, payments and organising. Open to a quick chat?",241,"Thanks for connecting, {First}.

Quick one - we run social football games at Whitechapel, about 20 minutes' walk from your office. A few City firms use them as an easy after-work thing for colleagues: we sort the pitch, the payments and the organising, and can top the group up with our own players if numbers are short.

Is there someone at Railpen who looks after wellbeing or staff socials I should be speaking to? Happy to be pointed elsewhere.

Brian
FC Urban",,,,
Ramudden Global (Uk),,Financial institution,EC2M 5QQ,"141-149 SALISBURY HOUSE, LONDON",22/03/2018,FULL,64209 - Activities of other holding companies n.e.c.,Whitechapel,23,postcode district,,,,,,"Hi {First} - I'm Brian from FC Urban. We run social football at Whitechapel, a 23-min walk from Ramudden Global (Uk). Looking for someone inside the team up for starting an after-work game - we handle pitch, payments and organising. Open to a quick chat?",254,"Thanks for connecting, {First}.

Quick one - we run social football games at Whitechapel, about 23 minutes' walk from your office. A few City firms use them as an easy after-work thing for colleagues: we sort the pitch, the payments and the organising, and can top the group up with our own players if numbers are short.

Is there someone at Ramudden Global (Uk) who looks after wellbeing or staff socials I should be speaking to? Happy to be pointed elsewhere.

Brian
FC Urban",,,,
Raymond James Global Holdings,,Financial institution,EC2Y 9LY,"ROPEMAKER PLACE 25 ROPEMAKER STREET, LONDON",23/03/2016,FULL,64205 - Activities of financial services holding companies,Old St - Moreland Primary School,19,postcode district,,,,,,"Hi {First} - I'm Brian from FC Urban. We run social football at Old St - Moreland Primary School, a 19-min walk from Raymond James Global Holdings. Looking for someone inside the team up for starting an after-work game - we handle pitch, payments and organising. Open to a quick chat?",284,"Thanks for connecting, {First}.

Quick one - we run social football games at Old St - Moreland Primary School, about 19 minutes' walk from your office. A few City firms use them as an easy after-work thing for colleagues: we sort the pitch, the payments and the organising, and can top the group up with our own players if numbers are short.

Is there someone at Raymond James Global Holdings who looks after wellbeing or staff socials I should be speaking to? Happy to be pointed elsewhere.

Brian
FC Urban",,,,
Rbs Aa Holdings (Uk),,Financial institution,EC2M 4AA,250 BISHOPSGATE,18/05/1992,FULL,64205 - Activities of financial services holding companies,Whitechapel,23,postcode district,,,,,,"Hi {First} - I'm Brian from FC Urban. We run social football at Whitechapel, a 23-min walk from Rbs Aa Holdings (Uk). Looking for someone inside the team up for starting an after-work game - we handle pitch, payments and organising. Open to a quick chat?",254,"Thanks for connecting, {First}.

Quick one - we run social football games at Whitechapel, about 23 minutes' walk from your office. A few City firms use them as an easy after-work thing for colleagues: we sort the pitch, the payments and the organising, and can top the group up with our own players if numbers are short.

Is there someone at Rbs Aa Holdings (Uk) who looks after wellbeing or staff socials I should be speaking to? Happy to be pointed elsewhere.

Brian
FC Urban",,,,
Rbs Hg (Uk),,Financial institution,EC2M 4AA,250 BISHOPSGATE,29/06/1994,FULL,64205 - Activities of financial services holding companies,Whitechapel,23,postcode district,,,,,,"Hi {First} - I'm Brian from FC Urban. We run social football at Whitechapel, a 23-min walk from Rbs Hg (Uk). Looking for someone inside the team up for starting an after-work game - we handle pitch, payments and organising. Open to a quick chat?",245,"Thanks for connecting, {First}.

Quick one - we run social football games at Whitechapel, about 23 minutes' walk from your office. A few City firms use them as an easy after-work thing for colleagues: we sort the pitch, the payments and the organising, and can top the group up with our own players if numbers are short.

Is there someone at Rbs Hg (Uk) who looks after wellbeing or staff socials I should be speaking to? Happy to be pointed elsewhere.

Brian
FC Urban",,,,
Rcc Insurance Brokers,,Financial institution,EC4Y 0BS,"WHITEFRIARS HOUSE, LONDON",28/12/1964,FULL,66220 - Activities of insurance agents and brokers,Borough Academy,21,postcode district,,,,,,"Hi {First} - I'm Brian from FC Urban. We run social football at Borough Academy, a 21-min walk from Rcc Insurance Brokers. Looking for someone inside the team up for starting an after-work game - we handle pitch, payments and organising. Open to a quick chat?",259,"Thanks for connecting, {First}.

Quick one - we run social football games at Borough Academy, about 21 minutes' walk from your office. A few City firms use them as an easy after-work thing for colleagues: we sort the pitch, the payments and the organising, and can top the group up with our own players if numbers are short.

Is there someone at Rcc Insurance Brokers who looks after wellbeing or staff socials I should be speaking to? Happy to be pointed elsewhere.

Brian
FC Urban",,,,
Reabold Resources,,Financial institution,EC2A 2EW,"THE BROADGATE TOWER, 8TH FLOOR, LONDON",08/04/1998,GROUP,64304 - Activities of open-ended investment companies,Shoreditch Rooftop,24,exact postcode,,,,,,"Hi {First} - I'm Brian from FC Urban. We run social football at Shoreditch Rooftop, a 24-min walk from Reabold Resources. Looking for someone inside the team up for starting an after-work game - we handle pitch, payments and organising. Open to a quick chat?",258,"Thanks for connecting, {First}.

Quick one - we run social football games at Shoreditch Rooftop, about 24 minutes' walk from your office. A few City firms use them as an easy after-work thing for colleagues: we sort the pitch, the payments and the organising, and can top the group up with our own players if numbers are short.

Is there someone at Reabold Resources who looks after wellbeing or staff socials I should be speaking to? Happy to be pointed elsewhere.

Brian
FC Urban",,,,
Realpage Uk Holdings,,Financial institution,EC4R 3TT,"C/O FIELDFISHER, LONDON",25/09/2017,FULL,64209 - Activities of other holding companies n.e.c.,Borough Academy,18,postcode district,,,,,,"Hi {First} - I'm Brian from FC Urban. We run social football at Borough Academy, a 18-min walk from Realpage Uk Holdings. Looking for someone inside the team up for starting an after-work game - we handle pitch, payments and organising. Open to a quick chat?",258,"Thanks for connecting, {First}.

Quick one - we run social football games at Borough Academy, about 18 minutes' walk from your office. A few City firms use them as an easy after-work thing for colleagues: we sort the pitch, the payments and the organising, and can top the group up with our own players if numbers are short.

Is there someone at Realpage Uk Holdings who looks after wellbeing or staff socials I should be speaking to? Happy to be pointed elsewhere.

Brian
FC Urban",,,,
Recognise Bank,,Financial institution,EC2A 2BH,"FLOOR 4, HENRY THOMAS HOUSE, 5-11, LONDON",06/02/2017,FULL,64191 - Banks,Shoreditch Rooftop,17,postcode district,,,,,,"Hi {First} - I'm Brian from FC Urban. We run social football at Shoreditch Rooftop, a 17-min walk from Recognise Bank. Looking for someone inside the team up for starting an after-work game - we handle pitch, payments and organising. Open to a quick chat?",255,"Thanks for connecting, {First}.

Quick one - we run social football games at Shoreditch Rooftop, about 17 minutes' walk from your office. A few City firms use them as an easy after-work thing for colleagues: we sort the pitch, the payments and the organising, and can top the group up with our own players if numbers are short.

Is there someone at Recognise Bank who looks after wellbeing or staff socials I should be speaking to? Happy to be pointed elsewhere.

Brian
FC Urban",,,,
Redress Solutions,,Financial institution,EC2M 4TH,"COOPERS' HALL, LONDON",10/06/2014,FULL,66300 - Fund management activities,Whitechapel,23,postcode district,,,,,,"Hi {First} - I'm Brian from FC Urban. We run social football at Whitechapel, a 23-min walk from Redress Solutions. Looking for someone inside the team up for starting an after-work game - we handle pitch, payments and organising. Open to a quick chat?",251,"Thanks for connecting, {First}.

Quick one - we run social football games at Whitechapel, about 23 minutes' walk from your office. A few City firms use them as an easy after-work thing for colleagues: we sort the pitch, the payments and the organising, and can top the group up with our own players if numbers are short.

Is there someone at Redress Solutions who looks after wellbeing or staff socials I should be speaking to? Happy to be pointed elsewhere.

Brian
FC Urban",,,,
Reliance Bank,,Financial institution,EC3R 8EB,23-24 LOVAT LANE,28/12/1900,FULL,64191 - Banks,Borough Academy,22,postcode district,,,,,,"Hi {First} - I'm Brian from FC Urban. We run social football at Borough Academy, a 22-min walk from Reliance Bank. Looking for someone inside the team up for starting an after-work game - we handle pitch, payments and organising. Open to a quick chat?",251,"Thanks for connecting, {First}.

Quick one - we run social football games at Borough Academy, about 22 minutes' walk from your office. A few City firms use them as an easy after-work thing for colleagues: we sort the pitch, the payments and the organising, and can top the group up with our own players if numbers are short.

Is there someone at Reliance Bank who looks after wellbeing or staff socials I should be speaking to? Happy to be pointed elsewhere.

Brian
FC Urban",,,,
Reliance Metals Uk Holding,,Financial institution,EC1Y 4AG,"MILTON GATE, 60, LONDON",29/07/2011,FULL,64204 - Activities of distribution holding companies | 64209 - Activities of other holding companies n.e.c.,Old St - Moreland Primary School,14,postcode district,,,,,,"Hi {First} - I'm Brian from FC Urban. We run social football at Old St - Moreland Primary School, a 14-min walk from Reliance Metals Uk Holding. Looking for someone inside the team up for starting an after-work game - we handle pitch, payments and organising. Open to a quick chat?",281,"Thanks for connecting, {First}.

Quick one - we run social football games at Old St - Moreland Primary School, about 14 minutes' walk from your office. A few City firms use them as an easy after-work thing for colleagues: we sort the pitch, the payments and the organising, and can top the group up with our own players if numbers are short.

Is there someone at Reliance Metals Uk Holding who looks after wellbeing or staff socials I should be speaking to? Happy to be pointed elsewhere.

Brian
FC Urban",,,,
Reliance National Insurance Company (Europe),,Financial institution,EC3V 0EH,"4TH FLOOR, 52-54, LONDON",29/08/1979,FULL,65120 - Non-life insurance | 65202 - Non-life reinsurance,Borough Academy,24,postcode district,,,,,,"Hi {First} - I'm Brian from FC Urban. We run social football at Borough Academy, a 24-min walk from Reliance National Insurance Company (Europe). Looking for someone inside the team up for starting an after-work game - we handle pitch, payments and organising. Open to a quick chat?",282,"Thanks for connecting, {First}.

Quick one - we run social football games at Borough Academy, about 24 minutes' walk from your office. A few City firms use them as an easy after-work thing for colleagues: we sort the pitch, the payments and the organising, and can top the group up with our own players if numbers are short.

Is there someone at Reliance National Insurance Company (Europe) who looks after wellbeing or staff socials I should be speaking to? Happy to be pointed elsewhere.

Brian
FC Urban",,,,
Renaissancere Corporate Capital (Uk),,Financial institution,EC2N 1AR,"18TH FLOOR, 125, LONDON",05/03/2009,FULL,65120 - Non-life insurance | 65202 - Non-life reinsurance,Borough Academy,27,exact postcode,,,,,,"Hi {First} - I'm Brian from FC Urban. We run social football at Borough Academy, a 27-min walk from Renaissancere Corporate Capital (Uk). Looking for someone inside the team up for starting an after-work game - we handle pitch, payments and organising. Open to a quick chat?",274,"Thanks for connecting, {First}.

Quick one - we run social football games at Borough Academy, about 27 minutes' walk from your office. A few City firms use them as an easy after-work thing for colleagues: we sort the pitch, the payments and the organising, and can top the group up with our own players if numbers are short.

Is there someone at Renaissancere Corporate Capital (Uk) who looks after wellbeing or staff socials I should be speaking to? Happy to be pointed elsewhere.

Brian
FC Urban",,,,
Renaissancere Corporate Member (No. 2),,Financial institution,EC2N 1AR,"18TH FLOOR 125, LONDON",22/09/2014,FULL,65120 - Non-life insurance | 65202 - Non-life reinsurance,Borough Academy,27,exact postcode,,,,,,"Hi {First} - I'm Brian from FC Urban. We run social football at Borough Academy, a 27-min walk from Renaissancere Corporate Member (No. 2). Looking for someone inside the team up for starting an after-work game - we handle pitch, payments and organising. Open to a quick chat?",276,"Thanks for connecting, {First}.

Quick one - we run social football games at Borough Academy, about 27 minutes' walk from your office. A few City firms use them as an easy after-work thing for colleagues: we sort the pitch, the payments and the organising, and can top the group up with our own players if numbers are short.

Is there someone at Renaissancere Corporate Member (No. 2) who looks after wellbeing or staff socials I should be speaking to? Happy to be pointed elsewhere.

Brian
FC Urban",,,,
Renaissancere European Holdings,,Financial institution,EC2N 1AR,"18TH FLOOR, 125, LONDON",07/03/2008,FULL,64209 - Activities of other holding companies n.e.c.,Borough Academy,27,exact postcode,,,,,,"Hi {First} - I'm Brian from FC Urban. We run social football at Borough Academy, a 27-min walk from Renaissancere European Holdings. Looking for someone inside the team up for starting an after-work game - we handle pitch, payments and organising. Open to a quick chat?",269,"Thanks for connecting, {First}.

Quick one - we run social football games at Borough Academy, about 27 minutes' walk from your office. A few City firms use them as an easy after-work thing for colleagues: we sort the pitch, the payments and the organising, and can top the group up with our own players if numbers are short.

Is there someone at Renaissancere European Holdings who looks after wellbeing or staff socials I should be speaking to? Happy to be pointed elsewhere.

Brian
FC Urban",,,,
Renaissancere Syndicate Management,,Financial institution,EC2N 1AR,"18TH FLOOR, 125, LONDON",28/06/1973,FULL,65120 - Non-life insurance | 65202 - Non-life reinsurance,Borough Academy,27,exact postcode,,,,,,"Hi {First} - I'm Brian from FC Urban. We run social football at Borough Academy, a 27-min walk from Renaissancere Syndicate Management. Looking for someone inside the team up for starting an after-work game - we handle pitch, payments and organising. Open to a quick chat?",272,"Thanks for connecting, {First}.

Quick one - we run social football games at Borough Academy, about 27 minutes' walk from your office. A few City firms use them as an easy after-work thing for colleagues: we sort the pitch, the payments and the organising, and can top the group up with our own players if numbers are short.

Is there someone at Renaissancere Syndicate Management who looks after wellbeing or staff socials I should be speaking to? Happy to be pointed elsewhere.

Brian
FC Urban",,,,
Resolution Partners,,Financial institution,EC2N 4AG,"100 BISHOPSGATE 18TH FLOOR, LONDON",14/11/2001,FULL,64999 - Financial intermediation not elsewhere classified | 70229 - Management consultancy activities other than financial management,Whitechapel,24,exact postcode,,,,,,"Hi {First} - I'm Brian from FC Urban. We run social football at Whitechapel, a 24-min walk from Resolution Partners. Looking for someone inside the team up for starting an after-work game - we handle pitch, payments and organising. Open to a quick chat?",253,"Thanks for connecting, {First}.

Quick one - we run social football games at Whitechapel, about 24 minutes' walk from your office. A few City firms use them as an easy after-work thing for colleagues: we sort the pitch, the payments and the organising, and can top the group up with our own players if numbers are short.

Is there someone at Resolution Partners who looks after wellbeing or staff socials I should be speaking to? Happy to be pointed elsewhere.

Brian
FC Urban",,,,
Resonance Asset Management,,Financial institution,EC4V 4EG,"BEAUMONT BRIDGE HOUSE, LONDON",07/05/2014,GROUP,66300 - Fund management activities,Borough Academy,19,postcode district,,,,,,"Hi {First} - I'm Brian from FC Urban. We run social football at Borough Academy, a 19-min walk from Resonance Asset Management. Looking for someone inside the team up for starting an after-work game - we handle pitch, payments and organising. Open to a quick chat?",264,"Thanks for connecting, {First}.

Quick one - we run social football games at Borough Academy, about 19 minutes' walk from your office. A few City firms use them as an easy after-work thing for colleagues: we sort the pitch, the payments and the organising, and can top the group up with our own players if numbers are short.

Is there someone at Resonance Asset Management who looks after wellbeing or staff socials I should be speaking to? Happy to be pointed elsewhere.

Brian
FC Urban",,,,
Rhesa Uk Ii,,Financial institution,EC2M 1NH,"SPACES LIVERPOOL STREET STATION, LONDON",29/10/2021,FULL,64209 - Activities of other holding companies n.e.c.,Old St - Moreland Primary School,26,exact postcode,,,,,,"Hi {First} - I'm Brian from FC Urban. We run social football at Old St - Moreland Primary School, a 26-min walk from Rhesa Uk Ii. Looking for someone inside the team up for starting an after-work game - we handle pitch, payments and organising. Open to a quick chat?",266,"Thanks for connecting, {First}.

Quick one - we run social football games at Old St - Moreland Primary School, about 26 minutes' walk from your office. A few City firms use them as an easy after-work thing for colleagues: we sort the pitch, the payments and the organising, and can top the group up with our own players if numbers are short.

Is there someone at Rhesa Uk Ii who looks after wellbeing or staff socials I should be speaking to? Happy to be pointed elsewhere.

Brian
FC Urban",,,,
Richard Costain,,Financial institution,EC3A 8BE,"SEVENTH FLOOR, LONDON",29/03/1933,FULL,64209 - Activities of other holding companies n.e.c.,Whitechapel,22,postcode district,,,,,,"Hi {First} - I'm Brian from FC Urban. We run social football at Whitechapel, a 22-min walk from Richard Costain. Looking for someone inside the team up for starting an after-work game - we handle pitch, payments and organising. Open to a quick chat?",249,"Thanks for connecting, {First}.

Quick one - we run social football games at Whitechapel, about 22 minutes' walk from your office. A few City firms use them as an easy after-work thing for colleagues: we sort the pitch, the payments and the organising, and can top the group up with our own players if numbers are short.

Is there someone at Richard Costain who looks after wellbeing or staff socials I should be speaking to? Happy to be pointed elsewhere.

Brian
FC Urban",,,,
Riskpoint Solutions,,Financial institution,EC4N 6AS,"CANDLEWICK HOUSE, LONDON",17/03/2021,FULL,66220 - Activities of insurance agents and brokers,Borough Academy,21,exact postcode,,,,,,"Hi {First} - I'm Brian from FC Urban. We run social football at Borough Academy, a 21-min walk from Riskpoint Solutions. Looking for someone inside the team up for starting an after-work game - we handle pitch, payments and organising. Open to a quick chat?",257,"Thanks for connecting, {First}.

Quick one - we run social football games at Borough Academy, about 21 minutes' walk from your office. A few City firms use them as an easy after-work thing for colleagues: we sort the pitch, the payments and the organising, and can top the group up with our own players if numbers are short.

Is there someone at Riskpoint Solutions who looks after wellbeing or staff socials I should be speaking to? Happy to be pointed elsewhere.

Brian
FC Urban",,,,
River And Mercantile Group,,Financial institution,EC2R 5AL,"30 COLEMAN STREET, LONDON",17/07/2000,FULL,66300 - Fund management activities,Old St - Moreland Primary School,25,postcode district,,,,,,"Hi {First} - I'm Brian from FC Urban. We run social football at Old St - Moreland Primary School, a 25-min walk from River And Mercantile Group. Looking for someone inside the team up for starting an after-work game - we handle pitch, payments and organising. Open to a quick chat?",281,"Thanks for connecting, {First}.

Quick one - we run social football games at Old St - Moreland Primary School, about 25 minutes' walk from your office. A few City firms use them as an easy after-work thing for colleagues: we sort the pitch, the payments and the organising, and can top the group up with our own players if numbers are short.

Is there someone at River And Mercantile Group who looks after wellbeing or staff socials I should be speaking to? Happy to be pointed elsewhere.

Brian
FC Urban",,,,
River Holdings And Content,,Financial institution,EC1N 8FH,"32-38 2ND FLOOR, LONDON",21/09/2017,GROUP,64209 - Activities of other holding companies n.e.c.,Old St - Moreland Primary School,18,postcode district,,,,,,"Hi {First} - I'm Brian from FC Urban. We run social football at Old St - Moreland Primary School, a 18-min walk from River Holdings And Content. Looking for someone inside the team up for starting an after-work game - we handle pitch, payments and organising. Open to a quick chat?",281,"Thanks for connecting, {First}.

Quick one - we run social football games at Old St - Moreland Primary School, about 18 minutes' walk from your office. A few City firms use them as an easy after-work thing for colleagues: we sort the pitch, the payments and the organising, and can top the group up with our own players if numbers are short.

Is there someone at River Holdings And Content who looks after wellbeing or staff socials I should be speaking to? Happy to be pointed elsewhere.

Brian
FC Urban",,,,
Rm Infrastructure Income,,Financial institution,EC2M 1JD,"42 FIRST FLOOR, LONDON",27/10/2016,FULL,64301 - Activities of investment trusts,Old St - Moreland Primary School,26,exact postcode,,,,,,"Hi {First} - I'm Brian from FC Urban. We run social football at Old St - Moreland Primary School, a 26-min walk from Rm Infrastructure Income. Looking for someone inside the team up for starting an after-work game - we handle pitch, payments and organising. Open to a quick chat?",279,"Thanks for connecting, {First}.

Quick one - we run social football games at Old St - Moreland Primary School, about 26 minutes' walk from your office. A few City firms use them as an easy after-work thing for colleagues: we sort the pitch, the payments and the organising, and can top the group up with our own players if numbers are short.

Is there someone at Rm Infrastructure Income who looks after wellbeing or staff socials I should be speaking to? Happy to be pointed elsewhere.

Brian
FC Urban",,,,
Roberto Bucci (U.K.),,Financial institution,EC2A 4LZ,"UNIT 4 GALAXY HOUSE, LONDON",22/03/1982,MEDIUM,64209 - Activities of other holding companies n.e.c.,Shoreditch Rooftop,17,postcode district,,,,,,"Hi {First} - I'm Brian from FC Urban. We run social football at Shoreditch Rooftop, a 17-min walk from Roberto Bucci (U.K.). Looking for someone inside the team up for starting an after-work game - we handle pitch, payments and organising. Open to a quick chat?",261,"Thanks for connecting, {First}.

Quick one - we run social football games at Shoreditch Rooftop, about 17 minutes' walk from your office. A few City firms use them as an easy after-work thing for colleagues: we sort the pitch, the payments and the organising, and can top the group up with our own players if numbers are short.

Is there someone at Roberto Bucci (U.K.) who looks after wellbeing or staff socials I should be speaking to? Happy to be pointed elsewhere.

Brian
FC Urban",,,,
Rockwood Strategic,,Financial institution,EC2N 4BQ,"C/O ARCH LAW LEVEL 2 HUCKLETREE, LONDON",26/07/1999,FULL,64303 - Activities of venture and development capital companies,Whitechapel,26,exact postcode,,,,,,"Hi {First} - I'm Brian from FC Urban. We run social football at Whitechapel, a 26-min walk from Rockwood Strategic. Looking for someone inside the team up for starting an after-work game - we handle pitch, payments and organising. Open to a quick chat?",252,"Thanks for connecting, {First}.

Quick one - we run social football games at Whitechapel, about 26 minutes' walk from your office. A few City firms use them as an easy after-work thing for colleagues: we sort the pitch, the payments and the organising, and can top the group up with our own players if numbers are short.

Is there someone at Rockwood Strategic who looks after wellbeing or staff socials I should be speaking to? Happy to be pointed elsewhere.

Brian
FC Urban",,,,
Roqqett,,Financial institution,EC4V 3BJ,"THIRD FLOOR, THAMES HOUSE VINTNERS PLACE, LONDON",25/11/2019,FULL,62012 - Business and domestic software development | 64999 - Financial intermediation not elsewhere classified,Borough Academy,17,exact postcode,,,,,,"Hi {First} - I'm Brian from FC Urban. We run social football at Borough Academy, a 17-min walk from Roqqett. Looking for someone inside the team up for starting an after-work game - we handle pitch, payments and organising. Open to a quick chat?",245,"Thanks for connecting, {First}.

Quick one - we run social football games at Borough Academy, about 17 minutes' walk from your office. A few City firms use them as an easy after-work thing for colleagues: we sort the pitch, the payments and the organising, and can top the group up with our own players if numbers are short.

Is there someone at Roqqett who looks after wellbeing or staff socials I should be speaking to? Happy to be pointed elsewhere.

Brian
FC Urban",,,,
Ryno Holdings,,Financial institution,EC1M 5PU,"2 SUTTON LANE, LONDON",22/12/2021,GROUP,64209 - Activities of other holding companies n.e.c.,Old St - Moreland Primary School,13,postcode district,,,,,,"Hi {First} - I'm Brian from FC Urban. We run social football at Old St - Moreland Primary School, a 13-min walk from Ryno Holdings. Looking for someone inside the team up for starting an after-work game - we handle pitch, payments and organising. Open to a quick chat?",268,"Thanks for connecting, {First}.

Quick one - we run social football games at Old St - Moreland Primary School, about 13 minutes' walk from your office. A few City firms use them as an easy after-work thing for colleagues: we sort the pitch, the payments and the organising, and can top the group up with our own players if numbers are short.

Is there someone at Ryno Holdings who looks after wellbeing or staff socials I should be speaking to? Happy to be pointed elsewhere.

Brian
FC Urban",,,,
S. A. Meacock & Company,,Financial institution,EC2N 4AW,"HASILWOOD HOUSE, LONDON",19/09/1996,FULL,65120 - Non-life insurance,Whitechapel,26,postcode district,,,,,,"Hi {First} - I'm Brian from FC Urban. We run social football at Whitechapel, a 26-min walk from S. A. Meacock & Company. Looking for someone inside the team up for starting an after-work game - we handle pitch, payments and organising. Open to a quick chat?",257,"Thanks for connecting, {First}.

Quick one - we run social football games at Whitechapel, about 26 minutes' walk from your office. A few City firms use them as an easy after-work thing for colleagues: we sort the pitch, the payments and the organising, and can top the group up with our own players if numbers are short.

Is there someone at S. A. Meacock & Company who looks after wellbeing or staff socials I should be speaking to? Happy to be pointed elsewhere.

Brian
FC Urban",,,,
Salix Capital (Uk),,Financial institution,EC2N 4BQ,"36TH FLOOR, 8 BISHOPSGATE, LONDON, LONDON",10/02/2012,FULL,64999 - Financial intermediation not elsewhere classified,Whitechapel,26,exact postcode,,,,,,"Hi {First} - I'm Brian from FC Urban. We run social football at Whitechapel, a 26-min walk from Salix Capital (Uk). Looking for someone inside the team up for starting an after-work game - we handle pitch, payments and organising. Open to a quick chat?",252,"Thanks for connecting, {First}.

Quick one - we run social football games at Whitechapel, about 26 minutes' walk from your office. A few City firms use them as an easy after-work thing for colleagues: we sort the pitch, the payments and the organising, and can top the group up with our own players if numbers are short.

Is there someone at Salix Capital (Uk) who looks after wellbeing or staff socials I should be speaking to? Happy to be pointed elsewhere.

Brian
FC Urban",,,,
Samsung Asset Management (London),,Financial institution,EC2V 7PG,"FIRST FLOOR, EAST WING, LONDON",28/11/1990,FULL,64999 - Financial intermediation not elsewhere classified,Borough Academy,23,postcode district,,,,,,"Hi {First} - I'm Brian from FC Urban. We run social football at Borough Academy, a 23-min walk from Samsung Asset Management (London). Looking for someone inside the team up for starting an after-work game - we handle pitch, payments and organising. Open to a quick chat?",271,"Thanks for connecting, {First}.

Quick one - we run social football games at Borough Academy, about 23 minutes' walk from your office. A few City firms use them as an easy after-work thing for colleagues: we sort the pitch, the payments and the organising, and can top the group up with our own players if numbers are short.

Is there someone at Samsung Asset Management (London) who looks after wellbeing or staff socials I should be speaking to? Happy to be pointed elsewhere.

Brian
FC Urban",,,,
Samsung Fire & Marine Insurance Company Of Europe,,Financial institution,EC3M 7DQ,"ROOM 975, GALLERY 9, LLOYD'S,, LONDON",08/07/2010,FULL,65120 - Non-life insurance | 65202 - Non-life reinsurance,Whitechapel,24,postcode district,,,,,,"Hi {First} - I'm Brian from FC Urban. We run social football at Whitechapel, a 24-min walk from Samsung Fire & Marine Insurance Company Of Europe. Looking for someone inside the team up for starting an after-work game - we handle pitch, payments and organising. Open to a quick chat?",283,"Thanks for connecting, {First}.

Quick one - we run social football games at Whitechapel, about 24 minutes' walk from your office. A few City firms use them as an easy after-work thing for colleagues: we sort the pitch, the payments and the organising, and can top the group up with our own players if numbers are short.

Is there someone at Samsung Fire & Marine Insurance Company Of Europe who looks after wellbeing or staff socials I should be speaking to? Happy to be pointed elsewhere.

Brian
FC Urban",,,,
Sanctuary Insurance Brokers,,Financial institution,EC3A 2BG,"1ST FLOOR, LANDMARK HOUSE, LONDON",20/02/2004,FULL,65120 - Non-life insurance,Whitechapel,22,postcode district,,,,,,"Hi {First} - I'm Brian from FC Urban. We run social football at Whitechapel, a 22-min walk from Sanctuary Insurance Brokers. Looking for someone inside the team up for starting an after-work game - we handle pitch, payments and organising. Open to a quick chat?",261,"Thanks for connecting, {First}.

Quick one - we run social football games at Whitechapel, about 22 minutes' walk from your office. A few City firms use them as an easy after-work thing for colleagues: we sort the pitch, the payments and the organising, and can top the group up with our own players if numbers are short.

Is there someone at Sanctuary Insurance Brokers who looks after wellbeing or staff socials I should be speaking to? Happy to be pointed elsewhere.

Brian
FC Urban",,,,
Saturn Acquisition,,Financial institution,EC1R 0JH,"EXMOUTH HOUSE, 3/11, LONDON",18/08/2020,FULL,64209 - Activities of other holding companies n.e.c.,Old St - Moreland Primary School,13,postcode district,,,,,,"Hi {First} - I'm Brian from FC Urban. We run social football at Old St - Moreland Primary School, a 13-min walk from Saturn Acquisition. Looking for someone inside the team up for starting an after-work game - we handle pitch, payments and organising. Open to a quick chat?",273,"Thanks for connecting, {First}.

Quick one - we run social football games at Old St - Moreland Primary School, about 13 minutes' walk from your office. A few City firms use them as an easy after-work thing for colleagues: we sort the pitch, the payments and the organising, and can top the group up with our own players if numbers are short.

Is there someone at Saturn Acquisition who looks after wellbeing or staff socials I should be speaking to? Happy to be pointed elsewhere.

Brian
FC Urban",,,,
Saturn Parent,,Financial institution,EC1R 0JH,"EXMOUTH HOUSE, 3/11, LONDON",18/08/2020,GROUP,64209 - Activities of other holding companies n.e.c.,Old St - Moreland Primary School,13,postcode district,,,,,,"Hi {First} - I'm Brian from FC Urban. We run social football at Old St - Moreland Primary School, a 13-min walk from Saturn Parent. Looking for someone inside the team up for starting an after-work game - we handle pitch, payments and organising. Open to a quick chat?",268,"Thanks for connecting, {First}.

Quick one - we run social football games at Old St - Moreland Primary School, about 13 minutes' walk from your office. A few City firms use them as an easy after-work thing for colleagues: we sort the pitch, the payments and the organising, and can top the group up with our own players if numbers are short.

Is there someone at Saturn Parent who looks after wellbeing or staff socials I should be speaking to? Happy to be pointed elsewhere.

Brian
FC Urban",,,,
Saul Trustee Company,,Financial institution,EC2R 7AF,"1 KING'S ARMS YARD, LONDON",03/11/1993,FULL,65300 - Pension funding,Old St - Moreland Primary School,25,postcode district,,,,,,"Hi {First} - I'm Brian from FC Urban. We run social football at Old St - Moreland Primary School, a 25-min walk from Saul Trustee Company. Looking for someone inside the team up for starting an after-work game - we handle pitch, payments and organising. Open to a quick chat?",275,"Thanks for connecting, {First}.

Quick one - we run social football games at Old St - Moreland Primary School, about 25 minutes' walk from your office. A few City firms use them as an easy after-work thing for colleagues: we sort the pitch, the payments and the organising, and can top the group up with our own players if numbers are short.

Is there someone at Saul Trustee Company who looks after wellbeing or staff socials I should be speaking to? Happy to be pointed elsewhere.

Brian
FC Urban",,,,
Sawbuck Uk,,Financial institution,EC4A 1BW,"SAWBUCK UK LIMITED, HOLBORN",29/02/2008,FULL,64209 - Activities of other holding companies n.e.c.,Old St - Moreland Primary School,24,postcode district,,,,,,"Hi {First} - I'm Brian from FC Urban. We run social football at Old St - Moreland Primary School, a 24-min walk from Sawbuck Uk. Looking for someone inside the team up for starting an after-work game - we handle pitch, payments and organising. Open to a quick chat?",265,"Thanks for connecting, {First}.

Quick one - we run social football games at Old St - Moreland Primary School, about 24 minutes' walk from your office. A few City firms use them as an easy after-work thing for colleagues: we sort the pitch, the payments and the organising, and can top the group up with our own players if numbers are short.

Is there someone at Sawbuck Uk who looks after wellbeing or staff socials I should be speaking to? Happy to be pointed elsewhere.

Brian
FC Urban",,,,
Sb Pbsa Holding 2 Uk,,Financial institution,EC3A 6AB,"4TH FLOOR, 3 ST HELEN'S PLACE, LONDON",16/11/2022,FULL,64209 - Activities of other holding companies n.e.c.,Whitechapel,24,exact postcode,,,,,,"Hi {First} - I'm Brian from FC Urban. We run social football at Whitechapel, a 24-min walk from Sb Pbsa Holding 2 Uk. Looking for someone inside the team up for starting an after-work game - we handle pitch, payments and organising. Open to a quick chat?",254,"Thanks for connecting, {First}.

Quick one - we run social football games at Whitechapel, about 24 minutes' walk from your office. A few City firms use them as an easy after-work thing for colleagues: we sort the pitch, the payments and the organising, and can top the group up with our own players if numbers are short.

Is there someone at Sb Pbsa Holding 2 Uk who looks after wellbeing or staff socials I should be speaking to? Happy to be pointed elsewhere.

Brian
FC Urban",,,,
Sbi International,,Financial institution,EC3V 9AA,"3RD FLOOR EAST, LONDON",15/09/2004,FULL,64999 - Financial intermediation not elsewhere classified,Borough Academy,24,postcode district,,,,,,"Hi {First} - I'm Brian from FC Urban. We run social football at Borough Academy, a 24-min walk from Sbi International. Looking for someone inside the team up for starting an after-work game - we handle pitch, payments and organising. Open to a quick chat?",255,"Thanks for connecting, {First}.

Quick one - we run social football games at Borough Academy, about 24 minutes' walk from your office. A few City firms use them as an easy after-work thing for colleagues: we sort the pitch, the payments and the organising, and can top the group up with our own players if numbers are short.

Is there someone at Sbi International who looks after wellbeing or staff socials I should be speaking to? Happy to be pointed elsewhere.

Brian
FC Urban",,,,
Scmi,,Financial institution,EC4V 3BJ,"VINTNERS' PLACE 68, LONDON",19/10/2012,FULL,66120 - Security and commodity contracts dealing activities,Borough Academy,17,exact postcode,,,,,,"Hi {First} - I'm Brian from FC Urban. We run social football at Borough Academy, a 17-min walk from Scmi. Looking for someone inside the team up for starting an after-work game - we handle pitch, payments and organising. Open to a quick chat?",242,"Thanks for connecting, {First}.

Quick one - we run social football games at Borough Academy, about 17 minutes' walk from your office. A few City firms use them as an easy after-work thing for colleagues: we sort the pitch, the payments and the organising, and can top the group up with our own players if numbers are short.

Is there someone at Scmi who looks after wellbeing or staff socials I should be speaking to? Happy to be pointed elsewhere.

Brian
FC Urban",,,,
Scor Managing Agency,,Financial institution,EC2N 4BQ,"LEVEL 6, LONDON",18/07/2013,FULL,65120 - Non-life insurance | 65202 - Non-life reinsurance,Whitechapel,26,exact postcode,,,,,,"Hi {First} - I'm Brian from FC Urban. We run social football at Whitechapel, a 26-min walk from Scor Managing Agency. Looking for someone inside the team up for starting an after-work game - we handle pitch, payments and organising. Open to a quick chat?",254,"Thanks for connecting, {First}.

Quick one - we run social football games at Whitechapel, about 26 minutes' walk from your office. A few City firms use them as an easy after-work thing for colleagues: we sort the pitch, the payments and the organising, and can top the group up with our own players if numbers are short.

Is there someone at Scor Managing Agency who looks after wellbeing or staff socials I should be speaking to? Happy to be pointed elsewhere.

Brian
FC Urban",,,,
Scor Underwriting,,Financial institution,EC2N 4BQ,"LEVEL 6, LONDON",01/10/2001,FULL,65120 - Non-life insurance | 94990 - Activities of other membership organizations n.e.c.,Whitechapel,26,exact postcode,,,,,,"Hi {First} - I'm Brian from FC Urban. We run social football at Whitechapel, a 26-min walk from Scor Underwriting. Looking for someone inside the team up for starting an after-work game - we handle pitch, payments and organising. Open to a quick chat?",251,"Thanks for connecting, {First}.

Quick one - we run social football games at Whitechapel, about 26 minutes' walk from your office. A few City firms use them as an easy after-work thing for colleagues: we sort the pitch, the payments and the organising, and can top the group up with our own players if numbers are short.

Is there someone at Scor Underwriting who looks after wellbeing or staff socials I should be speaking to? Happy to be pointed elsewhere.

Brian
FC Urban",,,,
Seachange Financial Services,,Financial institution,EC3V 3ND,"OFFICE 3.03, LONDON",21/04/2016,FULL,64999 - Financial intermediation not elsewhere classified,Borough Academy,24,exact postcode,,,,,,"Hi {First} - I'm Brian from FC Urban. We run social football at Borough Academy, a 24-min walk from Seachange Financial Services. Looking for someone inside the team up for starting an after-work game - we handle pitch, payments and organising. Open to a quick chat?",266,"Thanks for connecting, {First}.

Quick one - we run social football games at Borough Academy, about 24 minutes' walk from your office. A few City firms use them as an easy after-work thing for colleagues: we sort the pitch, the payments and the organising, and can top the group up with our own players if numbers are short.

Is there someone at Seachange Financial Services who looks after wellbeing or staff socials I should be speaking to? Happy to be pointed elsewhere.

Brian
FC Urban",,,,
Securis Investments,,Financial institution,EC2N 4AY,"12TH FLOOR HERON TOWER, LONDON",14/04/2005,FULL,64304 - Activities of open-ended investment companies,Whitechapel,24,exact postcode,,,,,,"Hi {First} - I'm Brian from FC Urban. We run social football at Whitechapel, a 24-min walk from Securis Investments. Looking for someone inside the team up for starting an after-work game - we handle pitch, payments and organising. Open to a quick chat?",253,"Thanks for connecting, {First}.

Quick one - we run social football games at Whitechapel, about 24 minutes' walk from your office. A few City firms use them as an easy after-work thing for colleagues: we sort the pitch, the payments and the organising, and can top the group up with our own players if numbers are short.

Is there someone at Securis Investments who looks after wellbeing or staff socials I should be speaking to? Happy to be pointed elsewhere.

Brian
FC Urban",,,,
Sei European Services,,Financial institution,EC2A 1BR,"1ST FLOOR, ALPHABETA, LONDON",23/03/2005,FULL,66190 - Activities auxiliary to financial intermediation n.e.c.,Shoreditch Rooftop,17,postcode district,,,,,,"Hi {First} - I'm Brian from FC Urban. We run social football at Shoreditch Rooftop, a 17-min walk from Sei European Services. Looking for someone inside the team up for starting an after-work game - we handle pitch, payments and organising. Open to a quick chat?",262,"Thanks for connecting, {First}.

Quick one - we run social football games at Shoreditch Rooftop, about 17 minutes' walk from your office. A few City firms use them as an easy after-work thing for colleagues: we sort the pitch, the payments and the organising, and can top the group up with our own players if numbers are short.

Is there someone at Sei European Services who looks after wellbeing or staff socials I should be speaking to? Happy to be pointed elsewhere.

Brian
FC Urban",,,,
Sei Novus Uk,,Financial institution,EC2A 1BR,"ALPHABETA, LONDON",12/07/2016,FULL,64999 - Financial intermediation not elsewhere classified,Shoreditch Rooftop,17,postcode district,,,,,,"Hi {First} - I'm Brian from FC Urban. We run social football at Shoreditch Rooftop, a 17-min walk from Sei Novus Uk. Looking for someone inside the team up for starting an after-work game - we handle pitch, payments and organising. Open to a quick chat?",253,"Thanks for connecting, {First}.

Quick one - we run social football games at Shoreditch Rooftop, about 17 minutes' walk from your office. A few City firms use them as an easy after-work thing for colleagues: we sort the pitch, the payments and the organising, and can top the group up with our own players if numbers are short.

Is there someone at Sei Novus Uk who looks after wellbeing or staff socials I should be speaking to? Happy to be pointed elsewhere.

Brian
FC Urban",,,,
Selina Finance,,Financial institution,EC1Y 8LZ,"HYLO, LONDON",02/08/2018,FULL,62012 - Business and domestic software development | 64921 - Credit granting by non-deposit taking finance houses and other specialist consumer credit grantors,Old St - Moreland Primary School,14,exact postcode,,,,,,"Hi {First} - I'm Brian from FC Urban. We run social football at Old St - Moreland Primary School, a 14-min walk from Selina Finance. Looking for someone inside the team up for starting an after-work game - we handle pitch, payments and organising. Open to a quick chat?",269,"Thanks for connecting, {First}.

Quick one - we run social football games at Old St - Moreland Primary School, about 14 minutes' walk from your office. A few City firms use them as an easy after-work thing for colleagues: we sort the pitch, the payments and the organising, and can top the group up with our own players if numbers are short.

Is there someone at Selina Finance who looks after wellbeing or staff socials I should be speaking to? Happy to be pointed elsewhere.

Brian
FC Urban",,,,
Sgm - Foreign Exchange,,Financial institution,EC3M 1DT,"41 EASTCHEAP, LONDON",09/09/2002,GROUP,66190 - Activities auxiliary to financial intermediation n.e.c.,Borough Academy,24,exact postcode,,,,,,"Hi {First} - I'm Brian from FC Urban. We run social football at Borough Academy, a 24-min walk from Sgm - Foreign Exchange. Looking for someone inside the team up for starting an after-work game - we handle pitch, payments and organising. Open to a quick chat?",260,"Thanks for connecting, {First}.

Quick one - we run social football games at Borough Academy, about 24 minutes' walk from your office. A few City firms use them as an easy after-work thing for colleagues: we sort the pitch, the payments and the organising, and can top the group up with our own players if numbers are short.

Is there someone at Sgm - Foreign Exchange who looks after wellbeing or staff socials I should be speaking to? Happy to be pointed elsewhere.

Brian
FC Urban",,,,
Sh Global,,Financial institution,EC2V 8AS,"FORUM 33 GUTTER LANE, LONDON",27/03/2018,GROUP,64209 - Activities of other holding companies n.e.c.,Borough Academy,23,postcode district,,,,,,"Hi {First} - I'm Brian from FC Urban. We run social football at Borough Academy, a 23-min walk from Sh Global. Looking for someone inside the team up for starting an after-work game - we handle pitch, payments and organising. Open to a quick chat?",247,"Thanks for connecting, {First}.

Quick one - we run social football games at Borough Academy, about 23 minutes' walk from your office. A few City firms use them as an easy after-work thing for colleagues: we sort the pitch, the payments and the organising, and can top the group up with our own players if numbers are short.

Is there someone at Sh Global who looks after wellbeing or staff socials I should be speaking to? Happy to be pointed elsewhere.

Brian
FC Urban",,,,
Sharegain,,Financial institution,EC3A 3DE,"77 LEADENHALL STREET, LONDON",20/05/2015,GROUP,66190 - Activities auxiliary to financial intermediation n.e.c.,Whitechapel,22,postcode district,,,,,,"Hi {First} - I'm Brian from FC Urban. We run social football at Whitechapel, a 22-min walk from Sharegain. Looking for someone inside the team up for starting an after-work game - we handle pitch, payments and organising. Open to a quick chat?",243,"Thanks for connecting, {First}.

Quick one - we run social football games at Whitechapel, about 22 minutes' walk from your office. A few City firms use them as an easy after-work thing for colleagues: we sort the pitch, the payments and the organising, and can top the group up with our own players if numbers are short.

Is there someone at Sharegain who looks after wellbeing or staff socials I should be speaking to? Happy to be pointed elsewhere.

Brian
FC Urban",,,,
Shawbrook Bank,,Financial institution,EC3A 2BJ,"FLOOR 10,, LONDON",29/06/1944,GROUP,64191 - Banks,Whitechapel,23,exact postcode,,,,,,"Hi {First} - I'm Brian from FC Urban. We run social football at Whitechapel, a 23-min walk from Shawbrook Bank. Looking for someone inside the team up for starting an after-work game - we handle pitch, payments and organising. Open to a quick chat?",248,"Thanks for connecting, {First}.

Quick one - we run social football games at Whitechapel, about 23 minutes' walk from your office. A few City firms use them as an easy after-work thing for colleagues: we sort the pitch, the payments and the organising, and can top the group up with our own players if numbers are short.

Is there someone at Shawbrook Bank who looks after wellbeing or staff socials I should be speaking to? Happy to be pointed elsewhere.

Brian
FC Urban",,,,
Sheffield Haworth International,,Financial institution,EC2V 8AS,"FORUM 33 GUTTER LANE, LONDON",09/04/2018,FULL,64209 - Activities of other holding companies n.e.c.,Borough Academy,23,postcode district,,,,,,"Hi {First} - I'm Brian from FC Urban. We run social football at Borough Academy, a 23-min walk from Sheffield Haworth International. Looking for someone inside the team up for starting an after-work game - we handle pitch, payments and organising. Open to a quick chat?",269,"Thanks for connecting, {First}.

Quick one - we run social football games at Borough Academy, about 23 minutes' walk from your office. A few City firms use them as an easy after-work thing for colleagues: we sort the pitch, the payments and the organising, and can top the group up with our own players if numbers are short.

Is there someone at Sheffield Haworth International who looks after wellbeing or staff socials I should be speaking to? Happy to be pointed elsewhere.

Brian
FC Urban",,,,
Sidekick Money,,Financial institution,EC1N 8UB,"6-7 ST. CROSS STREET, LONDON",31/01/2022,FULL,66300 - Fund management activities,Old St - Moreland Primary School,18,postcode district,,,,,,"Hi {First} - I'm Brian from FC Urban. We run social football at Old St - Moreland Primary School, a 18-min walk from Sidekick Money. Looking for someone inside the team up for starting an after-work game - we handle pitch, payments and organising. Open to a quick chat?",269,"Thanks for connecting, {First}.

Quick one - we run social football games at Old St - Moreland Primary School, about 18 minutes' walk from your office. A few City firms use them as an easy after-work thing for colleagues: we sort the pitch, the payments and the organising, and can top the group up with our own players if numbers are short.

Is there someone at Sidekick Money who looks after wellbeing or staff socials I should be speaking to? Happy to be pointed elsewhere.

Brian
FC Urban",,,,
Sigma Broking,,Financial institution,EC2N 1AR,"20TH FLOOR, LONDON",06/05/2008,GROUP,66120 - Security and commodity contracts dealing activities,Borough Academy,27,exact postcode,,,,,,"Hi {First} - I'm Brian from FC Urban. We run social football at Borough Academy, a 27-min walk from Sigma Broking. Looking for someone inside the team up for starting an after-work game - we handle pitch, payments and organising. Open to a quick chat?",251,"Thanks for connecting, {First}.

Quick one - we run social football games at Borough Academy, about 27 minutes' walk from your office. A few City firms use them as an easy after-work thing for colleagues: we sort the pitch, the payments and the organising, and can top the group up with our own players if numbers are short.

Is there someone at Sigma Broking who looks after wellbeing or staff socials I should be speaking to? Happy to be pointed elsewhere.

Brian
FC Urban",,,,
Sinopec Century Bright Capital Investment (Uk),,Financial institution,EC2R 6AD,"13-15 MOORGATE, LONDON",06/02/2018,FULL,64929 - Other credit granting n.e.c. | 64999 - Financial intermediation not elsewhere classified,Old St - Moreland Primary School,25,postcode district,,,,,,"Hi {First} - Brian from FC Urban. We run social football at Old St - Moreland Primary School, a 25-min walk from your office. Anyone at Sinopec Century Bright Capital Investment (Uk) up for starting an after-work game? We handle pitch, payments and organising.",260,"Thanks for connecting, {First}.

Quick one - we run social football games at Old St - Moreland Primary School, about 25 minutes' walk from your office. A few City firms use them as an easy after-work thing for colleagues: we sort the pitch, the payments and the organising, and can top the group up with our own players if numbers are short.

Is there someone at Sinopec Century Bright Capital Investment (Uk) who looks after wellbeing or staff socials I should be speaking to? Happy to be pointed elsewhere.

Brian
FC Urban",,,,
Sirius International Corporate Member,,Financial institution,EC3V 0BT,"3RD FLOOR SIRIUSPOINT, LONDON",11/05/2011,FULL,65202 - Non-life reinsurance,Borough Academy,22,exact postcode,,,,,,"Hi {First} - I'm Brian from FC Urban. We run social football at Borough Academy, a 22-min walk from Sirius International Corporate Member. Looking for someone inside the team up for starting an after-work game - we handle pitch, payments and organising. Open to a quick chat?",275,"Thanks for connecting, {First}.

Quick one - we run social football games at Borough Academy, about 22 minutes' walk from your office. A few City firms use them as an easy after-work thing for colleagues: we sort the pitch, the payments and the organising, and can top the group up with our own players if numbers are short.

Is there someone at Sirius International Corporate Member who looks after wellbeing or staff socials I should be speaking to? Happy to be pointed elsewhere.

Brian
FC Urban",,,,
Sirius International Uk Holdings Ii,,Financial institution,EC3V 0BT,"3RD FLOOR SIRIUSPOINT, LONDON",15/03/2017,FULL,64205 - Activities of financial services holding companies,Borough Academy,22,exact postcode,,,,,,"Hi {First} - I'm Brian from FC Urban. We run social football at Borough Academy, a 22-min walk from Sirius International Uk Holdings Ii. Looking for someone inside the team up for starting an after-work game - we handle pitch, payments and organising. Open to a quick chat?",273,"Thanks for connecting, {First}.

Quick one - we run social football games at Borough Academy, about 22 minutes' walk from your office. A few City firms use them as an easy after-work thing for colleagues: we sort the pitch, the payments and the organising, and can top the group up with our own players if numbers are short.

Is there someone at Sirius International Uk Holdings Ii who looks after wellbeing or staff socials I should be speaking to? Happy to be pointed elsewhere.

Brian
FC Urban",,,,
Sister Group,,Financial institution,EC1R 0AA,"18 CLERKENWELL CLOSE, LONDON",18/07/2019,FULL,59113 - Television programme production activities | 64209 - Activities of other holding companies n.e.c.,Old St - Moreland Primary School,13,postcode district,,,,,,"Hi {First} - I'm Brian from FC Urban. We run social football at Old St - Moreland Primary School, a 13-min walk from Sister Group. Looking for someone inside the team up for starting an after-work game - we handle pitch, payments and organising. Open to a quick chat?",267,"Thanks for connecting, {First}.

Quick one - we run social football games at Old St - Moreland Primary School, about 13 minutes' walk from your office. A few City firms use them as an easy after-work thing for colleagues: we sort the pitch, the payments and the organising, and can top the group up with our own players if numbers are short.

Is there someone at Sister Group who looks after wellbeing or staff socials I should be speaking to? Happy to be pointed elsewhere.

Brian
FC Urban",,,,
Sister Holdings,,Financial institution,EC1R 0AA,"18 CLERKENWELL CLOSE, LONDON",18/07/2019,GROUP,64209 - Activities of other holding companies n.e.c.,Old St - Moreland Primary School,13,postcode district,,,,,,"Hi {First} - I'm Brian from FC Urban. We run social football at Old St - Moreland Primary School, a 13-min walk from Sister Holdings. Looking for someone inside the team up for starting an after-work game - we handle pitch, payments and organising. Open to a quick chat?",270,"Thanks for connecting, {First}.

Quick one - we run social football games at Old St - Moreland Primary School, about 13 minutes' walk from your office. A few City firms use them as an easy after-work thing for colleagues: we sort the pitch, the payments and the organising, and can top the group up with our own players if numbers are short.

Is there someone at Sister Holdings who looks after wellbeing or staff socials I should be speaking to? Happy to be pointed elsewhere.

Brian
FC Urban",,,,
Six Financial Information Uk,,Financial institution,EC3A 8AA,"4TH FLOOR EXCHEQUER COURT, LONDON",26/03/1987,FULL,64999 - Financial intermediation not elsewhere classified,Whitechapel,23,exact postcode,,,,,,"Hi {First} - I'm Brian from FC Urban. We run social football at Whitechapel, a 23-min walk from Six Financial Information Uk. Looking for someone inside the team up for starting an after-work game - we handle pitch, payments and organising. Open to a quick chat?",262,"Thanks for connecting, {First}.

Quick one - we run social football games at Whitechapel, about 23 minutes' walk from your office. A few City firms use them as an easy after-work thing for colleagues: we sort the pitch, the payments and the organising, and can top the group up with our own players if numbers are short.

Is there someone at Six Financial Information Uk who looks after wellbeing or staff socials I should be speaking to? Happy to be pointed elsewhere.

Brian
FC Urban",,,,
Skuld Investment,,Financial institution,EC3A 8EP,"LEVEL 30B, LONDON",27/07/2011,FULL,64209 - Activities of other holding companies n.e.c.,Whitechapel,23,exact postcode,,,,,,"Hi {First} - I'm Brian from FC Urban. We run social football at Whitechapel, a 23-min walk from Skuld Investment. Looking for someone inside the team up for starting an after-work game - we handle pitch, payments and organising. Open to a quick chat?",250,"Thanks for connecting, {First}.

Quick one - we run social football games at Whitechapel, about 23 minutes' walk from your office. A few City firms use them as an easy after-work thing for colleagues: we sort the pitch, the payments and the organising, and can top the group up with our own players if numbers are short.

Is there someone at Skuld Investment who looks after wellbeing or staff socials I should be speaking to? Happy to be pointed elsewhere.

Brian
FC Urban",,,,
Slater Investments,,Financial institution,EC4R 0EU,"NICHOLAS HOUSE, LONDON",19/10/1993,FULL,66300 - Fund management activities,Borough Academy,18,postcode district,,,,,,"Hi {First} - I'm Brian from FC Urban. We run social football at Borough Academy, a 18-min walk from Slater Investments. Looking for someone inside the team up for starting an after-work game - we handle pitch, payments and organising. Open to a quick chat?",256,"Thanks for connecting, {First}.

Quick one - we run social football games at Borough Academy, about 18 minutes' walk from your office. A few City firms use them as an easy after-work thing for colleagues: we sort the pitch, the payments and the organising, and can top the group up with our own players if numbers are short.

Is there someone at Slater Investments who looks after wellbeing or staff socials I should be speaking to? Happy to be pointed elsewhere.

Brian
FC Urban",,,,
Smart Managed Solutions Group,,Financial institution,EC3N 1LJ,"UNIT 201 PORTSOKEN HOUSE, LONDON",19/03/2020,GROUP,64209 - Activities of other holding companies n.e.c.,Whitechapel,18,exact postcode,,,,,,"Hi {First} - I'm Brian from FC Urban. We run social football at Whitechapel, a 18-min walk from Smart Managed Solutions Group. Looking for someone inside the team up for starting an after-work game - we handle pitch, payments and organising. Open to a quick chat?",263,"Thanks for connecting, {First}.

Quick one - we run social football games at Whitechapel, about 18 minutes' walk from your office. A few City firms use them as an easy after-work thing for colleagues: we sort the pitch, the payments and the organising, and can top the group up with our own players if numbers are short.

Is there someone at Smart Managed Solutions Group who looks after wellbeing or staff socials I should be speaking to? Happy to be pointed elsewhere.

Brian
FC Urban",,,,
Smart Managed Solutions Holdings,,Financial institution,EC3N 1LJ,"UNIT 201 PORTSOKEN HOUSE, LONDON",19/03/2020,FULL,64209 - Activities of other holding companies n.e.c.,Whitechapel,18,exact postcode,,,,,,"Hi {First} - I'm Brian from FC Urban. We run social football at Whitechapel, a 18-min walk from Smart Managed Solutions Holdings. Looking for someone inside the team up for starting an after-work game - we handle pitch, payments and organising. Open to a quick chat?",266,"Thanks for connecting, {First}.

Quick one - we run social football games at Whitechapel, about 18 minutes' walk from your office. A few City firms use them as an easy after-work thing for colleagues: we sort the pitch, the payments and the organising, and can top the group up with our own players if numbers are short.

Is there someone at Smart Managed Solutions Holdings who looks after wellbeing or staff socials I should be speaking to? Happy to be pointed elsewhere.

Brian
FC Urban",,,,
Smith Bilbrough & Co.,,Financial institution,EC3R 8AG,"20 ST DUNSTAN'S HILL, LONDON",09/10/1992,FULL,66220 - Activities of insurance agents and brokers,Borough Academy,22,postcode district,,,,,,"Hi {First} - I'm Brian from FC Urban. We run social football at Borough Academy, a 22-min walk from Smith Bilbrough & Co.. Looking for someone inside the team up for starting an after-work game - we handle pitch, payments and organising. Open to a quick chat?",259,"Thanks for connecting, {First}.

Quick one - we run social football games at Borough Academy, about 22 minutes' walk from your office. A few City firms use them as an easy after-work thing for colleagues: we sort the pitch, the payments and the organising, and can top the group up with our own players if numbers are short.

Is there someone at Smith Bilbrough & Co. who looks after wellbeing or staff socials I should be speaking to? Happy to be pointed elsewhere.

Brian
FC Urban",,,,
Snow Bidco,,Financial institution,EC4R 0BL,"POUNTNEY HILL HOUSE, LONDON",20/04/2022,FULL,64209 - Activities of other holding companies n.e.c.,Borough Academy,18,postcode district,,,,,,"Hi {First} - I'm Brian from FC Urban. We run social football at Borough Academy, a 18-min walk from Snow Bidco. Looking for someone inside the team up for starting an after-work game - we handle pitch, payments and organising. Open to a quick chat?",248,"Thanks for connecting, {First}.

Quick one - we run social football games at Borough Academy, about 18 minutes' walk from your office. A few City firms use them as an easy after-work thing for colleagues: we sort the pitch, the payments and the organising, and can top the group up with our own players if numbers are short.

Is there someone at Snow Bidco who looks after wellbeing or staff socials I should be speaking to? Happy to be pointed elsewhere.

Brian
FC Urban",,,,
Snow Midco,,Financial institution,EC4R 0BL,"POUNTNEY HILL HOUSE, LONDON",20/04/2022,FULL,64209 - Activities of other holding companies n.e.c.,Borough Academy,18,postcode district,,,,,,"Hi {First} - I'm Brian from FC Urban. We run social football at Borough Academy, a 18-min walk from Snow Midco. Looking for someone inside the team up for starting an after-work game - we handle pitch, payments and organising. Open to a quick chat?",248,"Thanks for connecting, {First}.

Quick one - we run social football games at Borough Academy, about 18 minutes' walk from your office. A few City firms use them as an easy after-work thing for colleagues: we sort the pitch, the payments and the organising, and can top the group up with our own players if numbers are short.

Is there someone at Snow Midco who looks after wellbeing or staff socials I should be speaking to? Happy to be pointed elsewhere.

Brian
FC Urban",,,,
Somers Syndicate Management,,Financial institution,EC3M 7HA,"OFFICE 891, LLOYD'S, LONDON",17/12/2021,FULL,66220 - Activities of insurance agents and brokers,Whitechapel,25,exact postcode,,,,,,"Hi {First} - I'm Brian from FC Urban. We run social football at Whitechapel, a 25-min walk from Somers Syndicate Management. Looking for someone inside the team up for starting an after-work game - we handle pitch, payments and organising. Open to a quick chat?",261,"Thanks for connecting, {First}.

Quick one - we run social football games at Whitechapel, about 25 minutes' walk from your office. A few City firms use them as an easy after-work thing for colleagues: we sort the pitch, the payments and the organising, and can top the group up with our own players if numbers are short.

Is there someone at Somers Syndicate Management who looks after wellbeing or staff socials I should be speaking to? Happy to be pointed elsewhere.

Brian
FC Urban",,,,
Southern Housing Finance,,Financial institution,EC1M 5LA,"FLEET HOUSE, LONDON",02/02/2012,FULL,64999 - Financial intermediation not elsewhere classified,Old St - Moreland Primary School,13,postcode district,,,,,,"Hi {First} - I'm Brian from FC Urban. We run social football at Old St - Moreland Primary School, a 13-min walk from Southern Housing Finance. Looking for someone inside the team up for starting an after-work game - we handle pitch, payments and organising. Open to a quick chat?",279,"Thanks for connecting, {First}.

Quick one - we run social football games at Old St - Moreland Primary School, about 13 minutes' walk from your office. A few City firms use them as an easy after-work thing for colleagues: we sort the pitch, the payments and the organising, and can top the group up with our own players if numbers are short.

Is there someone at Southern Housing Finance who looks after wellbeing or staff socials I should be speaking to? Happy to be pointed elsewhere.

Brian
FC Urban",,,,
Spark Finance,,Financial institution,EC3A 7JB,"JOHN STOW HOUSE, LONDON",15/04/2016,FULL,64999 - Financial intermediation not elsewhere classified,Whitechapel,21,exact postcode,,,,,,"Hi {First} - I'm Brian from FC Urban. We run social football at Whitechapel, a 21-min walk from Spark Finance. Looking for someone inside the team up for starting an after-work game - we handle pitch, payments and organising. Open to a quick chat?",247,"Thanks for connecting, {First}.

Quick one - we run social football games at Whitechapel, about 21 minutes' walk from your office. A few City firms use them as an easy after-work thing for colleagues: we sort the pitch, the payments and the organising, and can top the group up with our own players if numbers are short.

Is there someone at Spark Finance who looks after wellbeing or staff socials I should be speaking to? Happy to be pointed elsewhere.

Brian
FC Urban",,,,
Sparrows Capital,,Financial institution,EC4M 7JN,"35-37 LUDGATE HILL, LONDON",24/07/2013,FULL,66190 - Activities auxiliary to financial intermediation n.e.c. | 66300 - Fund management activities | 70221 - Financial management,Borough Academy,21,exact postcode,,,,,,"Hi {First} - I'm Brian from FC Urban. We run social football at Borough Academy, a 21-min walk from Sparrows Capital. Looking for someone inside the team up for starting an after-work game - we handle pitch, payments and organising. Open to a quick chat?",254,"Thanks for connecting, {First}.

Quick one - we run social football games at Borough Academy, about 21 minutes' walk from your office. A few City firms use them as an easy after-work thing for colleagues: we sort the pitch, the payments and the organising, and can top the group up with our own players if numbers are short.

Is there someone at Sparrows Capital who looks after wellbeing or staff socials I should be speaking to? Happy to be pointed elsewhere.

Brian
FC Urban",,,,
Spectra Uk Holding,,Financial institution,EC2V 8EY,"21 IRONMONGER LANE, LONDON",12/02/2021,GROUP,64205 - Activities of financial services holding companies,Borough Academy,23,postcode district,,,,,,"Hi {First} - I'm Brian from FC Urban. We run social football at Borough Academy, a 23-min walk from Spectra Uk Holding. Looking for someone inside the team up for starting an after-work game - we handle pitch, payments and organising. Open to a quick chat?",256,"Thanks for connecting, {First}.

Quick one - we run social football games at Borough Academy, about 23 minutes' walk from your office. A few City firms use them as an easy after-work thing for colleagues: we sort the pitch, the payments and the organising, and can top the group up with our own players if numbers are short.

Is there someone at Spectra Uk Holding who looks after wellbeing or staff socials I should be speaking to? Happy to be pointed elsewhere.

Brian
FC Urban",,,,
Spectraxe,,Financial institution,EC2V 8EY,"21 IRONMONGER LANE, LONDON",08/09/2022,FULL,64999 - Financial intermediation not elsewhere classified,Borough Academy,23,postcode district,,,,,,"Hi {First} - I'm Brian from FC Urban. We run social football at Borough Academy, a 23-min walk from Spectraxe. Looking for someone inside the team up for starting an after-work game - we handle pitch, payments and organising. Open to a quick chat?",247,"Thanks for connecting, {First}.

Quick one - we run social football games at Borough Academy, about 23 minutes' walk from your office. A few City firms use them as an easy after-work thing for colleagues: we sort the pitch, the payments and the organising, and can top the group up with our own players if numbers are short.

Is there someone at Spectraxe who looks after wellbeing or staff socials I should be speaking to? Happy to be pointed elsewhere.

Brian
FC Urban",,,,
Spend,,Financial institution,EC1V 8AR,"142 CENTRAL STREET, LONDON",07/05/2020,MEDIUM,64999 - Financial intermediation not elsewhere classified,Old St - Moreland Primary School,9,postcode district,,,,,,"Hi {First} - I'm Brian from FC Urban. We run social football at Old St - Moreland Primary School, a 9-min walk from Spend. Looking for someone inside the team up for starting an after-work game - we handle pitch, payments and organising. Open to a quick chat?",259,"Thanks for connecting, {First}.

Quick one - we run social football games at Old St - Moreland Primary School, about 9 minutes' walk from your office. A few City firms use them as an easy after-work thing for colleagues: we sort the pitch, the payments and the organising, and can top the group up with our own players if numbers are short.

Is there someone at Spend who looks after wellbeing or staff socials I should be speaking to? Happy to be pointed elsewhere.

Brian
FC Urban",,,,
Spf Private Clients,,Financial institution,EC3V 0BT,"33 GRACECHURCH STREET, LONDON",04/12/1998,FULL,66220 - Activities of insurance agents and brokers,Borough Academy,22,exact postcode,YES,,,,,"Hi {First} - I'm Brian from FC Urban. We run social football at Borough Academy, a 22-min walk from Spf Private Clients. Looking for someone inside the team up for starting an after-work game - we handle pitch, payments and organising. Open to a quick chat?",257,"Thanks for connecting, {First}.

Quick one - we run social football games at Borough Academy, about 22 minutes' walk from your office. A few City firms use them as an easy after-work thing for colleagues: we sort the pitch, the payments and the organising, and can top the group up with our own players if numbers are short.

Is there someone at Spf Private Clients who looks after wellbeing or staff socials I should be speaking to? Happy to be pointed elsewhere.

Brian
FC Urban",,,,
Sphere Abacus,,Financial institution,EC1M 5SA,"112 CLERKENWELL ROAD, LONDON",10/02/2020,FULL,64209 - Activities of other holding companies n.e.c.,Old St - Moreland Primary School,13,postcode district,,,,,,"Hi {First} - I'm Brian from FC Urban. We run social football at Old St - Moreland Primary School, a 13-min walk from Sphere Abacus. Looking for someone inside the team up for starting an after-work game - we handle pitch, payments and organising. Open to a quick chat?",268,"Thanks for connecting, {First}.

Quick one - we run social football games at Old St - Moreland Primary School, about 13 minutes' walk from your office. A few City firms use them as an easy after-work thing for colleagues: we sort the pitch, the payments and the organising, and can top the group up with our own players if numbers are short.

Is there someone at Sphere Abacus who looks after wellbeing or staff socials I should be speaking to? Happy to be pointed elsewhere.

Brian
FC Urban",,,,
Spl J Holdings,,Financial institution,EC1R 0JY,"1 ROSOMAN PLACE, LONDON",10/08/2017,GROUP,64209 - Activities of other holding companies n.e.c.,Old St - Moreland Primary School,13,postcode district,,,,,,"Hi {First} - I'm Brian from FC Urban. We run social football at Old St - Moreland Primary School, a 13-min walk from Spl J Holdings. Looking for someone inside the team up for starting an after-work game - we handle pitch, payments and organising. Open to a quick chat?",269,"Thanks for connecting, {First}.

Quick one - we run social football games at Old St - Moreland Primary School, about 13 minutes' walk from your office. A few City firms use them as an easy after-work thing for colleagues: we sort the pitch, the payments and the organising, and can top the group up with our own players if numbers are short.

Is there someone at Spl J Holdings who looks after wellbeing or staff socials I should be speaking to? Happy to be pointed elsewhere.

Brian
FC Urban",,,,
Sportscover Europe,,Financial institution,EC3M 6BN,"6TH FLOOR SACKVILLE HOUSE, LONDON",04/03/1999,FULL,66220 - Activities of insurance agents and brokers,Borough Academy,26,exact postcode,,,,,,"Hi {First} - I'm Brian from FC Urban. We run social football at Borough Academy, a 26-min walk from Sportscover Europe. Looking for someone inside the team up for starting an after-work game - we handle pitch, payments and organising. Open to a quick chat?",256,"Thanks for connecting, {First}.

Quick one - we run social football games at Borough Academy, about 26 minutes' walk from your office. A few City firms use them as an easy after-work thing for colleagues: we sort the pitch, the payments and the organising, and can top the group up with our own players if numbers are short.

Is there someone at Sportscover Europe who looks after wellbeing or staff socials I should be speaking to? Happy to be pointed elsewhere.

Brian
FC Urban",,,,
Spring Insure,,Financial institution,EC3A 5BU,"1ST FLOOR MITRE HOUSE, LONDON",13/09/2020,FULL,65120 - Non-life insurance,Whitechapel,22,postcode district,,,,,,"Hi {First} - I'm Brian from FC Urban. We run social football at Whitechapel, a 22-min walk from Spring Insure. Looking for someone inside the team up for starting an after-work game - we handle pitch, payments and organising. Open to a quick chat?",247,"Thanks for connecting, {First}.

Quick one - we run social football games at Whitechapel, about 22 minutes' walk from your office. A few City firms use them as an easy after-work thing for colleagues: we sort the pitch, the payments and the organising, and can top the group up with our own players if numbers are short.

Is there someone at Spring Insure who looks after wellbeing or staff socials I should be speaking to? Happy to be pointed elsewhere.

Brian
FC Urban",,,,
Spring Partners (Holdings),,Financial institution,EC3A 5BU,"1ST FLOOR MITRE HOUSE, LONDON",25/09/2020,FULL,65120 - Non-life insurance,Whitechapel,22,postcode district,,,,,,"Hi {First} - I'm Brian from FC Urban. We run social football at Whitechapel, a 22-min walk from Spring Partners (Holdings). Looking for someone inside the team up for starting an after-work game - we handle pitch, payments and organising. Open to a quick chat?",260,"Thanks for connecting, {First}.

Quick one - we run social football games at Whitechapel, about 22 minutes' walk from your office. A few City firms use them as an easy after-work thing for colleagues: we sort the pitch, the payments and the organising, and can top the group up with our own players if numbers are short.

Is there someone at Spring Partners (Holdings) who looks after wellbeing or staff socials I should be speaking to? Happy to be pointed elsewhere.

Brian
FC Urban",,,,
Springfords,,Financial institution,EC4Y 1LL,"1-2 SERJEANTS' INN, LONDON",20/11/2018,GROUP,64209 - Activities of other holding companies n.e.c.,Borough Academy,21,postcode district,,,,,,"Hi {First} - I'm Brian from FC Urban. We run social football at Borough Academy, a 21-min walk from Springfords. Looking for someone inside the team up for starting an after-work game - we handle pitch, payments and organising. Open to a quick chat?",249,"Thanks for connecting, {First}.

Quick one - we run social football games at Borough Academy, about 21 minutes' walk from your office. A few City firms use them as an easy after-work thing for colleagues: we sort the pitch, the payments and the organising, and can top the group up with our own players if numbers are short.

Is there someone at Springfords who looks after wellbeing or staff socials I should be speaking to? Happy to be pointed elsewhere.

Brian
FC Urban",,,,
Spx Sabik Europe Holdings,,Financial institution,EC4M 9AF,"5TH FLOOR, ONE, LONDON",09/01/2019,FULL,64209 - Activities of other holding companies n.e.c.,Borough Academy,22,postcode district,,,,,,"Hi {First} - I'm Brian from FC Urban. We run social football at Borough Academy, a 22-min walk from Spx Sabik Europe Holdings. Looking for someone inside the team up for starting an after-work game - we handle pitch, payments and organising. Open to a quick chat?",263,"Thanks for connecting, {First}.

Quick one - we run social football games at Borough Academy, about 22 minutes' walk from your office. A few City firms use them as an easy after-work thing for colleagues: we sort the pitch, the payments and the organising, and can top the group up with our own players if numbers are short.

Is there someone at Spx Sabik Europe Holdings who looks after wellbeing or staff socials I should be speaking to? Happy to be pointed elsewhere.

Brian
FC Urban",,,,
Squarepoint Services Uk,,Financial institution,EC2Y 9AW,"CITYPOINT, LONDON",26/09/2022,FULL,66300 - Fund management activities,Old St - Moreland Primary School,19,exact postcode,,,,,,"Hi {First} - I'm Brian from FC Urban. We run social football at Old St - Moreland Primary School, a 19-min walk from Squarepoint Services Uk. Looking for someone inside the team up for starting an after-work game - we handle pitch, payments and organising. Open to a quick chat?",278,"Thanks for connecting, {First}.

Quick one - we run social football games at Old St - Moreland Primary School, about 19 minutes' walk from your office. A few City firms use them as an easy after-work thing for colleagues: we sort the pitch, the payments and the organising, and can top the group up with our own players if numbers are short.

Is there someone at Squarepoint Services Uk who looks after wellbeing or staff socials I should be speaking to? Happy to be pointed elsewhere.

Brian
FC Urban",,,,
Squarepoint Uk Holdco 1,,Financial institution,EC2Y 9AW,"ONE ROPEMAKER STREET, LONDON",17/04/2014,FULL,66300 - Fund management activities,Old St - Moreland Primary School,19,exact postcode,,,,,,"Hi {First} - I'm Brian from FC Urban. We run social football at Old St - Moreland Primary School, a 19-min walk from Squarepoint Uk Holdco 1. Looking for someone inside the team up for starting an after-work game - we handle pitch, payments and organising. Open to a quick chat?",278,"Thanks for connecting, {First}.

Quick one - we run social football games at Old St - Moreland Primary School, about 19 minutes' walk from your office. A few City firms use them as an easy after-work thing for colleagues: we sort the pitch, the payments and the organising, and can top the group up with our own players if numbers are short.

Is there someone at Squarepoint Uk Holdco 1 who looks after wellbeing or staff socials I should be speaking to? Happy to be pointed elsewhere.

Brian
FC Urban",,,,
Squarepoint Uk Holdco 2,,Financial institution,EC2Y 9AW,"ONE ROPEMAKER STREET, LONDON",17/04/2014,FULL,66300 - Fund management activities,Old St - Moreland Primary School,19,exact postcode,,,,,,"Hi {First} - I'm Brian from FC Urban. We run social football at Old St - Moreland Primary School, a 19-min walk from Squarepoint Uk Holdco 2. Looking for someone inside the team up for starting an after-work game - we handle pitch, payments and organising. Open to a quick chat?",278,"Thanks for connecting, {First}.

Quick one - we run social football games at Old St - Moreland Primary School, about 19 minutes' walk from your office. A few City firms use them as an easy after-work thing for colleagues: we sort the pitch, the payments and the organising, and can top the group up with our own players if numbers are short.

Is there someone at Squarepoint Uk Holdco 2 who looks after wellbeing or staff socials I should be speaking to? Happy to be pointed elsewhere.

Brian
FC Urban",,,,
St. John Group,,Financial institution,EC1M 4AY,"26 ST. JOHN STREET, LONDON",14/04/2022,GROUP,64209 - Activities of other holding companies n.e.c.,Old St - Moreland Primary School,15,exact postcode,,,,,,"Hi {First} - I'm Brian from FC Urban. We run social football at Old St - Moreland Primary School, a 15-min walk from St. John Group. Looking for someone inside the team up for starting an after-work game - we handle pitch, payments and organising. Open to a quick chat?",269,"Thanks for connecting, {First}.

Quick one - we run social football games at Old St - Moreland Primary School, about 15 minutes' walk from your office. A few City firms use them as an easy after-work thing for colleagues: we sort the pitch, the payments and the organising, and can top the group up with our own players if numbers are short.

Is there someone at St. John Group who looks after wellbeing or staff socials I should be speaking to? Happy to be pointed elsewhere.

Brian
FC Urban",,,,
Stanbic Africa Holdings,,Financial institution,EC2V 7JE,"20 GRESHAM STREET, LONDON",21/05/1965,FULL,64205 - Activities of financial services holding companies,Old St - Moreland Primary School,24,exact postcode,,,,,,"Hi {First} - I'm Brian from FC Urban. We run social football at Old St - Moreland Primary School, a 24-min walk from Stanbic Africa Holdings. Looking for someone inside the team up for starting an after-work game - we handle pitch, payments and organising. Open to a quick chat?",278,"Thanks for connecting, {First}.

Quick one - we run social football games at Old St - Moreland Primary School, about 24 minutes' walk from your office. A few City firms use them as an easy after-work thing for colleagues: we sort the pitch, the payments and the organising, and can top the group up with our own players if numbers are short.

Is there someone at Stanbic Africa Holdings who looks after wellbeing or staff socials I should be speaking to? Happy to be pointed elsewhere.

Brian
FC Urban",,,,
Stancroft Trust,,Financial institution,EC4Y 8JP,"BRIDE HOUSE, LONDON",23/06/1947,GROUP,64999 - Financial intermediation not elsewhere classified,Borough Academy,21,postcode district,,,,,,"Hi {First} - I'm Brian from FC Urban. We run social football at Borough Academy, a 21-min walk from Stancroft Trust. Looking for someone inside the team up for starting an after-work game - we handle pitch, payments and organising. Open to a quick chat?",253,"Thanks for connecting, {First}.

Quick one - we run social football games at Borough Academy, about 21 minutes' walk from your office. A few City firms use them as an easy after-work thing for colleagues: we sort the pitch, the payments and the organising, and can top the group up with our own players if numbers are short.

Is there someone at Stancroft Trust who looks after wellbeing or staff socials I should be speaking to? Happy to be pointed elsewhere.

Brian
FC Urban",,,,
Standard Advisory London,,Financial institution,EC2V 7JE,"20 GRESHAM STREET, LONDON",05/02/2014,FULL,64999 - Financial intermediation not elsewhere classified,Old St - Moreland Primary School,24,exact postcode,,,,,,"Hi {First} - I'm Brian from FC Urban. We run social football at Old St - Moreland Primary School, a 24-min walk from Standard Advisory London. Looking for someone inside the team up for starting an after-work game - we handle pitch, payments and organising. Open to a quick chat?",279,"Thanks for connecting, {First}.

Quick one - we run social football games at Old St - Moreland Primary School, about 24 minutes' walk from your office. A few City firms use them as an easy after-work thing for colleagues: we sort the pitch, the payments and the organising, and can top the group up with our own players if numbers are short.

Is there someone at Standard Advisory London who looks after wellbeing or staff socials I should be speaking to? Happy to be pointed elsewhere.

Brian
FC Urban",,,,
Starr Managing Agents,,Financial institution,EC3M 5AD,"30 FENCHURCH AVENUE, LONDON",01/06/2007,FULL,65120 - Non-life insurance,Whitechapel,24,exact postcode,,,,,,"Hi {First} - I'm Brian from FC Urban. We run social football at Whitechapel, a 24-min walk from Starr Managing Agents. Looking for someone inside the team up for starting an after-work game - we handle pitch, payments and organising. Open to a quick chat?",255,"Thanks for connecting, {First}.

Quick one - we run social football games at Whitechapel, about 24 minutes' walk from your office. A few City firms use them as an easy after-work thing for colleagues: we sort the pitch, the payments and the organising, and can top the group up with our own players if numbers are short.

Is there someone at Starr Managing Agents who looks after wellbeing or staff socials I should be speaking to? Happy to be pointed elsewhere.

Brian
FC Urban",,,,
Starr Syndicate,,Financial institution,EC3M 5AD,"30 FENCHURCH AVENUE, LONDON",17/08/2006,FULL,65120 - Non-life insurance,Whitechapel,24,exact postcode,,,,,,"Hi {First} - I'm Brian from FC Urban. We run social football at Whitechapel, a 24-min walk from Starr Syndicate. Looking for someone inside the team up for starting an after-work game - we handle pitch, payments and organising. Open to a quick chat?",249,"Thanks for connecting, {First}.

Quick one - we run social football games at Whitechapel, about 24 minutes' walk from your office. A few City firms use them as an easy after-work thing for colleagues: we sort the pitch, the payments and the organising, and can top the group up with our own players if numbers are short.

Is there someone at Starr Syndicate who looks after wellbeing or staff socials I should be speaking to? Happy to be pointed elsewhere.

Brian
FC Urban",,,,
Starr Underwriting Agents,,Financial institution,EC3M 5AD,"30 FENCHURCH AVENUE, LONDON",05/10/1994,FULL,65120 - Non-life insurance | 66220 - Activities of insurance agents and brokers,Whitechapel,24,exact postcode,,,,,,"Hi {First} - I'm Brian from FC Urban. We run social football at Whitechapel, a 24-min walk from Starr Underwriting Agents. Looking for someone inside the team up for starting an after-work game - we handle pitch, payments and organising. Open to a quick chat?",259,"Thanks for connecting, {First}.

Quick one - we run social football games at Whitechapel, about 24 minutes' walk from your office. A few City firms use them as an easy after-work thing for colleagues: we sort the pitch, the payments and the organising, and can top the group up with our own players if numbers are short.

Is there someone at Starr Underwriting Agents who looks after wellbeing or staff socials I should be speaking to? Happy to be pointed elsewhere.

Brian
FC Urban",,,,
Staude Capital,,Financial institution,EC2R 6BH,"51 MOORGATE, LONDON",16/06/2016,FULL,64999 - Financial intermediation not elsewhere classified,Old St - Moreland Primary School,25,postcode district,,,,,,"Hi {First} - I'm Brian from FC Urban. We run social football at Old St - Moreland Primary School, a 25-min walk from Staude Capital. Looking for someone inside the team up for starting an after-work game - we handle pitch, payments and organising. Open to a quick chat?",269,"Thanks for connecting, {First}.

Quick one - we run social football games at Old St - Moreland Primary School, about 25 minutes' walk from your office. A few City firms use them as an easy after-work thing for colleagues: we sort the pitch, the payments and the organising, and can top the group up with our own players if numbers are short.

Is there someone at Staude Capital who looks after wellbeing or staff socials I should be speaking to? Happy to be pointed elsewhere.

Brian
FC Urban",,,,
Steadfast Group (Uk),,Financial institution,EC3N 3DQ,"6TH FLOOR, 1, LONDON",18/04/2018,FULL,65120 - Non-life insurance,Whitechapel,21,exact postcode,,,,,,"Hi {First} - I'm Brian from FC Urban. We run social football at Whitechapel, a 21-min walk from Steadfast Group (Uk). Looking for someone inside the team up for starting an after-work game - we handle pitch, payments and organising. Open to a quick chat?",254,"Thanks for connecting, {First}.

Quick one - we run social football games at Whitechapel, about 21 minutes' walk from your office. A few City firms use them as an easy after-work thing for colleagues: we sort the pitch, the payments and the organising, and can top the group up with our own players if numbers are short.

Is there someone at Steadfast Group (Uk) who looks after wellbeing or staff socials I should be speaking to? Happy to be pointed elsewhere.

Brian
FC Urban",,,,
Stewardship Services (Uket),,Accountancy / financial advisory,EC1Y 8AB,"1 LAMB'S PASSAGE, LONDON",01/10/1906,GROUP,69109 - Activities of patent and copyright agents; other legal activities n.e.c. | 69201 - Accounting and auditing activities | 94910 - Activities of religious organizations,Old St - Moreland Primary School,14,postcode district,,,,,,"Hi {First} - I'm Brian from FC Urban. We run social football at Old St - Moreland Primary School, a 14-min walk from Stewardship Services (Uket). Looking for someone inside the team up for starting an after-work game - we handle pitch, payments and organising. Open to a quick chat?",282,"Thanks for connecting, {First}.

Quick one - we run social football games at Old St - Moreland Primary School, about 14 minutes' walk from your office. A few City firms use them as an easy after-work thing for colleagues: we sort the pitch, the payments and the organising, and can top the group up with our own players if numbers are short.

Is there someone at Stewardship Services (Uket) who looks after wellbeing or staff socials I should be speaking to? Happy to be pointed elsewhere.

Brian
FC Urban",,,,
Stifel Europe Holdings,,Financial institution,EC2V 6ET,"150 CHEAPSIDE, LONDON",14/02/2002,FULL,64209 - Activities of other holding companies n.e.c.,Borough Academy,23,postcode district,,,,,,"Hi {First} - I'm Brian from FC Urban. We run social football at Borough Academy, a 23-min walk from Stifel Europe Holdings. Looking for someone inside the team up for starting an after-work game - we handle pitch, payments and organising. Open to a quick chat?",260,"Thanks for connecting, {First}.

Quick one - we run social football games at Borough Academy, about 23 minutes' walk from your office. A few City firms use them as an easy after-work thing for colleagues: we sort the pitch, the payments and the organising, and can top the group up with our own players if numbers are short.

Is there someone at Stifel Europe Holdings who looks after wellbeing or staff socials I should be speaking to? Happy to be pointed elsewhere.

Brian
FC Urban",,,,
Stifel Europe,,Financial institution,EC2V 6ET,"150 CHEAPSIDE, LONDON",16/03/1995,FULL,66120 - Security and commodity contracts dealing activities,Borough Academy,23,postcode district,,,,,,"Hi {First} - I'm Brian from FC Urban. We run social football at Borough Academy, a 23-min walk from Stifel Europe. Looking for someone inside the team up for starting an after-work game - we handle pitch, payments and organising. Open to a quick chat?",251,"Thanks for connecting, {First}.

Quick one - we run social football games at Borough Academy, about 23 minutes' walk from your office. A few City firms use them as an easy after-work thing for colleagues: we sort the pitch, the payments and the organising, and can top the group up with our own players if numbers are short.

Is there someone at Stifel Europe who looks after wellbeing or staff socials I should be speaking to? Happy to be pointed elsewhere.

Brian
FC Urban",,,,
Stockdale Street,,Financial institution,EC1N 6SA,"1 CHARTERHOUSE STREET, LONDON",09/07/2002,GROUP,64205 - Activities of financial services holding companies | 66300 - Fund management activities | 70221 - Financial management,Old St - Moreland Primary School,18,postcode district,,,,,,"Hi {First} - I'm Brian from FC Urban. We run social football at Old St - Moreland Primary School, a 18-min walk from Stockdale Street. Looking for someone inside the team up for starting an after-work game - we handle pitch, payments and organising. Open to a quick chat?",271,"Thanks for connecting, {First}.

Quick one - we run social football games at Old St - Moreland Primary School, about 18 minutes' walk from your office. A few City firms use them as an easy after-work thing for colleagues: we sort the pitch, the payments and the organising, and can top the group up with our own players if numbers are short.

Is there someone at Stockdale Street who looks after wellbeing or staff socials I should be speaking to? Happy to be pointed elsewhere.

Brian
FC Urban",,,,
Stonex Financial,,Financial institution,EC2Y 5ET,"MOOR HOUSE FIRST FLOOR, LONDON",09/11/2005,FULL,66120 - Security and commodity contracts dealing activities,Old St - Moreland Primary School,19,postcode district,,,,,,"Hi {First} - I'm Brian from FC Urban. We run social football at Old St - Moreland Primary School, a 19-min walk from Stonex Financial. Looking for someone inside the team up for starting an after-work game - we handle pitch, payments and organising. Open to a quick chat?",271,"Thanks for connecting, {First}.

Quick one - we run social football games at Old St - Moreland Primary School, about 19 minutes' walk from your office. A few City firms use them as an easy after-work thing for colleagues: we sort the pitch, the payments and the organising, and can top the group up with our own players if numbers are short.

Is there someone at Stonex Financial who looks after wellbeing or staff socials I should be speaking to? Happy to be pointed elsewhere.

Brian
FC Urban",,,,
Strata Global,,Financial institution,EC2R 6AF,"BASILDON HOUSE 6TH FLOOR, LONDON",18/07/2011,MEDIUM,64999 - Financial intermediation not elsewhere classified,Old St - Moreland Primary School,25,postcode district,,,,,,"Hi {First} - I'm Brian from FC Urban. We run social football at Old St - Moreland Primary School, a 25-min walk from Strata Global. Looking for someone inside the team up for starting an after-work game - we handle pitch, payments and organising. Open to a quick chat?",268,"Thanks for connecting, {First}.

Quick one - we run social football games at Old St - Moreland Primary School, about 25 minutes' walk from your office. A few City firms use them as an easy after-work thing for colleagues: we sort the pitch, the payments and the organising, and can top the group up with our own players if numbers are short.

Is there someone at Strata Global who looks after wellbeing or staff socials I should be speaking to? Happy to be pointed elsewhere.

Brian
FC Urban",,,,
Sucden Financial,,Financial institution,EC3R 5AZ,"PLANTATION PLACE SOUTH 3RD FLOOR, LONDON",14/02/1973,FULL,64999 - Financial intermediation not elsewhere classified,Borough Academy,22,postcode district,,,,,,"Hi {First} - I'm Brian from FC Urban. We run social football at Borough Academy, a 22-min walk from Sucden Financial. Looking for someone inside the team up for starting an after-work game - we handle pitch, payments and organising. Open to a quick chat?",254,"Thanks for connecting, {First}.

Quick one - we run social football games at Borough Academy, about 22 minutes' walk from your office. A few City firms use them as an easy after-work thing for colleagues: we sort the pitch, the payments and the organising, and can top the group up with our own players if numbers are short.

Is there someone at Sucden Financial who looks after wellbeing or staff socials I should be speaking to? Happy to be pointed elsewhere.

Brian
FC Urban",,,,
Suecia Re & Marine Insurance Company,,Financial institution,EC4V 5AN,"SEB LONDON BRANCH, LONDON",24/08/1973,FULL,65120 - Non-life insurance,Borough Academy,19,postcode district,,,,,,"Hi {First} - I'm Brian from FC Urban. We run social football at Borough Academy, a 19-min walk from Suecia Re & Marine Insurance Company. Looking for someone inside the team up for starting an after-work game - we handle pitch, payments and organising. Open to a quick chat?",274,"Thanks for connecting, {First}.

Quick one - we run social football games at Borough Academy, about 19 minutes' walk from your office. A few City firms use them as an easy after-work thing for colleagues: we sort the pitch, the payments and the organising, and can top the group up with our own players if numbers are short.

Is there someone at Suecia Re & Marine Insurance Company who looks after wellbeing or staff socials I should be speaking to? Happy to be pointed elsewhere.

Brian
FC Urban",,,,
Sumitomo Corporation Europe Holding,,Financial institution,EC4V 3BJ,VINTNERS  PLACE,25/11/1996,FULL,64209 - Activities of other holding companies n.e.c.,Borough Academy,17,exact postcode,,,,,,"Hi {First} - I'm Brian from FC Urban. We run social football at Borough Academy, a 17-min walk from Sumitomo Corporation Europe Holding. Looking for someone inside the team up for starting an after-work game - we handle pitch, payments and organising. Open to a quick chat?",273,"Thanks for connecting, {First}.

Quick one - we run social football games at Borough Academy, about 17 minutes' walk from your office. A few City firms use them as an easy after-work thing for colleagues: we sort the pitch, the payments and the organising, and can top the group up with our own players if numbers are short.

Is there someone at Sumitomo Corporation Europe Holding who looks after wellbeing or staff socials I should be speaking to? Happy to be pointed elsewhere.

Brian
FC Urban",,,,
Sushisamba Group,,Financial institution,EC2M 7PP,"UNCOMMON SUSHI SAMBA CORPORATE OFFICE, LONDON",11/03/2014,GROUP,64209 - Activities of other holding companies n.e.c.,Whitechapel,25,exact postcode,,,,,,"Hi {First} - I'm Brian from FC Urban. We run social football at Whitechapel, a 25-min walk from Sushisamba Group. Looking for someone inside the team up for starting an after-work game - we handle pitch, payments and organising. Open to a quick chat?",250,"Thanks for connecting, {First}.

Quick one - we run social football games at Whitechapel, about 25 minutes' walk from your office. A few City firms use them as an easy after-work thing for colleagues: we sort the pitch, the payments and the organising, and can top the group up with our own players if numbers are short.

Is there someone at Sushisamba Group who looks after wellbeing or staff socials I should be speaking to? Happy to be pointed elsewhere.

Brian
FC Urban",,,,
Swiss Re Capital Markets,,Financial institution,EC3A 8EP,"30 ST MARY AXE, LONDON",19/09/1997,FULL,64999 - Financial intermediation not elsewhere classified,Whitechapel,23,exact postcode,,,,,,"Hi {First} - I'm Brian from FC Urban. We run social football at Whitechapel, a 23-min walk from Swiss Re Capital Markets. Looking for someone inside the team up for starting an after-work game - we handle pitch, payments and organising. Open to a quick chat?",258,"Thanks for connecting, {First}.

Quick one - we run social football games at Whitechapel, about 23 minutes' walk from your office. A few City firms use them as an easy after-work thing for colleagues: we sort the pitch, the payments and the organising, and can top the group up with our own players if numbers are short.

Is there someone at Swiss Re Capital Markets who looks after wellbeing or staff socials I should be speaking to? Happy to be pointed elsewhere.

Brian
FC Urban",,,,
Swiss Re Investment Management,,Financial institution,EC3A 8EP,"30 ST MARY AXE, LONDON",30/06/1987,FULL,66190 - Activities auxiliary to financial intermediation n.e.c.,Whitechapel,23,exact postcode,,,,,,"Hi {First} - I'm Brian from FC Urban. We run social football at Whitechapel, a 23-min walk from Swiss Re Investment Management. Looking for someone inside the team up for starting an after-work game - we handle pitch, payments and organising. Open to a quick chat?",264,"Thanks for connecting, {First}.

Quick one - we run social football games at Whitechapel, about 23 minutes' walk from your office. A few City firms use them as an easy after-work thing for colleagues: we sort the pitch, the payments and the organising, and can top the group up with our own players if numbers are short.

Is there someone at Swiss Re Investment Management who looks after wellbeing or staff socials I should be speaking to? Happy to be pointed elsewhere.

Brian
FC Urban",,,,
Swissquote,,Financial institution,EC2M 1JJ,"BOSTON HOUSE, LONDON",19/07/2011,FULL,64999 - Financial intermediation not elsewhere classified,Whitechapel,23,postcode district,,,,,,"Hi {First} - I'm Brian from FC Urban. We run social football at Whitechapel, a 23-min walk from Swissquote. Looking for someone inside the team up for starting an after-work game - we handle pitch, payments and organising. Open to a quick chat?",244,"Thanks for connecting, {First}.

Quick one - we run social football games at Whitechapel, about 23 minutes' walk from your office. A few City firms use them as an easy after-work thing for colleagues: we sort the pitch, the payments and the organising, and can top the group up with our own players if numbers are short.

Is there someone at Swissquote who looks after wellbeing or staff socials I should be speaking to? Happy to be pointed elsewhere.

Brian
FC Urban",,,,
Symphonyai Netreveal Bidco,,Financial institution,EC2R 7AF,"1 KING'S ARMS YARD, LONDON",13/06/2022,FULL,64209 - Activities of other holding companies n.e.c.,Old St - Moreland Primary School,25,postcode district,,,,,,"Hi {First} - I'm Brian from FC Urban. We run social football at Old St - Moreland Primary School, a 25-min walk from Symphonyai Netreveal Bidco. Looking for someone inside the team up for starting an after-work game - we handle pitch, payments and organising. Open to a quick chat?",281,"Thanks for connecting, {First}.

Quick one - we run social football games at Old St - Moreland Primary School, about 25 minutes' walk from your office. A few City firms use them as an easy after-work thing for colleagues: we sort the pitch, the payments and the organising, and can top the group up with our own players if numbers are short.

Is there someone at Symphonyai Netreveal Bidco who looks after wellbeing or staff socials I should be speaking to? Happy to be pointed elsewhere.

Brian
FC Urban",,,,
Synbra Holding Uk,,Financial institution,EC3M 7AF,"JTC (UK) LIMITED, THE SCALPEL, 18TH FLOOR,, LONDON",20/03/2015,FULL,65300 - Pension funding,Whitechapel,24,exact postcode,,,,,,"Hi {First} - I'm Brian from FC Urban. We run social football at Whitechapel, a 24-min walk from Synbra Holding Uk. Looking for someone inside the team up for starting an after-work game - we handle pitch, payments and organising. Open to a quick chat?",251,"Thanks for connecting, {First}.

Quick one - we run social football games at Whitechapel, about 24 minutes' walk from your office. A few City firms use them as an easy after-work thing for colleagues: we sort the pitch, the payments and the organising, and can top the group up with our own players if numbers are short.

Is there someone at Synbra Holding Uk who looks after wellbeing or staff socials I should be speaking to? Happy to be pointed elsewhere.

Brian
FC Urban",,,,
Sync Capital,,Financial institution,EC1V 8AR,"142, CENTRAL STREET, LONDON",09/12/2016,MEDIUM,64205 - Activities of financial services holding companies,Old St - Moreland Primary School,9,postcode district,,,,,,"Hi {First} - I'm Brian from FC Urban. We run social football at Old St - Moreland Primary School, a 9-min walk from Sync Capital. Looking for someone inside the team up for starting an after-work game - we handle pitch, payments and organising. Open to a quick chat?",266,"Thanks for connecting, {First}.

Quick one - we run social football games at Old St - Moreland Primary School, about 9 minutes' walk from your office. A few City firms use them as an easy after-work thing for colleagues: we sort the pitch, the payments and the organising, and can top the group up with our own players if numbers are short.

Is there someone at Sync Capital who looks after wellbeing or staff socials I should be speaking to? Happy to be pointed elsewhere.

Brian
FC Urban",,,,
Synergis Capital,,Financial institution,EC1A 4HD,"C/O GIS, LONDON",24/06/2016,FULL,64929 - Other credit granting n.e.c.,Old St - Moreland Primary School,19,exact postcode,,,,,,"Hi {First} - I'm Brian from FC Urban. We run social football at Old St - Moreland Primary School, a 19-min walk from Synergis Capital. Looking for someone inside the team up for starting an after-work game - we handle pitch, payments and organising. Open to a quick chat?",271,"Thanks for connecting, {First}.

Quick one - we run social football games at Old St - Moreland Primary School, about 19 minutes' walk from your office. A few City firms use them as an easy after-work thing for colleagues: we sort the pitch, the payments and the organising, and can top the group up with our own players if numbers are short.

Is there someone at Synergis Capital who looks after wellbeing or staff socials I should be speaking to? Happy to be pointed elsewhere.

Brian
FC Urban",,,,
T. Rowe Price International,,Financial institution,EC4M 7DX,"WARWICK COURT, LONDON",23/03/2000,GROUP,66120 - Security and commodity contracts dealing activities,Borough Academy,22,postcode district,,,,,,"Hi {First} - I'm Brian from FC Urban. We run social football at Borough Academy, a 22-min walk from T. Rowe Price International. Looking for someone inside the team up for starting an after-work game - we handle pitch, payments and organising. Open to a quick chat?",265,"Thanks for connecting, {First}.

Quick one - we run social football games at Borough Academy, about 22 minutes' walk from your office. A few City firms use them as an easy after-work thing for colleagues: we sort the pitch, the payments and the organising, and can top the group up with our own players if numbers are short.

Is there someone at T. Rowe Price International who looks after wellbeing or staff socials I should be speaking to? Happy to be pointed elsewhere.

Brian
FC Urban",,,,
T. Rowe Price Uk,,Financial institution,EC4M 7DX,"WARWICK COURT, LONDON",09/03/2018,FULL,64999 - Financial intermediation not elsewhere classified,Borough Academy,22,postcode district,,,,,,"Hi {First} - I'm Brian from FC Urban. We run social football at Borough Academy, a 22-min walk from T. Rowe Price Uk. Looking for someone inside the team up for starting an after-work game - we handle pitch, payments and organising. Open to a quick chat?",254,"Thanks for connecting, {First}.

Quick one - we run social football games at Borough Academy, about 22 minutes' walk from your office. A few City firms use them as an easy after-work thing for colleagues: we sort the pitch, the payments and the organising, and can top the group up with our own players if numbers are short.

Is there someone at T. Rowe Price Uk who looks after wellbeing or staff socials I should be speaking to? Happy to be pointed elsewhere.

Brian
FC Urban",,,,
T.En Uk Holdings,,Financial institution,EC4A 1ES,"100 FETTER LANE, LONDON",19/10/2016,FULL,64209 - Activities of other holding companies n.e.c.,Old St - Moreland Primary School,24,postcode district,,,,,,"Hi {First} - I'm Brian from FC Urban. We run social football at Old St - Moreland Primary School, a 24-min walk from T.En Uk Holdings. Looking for someone inside the team up for starting an after-work game - we handle pitch, payments and organising. Open to a quick chat?",271,"Thanks for connecting, {First}.

Quick one - we run social football games at Old St - Moreland Primary School, about 24 minutes' walk from your office. A few City firms use them as an easy after-work thing for colleagues: we sort the pitch, the payments and the organising, and can top the group up with our own players if numbers are short.

Is there someone at T.En Uk Holdings who looks after wellbeing or staff socials I should be speaking to? Happy to be pointed elsewhere.

Brian
FC Urban",,,,
Tallon Commodities,,Financial institution,EC4R 1BB,"28 QUEEN STREET, LONDON",14/07/2017,FULL,64999 - Financial intermediation not elsewhere classified | 66120 - Security and commodity contracts dealing activities,Borough Academy,18,postcode district,,,,,,"Hi {First} - I'm Brian from FC Urban. We run social football at Borough Academy, a 18-min walk from Tallon Commodities. Looking for someone inside the team up for starting an after-work game - we handle pitch, payments and organising. Open to a quick chat?",256,"Thanks for connecting, {First}.

Quick one - we run social football games at Borough Academy, about 18 minutes' walk from your office. A few City firms use them as an easy after-work thing for colleagues: we sort the pitch, the payments and the organising, and can top the group up with our own players if numbers are short.

Is there someone at Tallon Commodities who looks after wellbeing or staff socials I should be speaking to? Happy to be pointed elsewhere.

Brian
FC Urban",,,,
Tam Asset Management,,Financial institution,EC3V 1AB,"ONE LEADENHALL LEVEL 23, LONDON",20/09/2000,FULL,64999 - Financial intermediation not elsewhere classified,Borough Academy,24,postcode district,,,,,,"Hi {First} - I'm Brian from FC Urban. We run social football at Borough Academy, a 24-min walk from Tam Asset Management. Looking for someone inside the team up for starting an after-work game - we handle pitch, payments and organising. Open to a quick chat?",258,"Thanks for connecting, {First}.

Quick one - we run social football games at Borough Academy, about 24 minutes' walk from your office. A few City firms use them as an easy after-work thing for colleagues: we sort the pitch, the payments and the organising, and can top the group up with our own players if numbers are short.

Is there someone at Tam Asset Management who looks after wellbeing or staff socials I should be speaking to? Happy to be pointed elsewhere.

Brian
FC Urban",,,,
Tanabe Pharma Europe,,Financial institution,EC2M 1QS,"DASHWOOD HOUSE,, LONDON",03/01/2001,FULL,64991 - Security dealing on own account | 64999 - Financial intermediation not elsewhere classified,Whitechapel,26,exact postcode,,,,,,"Hi {First} - I'm Brian from FC Urban. We run social football at Whitechapel, a 26-min walk from Tanabe Pharma Europe. Looking for someone inside the team up for starting an after-work game - we handle pitch, payments and organising. Open to a quick chat?",254,"Thanks for connecting, {First}.

Quick one - we run social football games at Whitechapel, about 26 minutes' walk from your office. A few City firms use them as an easy after-work thing for colleagues: we sort the pitch, the payments and the organising, and can top the group up with our own players if numbers are short.

Is there someone at Tanabe Pharma Europe who looks after wellbeing or staff socials I should be speaking to? Happy to be pointed elsewhere.

Brian
FC Urban",,,,
Td Bank Europe,,Financial institution,EC2R 8AP,"60 THREADNEEDLE STREET, LONDON",27/07/1992,FULL,64999 - Financial intermediation not elsewhere classified,Old St - Moreland Primary School,25,postcode district,,,,,,"Hi {First} - I'm Brian from FC Urban. We run social football at Old St - Moreland Primary School, a 25-min walk from Td Bank Europe. Looking for someone inside the team up for starting an after-work game - we handle pitch, payments and organising. Open to a quick chat?",269,"Thanks for connecting, {First}.

Quick one - we run social football games at Old St - Moreland Primary School, about 25 minutes' walk from your office. A few City firms use them as an easy after-work thing for colleagues: we sort the pitch, the payments and the organising, and can top the group up with our own players if numbers are short.

Is there someone at Td Bank Europe who looks after wellbeing or staff socials I should be speaking to? Happy to be pointed elsewhere.

Brian
FC Urban",,,,
Td Bidco,,Financial institution,EC3M 1HD,"30-40 EASTCHEAP, LONDON",29/04/2022,GROUP,64209 - Activities of other holding companies n.e.c.,Borough Academy,24,exact postcode,,,,,,"Hi {First} - I'm Brian from FC Urban. We run social football at Borough Academy, a 24-min walk from Td Bidco. Looking for someone inside the team up for starting an after-work game - we handle pitch, payments and organising. Open to a quick chat?",246,"Thanks for connecting, {First}.

Quick one - we run social football games at Borough Academy, about 24 minutes' walk from your office. A few City firms use them as an easy after-work thing for colleagues: we sort the pitch, the payments and the organising, and can top the group up with our own players if numbers are short.

Is there someone at Td Bidco who looks after wellbeing or staff socials I should be speaking to? Happy to be pointed elsewhere.

Brian
FC Urban",,,,
Td Execution Services,,Financial institution,EC2A 2DQ,"11TH FLOOR,, LONDON",29/05/2007,FULL,66120 - Security and commodity contracts dealing activities,Shoreditch Rooftop,17,postcode district,,,,,,"Hi {First} - I'm Brian from FC Urban. We run social football at Shoreditch Rooftop, a 17-min walk from Td Execution Services. Looking for someone inside the team up for starting an after-work game - we handle pitch, payments and organising. Open to a quick chat?",262,"Thanks for connecting, {First}.

Quick one - we run social football games at Shoreditch Rooftop, about 17 minutes' walk from your office. A few City firms use them as an easy after-work thing for colleagues: we sort the pitch, the payments and the organising, and can top the group up with our own players if numbers are short.

Is there someone at Td Execution Services who looks after wellbeing or staff socials I should be speaking to? Happy to be pointed elsewhere.

Brian
FC Urban",,,,
Te Investment Group Holdings,,Financial institution,EC2M 4YT,"4TH FLOOR, CITY OF LONDON",29/04/2021,GROUP,64209 - Activities of other holding companies n.e.c.,Whitechapel,23,postcode district,,,,,,"Hi {First} - I'm Brian from FC Urban. We run social football at Whitechapel, a 23-min walk from Te Investment Group Holdings. Looking for someone inside the team up for starting an after-work game - we handle pitch, payments and organising. Open to a quick chat?",262,"Thanks for connecting, {First}.

Quick one - we run social football games at Whitechapel, about 23 minutes' walk from your office. A few City firms use them as an easy after-work thing for colleagues: we sort the pitch, the payments and the organising, and can top the group up with our own players if numbers are short.

Is there someone at Te Investment Group Holdings who looks after wellbeing or staff socials I should be speaking to? Happy to be pointed elsewhere.

Brian
FC Urban",,,,
Techary Holdings,,Financial institution,EC4R 0DP,"MARTIN HOUSE, LONDON",20/06/2019,GROUP,64209 - Activities of other holding companies n.e.c.,Borough Academy,18,postcode district,,,,,,"Hi {First} - I'm Brian from FC Urban. We run social football at Borough Academy, a 18-min walk from Techary Holdings. Looking for someone inside the team up for starting an after-work game - we handle pitch, payments and organising. Open to a quick chat?",254,"Thanks for connecting, {First}.

Quick one - we run social football games at Borough Academy, about 18 minutes' walk from your office. A few City firms use them as an easy after-work thing for colleagues: we sort the pitch, the payments and the organising, and can top the group up with our own players if numbers are short.

Is there someone at Techary Holdings who looks after wellbeing or staff socials I should be speaking to? Happy to be pointed elsewhere.

Brian
FC Urban",,,,
Tellis Capital,,Financial institution,EC1N 8TE,"31-35 KIRBY STREET, LONDON",03/05/2019,GROUP,64209 - Activities of other holding companies n.e.c.,Old St - Moreland Primary School,18,postcode district,,,,,,"Hi {First} - I'm Brian from FC Urban. We run social football at Old St - Moreland Primary School, a 18-min walk from Tellis Capital. Looking for someone inside the team up for starting an after-work game - we handle pitch, payments and organising. Open to a quick chat?",269,"Thanks for connecting, {First}.

Quick one - we run social football games at Old St - Moreland Primary School, about 18 minutes' walk from your office. A few City firms use them as an easy after-work thing for colleagues: we sort the pitch, the payments and the organising, and can top the group up with our own players if numbers are short.

Is there someone at Tellis Capital who looks after wellbeing or staff socials I should be speaking to? Happy to be pointed elsewhere.

Brian
FC Urban",,,,
Tempo Partners,,Financial institution,EC3V 0EH,"4TH FLOOR 52-54, LONDON",01/05/2012,FULL,65120 - Non-life insurance | 65202 - Non-life reinsurance,Borough Academy,24,postcode district,,,,,,"Hi {First} - I'm Brian from FC Urban. We run social football at Borough Academy, a 24-min walk from Tempo Partners. Looking for someone inside the team up for starting an after-work game - we handle pitch, payments and organising. Open to a quick chat?",252,"Thanks for connecting, {First}.

Quick one - we run social football games at Borough Academy, about 24 minutes' walk from your office. A few City firms use them as an easy after-work thing for colleagues: we sort the pitch, the payments and the organising, and can top the group up with our own players if numbers are short.

Is there someone at Tempo Partners who looks after wellbeing or staff socials I should be speaking to? Happy to be pointed elsewhere.

Brian
FC Urban",,,,
Tenax Capital,,Financial institution,EC4V 6DE,"DOMINICAN HOUSE, PILGRIM STREET",30/07/2004,FULL,66300 - Fund management activities,Borough Academy,19,postcode district,,,,,,"Hi {First} - I'm Brian from FC Urban. We run social football at Borough Academy, a 19-min walk from Tenax Capital. Looking for someone inside the team up for starting an after-work game - we handle pitch, payments and organising. Open to a quick chat?",251,"Thanks for connecting, {First}.

Quick one - we run social football games at Borough Academy, about 19 minutes' walk from your office. A few City firms use them as an easy after-work thing for colleagues: we sort the pitch, the payments and the organising, and can top the group up with our own players if numbers are short.

Is there someone at Tenax Capital who looks after wellbeing or staff socials I should be speaking to? Happy to be pointed elsewhere.

Brian
FC Urban",,,,
Teneo Financial Advisory,,Accountancy / financial advisory,EC4V 6RN,"11 PILGRIM STREET, LONDON",10/02/2021,FULL,70221 - Financial management | 70229 - Management consultancy activities other than financial management,Borough Academy,19,postcode district,,,,,,"Hi {First} - I'm Brian from FC Urban. We run social football at Borough Academy, a 19-min walk from Teneo Financial Advisory. Looking for someone inside the team up for starting an after-work game - we handle pitch, payments and organising. Open to a quick chat?",262,"Thanks for connecting, {First}.

Quick one - we run social football games at Borough Academy, about 19 minutes' walk from your office. A few City firms use them as an easy after-work thing for colleagues: we sort the pitch, the payments and the organising, and can top the group up with our own players if numbers are short.

Is there someone at Teneo Financial Advisory who looks after wellbeing or staff socials I should be speaking to? Happy to be pointed elsewhere.

Brian
FC Urban",,,,
Teneo Uk Bidco,,Financial institution,EC4V 6RN,"11 PILGRIM STREET, LONDON",15/06/2019,GROUP,64205 - Activities of financial services holding companies,Borough Academy,19,postcode district,,,,,,"Hi {First} - I'm Brian from FC Urban. We run social football at Borough Academy, a 19-min walk from Teneo Uk Bidco. Looking for someone inside the team up for starting an after-work game - we handle pitch, payments and organising. Open to a quick chat?",252,"Thanks for connecting, {First}.

Quick one - we run social football games at Borough Academy, about 19 minutes' walk from your office. A few City firms use them as an easy after-work thing for colleagues: we sort the pitch, the payments and the organising, and can top the group up with our own players if numbers are short.

Is there someone at Teneo Uk Bidco who looks after wellbeing or staff socials I should be speaking to? Happy to be pointed elsewhere.

Brian
FC Urban",,,,
The Aon Mastertrustee,,Financial institution,EC3V 4AN,"THE AON CENTRE, THE LEADENHALL BUILDING, LONDON",13/11/2015,FULL,66290 - Other activities auxiliary to insurance and pension funding,Borough Academy,24,postcode district,,,,,,"Hi {First} - I'm Brian from FC Urban. We run social football at Borough Academy, a 24-min walk from The Aon Mastertrustee. Looking for someone inside the team up for starting an after-work game - we handle pitch, payments and organising. Open to a quick chat?",259,"Thanks for connecting, {First}.

Quick one - we run social football games at Borough Academy, about 24 minutes' walk from your office. A few City firms use them as an easy after-work thing for colleagues: we sort the pitch, the payments and the organising, and can top the group up with our own players if numbers are short.

Is there someone at The Aon Mastertrustee who looks after wellbeing or staff socials I should be speaking to? Happy to be pointed elsewhere.

Brian
FC Urban",,,,
The Bidvest Group (Uk),,Financial institution,EC2M 1NR,"5TH FLOOR (SOUTH), 69 OLD BROAD STREET",07/07/2017,FULL,64209 - Activities of other holding companies n.e.c.,Whitechapel,23,postcode district,,,,,,"Hi {First} - I'm Brian from FC Urban. We run social football at Whitechapel, a 23-min walk from The Bidvest Group (Uk). Looking for someone inside the team up for starting an after-work game - we handle pitch, payments and organising. Open to a quick chat?",256,"Thanks for connecting, {First}.

Quick one - we run social football games at Whitechapel, about 23 minutes' walk from your office. A few City firms use them as an easy after-work thing for colleagues: we sort the pitch, the payments and the organising, and can top the group up with our own players if numbers are short.

Is there someone at The Bidvest Group (Uk) who looks after wellbeing or staff socials I should be speaking to? Happy to be pointed elsewhere.

Brian
FC Urban",,,,
The Character Group,,Financial institution,EC2Y 9AW,"CITYPOINT 16TH FLOOR, LONDON",15/03/1995,GROUP,64209 - Activities of other holding companies n.e.c. | 70100 - Activities of head offices,Old St - Moreland Primary School,19,exact postcode,,,,,,"Hi {First} - I'm Brian from FC Urban. We run social football at Old St - Moreland Primary School, a 19-min walk from The Character Group. Looking for someone inside the team up for starting an after-work game - we handle pitch, payments and organising. Open to a quick chat?",274,"Thanks for connecting, {First}.

Quick one - we run social football games at Old St - Moreland Primary School, about 19 minutes' walk from your office. A few City firms use them as an easy after-work thing for colleagues: we sort the pitch, the payments and the organising, and can top the group up with our own players if numbers are short.

Is there someone at The Character Group who looks after wellbeing or staff socials I should be speaking to? Happy to be pointed elsewhere.

Brian
FC Urban",,,,
The Consulting Consortium,,Financial institution,EC3R 6EN,"6TH FLOOR, 10, LONDON",19/01/2001,MEDIUM,66190 - Activities auxiliary to financial intermediation n.e.c.,Borough Academy,22,postcode district,,,,,,"Hi {First} - I'm Brian from FC Urban. We run social football at Borough Academy, a 22-min walk from The Consulting Consortium. Looking for someone inside the team up for starting an after-work game - we handle pitch, payments and organising. Open to a quick chat?",263,"Thanks for connecting, {First}.

Quick one - we run social football games at Borough Academy, about 22 minutes' walk from your office. A few City firms use them as an easy after-work thing for colleagues: we sort the pitch, the payments and the organising, and can top the group up with our own players if numbers are short.

Is there someone at The Consulting Consortium who looks after wellbeing or staff socials I should be speaking to? Happy to be pointed elsewhere.

Brian
FC Urban",,,,
The Cuvva Group,,Financial institution,EC1R 0NA,"4TH FLOOR OLD SESSIONS HOUSE, LONDON",06/07/2021,GROUP,64209 - Activities of other holding companies n.e.c.,Old St - Moreland Primary School,13,exact postcode,,,,,,"Hi {First} - I'm Brian from FC Urban. We run social football at Old St - Moreland Primary School, a 13-min walk from The Cuvva Group. Looking for someone inside the team up for starting an after-work game - we handle pitch, payments and organising. Open to a quick chat?",270,"Thanks for connecting, {First}.

Quick one - we run social football games at Old St - Moreland Primary School, about 13 minutes' walk from your office. A few City firms use them as an easy after-work thing for colleagues: we sort the pitch, the payments and the organising, and can top the group up with our own players if numbers are short.

Is there someone at The Cuvva Group who looks after wellbeing or staff socials I should be speaking to? Happy to be pointed elsewhere.

Brian
FC Urban",,,,
The Entrepreneur'S Investment Office,,Financial institution,EC4A 2AB,"UNIT 107, FIRST FLOOR, LONDON",31/08/2016,FULL,66190 - Activities auxiliary to financial intermediation n.e.c.,Borough Academy,23,exact postcode,,,,,,"Hi {First} - I'm Brian from FC Urban. We run social football at Borough Academy, a 23-min walk from The Entrepreneur'S Investment Office. Looking for someone inside the team up for starting an after-work game - we handle pitch, payments and organising. Open to a quick chat?",274,"Thanks for connecting, {First}.

Quick one - we run social football games at Borough Academy, about 23 minutes' walk from your office. A few City firms use them as an easy after-work thing for colleagues: we sort the pitch, the payments and the organising, and can top the group up with our own players if numbers are short.

Is there someone at The Entrepreneur'S Investment Office who looks after wellbeing or staff socials I should be speaking to? Happy to be pointed elsewhere.

Brian
FC Urban",,,,
The Global Smaller Companies Trust,,Financial institution,EC4N 6AG,"CANNON  PLACE, LONDON",15/02/1889,FULL,64999 - Financial intermediation not elsewhere classified,Borough Academy,22,postcode district,,,,,,"Hi {First} - I'm Brian from FC Urban. We run social football at Borough Academy, a 22-min walk from The Global Smaller Companies Trust. Looking for someone inside the team up for starting an after-work game - we handle pitch, payments and organising. Open to a quick chat?",272,"Thanks for connecting, {First}.

Quick one - we run social football games at Borough Academy, about 22 minutes' walk from your office. A few City firms use them as an easy after-work thing for colleagues: we sort the pitch, the payments and the organising, and can top the group up with our own players if numbers are short.

Is there someone at The Global Smaller Companies Trust who looks after wellbeing or staff socials I should be speaking to? Happy to be pointed elsewhere.

Brian
FC Urban",,,,
The Mailing Room Holdings,,Financial institution,EC1R 3BX,"C/O BEVAN KIDWELL, LONDON",18/03/1998,GROUP,64209 - Activities of other holding companies n.e.c.,Old St - Moreland Primary School,14,exact postcode,,,,,,"Hi {First} - I'm Brian from FC Urban. We run social football at Old St - Moreland Primary School, a 14-min walk from The Mailing Room Holdings. Looking for someone inside the team up for starting an after-work game - we handle pitch, payments and organising. Open to a quick chat?",280,"Thanks for connecting, {First}.

Quick one - we run social football games at Old St - Moreland Primary School, about 14 minutes' walk from your office. A few City firms use them as an easy after-work thing for colleagues: we sort the pitch, the payments and the organising, and can top the group up with our own players if numbers are short.

Is there someone at The Mailing Room Holdings who looks after wellbeing or staff socials I should be speaking to? Happy to be pointed elsewhere.

Brian
FC Urban",,,,
The Mailing Room,,Financial institution,EC1R 3BX,"C/O BEVAN KIDWELL, LONDON",09/02/1999,FULL,64910 - Financial leasing,Old St - Moreland Primary School,14,exact postcode,,,,,,"Hi {First} - I'm Brian from FC Urban. We run social football at Old St - Moreland Primary School, a 14-min walk from The Mailing Room. Looking for someone inside the team up for starting an after-work game - we handle pitch, payments and organising. Open to a quick chat?",271,"Thanks for connecting, {First}.

Quick one - we run social football games at Old St - Moreland Primary School, about 14 minutes' walk from your office. A few City firms use them as an easy after-work thing for colleagues: we sort the pitch, the payments and the organising, and can top the group up with our own players if numbers are short.

Is there someone at The Mailing Room who looks after wellbeing or staff socials I should be speaking to? Happy to be pointed elsewhere.

Brian
FC Urban",,,,
The Oversight Trust-Assets For The Common Good,,Financial institution,EC1Y 8RN,"SCRIPT, LONDON",20/04/2011,GROUP,64209 - Activities of other holding companies n.e.c.,Old St - Moreland Primary School,14,postcode district,,,,,,"Hi {First} - Brian from FC Urban. We run social football at Old St - Moreland Primary School, a 14-min walk from your office. Anyone at The Oversight Trust-Assets For The Common Good up for starting an after-work game? We handle pitch, payments and organising.",260,"Thanks for connecting, {First}.

Quick one - we run social football games at Old St - Moreland Primary School, about 14 minutes' walk from your office. A few City firms use them as an easy after-work thing for colleagues: we sort the pitch, the payments and the organising, and can top the group up with our own players if numbers are short.

Is there someone at The Oversight Trust-Assets For The Common Good who looks after wellbeing or staff socials I should be speaking to? Happy to be pointed elsewhere.

Brian
FC Urban",,,,
The Pure Holding Group,,Financial institution,EC3V 3LT,"1 ROYAL EXCHANGE AVENUE, LONDON",25/01/2022,GROUP,64209 - Activities of other holding companies n.e.c.,Borough Academy,24,postcode district,,,,,,"Hi {First} - I'm Brian from FC Urban. We run social football at Borough Academy, a 24-min walk from The Pure Holding Group. Looking for someone inside the team up for starting an after-work game - we handle pitch, payments and organising. Open to a quick chat?",260,"Thanks for connecting, {First}.

Quick one - we run social football games at Borough Academy, about 24 minutes' walk from your office. A few City firms use them as an easy after-work thing for colleagues: we sort the pitch, the payments and the organising, and can top the group up with our own players if numbers are short.

Is there someone at The Pure Holding Group who looks after wellbeing or staff socials I should be speaking to? Happy to be pointed elsewhere.

Brian
FC Urban",,,,
The Standard Club Uk,,Financial institution,EC3R 7AG,"THE MINSTER BUILDING, LONDON",08/02/1883,FULL,65120 - Non-life insurance,Borough Academy,22,postcode district,,,,,,"Hi {First} - I'm Brian from FC Urban. We run social football at Borough Academy, a 22-min walk from The Standard Club Uk. Looking for someone inside the team up for starting an after-work game - we handle pitch, payments and organising. Open to a quick chat?",258,"Thanks for connecting, {First}.

Quick one - we run social football games at Borough Academy, about 22 minutes' walk from your office. A few City firms use them as an easy after-work thing for colleagues: we sort the pitch, the payments and the organising, and can top the group up with our own players if numbers are short.

Is there someone at The Standard Club Uk who looks after wellbeing or staff socials I should be speaking to? Happy to be pointed elsewhere.

Brian
FC Urban",,,,
The Trafford Centre Holdings,,Financial institution,EC2V 6AX,"SECOND FLOOR, CHEYNE HOUSE CROWN COURT, LONDON",28/06/1999,FULL,64209 - Activities of other holding companies n.e.c.,Borough Academy,23,postcode district,,,,,,"Hi {First} - I'm Brian from FC Urban. We run social football at Borough Academy, a 23-min walk from The Trafford Centre Holdings. Looking for someone inside the team up for starting an after-work game - we handle pitch, payments and organising. Open to a quick chat?",266,"Thanks for connecting, {First}.

Quick one - we run social football games at Borough Academy, about 23 minutes' walk from your office. A few City firms use them as an easy after-work thing for colleagues: we sort the pitch, the payments and the organising, and can top the group up with our own players if numbers are short.

Is there someone at The Trafford Centre Holdings who looks after wellbeing or staff socials I should be speaking to? Happy to be pointed elsewhere.

Brian
FC Urban",,,,
The Trafford Centre Investments,,Financial institution,EC2V 6AX,"SECOND FLOOR, CHEYNE HOUSE CROWN COURT, LONDON",04/08/1999,FULL,64209 - Activities of other holding companies n.e.c.,Borough Academy,23,postcode district,,,,,,"Hi {First} - I'm Brian from FC Urban. We run social football at Borough Academy, a 23-min walk from The Trafford Centre Investments. Looking for someone inside the team up for starting an after-work game - we handle pitch, payments and organising. Open to a quick chat?",269,"Thanks for connecting, {First}.

Quick one - we run social football games at Borough Academy, about 23 minutes' walk from your office. A few City firms use them as an easy after-work thing for colleagues: we sort the pitch, the payments and the organising, and can top the group up with our own players if numbers are short.

Is there someone at The Trafford Centre Investments who looks after wellbeing or staff socials I should be speaking to? Happy to be pointed elsewhere.

Brian
FC Urban",,,,
The Workshop Ventures,,Financial institution,EC4A 1EN,"FETTER YARD 86 FETTER LANE, LONDON",08/09/2015,GROUP,64209 - Activities of other holding companies n.e.c.,Old St - Moreland Primary School,23,exact postcode,,,,,,"Hi {First} - I'm Brian from FC Urban. We run social football at Old St - Moreland Primary School, a 23-min walk from The Workshop Ventures. Looking for someone inside the team up for starting an after-work game - we handle pitch, payments and organising. Open to a quick chat?",276,"Thanks for connecting, {First}.

Quick one - we run social football games at Old St - Moreland Primary School, about 23 minutes' walk from your office. A few City firms use them as an easy after-work thing for colleagues: we sort the pitch, the payments and the organising, and can top the group up with our own players if numbers are short.

Is there someone at The Workshop Ventures who looks after wellbeing or staff socials I should be speaking to? Happy to be pointed elsewhere.

Brian
FC Urban",,,,
Third Platform Services,,Financial institution,EC3R 6DL,"8TH FLOOR CENTENNIUM HOUSE, LONDON",13/05/2015,FULL,66190 - Activities auxiliary to financial intermediation n.e.c.,Borough Academy,22,exact postcode,,,,,,"Hi {First} - I'm Brian from FC Urban. We run social football at Borough Academy, a 22-min walk from Third Platform Services. Looking for someone inside the team up for starting an after-work game - we handle pitch, payments and organising. Open to a quick chat?",261,"Thanks for connecting, {First}.

Quick one - we run social football games at Borough Academy, about 22 minutes' walk from your office. A few City firms use them as an easy after-work thing for colleagues: we sort the pitch, the payments and the organising, and can top the group up with our own players if numbers are short.

Is there someone at Third Platform Services who looks after wellbeing or staff socials I should be speaking to? Happy to be pointed elsewhere.

Brian
FC Urban",,,,
Thistle Initiatives Group,,Financial institution,EC4M 8AY,"4 ST. PAUL'S CHURCHYARD, LONDON",27/11/2020,GROUP,64209 - Activities of other holding companies n.e.c.,Borough Academy,22,postcode district,,,,,,"Hi {First} - I'm Brian from FC Urban. We run social football at Borough Academy, a 22-min walk from Thistle Initiatives Group. Looking for someone inside the team up for starting an after-work game - we handle pitch, payments and organising. Open to a quick chat?",263,"Thanks for connecting, {First}.

Quick one - we run social football games at Borough Academy, about 22 minutes' walk from your office. A few City firms use them as an easy after-work thing for colleagues: we sort the pitch, the payments and the organising, and can top the group up with our own players if numbers are short.

Is there someone at Thistle Initiatives Group who looks after wellbeing or staff socials I should be speaking to? Happy to be pointed elsewhere.

Brian
FC Urban",,,,
Three60 Energy,,Financial institution,EC1A 7BN,"C/O BRODIES LLP, LONDON",08/09/2016,GROUP,64209 - Activities of other holding companies n.e.c.,Old St - Moreland Primary School,19,exact postcode,,,,,,"Hi {First} - I'm Brian from FC Urban. We run social football at Old St - Moreland Primary School, a 19-min walk from Three60 Energy. Looking for someone inside the team up for starting an after-work game - we handle pitch, payments and organising. Open to a quick chat?",269,"Thanks for connecting, {First}.

Quick one - we run social football games at Old St - Moreland Primary School, about 19 minutes' walk from your office. A few City firms use them as an easy after-work thing for colleagues: we sort the pitch, the payments and the organising, and can top the group up with our own players if numbers are short.

Is there someone at Three60 Energy who looks after wellbeing or staff socials I should be speaking to? Happy to be pointed elsewhere.

Brian
FC Urban",,,,
Three60 Epcc Holdings,,Financial institution,EC1A 7BN,"C/O BRODIES LLP, LONDON",11/01/2018,FULL,64209 - Activities of other holding companies n.e.c.,Old St - Moreland Primary School,19,exact postcode,,,,,,"Hi {First} - I'm Brian from FC Urban. We run social football at Old St - Moreland Primary School, a 19-min walk from Three60 Epcc Holdings. Looking for someone inside the team up for starting an after-work game - we handle pitch, payments and organising. Open to a quick chat?",276,"Thanks for connecting, {First}.

Quick one - we run social football games at Old St - Moreland Primary School, about 19 minutes' walk from your office. A few City firms use them as an easy after-work thing for colleagues: we sort the pitch, the payments and the organising, and can top the group up with our own players if numbers are short.

Is there someone at Three60 Epcc Holdings who looks after wellbeing or staff socials I should be speaking to? Happy to be pointed elsewhere.

Brian
FC Urban",,,,
Thurcom,,Financial institution,EC2N 4BQ,"C/O SKADDEN, ARPS, SLATE, MEAGHER & FLOM (UK) LLP, LONDON",09/05/2011,FULL,64209 - Activities of other holding companies n.e.c.,Whitechapel,26,exact postcode,,,,,,"Hi {First} - I'm Brian from FC Urban. We run social football at Whitechapel, a 26-min walk from Thurcom. Looking for someone inside the team up for starting an after-work game - we handle pitch, payments and organising. Open to a quick chat?",241,"Thanks for connecting, {First}.

Quick one - we run social football games at Whitechapel, about 26 minutes' walk from your office. A few City firms use them as an easy after-work thing for colleagues: we sort the pitch, the payments and the organising, and can top the group up with our own players if numbers are short.

Is there someone at Thurcom who looks after wellbeing or staff socials I should be speaking to? Happy to be pointed elsewhere.

Brian
FC Urban",,,,
Tibra Equities Europe,,Financial institution,EC1M 4HF,"52-54 ST. JOHN STREET, LONDON",14/06/2010,FULL,64205 - Activities of financial services holding companies,Old St - Moreland Primary School,13,postcode district,,,,,,"Hi {First} - I'm Brian from FC Urban. We run social football at Old St - Moreland Primary School, a 13-min walk from Tibra Equities Europe. Looking for someone inside the team up for starting an after-work game - we handle pitch, payments and organising. Open to a quick chat?",276,"Thanks for connecting, {First}.

Quick one - we run social football games at Old St - Moreland Primary School, about 13 minutes' walk from your office. A few City firms use them as an easy after-work thing for colleagues: we sort the pitch, the payments and the organising, and can top the group up with our own players if numbers are short.

Is there someone at Tibra Equities Europe who looks after wellbeing or staff socials I should be speaking to? Happy to be pointed elsewhere.

Brian
FC Urban",,,,
Tibra Trading Europe,,Financial institution,EC1M 4HF,"52-54 ST. JOHN STREET, LONDON",23/01/2007,FULL,64205 - Activities of financial services holding companies,Old St - Moreland Primary School,13,postcode district,,,,,,"Hi {First} - I'm Brian from FC Urban. We run social football at Old St - Moreland Primary School, a 13-min walk from Tibra Trading Europe. Looking for someone inside the team up for starting an after-work game - we handle pitch, payments and organising. Open to a quick chat?",275,"Thanks for connecting, {First}.

Quick one - we run social football games at Old St - Moreland Primary School, about 13 minutes' walk from your office. A few City firms use them as an easy after-work thing for colleagues: we sort the pitch, the payments and the organising, and can top the group up with our own players if numbers are short.

Is there someone at Tibra Trading Europe who looks after wellbeing or staff socials I should be speaking to? Happy to be pointed elsewhere.

Brian
FC Urban",,,,
Tickmill Uk,,Financial institution,EC2M 4YN,"FIRST FLOOR, THE BENGAL WING, 9A, LONDON",14/05/2015,FULL,66120 - Security and commodity contracts dealing activities,Whitechapel,23,postcode district,,,,,,"Hi {First} - I'm Brian from FC Urban. We run social football at Whitechapel, a 23-min walk from Tickmill Uk. Looking for someone inside the team up for starting an after-work game - we handle pitch, payments and organising. Open to a quick chat?",245,"Thanks for connecting, {First}.

Quick one - we run social football games at Whitechapel, about 23 minutes' walk from your office. A few City firms use them as an easy after-work thing for colleagues: we sort the pitch, the payments and the organising, and can top the group up with our own players if numbers are short.

Is there someone at Tickmill Uk who looks after wellbeing or staff socials I should be speaking to? Happy to be pointed elsewhere.

Brian
FC Urban",,,,
Tilbury Douglas Holdings,,Financial institution,EC3M 1HD,"1ST FLOOR, 30-40, LONDON",07/05/2019,GROUP,64209 - Activities of other holding companies n.e.c.,Borough Academy,24,exact postcode,,,,,,"Hi {First} - I'm Brian from FC Urban. We run social football at Borough Academy, a 24-min walk from Tilbury Douglas Holdings. Looking for someone inside the team up for starting an after-work game - we handle pitch, payments and organising. Open to a quick chat?",262,"Thanks for connecting, {First}.

Quick one - we run social football games at Borough Academy, about 24 minutes' walk from your office. A few City firms use them as an easy after-work thing for colleagues: we sort the pitch, the payments and the organising, and can top the group up with our own players if numbers are short.

Is there someone at Tilbury Douglas Holdings who looks after wellbeing or staff socials I should be speaking to? Happy to be pointed elsewhere.

Brian
FC Urban",,,,
Tipalti Europe,,Financial institution,EC3M 1DT,"THE MONUMENT, LONDON",19/02/2020,FULL,64999 - Financial intermediation not elsewhere classified,Borough Academy,24,exact postcode,,,,,,"Hi {First} - I'm Brian from FC Urban. We run social football at Borough Academy, a 24-min walk from Tipalti Europe. Looking for someone inside the team up for starting an after-work game - we handle pitch, payments and organising. Open to a quick chat?",252,"Thanks for connecting, {First}.

Quick one - we run social football games at Borough Academy, about 24 minutes' walk from your office. A few City firms use them as an easy after-work thing for colleagues: we sort the pitch, the payments and the organising, and can top the group up with our own players if numbers are short.

Is there someone at Tipalti Europe who looks after wellbeing or staff socials I should be speaking to? Happy to be pointed elsewhere.

Brian
FC Urban",,,,
Tokai Tokyo Securities Europe,,Financial institution,EC2M 5QQ,"4TH FLOOR SALISBURY HOUSE, LONDON",01/09/2006,FULL,64991 - Security dealing on own account,Whitechapel,23,postcode district,,,,,,"Hi {First} - I'm Brian from FC Urban. We run social football at Whitechapel, a 23-min walk from Tokai Tokyo Securities Europe. Looking for someone inside the team up for starting an after-work game - we handle pitch, payments and organising. Open to a quick chat?",263,"Thanks for connecting, {First}.

Quick one - we run social football games at Whitechapel, about 23 minutes' walk from your office. A few City firms use them as an easy after-work thing for colleagues: we sort the pitch, the payments and the organising, and can top the group up with our own players if numbers are short.

Is there someone at Tokai Tokyo Securities Europe who looks after wellbeing or staff socials I should be speaking to? Happy to be pointed elsewhere.

Brian
FC Urban",,,,
Total Risk Solutions (London),,Financial institution,EC3V 3QQ,"78 CORNHILL, LONDON",05/06/2000,FULL,65202 - Non-life reinsurance,Borough Academy,26,exact postcode,,,,,,"Hi {First} - I'm Brian from FC Urban. We run social football at Borough Academy, a 26-min walk from Total Risk Solutions (London). Looking for someone inside the team up for starting an after-work game - we handle pitch, payments and organising. Open to a quick chat?",267,"Thanks for connecting, {First}.

Quick one - we run social football games at Borough Academy, about 26 minutes' walk from your office. A few City firms use them as an easy after-work thing for colleagues: we sort the pitch, the payments and the organising, and can top the group up with our own players if numbers are short.

Is there someone at Total Risk Solutions (London) who looks after wellbeing or staff socials I should be speaking to? Happy to be pointed elsewhere.

Brian
FC Urban",,,,
Tower Research Capital Europe,,Financial institution,EC3R 7AG,"THE MINSTER BUILDING, LONDON",22/11/2006,FULL,64991 - Security dealing on own account,Borough Academy,22,postcode district,,,,,,"Hi {First} - I'm Brian from FC Urban. We run social football at Borough Academy, a 22-min walk from Tower Research Capital Europe. Looking for someone inside the team up for starting an after-work game - we handle pitch, payments and organising. Open to a quick chat?",267,"Thanks for connecting, {First}.

Quick one - we run social football games at Borough Academy, about 22 minutes' walk from your office. A few City firms use them as an easy after-work thing for colleagues: we sort the pitch, the payments and the organising, and can top the group up with our own players if numbers are short.

Is there someone at Tower Research Capital Europe who looks after wellbeing or staff socials I should be speaking to? Happy to be pointed elsewhere.

Brian
FC Urban",,,,
Tower Trading Group,,Financial institution,EC2N 1HT,"30 OLD BROAD STREET, LONDON",27/10/2008,GROUP,66120 - Security and commodity contracts dealing activities,Whitechapel,26,postcode district,,,,,,"Hi {First} - I'm Brian from FC Urban. We run social football at Whitechapel, a 26-min walk from Tower Trading Group. Looking for someone inside the team up for starting an after-work game - we handle pitch, payments and organising. Open to a quick chat?",253,"Thanks for connecting, {First}.

Quick one - we run social football games at Whitechapel, about 26 minutes' walk from your office. A few City firms use them as an easy after-work thing for colleagues: we sort the pitch, the payments and the organising, and can top the group up with our own players if numbers are short.

Is there someone at Tower Trading Group who looks after wellbeing or staff socials I should be speaking to? Happy to be pointed elsewhere.

Brian
FC Urban",,,,
Trading 212 Group,,Financial institution,EC4N 1TX,"10-15 QUEEN STREET, LONDON",19/02/2016,GROUP,64205 - Activities of financial services holding companies,Borough Academy,22,postcode district,,,,,,"Hi {First} - I'm Brian from FC Urban. We run social football at Borough Academy, a 22-min walk from Trading 212 Group. Looking for someone inside the team up for starting an after-work game - we handle pitch, payments and organising. Open to a quick chat?",255,"Thanks for connecting, {First}.

Quick one - we run social football games at Borough Academy, about 22 minutes' walk from your office. A few City firms use them as an easy after-work thing for colleagues: we sort the pitch, the payments and the organising, and can top the group up with our own players if numbers are short.

Is there someone at Trading 212 Group who looks after wellbeing or staff socials I should be speaking to? Happy to be pointed elsewhere.

Brian
FC Urban",,,,
Trading 212 Uk,,Financial institution,EC4N 1TX,"10-15 QUEEN STREET, LONDON",28/06/2013,FULL,64999 - Financial intermediation not elsewhere classified,Borough Academy,22,postcode district,,,,,,"Hi {First} - I'm Brian from FC Urban. We run social football at Borough Academy, a 22-min walk from Trading 212 Uk. Looking for someone inside the team up for starting an after-work game - we handle pitch, payments and organising. Open to a quick chat?",252,"Thanks for connecting, {First}.

Quick one - we run social football games at Borough Academy, about 22 minutes' walk from your office. A few City firms use them as an easy after-work thing for colleagues: we sort the pitch, the payments and the organising, and can top the group up with our own players if numbers are short.

Is there someone at Trading 212 Uk who looks after wellbeing or staff socials I should be speaking to? Happy to be pointed elsewhere.

Brian
FC Urban",,,,
Trafalgar Capital Management,,Financial institution,EC3M 1DT,"33 EASTCHEAP, LONDON",20/12/2000,GROUP,66120 - Security and commodity contracts dealing activities,Borough Academy,24,exact postcode,,,,,,"Hi {First} - I'm Brian from FC Urban. We run social football at Borough Academy, a 24-min walk from Trafalgar Capital Management. Looking for someone inside the team up for starting an after-work game - we handle pitch, payments and organising. Open to a quick chat?",266,"Thanks for connecting, {First}.

Quick one - we run social football games at Borough Academy, about 24 minutes' walk from your office. A few City firms use them as an easy after-work thing for colleagues: we sort the pitch, the payments and the organising, and can top the group up with our own players if numbers are short.

Is there someone at Trafalgar Capital Management who looks after wellbeing or staff socials I should be speaking to? Happy to be pointed elsewhere.

Brian
FC Urban",,,,
Trafford Centre Group (Uk),,Financial institution,EC2V 6AX,"SECOND FLOOR, CHEYNE HOUSE CROWN COURT, LONDON",08/06/2004,FULL,64209 - Activities of other holding companies n.e.c.,Borough Academy,23,postcode district,,,,,,"Hi {First} - I'm Brian from FC Urban. We run social football at Borough Academy, a 23-min walk from Trafford Centre Group (Uk). Looking for someone inside the team up for starting an after-work game - we handle pitch, payments and organising. Open to a quick chat?",264,"Thanks for connecting, {First}.

Quick one - we run social football games at Borough Academy, about 23 minutes' walk from your office. A few City firms use them as an easy after-work thing for colleagues: we sort the pitch, the payments and the organising, and can top the group up with our own players if numbers are short.

Is there someone at Trafford Centre Group (Uk) who looks after wellbeing or staff socials I should be speaking to? Happy to be pointed elsewhere.

Brian
FC Urban",,,,
Transferto Mobile Financial Services,,Financial institution,EC3A 8BE,"OFFICE 302, LONDON",12/08/2014,FULL,61900 - Other telecommunications activities | 64999 - Financial intermediation not elsewhere classified,Whitechapel,22,postcode district,,,,,,"Hi {First} - I'm Brian from FC Urban. We run social football at Whitechapel, a 22-min walk from Transferto Mobile Financial Services. Looking for someone inside the team up for starting an after-work game - we handle pitch, payments and organising. Open to a quick chat?",270,"Thanks for connecting, {First}.

Quick one - we run social football games at Whitechapel, about 22 minutes' walk from your office. A few City firms use them as an easy after-work thing for colleagues: we sort the pitch, the payments and the organising, and can top the group up with our own players if numbers are short.

Is there someone at Transferto Mobile Financial Services who looks after wellbeing or staff socials I should be speaking to? Happy to be pointed elsewhere.

Brian
FC Urban",,,,
Travco Group,,Financial institution,EC2A 4UX,"TRAVCO HOUSE, LONDON",23/10/2014,GROUP,64209 - Activities of other holding companies n.e.c.,Shoreditch Rooftop,17,postcode district,,,,,,"Hi {First} - I'm Brian from FC Urban. We run social football at Shoreditch Rooftop, a 17-min walk from Travco Group. Looking for someone inside the team up for starting an after-work game - we handle pitch, payments and organising. Open to a quick chat?",253,"Thanks for connecting, {First}.

Quick one - we run social football games at Shoreditch Rooftop, about 17 minutes' walk from your office. A few City firms use them as an easy after-work thing for colleagues: we sort the pitch, the payments and the organising, and can top the group up with our own players if numbers are short.

Is there someone at Travco Group who looks after wellbeing or staff socials I should be speaking to? Happy to be pointed elsewhere.

Brian
FC Urban",,,,
Treimco,,Financial institution,EC3V 0BT,"C/O MR N WOOD 5TH FLOOR, LONDON",30/10/2009,FULL,65120 - Non-life insurance | 65202 - Non-life reinsurance,Borough Academy,22,exact postcode,,,,,,"Hi {First} - I'm Brian from FC Urban. We run social football at Borough Academy, a 22-min walk from Treimco. Looking for someone inside the team up for starting an after-work game - we handle pitch, payments and organising. Open to a quick chat?",245,"Thanks for connecting, {First}.

Quick one - we run social football games at Borough Academy, about 22 minutes' walk from your office. A few City firms use them as an easy after-work thing for colleagues: we sort the pitch, the payments and the organising, and can top the group up with our own players if numbers are short.

Is there someone at Treimco who looks after wellbeing or staff socials I should be speaking to? Happy to be pointed elsewhere.

Brian
FC Urban",,,,
Triton Knoll Ofto Bidco,,Financial institution,EC1A 4HD,"3RD FLOOR (SOUTH), LONDON",30/05/2022,GROUP,64209 - Activities of other holding companies n.e.c.,Old St - Moreland Primary School,19,exact postcode,,,,,,"Hi {First} - I'm Brian from FC Urban. We run social football at Old St - Moreland Primary School, a 19-min walk from Triton Knoll Ofto Bidco. Looking for someone inside the team up for starting an after-work game - we handle pitch, payments and organising. Open to a quick chat?",278,"Thanks for connecting, {First}.

Quick one - we run social football games at Old St - Moreland Primary School, about 19 minutes' walk from your office. A few City firms use them as an easy after-work thing for colleagues: we sort the pitch, the payments and the organising, and can top the group up with our own players if numbers are short.

Is there someone at Triton Knoll Ofto Bidco who looks after wellbeing or staff socials I should be speaking to? Happy to be pointed elsewhere.

Brian
FC Urban",,,,
Trium Holdings,,Financial institution,EC2V 7BB,"60 GRESHAM STREET, LONDON",09/07/2013,GROUP,64205 - Activities of financial services holding companies,Borough Academy,23,postcode district,,,,,,"Hi {First} - I'm Brian from FC Urban. We run social football at Borough Academy, a 23-min walk from Trium Holdings. Looking for someone inside the team up for starting an after-work game - we handle pitch, payments and organising. Open to a quick chat?",252,"Thanks for connecting, {First}.

Quick one - we run social football games at Borough Academy, about 23 minutes' walk from your office. A few City firms use them as an easy after-work thing for colleagues: we sort the pitch, the payments and the organising, and can top the group up with our own players if numbers are short.

Is there someone at Trium Holdings who looks after wellbeing or staff socials I should be speaking to? Happy to be pointed elsewhere.

Brian
FC Urban",,,,
Truelayer Group Holdings,,Financial institution,EC2A 1PX,"PART GROUND FLOOR (EAST), FLOORS 6 AND 7, 40 FINSBURY SQUARE",05/03/2020,GROUP,64205 - Activities of financial services holding companies,Shoreditch Rooftop,17,postcode district,,,,,,"Hi {First} - I'm Brian from FC Urban. We run social football at Shoreditch Rooftop, a 17-min walk from Truelayer Group Holdings. Looking for someone inside the team up for starting an after-work game - we handle pitch, payments and organising. Open to a quick chat?",265,"Thanks for connecting, {First}.

Quick one - we run social football games at Shoreditch Rooftop, about 17 minutes' walk from your office. A few City firms use them as an easy after-work thing for colleagues: we sort the pitch, the payments and the organising, and can top the group up with our own players if numbers are short.

Is there someone at Truelayer Group Holdings who looks after wellbeing or staff socials I should be speaking to? Happy to be pointed elsewhere.

Brian
FC Urban",,,,
Trustpilot Group,,Financial institution,EC3R 7AG,"5TH FLOOR THE MINSTER BUILDING, LONDON",08/02/2021,GROUP,64209 - Activities of other holding companies n.e.c.,Borough Academy,22,postcode district,,,,,,"Hi {First} - I'm Brian from FC Urban. We run social football at Borough Academy, a 22-min walk from Trustpilot Group. Looking for someone inside the team up for starting an after-work game - we handle pitch, payments and organising. Open to a quick chat?",254,"Thanks for connecting, {First}.

Quick one - we run social football games at Borough Academy, about 22 minutes' walk from your office. A few City firms use them as an easy after-work thing for colleagues: we sort the pitch, the payments and the organising, and can top the group up with our own players if numbers are short.

Is there someone at Trustpilot Group who looks after wellbeing or staff socials I should be speaking to? Happy to be pointed elsewhere.

Brian
FC Urban",,,,
Truworths Uk Holdco 1,,Financial institution,EC1V 9BP,"CLASSIC HOUSE MARTHA'S BUILDINGS, LONDON",16/07/2015,GROUP,64209 - Activities of other holding companies n.e.c.,Old St - Moreland Primary School,11,exact postcode,,,,,,"Hi {First} - I'm Brian from FC Urban. We run social football at Old St - Moreland Primary School, a 11-min walk from Truworths Uk Holdco 1. Looking for someone inside the team up for starting an after-work game - we handle pitch, payments and organising. Open to a quick chat?",276,"Thanks for connecting, {First}.

Quick one - we run social football games at Old St - Moreland Primary School, about 11 minutes' walk from your office. A few City firms use them as an easy after-work thing for colleagues: we sort the pitch, the payments and the organising, and can top the group up with our own players if numbers are short.

Is there someone at Truworths Uk Holdco 1 who looks after wellbeing or staff socials I should be speaking to? Happy to be pointed elsewhere.

Brian
FC Urban",,,,
Tsys International Management,,Financial institution,EC4N 8AF,"C/O FIS CORPORATE GOVERNANCE THE WALBROOK BUILDING, LONDON",23/12/2013,FULL,64205 - Activities of financial services holding companies,Borough Academy,22,postcode district,,,,,,"Hi {First} - I'm Brian from FC Urban. We run social football at Borough Academy, a 22-min walk from Tsys International Management. Looking for someone inside the team up for starting an after-work game - we handle pitch, payments and organising. Open to a quick chat?",267,"Thanks for connecting, {First}.

Quick one - we run social football games at Borough Academy, about 22 minutes' walk from your office. A few City firms use them as an easy after-work thing for colleagues: we sort the pitch, the payments and the organising, and can top the group up with our own players if numbers are short.

Is there someone at Tsys International Management who looks after wellbeing or staff socials I should be speaking to? Happy to be pointed elsewhere.

Brian
FC Urban",,,,
Tsys Managed Services Emea,,Financial institution,EC4N 8AF,"C/O F I S CORPORATE GOVERNANCE THE WALBROOK BUILDING, LONDON",26/09/2006,FULL,64999 - Financial intermediation not elsewhere classified,Borough Academy,22,postcode district,,,,,,"Hi {First} - I'm Brian from FC Urban. We run social football at Borough Academy, a 22-min walk from Tsys Managed Services Emea. Looking for someone inside the team up for starting an after-work game - we handle pitch, payments and organising. Open to a quick chat?",264,"Thanks for connecting, {First}.

Quick one - we run social football games at Borough Academy, about 22 minutes' walk from your office. A few City firms use them as an easy after-work thing for colleagues: we sort the pitch, the payments and the organising, and can top the group up with our own players if numbers are short.

Is there someone at Tsys Managed Services Emea who looks after wellbeing or staff socials I should be speaking to? Happy to be pointed elsewhere.

Brian
FC Urban",,,,
Tt Crosby,,Financial institution,EC2R 8HP,"62 THREADNEEDLE STREET, LONDON",26/10/1987,FULL,64209 - Activities of other holding companies n.e.c.,Old St - Moreland Primary School,25,postcode district,,,,,,"Hi {First} - I'm Brian from FC Urban. We run social football at Old St - Moreland Primary School, a 25-min walk from Tt Crosby. Looking for someone inside the team up for starting an after-work game - we handle pitch, payments and organising. Open to a quick chat?",264,"Thanks for connecting, {First}.

Quick one - we run social football games at Old St - Moreland Primary School, about 25 minutes' walk from your office. A few City firms use them as an easy after-work thing for colleagues: we sort the pitch, the payments and the organising, and can top the group up with our own players if numbers are short.

Is there someone at Tt Crosby who looks after wellbeing or staff socials I should be speaking to? Happy to be pointed elsewhere.

Brian
FC Urban",,,,
Tt International Asset Management,,Financial institution,EC2R 8HP,"62 THREADNEEDLE STREET, LONDON",09/07/2019,GROUP,66300 - Fund management activities,Old St - Moreland Primary School,25,postcode district,,,,,,"Hi {First} - I'm Brian from FC Urban. We run social football at Old St - Moreland Primary School, a 25-min walk from Tt International Asset Management. Looking for someone inside the team up for starting an after-work game - we handle pitch, payments and organising. Open to a quick chat?",288,"Thanks for connecting, {First}.

Quick one - we run social football games at Old St - Moreland Primary School, about 25 minutes' walk from your office. A few City firms use them as an easy after-work thing for colleagues: we sort the pitch, the payments and the organising, and can top the group up with our own players if numbers are short.

Is there someone at Tt International Asset Management who looks after wellbeing or staff socials I should be speaking to? Happy to be pointed elsewhere.

Brian
FC Urban",,,,
Ttg Capital,,Financial institution,EC2N 1HT,"30 OLD BROAD STREET, LONDON",20/01/2017,FULL,66120 - Security and commodity contracts dealing activities,Whitechapel,26,postcode district,,,,,,"Hi {First} - I'm Brian from FC Urban. We run social football at Whitechapel, a 26-min walk from Ttg Capital. Looking for someone inside the team up for starting an after-work game - we handle pitch, payments and organising. Open to a quick chat?",245,"Thanks for connecting, {First}.

Quick one - we run social football games at Whitechapel, about 26 minutes' walk from your office. A few City firms use them as an easy after-work thing for colleagues: we sort the pitch, the payments and the organising, and can top the group up with our own players if numbers are short.

Is there someone at Ttg Capital who looks after wellbeing or staff socials I should be speaking to? Happy to be pointed elsewhere.

Brian
FC Urban",,,,
Tungsten Ten,,Financial institution,EC4R 0BL,"POUNTNEY HILL HOUSE, LONDON",02/02/2012,FULL,64999 - Financial intermediation not elsewhere classified,Borough Academy,18,postcode district,,,,,,"Hi {First} - I'm Brian from FC Urban. We run social football at Borough Academy, a 18-min walk from Tungsten Ten. Looking for someone inside the team up for starting an after-work game - we handle pitch, payments and organising. Open to a quick chat?",250,"Thanks for connecting, {First}.

Quick one - we run social football games at Borough Academy, about 18 minutes' walk from your office. A few City firms use them as an easy after-work thing for colleagues: we sort the pitch, the payments and the organising, and can top the group up with our own players if numbers are short.

Is there someone at Tungsten Ten who looks after wellbeing or staff socials I should be speaking to? Happy to be pointed elsewhere.

Brian
FC Urban",,,,
Turquoise Global Holdings,,Financial institution,EC4M 7LS,"THE LONDON STOCK EXCHANGE, LONDON",11/12/2009,FULL,64999 - Financial intermediation not elsewhere classified,Borough Academy,22,postcode district,,,,,,"Hi {First} - I'm Brian from FC Urban. We run social football at Borough Academy, a 22-min walk from Turquoise Global Holdings. Looking for someone inside the team up for starting an after-work game - we handle pitch, payments and organising. Open to a quick chat?",263,"Thanks for connecting, {First}.

Quick one - we run social football games at Borough Academy, about 22 minutes' walk from your office. A few City firms use them as an easy after-work thing for colleagues: we sort the pitch, the payments and the organising, and can top the group up with our own players if numbers are short.

Is there someone at Turquoise Global Holdings who looks after wellbeing or staff socials I should be speaking to? Happy to be pointed elsewhere.

Brian
FC Urban",,,,
Twp Uk Holdings,,Financial institution,EC4A 3BA,"5 PEMBERTON ROW, LONDON",13/04/2015,GROUP,64209 - Activities of other holding companies n.e.c.,Old St - Moreland Primary School,24,postcode district,,,,,,"Hi {First} - I'm Brian from FC Urban. We run social football at Old St - Moreland Primary School, a 24-min walk from Twp Uk Holdings. Looking for someone inside the team up for starting an after-work game - we handle pitch, payments and organising. Open to a quick chat?",270,"Thanks for connecting, {First}.

Quick one - we run social football games at Old St - Moreland Primary School, about 24 minutes' walk from your office. A few City firms use them as an easy after-work thing for colleagues: we sort the pitch, the payments and the organising, and can top the group up with our own players if numbers are short.

Is there someone at Twp Uk Holdings who looks after wellbeing or staff socials I should be speaking to? Happy to be pointed elsewhere.

Brian
FC Urban",,,,
Uib Holdings (Uk),,Financial institution,EC3V 4AB,"THE LEADENHALL BUILDING 19TH FLOOR, THE LEADENHALL BUILDING, LONDON",13/03/1990,GROUP,64205 - Activities of financial services holding companies,Whitechapel,25,exact postcode,,,,,,"Hi {First} - I'm Brian from FC Urban. We run social football at Whitechapel, a 25-min walk from Uib Holdings (Uk). Looking for someone inside the team up for starting an after-work game - we handle pitch, payments and organising. Open to a quick chat?",251,"Thanks for connecting, {First}.

Quick one - we run social football games at Whitechapel, about 25 minutes' walk from your office. A few City firms use them as an easy after-work thing for colleagues: we sort the pitch, the payments and the organising, and can top the group up with our own players if numbers are short.

Is there someone at Uib Holdings (Uk) who looks after wellbeing or staff socials I should be speaking to? Happy to be pointed elsewhere.

Brian
FC Urban",,,,
Uib International,,Financial institution,EC3V 4AB,"THE LEADENHALL BUILDING 19TH FLOOR, THE LEADENHALL BUILDING, LONDON",25/05/1990,FULL,64205 - Activities of financial services holding companies,Whitechapel,25,exact postcode,,,,,,"Hi {First} - I'm Brian from FC Urban. We run social football at Whitechapel, a 25-min walk from Uib International. Looking for someone inside the team up for starting an after-work game - we handle pitch, payments and organising. Open to a quick chat?",251,"Thanks for connecting, {First}.

Quick one - we run social football games at Whitechapel, about 25 minutes' walk from your office. A few City firms use them as an easy after-work thing for colleagues: we sort the pitch, the payments and the organising, and can top the group up with our own players if numbers are short.

Is there someone at Uib International who looks after wellbeing or staff socials I should be speaking to? Happy to be pointed elsewhere.

Brian
FC Urban",,,,
Uk Cfc4,,Financial institution,EC2V 7AN,"UK CFC4 LIMITED, LONDON",15/09/2022,FULL,64209 - Activities of other holding companies n.e.c.,Borough Academy,23,postcode district,,,,,,"Hi {First} - I'm Brian from FC Urban. We run social football at Borough Academy, a 23-min walk from Uk Cfc4. Looking for someone inside the team up for starting an after-work game - we handle pitch, payments and organising. Open to a quick chat?",245,"Thanks for connecting, {First}.

Quick one - we run social football games at Borough Academy, about 23 minutes' walk from your office. A few City firms use them as an easy after-work thing for colleagues: we sort the pitch, the payments and the organising, and can top the group up with our own players if numbers are short.

Is there someone at Uk Cfc4 who looks after wellbeing or staff socials I should be speaking to? Happy to be pointed elsewhere.

Brian
FC Urban",,,,
Ulyssere,,Financial institution,EC3M 7AT,"OFFICE SUITE 2.15, 34, LONDON",29/07/1998,FULL,66220 - Activities of insurance agents and brokers,Whitechapel,26,exact postcode,,,,,,"Hi {First} - I'm Brian from FC Urban. We run social football at Whitechapel, a 26-min walk from Ulyssere. Looking for someone inside the team up for starting an after-work game - we handle pitch, payments and organising. Open to a quick chat?",242,"Thanks for connecting, {First}.

Quick one - we run social football games at Whitechapel, about 26 minutes' walk from your office. A few City firms use them as an easy after-work thing for colleagues: we sort the pitch, the payments and the organising, and can top the group up with our own players if numbers are short.

Is there someone at Ulyssere who looks after wellbeing or staff socials I should be speaking to? Happy to be pointed elsewhere.

Brian
FC Urban",,,,
Unicorn Asset Management,,Financial institution,EC1M 6AU,"FIRST FLOOR OFFICE PREACHER'S COURT, CHARTERHOUSE SQUARE",04/02/2000,FULL,66300 - Fund management activities,Old St - Moreland Primary School,13,postcode district,,,,,,"Hi {First} - I'm Brian from FC Urban. We run social football at Old St - Moreland Primary School, a 13-min walk from Unicorn Asset Management. Looking for someone inside the team up for starting an after-work game - we handle pitch, payments and organising. Open to a quick chat?",279,"Thanks for connecting, {First}.

Quick one - we run social football games at Old St - Moreland Primary School, about 13 minutes' walk from your office. A few City firms use them as an easy after-work thing for colleagues: we sort the pitch, the payments and the organising, and can top the group up with our own players if numbers are short.

Is there someone at Unicorn Asset Management who looks after wellbeing or staff socials I should be speaking to? Happy to be pointed elsewhere.

Brian
FC Urban",,,,
Union Bank Of India (Uk),,Financial institution,EC4R 9AB,"12 ARTHUR STREET, LONDON",01/06/2011,FULL,64191 - Banks,Borough Academy,18,postcode district,,,,,,"Hi {First} - I'm Brian from FC Urban. We run social football at Borough Academy, a 18-min walk from Union Bank Of India (Uk). Looking for someone inside the team up for starting an after-work game - we handle pitch, payments and organising. Open to a quick chat?",262,"Thanks for connecting, {First}.

Quick one - we run social football games at Borough Academy, about 18 minutes' walk from your office. A few City firms use them as an easy after-work thing for colleagues: we sort the pitch, the payments and the organising, and can top the group up with our own players if numbers are short.

Is there someone at Union Bank Of India (Uk) who looks after wellbeing or staff socials I should be speaking to? Happy to be pointed elsewhere.

Brian
FC Urban",,,,
Unit 9 (Holdings),,Financial institution,EC1V 7LQ,"348 GOSWELL ROAD, LONDON",21/02/2020,GROUP,64209 - Activities of other holding companies n.e.c.,Old St - Moreland Primary School,9,postcode district,,,,,,"Hi {First} - I'm Brian from FC Urban. We run social football at Old St - Moreland Primary School, a 9-min walk from Unit 9 (Holdings). Looking for someone inside the team up for starting an after-work game - we handle pitch, payments and organising. Open to a quick chat?",271,"Thanks for connecting, {First}.

Quick one - we run social football games at Old St - Moreland Primary School, about 9 minutes' walk from your office. A few City firms use them as an easy after-work thing for colleagues: we sort the pitch, the payments and the organising, and can top the group up with our own players if numbers are short.

Is there someone at Unit 9 (Holdings) who looks after wellbeing or staff socials I should be speaking to? Happy to be pointed elsewhere.

Brian
FC Urban",,,,
United Bank For Africa (Uk),,Financial institution,EC4R 1BN,"36 QUEEN STREET, LONDON",21/09/1995,FULL,64191 - Banks,Borough Academy,18,postcode district,,,,,,"Hi {First} - I'm Brian from FC Urban. We run social football at Borough Academy, a 18-min walk from United Bank For Africa (Uk). Looking for someone inside the team up for starting an after-work game - we handle pitch, payments and organising. Open to a quick chat?",265,"Thanks for connecting, {First}.

Quick one - we run social football games at Borough Academy, about 18 minutes' walk from your office. A few City firms use them as an easy after-work thing for colleagues: we sort the pitch, the payments and the organising, and can top the group up with our own players if numbers are short.

Is there someone at United Bank For Africa (Uk) who looks after wellbeing or staff socials I should be speaking to? Happy to be pointed elsewhere.

Brian
FC Urban",,,,
United Insurance Brokers,,Financial institution,EC3V 4AB,"THE LEADENHALL BUILDING 19TH FLOOR, THE LEADENHALL BUILDING, LONDON",07/07/1986,FULL,66220 - Activities of insurance agents and brokers,Whitechapel,25,exact postcode,,,,,,"Hi {First} - I'm Brian from FC Urban. We run social football at Whitechapel, a 25-min walk from United Insurance Brokers. Looking for someone inside the team up for starting an after-work game - we handle pitch, payments and organising. Open to a quick chat?",258,"Thanks for connecting, {First}.

Quick one - we run social football games at Whitechapel, about 25 minutes' walk from your office. A few City firms use them as an easy after-work thing for colleagues: we sort the pitch, the payments and the organising, and can top the group up with our own players if numbers are short.

Is there someone at United Insurance Brokers who looks after wellbeing or staff socials I should be speaking to? Happy to be pointed elsewhere.

Brian
FC Urban",,,,
United Trust Bank,,Financial institution,EC2Y 9AW,"28TH FLOOR, ONE, LONDON",23/05/1955,FULL,64191 - Banks,Old St - Moreland Primary School,19,exact postcode,YES,,,,,"Hi {First} - I'm Brian from FC Urban. We run social football at Old St - Moreland Primary School, a 19-min walk from United Trust Bank. Looking for someone inside the team up for starting an after-work game - we handle pitch, payments and organising. Open to a quick chat?",272,"Thanks for connecting, {First}.

Quick one - we run social football games at Old St - Moreland Primary School, about 19 minutes' walk from your office. A few City firms use them as an easy after-work thing for colleagues: we sort the pitch, the payments and the organising, and can top the group up with our own players if numbers are short.

Is there someone at United Trust Bank who looks after wellbeing or staff socials I should be speaking to? Happy to be pointed elsewhere.

Brian
FC Urban",,,,
Unlimit Uk,,Financial institution,EC3N 4AT,"2 SEETHING LANE, LONDON",15/06/2022,FULL,64205 - Activities of financial services holding companies | 64999 - Financial intermediation not elsewhere classified | 70221 - Financial management,Whitechapel,19,postcode district,,,,,,"Hi {First} - I'm Brian from FC Urban. We run social football at Whitechapel, a 19-min walk from Unlimit Uk. Looking for someone inside the team up for starting an after-work game - we handle pitch, payments and organising. Open to a quick chat?",244,"Thanks for connecting, {First}.

Quick one - we run social football games at Whitechapel, about 19 minutes' walk from your office. A few City firms use them as an easy after-work thing for colleagues: we sort the pitch, the payments and the organising, and can top the group up with our own players if numbers are short.

Is there someone at Unlimit Uk who looks after wellbeing or staff socials I should be speaking to? Happy to be pointed elsewhere.

Brian
FC Urban",,,,
Uog Holdings,,Financial institution,EC4N 5AT,"1ST FLOOR, YARNWICKE, LONDON",02/09/2016,FULL,64209 - Activities of other holding companies n.e.c.,Borough Academy,22,postcode district,,,,,,"Hi {First} - I'm Brian from FC Urban. We run social football at Borough Academy, a 22-min walk from Uog Holdings. Looking for someone inside the team up for starting an after-work game - we handle pitch, payments and organising. Open to a quick chat?",250,"Thanks for connecting, {First}.

Quick one - we run social football games at Borough Academy, about 22 minutes' walk from your office. A few City firms use them as an easy after-work thing for colleagues: we sort the pitch, the payments and the organising, and can top the group up with our own players if numbers are short.

Is there someone at Uog Holdings who looks after wellbeing or staff socials I should be speaking to? Happy to be pointed elsewhere.

Brian
FC Urban",,,,
Upside X,,Financial institution,EC1A 7BN,"4TH FLOOR, 90, LONDON",27/05/2020,GROUP,64209 - Activities of other holding companies n.e.c.,Old St - Moreland Primary School,19,exact postcode,,,,,,"Hi {First} - I'm Brian from FC Urban. We run social football at Old St - Moreland Primary School, a 19-min walk from Upside X. Looking for someone inside the team up for starting an after-work game - we handle pitch, payments and organising. Open to a quick chat?",263,"Thanks for connecting, {First}.

Quick one - we run social football games at Old St - Moreland Primary School, about 19 minutes' walk from your office. A few City firms use them as an easy after-work thing for colleagues: we sort the pitch, the payments and the organising, and can top the group up with our own players if numbers are short.

Is there someone at Upside X who looks after wellbeing or staff socials I should be speaking to? Happy to be pointed elsewhere.

Brian
FC Urban",,,,
Utb Partners,,Financial institution,EC2Y 9AW,"28TH FLOOR, ONE, LONDON",14/10/2003,GROUP,64205 - Activities of financial services holding companies,Old St - Moreland Primary School,19,exact postcode,,,,,,"Hi {First} - I'm Brian from FC Urban. We run social football at Old St - Moreland Primary School, a 19-min walk from Utb Partners. Looking for someone inside the team up for starting an after-work game - we handle pitch, payments and organising. Open to a quick chat?",267,"Thanks for connecting, {First}.

Quick one - we run social football games at Old St - Moreland Primary School, about 19 minutes' walk from your office. A few City firms use them as an easy after-work thing for colleagues: we sort the pitch, the payments and the organising, and can top the group up with our own players if numbers are short.

Is there someone at Utb Partners who looks after wellbeing or staff socials I should be speaking to? Happy to be pointed elsewhere.

Brian
FC Urban",,,,
V Acquisition,,Financial institution,EC2N 4BQ,"LEVEL 27, LONDON",05/03/2015,FULL,64209 - Activities of other holding companies n.e.c.,Whitechapel,26,exact postcode,,,,,,"Hi {First} - I'm Brian from FC Urban. We run social football at Whitechapel, a 26-min walk from V Acquisition. Looking for someone inside the team up for starting an after-work game - we handle pitch, payments and organising. Open to a quick chat?",247,"Thanks for connecting, {First}.

Quick one - we run social football games at Whitechapel, about 26 minutes' walk from your office. A few City firms use them as an easy after-work thing for colleagues: we sort the pitch, the payments and the organising, and can top the group up with our own players if numbers are short.

Is there someone at V Acquisition who looks after wellbeing or staff socials I should be speaking to? Happy to be pointed elsewhere.

Brian
FC Urban",,,,
"Vanguard Asset Management,",,Financial institution,EC4N 8AF,"4TH FLOOR THE WALBROOK BUILDING, LONDON",05/05/2010,FULL,66300 - Fund management activities,Borough Academy,22,postcode district,,,,,,"Hi {First} - I'm Brian from FC Urban. We run social football at Borough Academy, a 22-min walk from Vanguard Asset Management,. Looking for someone inside the team up for starting an after-work game - we handle pitch, payments and organising. Open to a quick chat?",264,"Thanks for connecting, {First}.

Quick one - we run social football games at Borough Academy, about 22 minutes' walk from your office. A few City firms use them as an easy after-work thing for colleagues: we sort the pitch, the payments and the organising, and can top the group up with our own players if numbers are short.

Is there someone at Vanguard Asset Management, who looks after wellbeing or staff socials I should be speaking to? Happy to be pointed elsewhere.

Brian
FC Urban",,,,
"Vanguard Asset Services,",,Financial institution,EC4N 8AF,"4TH FLOOR THE WALBROOK BUILDING, LONDON",04/05/2010,GROUP,66300 - Fund management activities,Borough Academy,22,postcode district,,,,,,"Hi {First} - I'm Brian from FC Urban. We run social football at Borough Academy, a 22-min walk from Vanguard Asset Services,. Looking for someone inside the team up for starting an after-work game - we handle pitch, payments and organising. Open to a quick chat?",262,"Thanks for connecting, {First}.

Quick one - we run social football games at Borough Academy, about 22 minutes' walk from your office. A few City firms use them as an easy after-work thing for colleagues: we sort the pitch, the payments and the organising, and can top the group up with our own players if numbers are short.

Is there someone at Vanguard Asset Services, who looks after wellbeing or staff socials I should be speaking to? Happy to be pointed elsewhere.

Brian
FC Urban",,,,
"Vanguard Investments Uk,",,Financial institution,EC4N 8AF,"4TH FLOOR THE WALBROOK BUILDING, LONDON",08/05/2001,FULL,64999 - Financial intermediation not elsewhere classified,Borough Academy,22,postcode district,,,,,,"Hi {First} - I'm Brian from FC Urban. We run social football at Borough Academy, a 22-min walk from Vanguard Investments Uk,. Looking for someone inside the team up for starting an after-work game - we handle pitch, payments and organising. Open to a quick chat?",262,"Thanks for connecting, {First}.

Quick one - we run social football games at Borough Academy, about 22 minutes' walk from your office. A few City firms use them as an easy after-work thing for colleagues: we sort the pitch, the payments and the organising, and can top the group up with our own players if numbers are short.

Is there someone at Vanguard Investments Uk, who looks after wellbeing or staff socials I should be speaking to? Happy to be pointed elsewhere.

Brian
FC Urban",,,,
Vantage Infrastructure (Uk),,Accountancy / financial advisory,EC2N 1HQ,"18TH FLOOR TOWER 42, LONDON",16/01/2006,FULL,70221 - Financial management,Whitechapel,27,exact postcode,,,,,,"Hi {First} - I'm Brian from FC Urban. We run social football at Whitechapel, a 27-min walk from Vantage Infrastructure (Uk). Looking for someone inside the team up for starting an after-work game - we handle pitch, payments and organising. Open to a quick chat?",261,"Thanks for connecting, {First}.

Quick one - we run social football games at Whitechapel, about 27 minutes' walk from your office. A few City firms use them as an easy after-work thing for colleagues: we sort the pitch, the payments and the organising, and can top the group up with our own players if numbers are short.

Is there someone at Vantage Infrastructure (Uk) who looks after wellbeing or staff socials I should be speaking to? Happy to be pointed elsewhere.

Brian
FC Urban",,,,
Vantage Infrastructure Holdings,,Financial institution,EC2N 1HQ,"18TH FLOOR TOWER 42, LONDON",13/12/2017,GROUP,64205 - Activities of financial services holding companies,Whitechapel,27,exact postcode,,,,,,"Hi {First} - I'm Brian from FC Urban. We run social football at Whitechapel, a 27-min walk from Vantage Infrastructure Holdings. Looking for someone inside the team up for starting an after-work game - we handle pitch, payments and organising. Open to a quick chat?",265,"Thanks for connecting, {First}.

Quick one - we run social football games at Whitechapel, about 27 minutes' walk from your office. A few City firms use them as an easy after-work thing for colleagues: we sort the pitch, the payments and the organising, and can top the group up with our own players if numbers are short.

Is there someone at Vantage Infrastructure Holdings who looks after wellbeing or staff socials I should be speaking to? Happy to be pointed elsewhere.

Brian
FC Urban",,,,
Vantage Re,,Financial institution,EC3M 6BL,"1ST FLOOR, SACKVILLE HOUSE, LONDON",20/10/2017,GROUP,64209 - Activities of other holding companies n.e.c.,Borough Academy,25,exact postcode,,,,,,"Hi {First} - I'm Brian from FC Urban. We run social football at Borough Academy, a 25-min walk from Vantage Re. Looking for someone inside the team up for starting an after-work game - we handle pitch, payments and organising. Open to a quick chat?",248,"Thanks for connecting, {First}.

Quick one - we run social football games at Borough Academy, about 25 minutes' walk from your office. A few City firms use them as an easy after-work thing for colleagues: we sort the pitch, the payments and the organising, and can top the group up with our own players if numbers are short.

Is there someone at Vantage Re who looks after wellbeing or staff socials I should be speaking to? Happy to be pointed elsewhere.

Brian
FC Urban",,,,
Vave Digital Services,,Financial institution,EC3A 2BJ,"9TH FLOOR, 40, LONDON",23/02/1990,FULL,65120 - Non-life insurance,Whitechapel,23,exact postcode,,,,,,"Hi {First} - I'm Brian from FC Urban. We run social football at Whitechapel, a 23-min walk from Vave Digital Services. Looking for someone inside the team up for starting an after-work game - we handle pitch, payments and organising. Open to a quick chat?",255,"Thanks for connecting, {First}.

Quick one - we run social football games at Whitechapel, about 23 minutes' walk from your office. A few City firms use them as an easy after-work thing for colleagues: we sort the pitch, the payments and the organising, and can top the group up with our own players if numbers are short.

Is there someone at Vave Digital Services who looks after wellbeing or staff socials I should be speaking to? Happy to be pointed elsewhere.

Brian
FC Urban",,,,
Ventures Capital,,Financial institution,EC2A 4EB,"11TH FLOOR  30, LONDON",28/05/2005,FULL,64201 - Activities of agricultural holding companies,Shoreditch Rooftop,17,postcode district,,,,,,"Hi {First} - I'm Brian from FC Urban. We run social football at Shoreditch Rooftop, a 17-min walk from Ventures Capital. Looking for someone inside the team up for starting an after-work game - we handle pitch, payments and organising. Open to a quick chat?",257,"Thanks for connecting, {First}.

Quick one - we run social football games at Shoreditch Rooftop, about 17 minutes' walk from your office. A few City firms use them as an easy after-work thing for colleagues: we sort the pitch, the payments and the organising, and can top the group up with our own players if numbers are short.

Is there someone at Ventures Capital who looks after wellbeing or staff socials I should be speaking to? Happy to be pointed elsewhere.

Brian
FC Urban",,,,
Vertigis,,Financial institution,EC2R 7HJ,"C/O TMF GROUP, LONDON",19/07/2017,FULL,64209 - Activities of other holding companies n.e.c.,Old St - Moreland Primary School,27,exact postcode,,,,,,"Hi {First} - I'm Brian from FC Urban. We run social football at Old St - Moreland Primary School, a 27-min walk from Vertigis. Looking for someone inside the team up for starting an after-work game - we handle pitch, payments and organising. Open to a quick chat?",263,"Thanks for connecting, {First}.

Quick one - we run social football games at Old St - Moreland Primary School, about 27 minutes' walk from your office. A few City firms use them as an easy after-work thing for colleagues: we sort the pitch, the payments and the organising, and can top the group up with our own players if numbers are short.

Is there someone at Vertigis who looks after wellbeing or staff socials I should be speaking to? Happy to be pointed elsewhere.

Brian
FC Urban",,,,
Vesuvius Ceramics,,Financial institution,EC4A 2AE,165 FLEET STREET,30/04/1919,FULL,64209 - Activities of other holding companies n.e.c.,Old St - Moreland Primary School,24,postcode district,,,,,,"Hi {First} - I'm Brian from FC Urban. We run social football at Old St - Moreland Primary School, a 24-min walk from Vesuvius Ceramics. Looking for someone inside the team up for starting an after-work game - we handle pitch, payments and organising. Open to a quick chat?",272,"Thanks for connecting, {First}.

Quick one - we run social football games at Old St - Moreland Primary School, about 24 minutes' walk from your office. A few City firms use them as an easy after-work thing for colleagues: we sort the pitch, the payments and the organising, and can top the group up with our own players if numbers are short.

Is there someone at Vesuvius Ceramics who looks after wellbeing or staff socials I should be speaking to? Happy to be pointed elsewhere.

Brian
FC Urban",,,,
Vfx Financial,,Financial institution,EC3A 7LP,"DUKES HOUSE, LONDON",09/05/2008,FULL,64999 - Financial intermediation not elsewhere classified,Whitechapel,20,exact postcode,,,,,,"Hi {First} - I'm Brian from FC Urban. We run social football at Whitechapel, a 20-min walk from Vfx Financial. Looking for someone inside the team up for starting an after-work game - we handle pitch, payments and organising. Open to a quick chat?",247,"Thanks for connecting, {First}.

Quick one - we run social football games at Whitechapel, about 20 minutes' walk from your office. A few City firms use them as an easy after-work thing for colleagues: we sort the pitch, the payments and the organising, and can top the group up with our own players if numbers are short.

Is there someone at Vfx Financial who looks after wellbeing or staff socials I should be speaking to? Happy to be pointed elsewhere.

Brian
FC Urban",,,,
Viaro Investment,,Financial institution,EC1N 2JD,"5TH FLOOR VIARO HOUSE, LONDON",18/12/2019,GROUP,64209 - Activities of other holding companies n.e.c.,Old St - Moreland Primary School,22,exact postcode,,,,,,"Hi {First} - I'm Brian from FC Urban. We run social football at Old St - Moreland Primary School, a 22-min walk from Viaro Investment. Looking for someone inside the team up for starting an after-work game - we handle pitch, payments and organising. Open to a quick chat?",271,"Thanks for connecting, {First}.

Quick one - we run social football games at Old St - Moreland Primary School, about 22 minutes' walk from your office. A few City firms use them as an easy after-work thing for colleagues: we sort the pitch, the payments and the organising, and can top the group up with our own players if numbers are short.

Is there someone at Viaro Investment who looks after wellbeing or staff socials I should be speaking to? Happy to be pointed elsewhere.

Brian
FC Urban",,,,
Violet Topco,,Financial institution,EC3N 1DD,"SAINT CLARE HOUSE, LONDON",29/11/2022,GROUP,64209 - Activities of other holding companies n.e.c.,Whitechapel,19,postcode district,,,,,,"Hi {First} - I'm Brian from FC Urban. We run social football at Whitechapel, a 19-min walk from Violet Topco. Looking for someone inside the team up for starting an after-work game - we handle pitch, payments and organising. Open to a quick chat?",246,"Thanks for connecting, {First}.

Quick one - we run social football games at Whitechapel, about 19 minutes' walk from your office. A few City firms use them as an easy after-work thing for colleagues: we sort the pitch, the payments and the organising, and can top the group up with our own players if numbers are short.

Is there someone at Violet Topco who looks after wellbeing or staff socials I should be speaking to? Happy to be pointed elsewhere.

Brian
FC Urban",,,,
Volante International,,Financial institution,EC3M 7HA,"7TH FLOOR LLOYD’S, LONDON",10/10/2017,FULL,65120 - Non-life insurance | 66220 - Activities of insurance agents and brokers | 66290 - Other activities auxiliary to insurance and pension funding,Whitechapel,25,exact postcode,,,,,,"Hi {First} - I'm Brian from FC Urban. We run social football at Whitechapel, a 25-min walk from Volante International. Looking for someone inside the team up for starting an after-work game - we handle pitch, payments and organising. Open to a quick chat?",255,"Thanks for connecting, {First}.

Quick one - we run social football games at Whitechapel, about 25 minutes' walk from your office. A few City firms use them as an easy after-work thing for colleagues: we sort the pitch, the payments and the organising, and can top the group up with our own players if numbers are short.

Is there someone at Volante International who looks after wellbeing or staff socials I should be speaking to? Happy to be pointed elsewhere.

Brian
FC Urban",,,,
Vu X Earth,,Financial institution,EC2A 3PQ,"54 HOLYWELL LANE, LONDON",18/11/2021,GROUP,64209 - Activities of other holding companies n.e.c.,Shoreditch Rooftop,17,postcode district,,,,,,"Hi {First} - I'm Brian from FC Urban. We run social football at Shoreditch Rooftop, a 17-min walk from Vu X Earth. Looking for someone inside the team up for starting an after-work game - we handle pitch, payments and organising. Open to a quick chat?",251,"Thanks for connecting, {First}.

Quick one - we run social football games at Shoreditch Rooftop, about 17 minutes' walk from your office. A few City firms use them as an easy after-work thing for colleagues: we sort the pitch, the payments and the organising, and can top the group up with our own players if numbers are short.

Is there someone at Vu X Earth who looks after wellbeing or staff socials I should be speaking to? Happy to be pointed elsewhere.

Brian
FC Urban",,,,
W.C. International,,Financial institution,EC4A 1BR,"10 FETTER LANE, LONDON",19/04/1982,FULL,64209 - Activities of other holding companies n.e.c.,Borough Academy,25,exact postcode,,,,,,"Hi {First} - I'm Brian from FC Urban. We run social football at Borough Academy, a 25-min walk from W.C. International. Looking for someone inside the team up for starting an after-work game - we handle pitch, payments and organising. Open to a quick chat?",256,"Thanks for connecting, {First}.

Quick one - we run social football games at Borough Academy, about 25 minutes' walk from your office. A few City firms use them as an easy after-work thing for colleagues: we sort the pitch, the payments and the organising, and can top the group up with our own players if numbers are short.

Is there someone at W.C. International who looks after wellbeing or staff socials I should be speaking to? Happy to be pointed elsewhere.

Brian
FC Urban",,,,
W.R. Berkley Uk,,Financial institution,EC3M 7AF,"14TH FLOOR 52, LONDON",16/04/2015,FULL,65120 - Non-life insurance,Whitechapel,24,exact postcode,,,,,,"Hi {First} - I'm Brian from FC Urban. We run social football at Whitechapel, a 24-min walk from W.R. Berkley Uk. Looking for someone inside the team up for starting an after-work game - we handle pitch, payments and organising. Open to a quick chat?",249,"Thanks for connecting, {First}.

Quick one - we run social football games at Whitechapel, about 24 minutes' walk from your office. A few City firms use them as an easy after-work thing for colleagues: we sort the pitch, the payments and the organising, and can top the group up with our own players if numbers are short.

Is there someone at W.R. Berkley Uk who looks after wellbeing or staff socials I should be speaking to? Happy to be pointed elsewhere.

Brian
FC Urban",,,,
Walker Crips Group,,Financial institution,EC4V 4BJ,"128 QUEEN VICTORIA STREET, LONDON",21/06/1979,GROUP,64999 - Financial intermediation not elsewhere classified,Borough Academy,19,exact postcode,,,,,,"Hi {First} - I'm Brian from FC Urban. We run social football at Borough Academy, a 19-min walk from Walker Crips Group. Looking for someone inside the team up for starting an after-work game - we handle pitch, payments and organising. Open to a quick chat?",256,"Thanks for connecting, {First}.

Quick one - we run social football games at Borough Academy, about 19 minutes' walk from your office. A few City firms use them as an easy after-work thing for colleagues: we sort the pitch, the payments and the organising, and can top the group up with our own players if numbers are short.

Is there someone at Walker Crips Group who looks after wellbeing or staff socials I should be speaking to? Happy to be pointed elsewhere.

Brian
FC Urban",,,,
Walker Crips Investment Management,,Financial institution,EC4V 4BJ,"128 QUEEN VICTORIA STREET, LONDON",22/05/2003,FULL,64991 - Security dealing on own account | 64999 - Financial intermediation not elsewhere classified | 66190 - Activities auxiliary to financial intermediation n.e.c.,Borough Academy,19,exact postcode,,,,,,"Hi {First} - I'm Brian from FC Urban. We run social football at Borough Academy, a 19-min walk from Walker Crips Investment Management. Looking for someone inside the team up for starting an after-work game - we handle pitch, payments and organising. Open to a quick chat?",272,"Thanks for connecting, {First}.

Quick one - we run social football games at Borough Academy, about 19 minutes' walk from your office. A few City firms use them as an easy after-work thing for colleagues: we sort the pitch, the payments and the organising, and can top the group up with our own players if numbers are short.

Is there someone at Walker Crips Investment Management who looks after wellbeing or staff socials I should be speaking to? Happy to be pointed elsewhere.

Brian
FC Urban",,,,
Walsham Brothers & Co.,,Financial institution,EC3V 0EH,"52-54 GRACECHURCH STREET, LONDON",31/12/1919,FULL,66220 - Activities of insurance agents and brokers,Borough Academy,24,postcode district,,,,,,"Hi {First} - I'm Brian from FC Urban. We run social football at Borough Academy, a 24-min walk from Walsham Brothers & Co.. Looking for someone inside the team up for starting an after-work game - we handle pitch, payments and organising. Open to a quick chat?",260,"Thanks for connecting, {First}.

Quick one - we run social football games at Borough Academy, about 24 minutes' walk from your office. A few City firms use them as an easy after-work thing for colleagues: we sort the pitch, the payments and the organising, and can top the group up with our own players if numbers are short.

Is there someone at Walsham Brothers & Co. who looks after wellbeing or staff socials I should be speaking to? Happy to be pointed elsewhere.

Brian
FC Urban",,,,
Wbs Solutions,,Financial institution,EC2V 6BJ,"138 CHEAPSIDE, LONDON",08/04/1988,FULL,64999 - Financial intermediation not elsewhere classified,Borough Academy,23,postcode district,,,,,,"Hi {First} - I'm Brian from FC Urban. We run social football at Borough Academy, a 23-min walk from Wbs Solutions. Looking for someone inside the team up for starting an after-work game - we handle pitch, payments and organising. Open to a quick chat?",251,"Thanks for connecting, {First}.

Quick one - we run social football games at Borough Academy, about 23 minutes' walk from your office. A few City firms use them as an easy after-work thing for colleagues: we sort the pitch, the payments and the organising, and can top the group up with our own players if numbers are short.

Is there someone at Wbs Solutions who looks after wellbeing or staff socials I should be speaking to? Happy to be pointed elsewhere.

Brian
FC Urban",,,,
We Us Ours,,Financial institution,EC1A 4AE,"128 ALDERSGATE STREET, LONDON",26/04/2021,GROUP,64209 - Activities of other holding companies n.e.c.,Old St - Moreland Primary School,18,postcode district,,,,,,"Hi {First} - I'm Brian from FC Urban. We run social football at Old St - Moreland Primary School, a 18-min walk from We Us Ours. Looking for someone inside the team up for starting an after-work game - we handle pitch, payments and organising. Open to a quick chat?",265,"Thanks for connecting, {First}.

Quick one - we run social football games at Old St - Moreland Primary School, about 18 minutes' walk from your office. A few City firms use them as an easy after-work thing for colleagues: we sort the pitch, the payments and the organising, and can top the group up with our own players if numbers are short.

Is there someone at We Us Ours who looks after wellbeing or staff socials I should be speaking to? Happy to be pointed elsewhere.

Brian
FC Urban",,,,
Wealthkernel,,Financial institution,EC2A 4DP,"41 LUKE STREET, LONDON",15/07/2015,GROUP,62012 - Business and domestic software development | 64205 - Activities of financial services holding companies | 66300 - Fund management activities,Shoreditch Rooftop,17,postcode district,,,,,,"Hi {First} - I'm Brian from FC Urban. We run social football at Shoreditch Rooftop, a 17-min walk from Wealthkernel. Looking for someone inside the team up for starting an after-work game - we handle pitch, payments and organising. Open to a quick chat?",253,"Thanks for connecting, {First}.

Quick one - we run social football games at Shoreditch Rooftop, about 17 minutes' walk from your office. A few City firms use them as an easy after-work thing for colleagues: we sort the pitch, the payments and the organising, and can top the group up with our own players if numbers are short.

Is there someone at Wealthkernel who looks after wellbeing or staff socials I should be speaking to? Happy to be pointed elsewhere.

Brian
FC Urban",,,,
Weavepay,,Financial institution,EC4V 3DB,"MERMAID HOUSE, LONDON",03/07/2020,FULL,62012 - Business and domestic software development | 64999 - Financial intermediation not elsewhere classified,Borough Academy,18,exact postcode,,,,,,"Hi {First} - I'm Brian from FC Urban. We run social football at Borough Academy, a 18-min walk from Weavepay. Looking for someone inside the team up for starting an after-work game - we handle pitch, payments and organising. Open to a quick chat?",246,"Thanks for connecting, {First}.

Quick one - we run social football games at Borough Academy, about 18 minutes' walk from your office. A few City firms use them as an easy after-work thing for colleagues: we sort the pitch, the payments and the organising, and can top the group up with our own players if numbers are short.

Is there someone at Weavepay who looks after wellbeing or staff socials I should be speaking to? Happy to be pointed elsewhere.

Brian
FC Urban",,,,
West Hill Corporate Finance,,Financial institution,EC2V 7NQ,"85 GRESHAM STREET, LONDON",09/09/2002,FULL,64999 - Financial intermediation not elsewhere classified,Borough Academy,23,postcode district,,,,,,"Hi {First} - I'm Brian from FC Urban. We run social football at Borough Academy, a 23-min walk from West Hill Corporate Finance. Looking for someone inside the team up for starting an after-work game - we handle pitch, payments and organising. Open to a quick chat?",265,"Thanks for connecting, {First}.

Quick one - we run social football games at Borough Academy, about 23 minutes' walk from your office. A few City firms use them as an easy after-work thing for colleagues: we sort the pitch, the payments and the organising, and can top the group up with our own players if numbers are short.

Is there someone at West Hill Corporate Finance who looks after wellbeing or staff socials I should be speaking to? Happy to be pointed elsewhere.

Brian
FC Urban",,,,
Westbourne 2016 - 3,,Financial institution,EC1Y 8LZ,"FLOORS 6-8 HYLO BUILDING, LONDON",26/08/2016,FULL,64999 - Financial intermediation not elsewhere classified,Old St - Moreland Primary School,14,exact postcode,,,,,,"Hi {First} - I'm Brian from FC Urban. We run social football at Old St - Moreland Primary School, a 14-min walk from Westbourne 2016 - 3. Looking for someone inside the team up for starting an after-work game - we handle pitch, payments and organising. Open to a quick chat?",274,"Thanks for connecting, {First}.

Quick one - we run social football games at Old St - Moreland Primary School, about 14 minutes' walk from your office. A few City firms use them as an easy after-work thing for colleagues: we sort the pitch, the payments and the organising, and can top the group up with our own players if numbers are short.

Is there someone at Westbourne 2016 - 3 who looks after wellbeing or staff socials I should be speaking to? Happy to be pointed elsewhere.

Brian
FC Urban",,,,
Western Asset Management Company,,Financial institution,EC2A 2EN,"10 EXCHANGE SQUARE, LONDON",12/03/1990,FULL,64999 - Financial intermediation not elsewhere classified,Shoreditch Rooftop,17,postcode district,,,,,,"Hi {First} - I'm Brian from FC Urban. We run social football at Shoreditch Rooftop, a 17-min walk from Western Asset Management Company. Looking for someone inside the team up for starting an after-work game - we handle pitch, payments and organising. Open to a quick chat?",273,"Thanks for connecting, {First}.

Quick one - we run social football games at Shoreditch Rooftop, about 17 minutes' walk from your office. A few City firms use them as an easy after-work thing for colleagues: we sort the pitch, the payments and the organising, and can top the group up with our own players if numbers are short.

Is there someone at Western Asset Management Company who looks after wellbeing or staff socials I should be speaking to? Happy to be pointed elsewhere.

Brian
FC Urban",,,,
"Westfield Specialty Capital, (No. 604)",,Financial institution,EC2N 4BQ,"FLOOR 36, 22, LONDON",25/09/2001,FULL,65120 - Non-life insurance,Whitechapel,26,exact postcode,,,,,,"Hi {First} - I'm Brian from FC Urban. We run social football at Whitechapel, a 26-min walk from Westfield Specialty Capital, (No. 604). Looking for someone inside the team up for starting an after-work game - we handle pitch, payments and organising. Open to a quick chat?",272,"Thanks for connecting, {First}.

Quick one - we run social football games at Whitechapel, about 26 minutes' walk from your office. A few City firms use them as an easy after-work thing for colleagues: we sort the pitch, the payments and the organising, and can top the group up with our own players if numbers are short.

Is there someone at Westfield Specialty Capital, (No. 604) who looks after wellbeing or staff socials I should be speaking to? Happy to be pointed elsewhere.

Brian
FC Urban",,,,
"Westfield Specialty Direct,",,Financial institution,EC2N 4BQ,"FLOOR 36, 22, LONDON",22/06/2000,FULL,65120 - Non-life insurance,Whitechapel,26,exact postcode,,,,,,"Hi {First} - I'm Brian from FC Urban. We run social football at Whitechapel, a 26-min walk from Westfield Specialty Direct,. Looking for someone inside the team up for starting an after-work game - we handle pitch, payments and organising. Open to a quick chat?",261,"Thanks for connecting, {First}.

Quick one - we run social football games at Whitechapel, about 26 minutes' walk from your office. A few City firms use them as an easy after-work thing for colleagues: we sort the pitch, the payments and the organising, and can top the group up with our own players if numbers are short.

Is there someone at Westfield Specialty Direct, who looks after wellbeing or staff socials I should be speaking to? Happy to be pointed elsewhere.

Brian
FC Urban",,,,
Westfield Specialty Managing Agency,,Financial institution,EC2N 4BQ,"FLOOR 36, 22, LONDON",12/05/1999,FULL,65120 - Non-life insurance,Whitechapel,26,exact postcode,,,,,,"Hi {First} - I'm Brian from FC Urban. We run social football at Whitechapel, a 26-min walk from Westfield Specialty Managing Agency. Looking for someone inside the team up for starting an after-work game - we handle pitch, payments and organising. Open to a quick chat?",269,"Thanks for connecting, {First}.

Quick one - we run social football games at Whitechapel, about 26 minutes' walk from your office. A few City firms use them as an easy after-work thing for colleagues: we sort the pitch, the payments and the organising, and can top the group up with our own players if numbers are short.

Is there someone at Westfield Specialty Managing Agency who looks after wellbeing or staff socials I should be speaking to? Happy to be pointed elsewhere.

Brian
FC Urban",,,,
Wheels Up Uk,,Financial institution,EC2N 1HQ,"C/O ARNOLD & PORTER KAYE SCHOLER (UK) LLP FLOOR 30, TOWER 42, LONDON",21/01/2022,FULL,64209 - Activities of other holding companies n.e.c.,Whitechapel,27,exact postcode,,,,,,"Hi {First} - I'm Brian from FC Urban. We run social football at Whitechapel, a 27-min walk from Wheels Up Uk. Looking for someone inside the team up for starting an after-work game - we handle pitch, payments and organising. Open to a quick chat?",246,"Thanks for connecting, {First}.

Quick one - we run social football games at Whitechapel, about 27 minutes' walk from your office. A few City firms use them as an easy after-work thing for colleagues: we sort the pitch, the payments and the organising, and can top the group up with our own players if numbers are short.

Is there someone at Wheels Up Uk who looks after wellbeing or staff socials I should be speaking to? Happy to be pointed elsewhere.

Brian
FC Urban",,,,
White Bear Capital,,Financial institution,EC3R 7NQ,"7TH FLOOR, 70, LONDON",08/06/2016,GROUP,64205 - Activities of financial services holding companies,Whitechapel,23,exact postcode,,,,,,"Hi {First} - I'm Brian from FC Urban. We run social football at Whitechapel, a 23-min walk from White Bear Capital. Looking for someone inside the team up for starting an after-work game - we handle pitch, payments and organising. Open to a quick chat?",252,"Thanks for connecting, {First}.

Quick one - we run social football games at Whitechapel, about 23 minutes' walk from your office. A few City firms use them as an easy after-work thing for colleagues: we sort the pitch, the payments and the organising, and can top the group up with our own players if numbers are short.

Is there someone at White Bear Capital who looks after wellbeing or staff socials I should be speaking to? Happy to be pointed elsewhere.

Brian
FC Urban",,,,
Wilkinson Eyre Holdings,,Financial institution,EC2A 4BY,"28 LEONARD STREET, LONDON",31/07/2018,GROUP,64209 - Activities of other holding companies n.e.c.,Shoreditch Rooftop,17,postcode district,,,,,,"Hi {First} - I'm Brian from FC Urban. We run social football at Shoreditch Rooftop, a 17-min walk from Wilkinson Eyre Holdings. Looking for someone inside the team up for starting an after-work game - we handle pitch, payments and organising. Open to a quick chat?",264,"Thanks for connecting, {First}.

Quick one - we run social football games at Shoreditch Rooftop, about 17 minutes' walk from your office. A few City firms use them as an easy after-work thing for colleagues: we sort the pitch, the payments and the organising, and can top the group up with our own players if numbers are short.

Is there someone at Wilkinson Eyre Holdings who looks after wellbeing or staff socials I should be speaking to? Happy to be pointed elsewhere.

Brian
FC Urban",,,,
Wilson Europe,,Financial institution,EC3N 2EX,"405A, 4TH FLOOR DAWSON HOUSE, LONDON",10/11/1995,FULL,66190 - Activities auxiliary to financial intermediation n.e.c.,Whitechapel,19,exact postcode,,,,,,"Hi {First} - I'm Brian from FC Urban. We run social football at Whitechapel, a 19-min walk from Wilson Europe. Looking for someone inside the team up for starting an after-work game - we handle pitch, payments and organising. Open to a quick chat?",247,"Thanks for connecting, {First}.

Quick one - we run social football games at Whitechapel, about 19 minutes' walk from your office. A few City firms use them as an easy after-work thing for colleagues: we sort the pitch, the payments and the organising, and can top the group up with our own players if numbers are short.

Is there someone at Wilson Europe who looks after wellbeing or staff socials I should be speaking to? Happy to be pointed elsewhere.

Brian
FC Urban",,,,
Wilton & Bain Group Holdings,,Financial institution,EC2R 5AL,"30 COLEMAN STREET, LONDON",27/05/2022,GROUP,64209 - Activities of other holding companies n.e.c.,Old St - Moreland Primary School,25,postcode district,,,,,,"Hi {First} - I'm Brian from FC Urban. We run social football at Old St - Moreland Primary School, a 25-min walk from Wilton & Bain Group Holdings. Looking for someone inside the team up for starting an after-work game - we handle pitch, payments and organising. Open to a quick chat?",283,"Thanks for connecting, {First}.

Quick one - we run social football games at Old St - Moreland Primary School, about 25 minutes' walk from your office. A few City firms use them as an easy after-work thing for colleagues: we sort the pitch, the payments and the organising, and can top the group up with our own players if numbers are short.

Is there someone at Wilton & Bain Group Holdings who looks after wellbeing or staff socials I should be speaking to? Happy to be pointed elsewhere.

Brian
FC Urban",,,,
Wilton & Bain Group,,Financial institution,EC2R 5AL,"30 COLEMAN STREET, LONDON",25/05/2017,FULL,64209 - Activities of other holding companies n.e.c.,Old St - Moreland Primary School,25,postcode district,,,,,,"Hi {First} - I'm Brian from FC Urban. We run social football at Old St - Moreland Primary School, a 25-min walk from Wilton & Bain Group. Looking for someone inside the team up for starting an after-work game - we handle pitch, payments and organising. Open to a quick chat?",274,"Thanks for connecting, {First}.

Quick one - we run social football games at Old St - Moreland Primary School, about 25 minutes' walk from your office. A few City firms use them as an easy after-work thing for colleagues: we sort the pitch, the payments and the organising, and can top the group up with our own players if numbers are short.

Is there someone at Wilton & Bain Group who looks after wellbeing or staff socials I should be speaking to? Happy to be pointed elsewhere.

Brian
FC Urban",,,,
Winlink,,Financial institution,EC1M 5NW,"UNIT 30 MILLENNIUM HEIGHTS, LONDON",06/08/2002,FULL,64209 - Activities of other holding companies n.e.c. | 82990 - Other business support service activities n.e.c.,Old St - Moreland Primary School,13,postcode district,,,,,,"Hi {First} - I'm Brian from FC Urban. We run social football at Old St - Moreland Primary School, a 13-min walk from Winlink. Looking for someone inside the team up for starting an after-work game - we handle pitch, payments and organising. Open to a quick chat?",262,"Thanks for connecting, {First}.

Quick one - we run social football games at Old St - Moreland Primary School, about 13 minutes' walk from your office. A few City firms use them as an easy after-work thing for colleagues: we sort the pitch, the payments and the organising, and can top the group up with our own players if numbers are short.

Is there someone at Winlink who looks after wellbeing or staff socials I should be speaking to? Happy to be pointed elsewhere.

Brian
FC Urban",,,,
Wiredscore Emea,,Financial institution,EC1Y 8AF,"4 OLD STREET YARD, LONDON",01/08/2016,GROUP,64209 - Activities of other holding companies n.e.c.,Old St - Moreland Primary School,13,exact postcode,,,,,,"Hi {First} - I'm Brian from FC Urban. We run social football at Old St - Moreland Primary School, a 13-min walk from Wiredscore Emea. Looking for someone inside the team up for starting an after-work game - we handle pitch, payments and organising. Open to a quick chat?",270,"Thanks for connecting, {First}.

Quick one - we run social football games at Old St - Moreland Primary School, about 13 minutes' walk from your office. A few City firms use them as an easy after-work thing for colleagues: we sort the pitch, the payments and the organising, and can top the group up with our own players if numbers are short.

Is there someone at Wiredscore Emea who looks after wellbeing or staff socials I should be speaking to? Happy to be pointed elsewhere.

Brian
FC Urban",,,,
Wise Assets Uk,,Financial institution,EC2A 4JE,"1ST FLOOR WORSHIP SQUARE, LONDON",26/03/2019,FULL,64999 - Financial intermediation not elsewhere classified,Shoreditch Rooftop,17,postcode district,,,,,,"Hi {First} - I'm Brian from FC Urban. We run social football at Shoreditch Rooftop, a 17-min walk from Wise Assets Uk. Looking for someone inside the team up for starting an after-work game - we handle pitch, payments and organising. Open to a quick chat?",255,"Thanks for connecting, {First}.

Quick one - we run social football games at Shoreditch Rooftop, about 17 minutes' walk from your office. A few City firms use them as an easy after-work thing for colleagues: we sort the pitch, the payments and the organising, and can top the group up with our own players if numbers are short.

Is there someone at Wise Assets Uk who looks after wellbeing or staff socials I should be speaking to? Happy to be pointed elsewhere.

Brian
FC Urban",,,,
Wise,,Financial institution,EC2A 4JE,"1ST FLOOR WORSHIP SQUARE, LONDON",18/02/2021,GROUP,64205 - Activities of financial services holding companies,Shoreditch Rooftop,17,postcode district,,,,,,"Hi {First} - I'm Brian from FC Urban. We run social football at Shoreditch Rooftop, a 17-min walk from Wise. Looking for someone inside the team up for starting an after-work game - we handle pitch, payments and organising. Open to a quick chat?",245,"Thanks for connecting, {First}.

Quick one - we run social football games at Shoreditch Rooftop, about 17 minutes' walk from your office. A few City firms use them as an easy after-work thing for colleagues: we sort the pitch, the payments and the organising, and can top the group up with our own players if numbers are short.

Is there someone at Wise who looks after wellbeing or staff socials I should be speaking to? Happy to be pointed elsewhere.

Brian
FC Urban",,,,
Wise Payments,,Financial institution,EC2A 4JE,"1ST FLOOR WORSHIP SQUARE, LONDON",31/03/2010,FULL,64999 - Financial intermediation not elsewhere classified,Shoreditch Rooftop,17,postcode district,,,,,,"Hi {First} - I'm Brian from FC Urban. We run social football at Shoreditch Rooftop, a 17-min walk from Wise Payments. Looking for someone inside the team up for starting an after-work game - we handle pitch, payments and organising. Open to a quick chat?",254,"Thanks for connecting, {First}.

Quick one - we run social football games at Shoreditch Rooftop, about 17 minutes' walk from your office. A few City firms use them as an easy after-work thing for colleagues: we sort the pitch, the payments and the organising, and can top the group up with our own players if numbers are short.

Is there someone at Wise Payments who looks after wellbeing or staff socials I should be speaking to? Happy to be pointed elsewhere.

Brian
FC Urban",,,,
Wolverine Trading Uk,,Financial institution,EC2M 4TP,"1 NEW STREET, LONDON",13/05/1999,FULL,64999 - Financial intermediation not elsewhere classified,Whitechapel,23,postcode district,,,,,,"Hi {First} - I'm Brian from FC Urban. We run social football at Whitechapel, a 23-min walk from Wolverine Trading Uk. Looking for someone inside the team up for starting an after-work game - we handle pitch, payments and organising. Open to a quick chat?",254,"Thanks for connecting, {First}.

Quick one - we run social football games at Whitechapel, about 23 minutes' walk from your office. A few City firms use them as an easy after-work thing for colleagues: we sort the pitch, the payments and the organising, and can top the group up with our own players if numbers are short.

Is there someone at Wolverine Trading Uk who looks after wellbeing or staff socials I should be speaking to? Happy to be pointed elsewhere.

Brian
FC Urban",,,,
Worldpay International Group,,Financial institution,EC4N 8AF,"C/O WORLDPAY COMPANY SECRETARY, LONDON",27/07/2017,GROUP,64209 - Activities of other holding companies n.e.c.,Borough Academy,22,postcode district,,,,,,"Hi {First} - I'm Brian from FC Urban. We run social football at Borough Academy, a 22-min walk from Worldpay International Group. Looking for someone inside the team up for starting an after-work game - we handle pitch, payments and organising. Open to a quick chat?",266,"Thanks for connecting, {First}.

Quick one - we run social football games at Borough Academy, about 22 minutes' walk from your office. A few City firms use them as an easy after-work thing for colleagues: we sort the pitch, the payments and the organising, and can top the group up with our own players if numbers are short.

Is there someone at Worldpay International Group who looks after wellbeing or staff socials I should be speaking to? Happy to be pointed elsewhere.

Brian
FC Urban",,,,
Wrbc Corporate Member,,Financial institution,EC3M 7AF,"14TH FLOOR 52, LONDON",07/11/2001,FULL,65120 - Non-life insurance,Whitechapel,24,exact postcode,,,,,,"Hi {First} - I'm Brian from FC Urban. We run social football at Whitechapel, a 24-min walk from Wrbc Corporate Member. Looking for someone inside the team up for starting an after-work game - we handle pitch, payments and organising. Open to a quick chat?",255,"Thanks for connecting, {First}.

Quick one - we run social football games at Whitechapel, about 24 minutes' walk from your office. A few City firms use them as an easy after-work thing for colleagues: we sort the pitch, the payments and the organising, and can top the group up with our own players if numbers are short.

Is there someone at Wrbc Corporate Member who looks after wellbeing or staff socials I should be speaking to? Happy to be pointed elsewhere.

Brian
FC Urban",,,,
Wsj Global,,Financial institution,EC2R 6DA,"4 MOORGATE, LONDON",04/12/2019,GROUP,64205 - Activities of financial services holding companies,Old St - Moreland Primary School,26,exact postcode,,,,,,"Hi {First} - I'm Brian from FC Urban. We run social football at Old St - Moreland Primary School, a 26-min walk from Wsj Global. Looking for someone inside the team up for starting an after-work game - we handle pitch, payments and organising. Open to a quick chat?",265,"Thanks for connecting, {First}.

Quick one - we run social football games at Old St - Moreland Primary School, about 26 minutes' walk from your office. A few City firms use them as an easy after-work thing for colleagues: we sort the pitch, the payments and the organising, and can top the group up with our own players if numbers are short.

Is there someone at Wsj Global who looks after wellbeing or staff socials I should be speaking to? Happy to be pointed elsewhere.

Brian
FC Urban",,,,
Wtuk,,Financial institution,EC3V 3LT,"NO.1, LONDON",22/10/2012,GROUP,66110 - Administration of financial markets,Borough Academy,24,postcode district,,,,,,"Hi {First} - I'm Brian from FC Urban. We run social football at Borough Academy, a 24-min walk from Wtuk. Looking for someone inside the team up for starting an after-work game - we handle pitch, payments and organising. Open to a quick chat?",242,"Thanks for connecting, {First}.

Quick one - we run social football games at Borough Academy, about 24 minutes' walk from your office. A few City firms use them as an easy after-work thing for colleagues: we sort the pitch, the payments and the organising, and can top the group up with our own players if numbers are short.

Is there someone at Wtuk who looks after wellbeing or staff socials I should be speaking to? Happy to be pointed elsewhere.

Brian
FC Urban",,,,
Xbridge,,Financial institution,EC1Y 8LZ,"4TH FLOOR HYLO 105, LONDON",04/04/2000,FULL,66220 - Activities of insurance agents and brokers,Old St - Moreland Primary School,14,exact postcode,,,,,,"Hi {First} - I'm Brian from FC Urban. We run social football at Old St - Moreland Primary School, a 14-min walk from Xbridge. Looking for someone inside the team up for starting an after-work game - we handle pitch, payments and organising. Open to a quick chat?",262,"Thanks for connecting, {First}.

Quick one - we run social football games at Old St - Moreland Primary School, about 14 minutes' walk from your office. A few City firms use them as an easy after-work thing for colleagues: we sort the pitch, the payments and the organising, and can top the group up with our own players if numbers are short.

Is there someone at Xbridge who looks after wellbeing or staff socials I should be speaking to? Happy to be pointed elsewhere.

Brian
FC Urban",,,,
Xconnect Trading,,Financial institution,EC2R 6AF,"6TH FLOOR, BASILDON HOUSE, LONDON",25/06/2001,FULL,66120 - Security and commodity contracts dealing activities,Old St - Moreland Primary School,25,postcode district,,,,,,"Hi {First} - I'm Brian from FC Urban. We run social football at Old St - Moreland Primary School, a 25-min walk from Xconnect Trading. Looking for someone inside the team up for starting an after-work game - we handle pitch, payments and organising. Open to a quick chat?",271,"Thanks for connecting, {First}.

Quick one - we run social football games at Old St - Moreland Primary School, about 25 minutes' walk from your office. A few City firms use them as an easy after-work thing for colleagues: we sort the pitch, the payments and the organising, and can top the group up with our own players if numbers are short.

Is there someone at Xconnect Trading who looks after wellbeing or staff socials I should be speaking to? Happy to be pointed elsewhere.

Brian
FC Urban",,,,
Xitus Insurance,,Financial institution,EC3V 3NG,"INTERNATIONAL HOUSE,, LONDON",25/06/1906,FULL,65120 - Non-life insurance,Borough Academy,24,postcode district,,,,,,"Hi {First} - I'm Brian from FC Urban. We run social football at Borough Academy, a 24-min walk from Xitus Insurance. Looking for someone inside the team up for starting an after-work game - we handle pitch, payments and organising. Open to a quick chat?",253,"Thanks for connecting, {First}.

Quick one - we run social football games at Borough Academy, about 24 minutes' walk from your office. A few City firms use them as an easy after-work thing for colleagues: we sort the pitch, the payments and the organising, and can top the group up with our own players if numbers are short.

Is there someone at Xitus Insurance who looks after wellbeing or staff socials I should be speaking to? Happy to be pointed elsewhere.

Brian
FC Urban",,,,
Xpe 2027,,Financial institution,EC3M 3BY,"C/O PRADERA LATERAL LIMITED 5TH FLOOR, LONDON",05/02/1988,FULL,64209 - Activities of other holding companies n.e.c.,Borough Academy,24,exact postcode,,,,,,"Hi {First} - I'm Brian from FC Urban. We run social football at Borough Academy, a 24-min walk from Xpe 2027. Looking for someone inside the team up for starting an after-work game - we handle pitch, payments and organising. Open to a quick chat?",246,"Thanks for connecting, {First}.

Quick one - we run social football games at Borough Academy, about 24 minutes' walk from your office. A few City firms use them as an easy after-work thing for colleagues: we sort the pitch, the payments and the organising, and can top the group up with our own players if numbers are short.

Is there someone at Xpe 2027 who looks after wellbeing or staff socials I should be speaking to? Happy to be pointed elsewhere.

Brian
FC Urban",,,,
Yulife Holdings,,Financial institution,EC1Y 8RQ,"12 MALLOW STREET, LONDON",14/04/2022,GROUP,64209 - Activities of other holding companies n.e.c.,Old St - Moreland Primary School,14,postcode district,,,,,,"Hi {First} - I'm Brian from FC Urban. We run social football at Old St - Moreland Primary School, a 14-min walk from Yulife Holdings. Looking for someone inside the team up for starting an after-work game - we handle pitch, payments and organising. Open to a quick chat?",270,"Thanks for connecting, {First}.

Quick one - we run social football games at Old St - Moreland Primary School, about 14 minutes' walk from your office. A few City firms use them as an easy after-work thing for colleagues: we sort the pitch, the payments and the organising, and can top the group up with our own players if numbers are short.

Is there someone at Yulife Holdings who looks after wellbeing or staff socials I should be speaking to? Happy to be pointed elsewhere.

Brian
FC Urban",,,,
Zeal Capital Market (Uk),,Financial institution,EC2N 1HN,"25 OLD BROAD STREET, LONDON",08/06/2016,FULL,64999 - Financial intermediation not elsewhere classified,Whitechapel,26,exact postcode,,,,,,"Hi {First} - I'm Brian from FC Urban. We run social football at Whitechapel, a 26-min walk from Zeal Capital Market (Uk). Looking for someone inside the team up for starting an after-work game - we handle pitch, payments and organising. Open to a quick chat?",258,"Thanks for connecting, {First}.

Quick one - we run social football games at Whitechapel, about 26 minutes' walk from your office. A few City firms use them as an easy after-work thing for colleagues: we sort the pitch, the payments and the organising, and can top the group up with our own players if numbers are short.

Is there someone at Zeal Capital Market (Uk) who looks after wellbeing or staff socials I should be speaking to? Happy to be pointed elsewhere.

Brian
FC Urban",,,,
Zenith Bank (Uk),,Financial institution,EC3V 3ND,39 CORNHILL,17/02/2006,FULL,64191 - Banks,Borough Academy,24,exact postcode,,,,,,"Hi {First} - I'm Brian from FC Urban. We run social football at Borough Academy, a 24-min walk from Zenith Bank (Uk). Looking for someone inside the team up for starting an after-work game - we handle pitch, payments and organising. Open to a quick chat?",254,"Thanks for connecting, {First}.

Quick one - we run social football games at Borough Academy, about 24 minutes' walk from your office. A few City firms use them as an easy after-work thing for colleagues: we sort the pitch, the payments and the organising, and can top the group up with our own players if numbers are short.

Is there someone at Zenith Bank (Uk) who looks after wellbeing or staff socials I should be speaking to? Happy to be pointed elsewhere.

Brian
FC Urban",,,,
Zodiac Partners,,Financial institution,EC3M 5DJ,"DIXON HOUSE, LONDON",02/03/2017,FULL,64999 - Financial intermediation not elsewhere classified,Whitechapel,24,postcode district,,,,,,"Hi {First} - I'm Brian from FC Urban. We run social football at Whitechapel, a 24-min walk from Zodiac Partners. Looking for someone inside the team up for starting an after-work game - we handle pitch, payments and organising. Open to a quick chat?",249,"Thanks for connecting, {First}.

Quick one - we run social football games at Whitechapel, about 24 minutes' walk from your office. A few City firms use them as an easy after-work thing for colleagues: we sort the pitch, the payments and the organising, and can top the group up with our own players if numbers are short.

Is there someone at Zodiac Partners who looks after wellbeing or staff socials I should be speaking to? Happy to be pointed elsewhere.

Brian
FC Urban",,,,
Zorca Holding London,,Financial institution,EC1M 5RJ,"MARRABLE'S HOTEL, LONDON",11/09/2020,GROUP,64209 - Activities of other holding companies n.e.c. | 70100 - Activities of head offices,Old St - Moreland Primary School,12,exact postcode,,,,,,"Hi {First} - I'm Brian from FC Urban. We run social football at Old St - Moreland Primary School, a 12-min walk from Zorca Holding London. Looking for someone inside the team up for starting an after-work game - we handle pitch, payments and organising. Open to a quick chat?",275,"Thanks for connecting, {First}.

Quick one - we run social football games at Old St - Moreland Primary School, about 12 minutes' walk from your office. A few City firms use them as an easy after-work thing for colleagues: we sort the pitch, the payments and the organising, and can top the group up with our own players if numbers are short.

Is there someone at Zorca Holding London who looks after wellbeing or staff socials I should be speaking to? Happy to be pointed elsewhere.

Brian
FC Urban",,,,
