Business,Industry,Website,Address,Postcode,Nearest FC Urban venue,Walk (min),Contact first name,Contact full name,Contact job title,LinkedIn URL,Connection note (<=300),Note length,Follow-up DM,InMail subject,InMail body,LinkedIn status,Connected at,Replied,Notes
BondEsq Accounting & Bookkeeping Services,finance,https://www.bondesq.com/,"124 City Rd, London EC1V 2NX, UK",EC1V 2NX,Old St - Moreland Primary School,11,,,,,"Hi {First} - I'm Brian from FC Urban. We run social football at Old St - Moreland Primary School, a 11-min walk from BondEsq Accounting & Bookkeeping Services. Looking for someone inside the team up for starting an after-work game - we handle pitch, payments and organising. Open to a quick chat?",296,"Thanks for connecting, {First}.

Quick one - we run social football games at Old St - Moreland Primary School, about 11 minutes' walk from your office. A few City firms use them as an easy after-work thing for colleagues: we sort the pitch, the payments and the organising, and can top the group up with our own players if numbers are short.

Is there someone at BondEsq Accounting & Bookkeeping Services who looks after wellbeing or staff socials I should be speaking to? Happy to be pointed elsewhere.

Brian
FC Urban",After-work football near BondEsq Accounting & Bookkeeping Services,"Hi {First},

I'm Brian from FC Urban - we organise social football games across London where people just turn up and play.

We run games at Old St - Moreland Primary School, a 11-minute walk from your office. We're looking for someone at BondEsq Accounting & Bookkeeping Services who'd enjoy helping get a regular after-work game going for colleagues. We take care of the pitch, the payments and the organising, and top the group up with our own players if numbers are short - so it needs one person internally who likes football, not an organiser.

Would you be the right person, or could you point me to whoever looks after wellbeing or staff socials?

Brian
FC Urban",,,,
"COVRD, Life Insurance Advice London, Keyman & Relevant Life Brokers UK",insurance_agency,http://www.covrdme.co.uk/,"152 City Rd, London EC1V 2NX, UK",EC1V 2NX,Old St - Moreland Primary School,11,,,,,"Hi {First} - Brian from FC Urban. We run social football at Old St - Moreland Primary School, a 11-min walk from your office. Anyone at COVRD, Life Insurance Advice London, Keyman & Relevant Life Brokers UK up for starting an after-work game? We handle pitch, payments and organising.",284,"Thanks for connecting, {First}.

Quick one - we run social football games at Old St - Moreland Primary School, about 11 minutes' walk from your office. A few City firms use them as an easy after-work thing for colleagues: we sort the pitch, the payments and the organising, and can top the group up with our own players if numbers are short.

Is there someone at COVRD, Life Insurance Advice London, Keyman & Relevant Life Brokers UK who looks after wellbeing or staff socials I should be speaking to? Happy to be pointed elsewhere.

Brian
FC Urban","After-work football near COVRD, Life Insurance Advice London, Keyman & Relevant Life Brokers UK","Hi {First},

I'm Brian from FC Urban - we organise social football games across London where people just turn up and play.

We run games at Old St - Moreland Primary School, a 11-minute walk from your office. We're looking for someone at COVRD, Life Insurance Advice London, Keyman & Relevant Life Brokers UK who'd enjoy helping get a regular after-work game going for colleagues. We take care of the pitch, the payments and the organising, and top the group up with our own players if numbers are short - so it needs one person internally who likes football, not an organiser.

Would you be the right person, or could you point me to whoever looks after wellbeing or staff socials?

Brian
FC Urban",,,,
Cloudkeepers Accountants,finance,http://cloud-keepers.co.uk/,"124 City Rd, London EC1V 2NX, UK",EC1V 2NX,Old St - Moreland Primary School,11,,,,,"Hi {First} - I'm Brian from FC Urban. We run social football at Old St - Moreland Primary School, a 11-min walk from Cloudkeepers Accountants. Looking for someone inside the team up for starting an after-work game - we handle pitch, payments and organising. Open to a quick chat?",279,"Thanks for connecting, {First}.

Quick one - we run social football games at Old St - Moreland Primary School, about 11 minutes' walk from your office. A few City firms use them as an easy after-work thing for colleagues: we sort the pitch, the payments and the organising, and can top the group up with our own players if numbers are short.

Is there someone at Cloudkeepers Accountants who looks after wellbeing or staff socials I should be speaking to? Happy to be pointed elsewhere.

Brian
FC Urban",After-work football near Cloudkeepers Accountants,"Hi {First},

I'm Brian from FC Urban - we organise social football games across London where people just turn up and play.

We run games at Old St - Moreland Primary School, a 11-minute walk from your office. We're looking for someone at Cloudkeepers Accountants who'd enjoy helping get a regular after-work game going for colleagues. We take care of the pitch, the payments and the organising, and top the group up with our own players if numbers are short - so it needs one person internally who likes football, not an organiser.

Would you be the right person, or could you point me to whoever looks after wellbeing or staff socials?

Brian
FC Urban",,,,
Sprouting Accounting,finance,https://www.sproutingaccounting.co.uk/,"124-128 City Rd, London EC1V 2NX, UK",EC1V 2NX,Old St - Moreland Primary School,11,,,,,"Hi {First} - I'm Brian from FC Urban. We run social football at Old St - Moreland Primary School, a 11-min walk from Sprouting Accounting. Looking for someone inside the team up for starting an after-work game - we handle pitch, payments and organising. Open to a quick chat?",275,"Thanks for connecting, {First}.

Quick one - we run social football games at Old St - Moreland Primary School, about 11 minutes' walk from your office. A few City firms use them as an easy after-work thing for colleagues: we sort the pitch, the payments and the organising, and can top the group up with our own players if numbers are short.

Is there someone at Sprouting Accounting who looks after wellbeing or staff socials I should be speaking to? Happy to be pointed elsewhere.

Brian
FC Urban",After-work football near Sprouting Accounting,"Hi {First},

I'm Brian from FC Urban - we organise social football games across London where people just turn up and play.

We run games at Old St - Moreland Primary School, a 11-minute walk from your office. We're looking for someone at Sprouting Accounting who'd enjoy helping get a regular after-work game going for colleagues. We take care of the pitch, the payments and the organising, and top the group up with our own players if numbers are short - so it needs one person internally who likes football, not an organiser.

Would you be the right person, or could you point me to whoever looks after wellbeing or staff socials?

Brian
FC Urban",,,,
Beavis Morgan,finance,http://www.beavismorgan.com/,"82 St John St, London EC1M 4JN, UK",EC1M 4JN,Old St - Moreland Primary School,12,,,,,"Hi {First} - I'm Brian from FC Urban. We run social football at Old St - Moreland Primary School, a 12-min walk from Beavis Morgan. Looking for someone inside the team up for starting an after-work game - we handle pitch, payments and organising. Open to a quick chat?",268,"Thanks for connecting, {First}.

Quick one - we run social football games at Old St - Moreland Primary School, about 12 minutes' walk from your office. A few City firms use them as an easy after-work thing for colleagues: we sort the pitch, the payments and the organising, and can top the group up with our own players if numbers are short.

Is there someone at Beavis Morgan who looks after wellbeing or staff socials I should be speaking to? Happy to be pointed elsewhere.

Brian
FC Urban",After-work football near Beavis Morgan,"Hi {First},

I'm Brian from FC Urban - we organise social football games across London where people just turn up and play.

We run games at Old St - Moreland Primary School, a 12-minute walk from your office. We're looking for someone at Beavis Morgan who'd enjoy helping get a regular after-work game going for colleagues. We take care of the pitch, the payments and the organising, and top the group up with our own players if numbers are short - so it needs one person internally who likes football, not an organiser.

Would you be the right person, or could you point me to whoever looks after wellbeing or staff socials?

Brian
FC Urban",,,,
Cuvva,insurance_agency,https://www.cuvva.com/,"The Old Sessions House, 23 Clerkenwell Grn, London EC1R 0NA, UK",EC1R 0NA,Old St - Moreland Primary School,13,,,,,"Hi {First} - I'm Brian from FC Urban. We run social football at Old St - Moreland Primary School, a 13-min walk from Cuvva. Looking for someone inside the team up for starting an after-work game - we handle pitch, payments and organising. Open to a quick chat?",260,"Thanks for connecting, {First}.

Quick one - we run social football games at Old St - Moreland Primary School, about 13 minutes' walk from your office. A few City firms use them as an easy after-work thing for colleagues: we sort the pitch, the payments and the organising, and can top the group up with our own players if numbers are short.

Is there someone at Cuvva who looks after wellbeing or staff socials I should be speaking to? Happy to be pointed elsewhere.

Brian
FC Urban",After-work football near Cuvva,"Hi {First},

I'm Brian from FC Urban - we organise social football games across London where people just turn up and play.

We run games at Old St - Moreland Primary School, a 13-minute walk from your office. We're looking for someone at Cuvva who'd enjoy helping get a regular after-work game going for colleagues. We take care of the pitch, the payments and the organising, and top the group up with our own players if numbers are short - so it needs one person internally who likes football, not an organiser.

Would you be the right person, or could you point me to whoever looks after wellbeing or staff socials?

Brian
FC Urban",,,,
CIGMA ACCOUNTING LTD - Farringdon,finance,https://cigmaaccounting.co.uk/accountants-farringdon/,"127 Farringdon Rd, London EC1R 3DA, UK",EC1R 3DA,Old St - Moreland Primary School,14,,,,,"Hi {First} - I'm Brian from FC Urban. We run social football at Old St - Moreland Primary School, a 14-min walk from CIGMA ACCOUNTING LTD - Farringdon. Looking for someone inside the team up for starting an after-work game - we handle pitch, payments and organising. Open to a quick chat?",288,"Thanks for connecting, {First}.

Quick one - we run social football games at Old St - Moreland Primary School, about 14 minutes' walk from your office. A few City firms use them as an easy after-work thing for colleagues: we sort the pitch, the payments and the organising, and can top the group up with our own players if numbers are short.

Is there someone at CIGMA ACCOUNTING LTD - Farringdon who looks after wellbeing or staff socials I should be speaking to? Happy to be pointed elsewhere.

Brian
FC Urban",After-work football near CIGMA ACCOUNTING LTD - Farringdon,"Hi {First},

I'm Brian from FC Urban - we organise social football games across London where people just turn up and play.

We run games at Old St - Moreland Primary School, a 14-minute walk from your office. We're looking for someone at CIGMA ACCOUNTING LTD - Farringdon who'd enjoy helping get a regular after-work game going for colleagues. We take care of the pitch, the payments and the organising, and top the group up with our own players if numbers are short - so it needs one person internally who likes football, not an organiser.

Would you be the right person, or could you point me to whoever looks after wellbeing or staff socials?

Brian
FC Urban",,,,
Newinton Accountancy Ltd,finance,http://www.newintonacc.com/,"9 Chapel Pl, Rivington St, London EC2A 3DQ, UK",EC2A 3DQ,Shoreditch Rooftop,15,,,,,"Hi {First} - I'm Brian from FC Urban. We run social football at Shoreditch Rooftop, a 15-min walk from Newinton Accountancy Ltd. Looking for someone inside the team up for starting an after-work game - we handle pitch, payments and organising. Open to a quick chat?",265,"Thanks for connecting, {First}.

Quick one - we run social football games at Shoreditch Rooftop, about 15 minutes' walk from your office. A few City firms use them as an easy after-work thing for colleagues: we sort the pitch, the payments and the organising, and can top the group up with our own players if numbers are short.

Is there someone at Newinton Accountancy Ltd who looks after wellbeing or staff socials I should be speaking to? Happy to be pointed elsewhere.

Brian
FC Urban",After-work football near Newinton Accountancy Ltd,"Hi {First},

I'm Brian from FC Urban - we organise social football games across London where people just turn up and play.

We run games at Shoreditch Rooftop, a 15-minute walk from your office. We're looking for someone at Newinton Accountancy Ltd who'd enjoy helping get a regular after-work game going for colleagues. We take care of the pitch, the payments and the organising, and top the group up with our own players if numbers are short - so it needs one person internally who likes football, not an organiser.

Would you be the right person, or could you point me to whoever looks after wellbeing or staff socials?

Brian
FC Urban",,,,
A&Z Accountancy Ltd,finance,http://azaccountancyltd.co.uk/,"3rd, 86-90 Paul St, London EC2A 4NE, UK",EC2A 4NE,Shoreditch Rooftop,16,,,,,"Hi {First} - I'm Brian from FC Urban. We run social football at Shoreditch Rooftop, a 16-min walk from A&Z Accountancy Ltd. Looking for someone inside the team up for starting an after-work game - we handle pitch, payments and organising. Open to a quick chat?",260,"Thanks for connecting, {First}.

Quick one - we run social football games at Shoreditch Rooftop, about 16 minutes' walk from your office. A few City firms use them as an easy after-work thing for colleagues: we sort the pitch, the payments and the organising, and can top the group up with our own players if numbers are short.

Is there someone at A&Z Accountancy Ltd who looks after wellbeing or staff socials I should be speaking to? Happy to be pointed elsewhere.

Brian
FC Urban",After-work football near A&Z Accountancy Ltd,"Hi {First},

I'm Brian from FC Urban - we organise social football games across London where people just turn up and play.

We run games at Shoreditch Rooftop, a 16-minute walk from your office. We're looking for someone at A&Z Accountancy Ltd who'd enjoy helping get a regular after-work game going for colleagues. We take care of the pitch, the payments and the organising, and top the group up with our own players if numbers are short - so it needs one person internally who likes football, not an organiser.

Would you be the right person, or could you point me to whoever looks after wellbeing or staff socials?

Brian
FC Urban",,,,
Bambridge Accountants,finance,http://www.bambridgeaccountants.com/,"3rd Floor, BAMBRIDGE ACCOUNTANTS LTD, 86-90 Paul St, London EC2A 4NE, UK",EC2A 4NE,Shoreditch Rooftop,16,,,,,"Hi {First} - I'm Brian from FC Urban. We run social football at Shoreditch Rooftop, a 16-min walk from Bambridge Accountants. Looking for someone inside the team up for starting an after-work game - we handle pitch, payments and organising. Open to a quick chat?",262,"Thanks for connecting, {First}.

Quick one - we run social football games at Shoreditch Rooftop, about 16 minutes' walk from your office. A few City firms use them as an easy after-work thing for colleagues: we sort the pitch, the payments and the organising, and can top the group up with our own players if numbers are short.

Is there someone at Bambridge Accountants who looks after wellbeing or staff socials I should be speaking to? Happy to be pointed elsewhere.

Brian
FC Urban",After-work football near Bambridge Accountants,"Hi {First},

I'm Brian from FC Urban - we organise social football games across London where people just turn up and play.

We run games at Shoreditch Rooftop, a 16-minute walk from your office. We're looking for someone at Bambridge Accountants who'd enjoy helping get a regular after-work game going for colleagues. We take care of the pitch, the payments and the organising, and top the group up with our own players if numbers are short - so it needs one person internally who likes football, not an organiser.

Would you be the right person, or could you point me to whoever looks after wellbeing or staff socials?

Brian
FC Urban",,,,
Barnes & Scott,finance,http://www.barnesandscott.com/,"89-90 Paul St, London EC2A 4NE, UK",EC2A 4NE,Shoreditch Rooftop,16,,,,,"Hi {First} - I'm Brian from FC Urban. We run social football at Shoreditch Rooftop, a 16-min walk from Barnes & Scott. Looking for someone inside the team up for starting an after-work game - we handle pitch, payments and organising. Open to a quick chat?",255,"Thanks for connecting, {First}.

Quick one - we run social football games at Shoreditch Rooftop, about 16 minutes' walk from your office. A few City firms use them as an easy after-work thing for colleagues: we sort the pitch, the payments and the organising, and can top the group up with our own players if numbers are short.

Is there someone at Barnes & Scott who looks after wellbeing or staff socials I should be speaking to? Happy to be pointed elsewhere.

Brian
FC Urban",After-work football near Barnes & Scott,"Hi {First},

I'm Brian from FC Urban - we organise social football games across London where people just turn up and play.

We run games at Shoreditch Rooftop, a 16-minute walk from your office. We're looking for someone at Barnes & Scott who'd enjoy helping get a regular after-work game going for colleagues. We take care of the pitch, the payments and the organising, and top the group up with our own players if numbers are short - so it needs one person internally who likes football, not an organiser.

Would you be the right person, or could you point me to whoever looks after wellbeing or staff socials?

Brian
FC Urban",,,,
CBM Accounting Ltd,finance,http://www.cbmaccounting.co.uk/,"3rd floor, 86-90 Paul St, London EC2A 4NE, UK",EC2A 4NE,Shoreditch Rooftop,16,,,,,"Hi {First} - I'm Brian from FC Urban. We run social football at Shoreditch Rooftop, a 16-min walk from CBM Accounting Ltd. Looking for someone inside the team up for starting an after-work game - we handle pitch, payments and organising. Open to a quick chat?",259,"Thanks for connecting, {First}.

Quick one - we run social football games at Shoreditch Rooftop, about 16 minutes' walk from your office. A few City firms use them as an easy after-work thing for colleagues: we sort the pitch, the payments and the organising, and can top the group up with our own players if numbers are short.

Is there someone at CBM Accounting Ltd who looks after wellbeing or staff socials I should be speaking to? Happy to be pointed elsewhere.

Brian
FC Urban",After-work football near CBM Accounting Ltd,"Hi {First},

I'm Brian from FC Urban - we organise social football games across London where people just turn up and play.

We run games at Shoreditch Rooftop, a 16-minute walk from your office. We're looking for someone at CBM Accounting Ltd who'd enjoy helping get a regular after-work game going for colleagues. We take care of the pitch, the payments and the organising, and top the group up with our own players if numbers are short - so it needs one person internally who likes football, not an organiser.

Would you be the right person, or could you point me to whoever looks after wellbeing or staff socials?

Brian
FC Urban",,,,
Carbon Accountancy London,finance,https://www.carbonaccountancy.co.uk/,"80-83 Long Ln, Barbican, London EC1A 9ET, UK",EC1A 9ET,Old St - Moreland Primary School,16,,,,,"Hi {First} - I'm Brian from FC Urban. We run social football at Old St - Moreland Primary School, a 16-min walk from Carbon Accountancy London. Looking for someone inside the team up for starting an after-work game - we handle pitch, payments and organising. Open to a quick chat?",280,"Thanks for connecting, {First}.

Quick one - we run social football games at Old St - Moreland Primary School, about 16 minutes' walk from your office. A few City firms use them as an easy after-work thing for colleagues: we sort the pitch, the payments and the organising, and can top the group up with our own players if numbers are short.

Is there someone at Carbon Accountancy London who looks after wellbeing or staff socials I should be speaking to? Happy to be pointed elsewhere.

Brian
FC Urban",After-work football near Carbon Accountancy London,"Hi {First},

I'm Brian from FC Urban - we organise social football games across London where people just turn up and play.

We run games at Old St - Moreland Primary School, a 16-minute walk from your office. We're looking for someone at Carbon Accountancy London who'd enjoy helping get a regular after-work game going for colleagues. We take care of the pitch, the payments and the organising, and top the group up with our own players if numbers are short - so it needs one person internally who likes football, not an organiser.

Would you be the right person, or could you point me to whoever looks after wellbeing or staff socials?

Brian
FC Urban",,,,
"Highwoods Group - Shoreditch, London",finance,http://www.highwoodsgroup.co.uk/,"The Black & White Building, 74 Rivington St, London EC2A 3AY, UK",EC2A 3AY,Shoreditch Rooftop,16,,,,,"Hi {First} - I'm Brian from FC Urban. We run social football at Shoreditch Rooftop, a 16-min walk from Highwoods Group - Shoreditch, London. Looking for someone inside the team up for starting an after-work game - we handle pitch, payments and organising. Open to a quick chat?",277,"Thanks for connecting, {First}.

Quick one - we run social football games at Shoreditch Rooftop, about 16 minutes' walk from your office. A few City firms use them as an easy after-work thing for colleagues: we sort the pitch, the payments and the organising, and can top the group up with our own players if numbers are short.

Is there someone at Highwoods Group - Shoreditch, London who looks after wellbeing or staff socials I should be speaking to? Happy to be pointed elsewhere.

Brian
FC Urban","After-work football near Highwoods Group - Shoreditch, London","Hi {First},

I'm Brian from FC Urban - we organise social football games across London where people just turn up and play.

We run games at Shoreditch Rooftop, a 16-minute walk from your office. We're looking for someone at Highwoods Group - Shoreditch, London who'd enjoy helping get a regular after-work game going for colleagues. We take care of the pitch, the payments and the organising, and top the group up with our own players if numbers are short - so it needs one person internally who likes football, not an organiser.

Would you be the right person, or could you point me to whoever looks after wellbeing or staff socials?

Brian
FC Urban",,,,
ManyPets,finance,https://manypets.com/uk/,"Unit 1b, 1-10 Summers St, London EC1R 5BD, UK",EC1R 5BD,Old St - Moreland Primary School,16,,,,,"Hi {First} - I'm Brian from FC Urban. We run social football at Old St - Moreland Primary School, a 16-min walk from ManyPets. Looking for someone inside the team up for starting an after-work game - we handle pitch, payments and organising. Open to a quick chat?",263,"Thanks for connecting, {First}.

Quick one - we run social football games at Old St - Moreland Primary School, about 16 minutes' walk from your office. A few City firms use them as an easy after-work thing for colleagues: we sort the pitch, the payments and the organising, and can top the group up with our own players if numbers are short.

Is there someone at ManyPets who looks after wellbeing or staff socials I should be speaking to? Happy to be pointed elsewhere.

Brian
FC Urban",After-work football near ManyPets,"Hi {First},

I'm Brian from FC Urban - we organise social football games across London where people just turn up and play.

We run games at Old St - Moreland Primary School, a 16-minute walk from your office. We're looking for someone at ManyPets who'd enjoy helping get a regular after-work game going for colleagues. We take care of the pitch, the payments and the organising, and top the group up with our own players if numbers are short - so it needs one person internally who likes football, not an organiser.

Would you be the right person, or could you point me to whoever looks after wellbeing or staff socials?

Brian
FC Urban",,,,
Venn Accounts,finance,https://vennaccounts.com/,"86-90 Paul St, London EC2A 4NE, UK",EC2A 4NE,Shoreditch Rooftop,16,,,,,"Hi {First} - I'm Brian from FC Urban. We run social football at Shoreditch Rooftop, a 16-min walk from Venn Accounts. Looking for someone inside the team up for starting an after-work game - we handle pitch, payments and organising. Open to a quick chat?",254,"Thanks for connecting, {First}.

Quick one - we run social football games at Shoreditch Rooftop, about 16 minutes' walk from your office. A few City firms use them as an easy after-work thing for colleagues: we sort the pitch, the payments and the organising, and can top the group up with our own players if numbers are short.

Is there someone at Venn Accounts who looks after wellbeing or staff socials I should be speaking to? Happy to be pointed elsewhere.

Brian
FC Urban",After-work football near Venn Accounts,"Hi {First},

I'm Brian from FC Urban - we organise social football games across London where people just turn up and play.

We run games at Shoreditch Rooftop, a 16-minute walk from your office. We're looking for someone at Venn Accounts who'd enjoy helping get a regular after-work game going for colleagues. We take care of the pitch, the payments and the organising, and top the group up with our own players if numbers are short - so it needs one person internally who likes football, not an organiser.

Would you be the right person, or could you point me to whoever looks after wellbeing or staff socials?

Brian
FC Urban",,,,
Alto Accounting,finance,https://www.alto-accounting.com/,"66 Paul St, London EC2A 4NE, UK",EC2A 4NE,Shoreditch Rooftop,17,,,,,"Hi {First} - I'm Brian from FC Urban. We run social football at Shoreditch Rooftop, a 17-min walk from Alto Accounting. Looking for someone inside the team up for starting an after-work game - we handle pitch, payments and organising. Open to a quick chat?",256,"Thanks for connecting, {First}.

Quick one - we run social football games at Shoreditch Rooftop, about 17 minutes' walk from your office. A few City firms use them as an easy after-work thing for colleagues: we sort the pitch, the payments and the organising, and can top the group up with our own players if numbers are short.

Is there someone at Alto Accounting who looks after wellbeing or staff socials I should be speaking to? Happy to be pointed elsewhere.

Brian
FC Urban",After-work football near Alto Accounting,"Hi {First},

I'm Brian from FC Urban - we organise social football games across London where people just turn up and play.

We run games at Shoreditch Rooftop, a 17-minute walk from your office. We're looking for someone at Alto Accounting who'd enjoy helping get a regular after-work game going for colleagues. We take care of the pitch, the payments and the organising, and top the group up with our own players if numbers are short - so it needs one person internally who likes football, not an organiser.

Would you be the right person, or could you point me to whoever looks after wellbeing or staff socials?

Brian
FC Urban",,,,
Dinosaur Merchant Bank Ltd.,finance,https://www.dinogroup.co.uk/,"Vintners Place, 68 Upper Thames St., London EC4V 3BJ, UK",EC4V 3BJ,Borough Academy,17,,,,,"Hi {First} - I'm Brian from FC Urban. We run social football at Borough Academy, a 17-min walk from Dinosaur Merchant Bank Ltd.. Looking for someone inside the team up for starting an after-work game - we handle pitch, payments and organising. Open to a quick chat?",265,"Thanks for connecting, {First}.

Quick one - we run social football games at Borough Academy, about 17 minutes' walk from your office. A few City firms use them as an easy after-work thing for colleagues: we sort the pitch, the payments and the organising, and can top the group up with our own players if numbers are short.

Is there someone at Dinosaur Merchant Bank Ltd. who looks after wellbeing or staff socials I should be speaking to? Happy to be pointed elsewhere.

Brian
FC Urban",After-work football near Dinosaur Merchant Bank Ltd.,"Hi {First},

I'm Brian from FC Urban - we organise social football games across London where people just turn up and play.

We run games at Borough Academy, a 17-minute walk from your office. We're looking for someone at Dinosaur Merchant Bank Ltd. who'd enjoy helping get a regular after-work game going for colleagues. We take care of the pitch, the payments and the organising, and top the group up with our own players if numbers are short - so it needs one person internally who likes football, not an organiser.

Would you be the right person, or could you point me to whoever looks after wellbeing or staff socials?

Brian
FC Urban",,,,
HaysMac LLP,finance,http://haysmac.com/,"10 Queen St Pl, London EC4R 1AG, UK",EC4R 1AG,Borough Academy,17,,,,,"Hi {First} - I'm Brian from FC Urban. We run social football at Borough Academy, a 17-min walk from HaysMac LLP. Looking for someone inside the team up for starting an after-work game - we handle pitch, payments and organising. Open to a quick chat?",249,"Thanks for connecting, {First}.

Quick one - we run social football games at Borough Academy, about 17 minutes' walk from your office. A few City firms use them as an easy after-work thing for colleagues: we sort the pitch, the payments and the organising, and can top the group up with our own players if numbers are short.

Is there someone at HaysMac LLP who looks after wellbeing or staff socials I should be speaking to? Happy to be pointed elsewhere.

Brian
FC Urban",After-work football near HaysMac LLP,"Hi {First},

I'm Brian from FC Urban - we organise social football games across London where people just turn up and play.

We run games at Borough Academy, a 17-minute walk from your office. We're looking for someone at HaysMac LLP who'd enjoy helping get a regular after-work game going for colleagues. We take care of the pitch, the payments and the organising, and top the group up with our own players if numbers are short - so it needs one person internally who likes football, not an organiser.

Would you be the right person, or could you point me to whoever looks after wellbeing or staff socials?

Brian
FC Urban",,,,
In Step Accounting,finance,http://www.in-step.co.uk/,"52 Tabernacle St, London EC2A 4NJ, UK",EC2A 4NJ,Old St - Moreland Primary School,17,,,,,"Hi {First} - I'm Brian from FC Urban. We run social football at Old St - Moreland Primary School, a 17-min walk from In Step Accounting. Looking for someone inside the team up for starting an after-work game - we handle pitch, payments and organising. Open to a quick chat?",273,"Thanks for connecting, {First}.

Quick one - we run social football games at Old St - Moreland Primary School, about 17 minutes' walk from your office. A few City firms use them as an easy after-work thing for colleagues: we sort the pitch, the payments and the organising, and can top the group up with our own players if numbers are short.

Is there someone at In Step Accounting who looks after wellbeing or staff socials I should be speaking to? Happy to be pointed elsewhere.

Brian
FC Urban",After-work football near In Step Accounting,"Hi {First},

I'm Brian from FC Urban - we organise social football games across London where people just turn up and play.

We run games at Old St - Moreland Primary School, a 17-minute walk from your office. We're looking for someone at In Step Accounting who'd enjoy helping get a regular after-work game going for colleagues. We take care of the pitch, the payments and the organising, and top the group up with our own players if numbers are short - so it needs one person internally who likes football, not an organiser.

Would you be the right person, or could you point me to whoever looks after wellbeing or staff socials?

Brian
FC Urban",,,,
Green Investment Group,finance,https://www.greeninvestmentgroup.com/,"28 Ropemaker St, London EC2Y 9HD, UK",EC2Y 9HD,Old St - Moreland Primary School,18,,,,,"Hi {First} - I'm Brian from FC Urban. We run social football at Old St - Moreland Primary School, a 18-min walk from Green Investment Group. Looking for someone inside the team up for starting an after-work game - we handle pitch, payments and organising. Open to a quick chat?",277,"Thanks for connecting, {First}.

Quick one - we run social football games at Old St - Moreland Primary School, about 18 minutes' walk from your office. A few City firms use them as an easy after-work thing for colleagues: we sort the pitch, the payments and the organising, and can top the group up with our own players if numbers are short.

Is there someone at Green Investment Group who looks after wellbeing or staff socials I should be speaking to? Happy to be pointed elsewhere.

Brian
FC Urban",After-work football near Green Investment Group,"Hi {First},

I'm Brian from FC Urban - we organise social football games across London where people just turn up and play.

We run games at Old St - Moreland Primary School, a 18-minute walk from your office. We're looking for someone at Green Investment Group who'd enjoy helping get a regular after-work game going for colleagues. We take care of the pitch, the payments and the organising, and top the group up with our own players if numbers are short - so it needs one person internally who likes football, not an organiser.

Would you be the right person, or could you point me to whoever looks after wellbeing or staff socials?

Brian
FC Urban",,,,
J.P. Morgan Private Bank,finance,https://privatebank.jpmorgan.com/eur/en/locations/emea/united-kingdom/london?y_source=1_MzMzMjE2Ni03MTUtbG9jYXRpb24ud2Vic2l0ZQ%3D%3D,"60 Victoria Embankment, London EC4Y 0JP, UK",EC4Y 0JP,Borough Academy,18,,,,,"Hi {First} - I'm Brian from FC Urban. We run social football at Borough Academy, a 18-min walk from J.P. Morgan Private Bank. Looking for someone inside the team up for starting an after-work game - we handle pitch, payments and organising. Open to a quick chat?",262,"Thanks for connecting, {First}.

Quick one - we run social football games at Borough Academy, about 18 minutes' walk from your office. A few City firms use them as an easy after-work thing for colleagues: we sort the pitch, the payments and the organising, and can top the group up with our own players if numbers are short.

Is there someone at J.P. Morgan Private Bank who looks after wellbeing or staff socials I should be speaking to? Happy to be pointed elsewhere.

Brian
FC Urban",After-work football near J.P. Morgan Private Bank,"Hi {First},

I'm Brian from FC Urban - we organise social football games across London where people just turn up and play.

We run games at Borough Academy, a 18-minute walk from your office. We're looking for someone at J.P. Morgan Private Bank who'd enjoy helping get a regular after-work game going for colleagues. We take care of the pitch, the payments and the organising, and top the group up with our own players if numbers are short - so it needs one person internally who likes football, not an organiser.

Would you be the right person, or could you point me to whoever looks after wellbeing or staff socials?

Brian
FC Urban",,,,
Quilter Invest,finance,https://www.quilterinvest.com/,"Senator House, 85 Queen Victoria St, London EC4V 4AB, UK",EC4V 4AB,Borough Academy,18,,,,,"Hi {First} - I'm Brian from FC Urban. We run social football at Borough Academy, a 18-min walk from Quilter Invest. Looking for someone inside the team up for starting an after-work game - we handle pitch, payments and organising. Open to a quick chat?",252,"Thanks for connecting, {First}.

Quick one - we run social football games at Borough Academy, about 18 minutes' walk from your office. A few City firms use them as an easy after-work thing for colleagues: we sort the pitch, the payments and the organising, and can top the group up with our own players if numbers are short.

Is there someone at Quilter Invest who looks after wellbeing or staff socials I should be speaking to? Happy to be pointed elsewhere.

Brian
FC Urban",After-work football near Quilter Invest,"Hi {First},

I'm Brian from FC Urban - we organise social football games across London where people just turn up and play.

We run games at Borough Academy, a 18-minute walk from your office. We're looking for someone at Quilter Invest who'd enjoy helping get a regular after-work game going for colleagues. We take care of the pitch, the payments and the organising, and top the group up with our own players if numbers are short - so it needs one person internally who likes football, not an organiser.

Would you be the right person, or could you point me to whoever looks after wellbeing or staff socials?

Brian
FC Urban",,,,
Bark & Co Solicitors,finance,https://www.barkco.com/,"Hamilton House, 1 Temple Avenue, Temple, London EC4Y 0HA, UK",EC4Y 0HA,Borough Academy,19,,,,,"Hi {First} - I'm Brian from FC Urban. We run social football at Borough Academy, a 19-min walk from Bark & Co Solicitors. Looking for someone inside the team up for starting an after-work game - we handle pitch, payments and organising. Open to a quick chat?",258,"Thanks for connecting, {First}.

Quick one - we run social football games at Borough Academy, about 19 minutes' walk from your office. A few City firms use them as an easy after-work thing for colleagues: we sort the pitch, the payments and the organising, and can top the group up with our own players if numbers are short.

Is there someone at Bark & Co Solicitors who looks after wellbeing or staff socials I should be speaking to? Happy to be pointed elsewhere.

Brian
FC Urban",After-work football near Bark & Co Solicitors,"Hi {First},

I'm Brian from FC Urban - we organise social football games across London where people just turn up and play.

We run games at Borough Academy, a 19-minute walk from your office. We're looking for someone at Bark & Co Solicitors who'd enjoy helping get a regular after-work game going for colleagues. We take care of the pitch, the payments and the organising, and top the group up with our own players if numbers are short - so it needs one person internally who likes football, not an organiser.

Would you be the right person, or could you point me to whoever looks after wellbeing or staff socials?

Brian
FC Urban",,,,
Illuminate Financial,finance,http://www.illuminatefinancial.com/,"Office 404, The Frames, Phipp St, London EC2A 4PS, UK",EC2A 4PS,Shoreditch Rooftop,19,,,,,"Hi {First} - I'm Brian from FC Urban. We run social football at Shoreditch Rooftop, a 19-min walk from Illuminate Financial. Looking for someone inside the team up for starting an after-work game - we handle pitch, payments and organising. Open to a quick chat?",261,"Thanks for connecting, {First}.

Quick one - we run social football games at Shoreditch Rooftop, about 19 minutes' walk from your office. A few City firms use them as an easy after-work thing for colleagues: we sort the pitch, the payments and the organising, and can top the group up with our own players if numbers are short.

Is there someone at Illuminate Financial who looks after wellbeing or staff socials I should be speaking to? Happy to be pointed elsewhere.

Brian
FC Urban",After-work football near Illuminate Financial,"Hi {First},

I'm Brian from FC Urban - we organise social football games across London where people just turn up and play.

We run games at Shoreditch Rooftop, a 19-minute walk from your office. We're looking for someone at Illuminate Financial who'd enjoy helping get a regular after-work game going for colleagues. We take care of the pitch, the payments and the organising, and top the group up with our own players if numbers are short - so it needs one person internally who likes football, not an organiser.

Would you be the right person, or could you point me to whoever looks after wellbeing or staff socials?

Brian
FC Urban",,,,
P. McGirr Chartered Accountants,finance,https://pmcgirraccountants.co.uk/,"3rd Floor, Godliman House, 21 Godliman St, London EC4V 5BD, UK",EC4V 5BD,Borough Academy,19,,,,,"Hi {First} - I'm Brian from FC Urban. We run social football at Borough Academy, a 19-min walk from P. McGirr Chartered Accountants. Looking for someone inside the team up for starting an after-work game - we handle pitch, payments and organising. Open to a quick chat?",269,"Thanks for connecting, {First}.

Quick one - we run social football games at Borough Academy, about 19 minutes' walk from your office. A few City firms use them as an easy after-work thing for colleagues: we sort the pitch, the payments and the organising, and can top the group up with our own players if numbers are short.

Is there someone at P. McGirr Chartered Accountants who looks after wellbeing or staff socials I should be speaking to? Happy to be pointed elsewhere.

Brian
FC Urban",After-work football near P. McGirr Chartered Accountants,"Hi {First},

I'm Brian from FC Urban - we organise social football games across London where people just turn up and play.

We run games at Borough Academy, a 19-minute walk from your office. We're looking for someone at P. McGirr Chartered Accountants who'd enjoy helping get a regular after-work game going for colleagues. We take care of the pitch, the payments and the organising, and top the group up with our own players if numbers are short - so it needs one person internally who likes football, not an organiser.

Would you be the right person, or could you point me to whoever looks after wellbeing or staff socials?

Brian
FC Urban",,,,
United Trust Bank,finance,http://www.utbank.co.uk/,"1 Ropemaker St, London EC2Y 9AW, UK",EC2Y 9AW,Old St - Moreland Primary School,19,,,,,"Hi {First} - I'm Brian from FC Urban. We run social football at Old St - Moreland Primary School, a 19-min walk from United Trust Bank. Looking for someone inside the team up for starting an after-work game - we handle pitch, payments and organising. Open to a quick chat?",272,"Thanks for connecting, {First}.

Quick one - we run social football games at Old St - Moreland Primary School, about 19 minutes' walk from your office. A few City firms use them as an easy after-work thing for colleagues: we sort the pitch, the payments and the organising, and can top the group up with our own players if numbers are short.

Is there someone at United Trust Bank who looks after wellbeing or staff socials I should be speaking to? Happy to be pointed elsewhere.

Brian
FC Urban",After-work football near United Trust Bank,"Hi {First},

I'm Brian from FC Urban - we organise social football games across London where people just turn up and play.

We run games at Old St - Moreland Primary School, a 19-minute walk from your office. We're looking for someone at United Trust Bank who'd enjoy helping get a regular after-work game going for colleagues. We take care of the pitch, the payments and the organising, and top the group up with our own players if numbers are short - so it needs one person internally who likes football, not an organiser.

Would you be the right person, or could you point me to whoever looks after wellbeing or staff socials?

Brian
FC Urban",,,,
BROAD SECURITIES LLP,finance,http://www.broadsecurities.com/,"1 Fore St Ave, Barbican, London EC2Y 9DT, UK",EC2Y 9DT,Old St - Moreland Primary School,20,,,,,"Hi {First} - I'm Brian from FC Urban. We run social football at Old St - Moreland Primary School, a 20-min walk from BROAD SECURITIES LLP. Looking for someone inside the team up for starting an after-work game - we handle pitch, payments and organising. Open to a quick chat?",275,"Thanks for connecting, {First}.

Quick one - we run social football games at Old St - Moreland Primary School, about 20 minutes' walk from your office. A few City firms use them as an easy after-work thing for colleagues: we sort the pitch, the payments and the organising, and can top the group up with our own players if numbers are short.

Is there someone at BROAD SECURITIES LLP who looks after wellbeing or staff socials I should be speaking to? Happy to be pointed elsewhere.

Brian
FC Urban",After-work football near BROAD SECURITIES LLP,"Hi {First},

I'm Brian from FC Urban - we organise social football games across London where people just turn up and play.

We run games at Old St - Moreland Primary School, a 20-minute walk from your office. We're looking for someone at BROAD SECURITIES LLP who'd enjoy helping get a regular after-work game going for colleagues. We take care of the pitch, the payments and the organising, and top the group up with our own players if numbers are short - so it needs one person internally who likes football, not an organiser.

Would you be the right person, or could you point me to whoever looks after wellbeing or staff socials?

Brian
FC Urban",,,,
Kuwait Investment Office,finance,http://www.kia.gov.kw/,"15 Carter Ln, London EC4V 5EY, UK",EC4V 5EY,Borough Academy,20,,,,,"Hi {First} - I'm Brian from FC Urban. We run social football at Borough Academy, a 20-min walk from Kuwait Investment Office. Looking for someone inside the team up for starting an after-work game - we handle pitch, payments and organising. Open to a quick chat?",262,"Thanks for connecting, {First}.

Quick one - we run social football games at Borough Academy, about 20 minutes' walk from your office. A few City firms use them as an easy after-work thing for colleagues: we sort the pitch, the payments and the organising, and can top the group up with our own players if numbers are short.

Is there someone at Kuwait Investment Office who looks after wellbeing or staff socials I should be speaking to? Happy to be pointed elsewhere.

Brian
FC Urban",After-work football near Kuwait Investment Office,"Hi {First},

I'm Brian from FC Urban - we organise social football games across London where people just turn up and play.

We run games at Borough Academy, a 20-minute walk from your office. We're looking for someone at Kuwait Investment Office who'd enjoy helping get a regular after-work game going for colleagues. We take care of the pitch, the payments and the organising, and top the group up with our own players if numbers are short - so it needs one person internally who likes football, not an organiser.

Would you be the right person, or could you point me to whoever looks after wellbeing or staff socials?

Brian
FC Urban",,,,
NRV Tax Ltd- Chartered Accountants in London,finance,http://nrvtax.co.uk/,"Spaces, 60 Cannon St, London EC4N 6NP, UK",EC4N 6NP,Borough Academy,20,,,,,"Hi {First} - I'm Brian from FC Urban. We run social football at Borough Academy, a 20-min walk from NRV Tax Ltd- Chartered Accountants in London. Looking for someone inside the team up for starting an after-work game - we handle pitch, payments and organising. Open to a quick chat?",282,"Thanks for connecting, {First}.

Quick one - we run social football games at Borough Academy, about 20 minutes' walk from your office. A few City firms use them as an easy after-work thing for colleagues: we sort the pitch, the payments and the organising, and can top the group up with our own players if numbers are short.

Is there someone at NRV Tax Ltd- Chartered Accountants in London who looks after wellbeing or staff socials I should be speaking to? Happy to be pointed elsewhere.

Brian
FC Urban",After-work football near NRV Tax Ltd- Chartered Accountants in London,"Hi {First},

I'm Brian from FC Urban - we organise social football games across London where people just turn up and play.

We run games at Borough Academy, a 20-minute walk from your office. We're looking for someone at NRV Tax Ltd- Chartered Accountants in London who'd enjoy helping get a regular after-work game going for colleagues. We take care of the pitch, the payments and the organising, and top the group up with our own players if numbers are short - so it needs one person internally who likes football, not an organiser.

Would you be the right person, or could you point me to whoever looks after wellbeing or staff socials?

Brian
FC Urban",,,,
TT Club - London,insurance_agency,https://www.ttclub.com/?utm_source=GMBlisting&utm_medium=organichttps://www.ttclub.com/?utm_source=GMBlisting&utm_medium=organic?utm_campaign=united_kingdom,"90 Fenchurch St, London EC3M 4ST, UK",EC3M 4ST,Whitechapel,20,,,,,"Hi {First} - I'm Brian from FC Urban. We run social football at Whitechapel, a 20-min walk from TT Club - London. Looking for someone inside the team up for starting an after-work game - we handle pitch, payments and organising. Open to a quick chat?",250,"Thanks for connecting, {First}.

Quick one - we run social football games at Whitechapel, about 20 minutes' walk from your office. A few City firms use them as an easy after-work thing for colleagues: we sort the pitch, the payments and the organising, and can top the group up with our own players if numbers are short.

Is there someone at TT Club - London who looks after wellbeing or staff socials I should be speaking to? Happy to be pointed elsewhere.

Brian
FC Urban",After-work football near TT Club - London,"Hi {First},

I'm Brian from FC Urban - we organise social football games across London where people just turn up and play.

We run games at Whitechapel, a 20-minute walk from your office. We're looking for someone at TT Club - London who'd enjoy helping get a regular after-work game going for colleagues. We take care of the pitch, the payments and the organising, and top the group up with our own players if numbers are short - so it needs one person internally who likes football, not an organiser.

Would you be the right person, or could you point me to whoever looks after wellbeing or staff socials?

Brian
FC Urban",,,,
Trinity Group Limited,finance,http://www.trinity-group.co.uk/,"33 Cannon St, London EC4M 5SB, UK",EC4M 5SB,Borough Academy,20,,,,,"Hi {First} - I'm Brian from FC Urban. We run social football at Borough Academy, a 20-min walk from Trinity Group Limited. Looking for someone inside the team up for starting an after-work game - we handle pitch, payments and organising. Open to a quick chat?",259,"Thanks for connecting, {First}.

Quick one - we run social football games at Borough Academy, about 20 minutes' walk from your office. A few City firms use them as an easy after-work thing for colleagues: we sort the pitch, the payments and the organising, and can top the group up with our own players if numbers are short.

Is there someone at Trinity Group Limited who looks after wellbeing or staff socials I should be speaking to? Happy to be pointed elsewhere.

Brian
FC Urban",After-work football near Trinity Group Limited,"Hi {First},

I'm Brian from FC Urban - we organise social football games across London where people just turn up and play.

We run games at Borough Academy, a 20-minute walk from your office. We're looking for someone at Trinity Group Limited who'd enjoy helping get a regular after-work game going for colleagues. We take care of the pitch, the payments and the organising, and top the group up with our own players if numbers are short - so it needs one person internally who likes football, not an organiser.

Would you be the right person, or could you point me to whoever looks after wellbeing or staff socials?

Brian
FC Urban",,,,
Alantra,finance,https://www.alantra.com/,"25 Cannon St, London EC4M 5SB, UK",EC4M 5SB,Borough Academy,21,,,,,"Hi {First} - I'm Brian from FC Urban. We run social football at Borough Academy, a 21-min walk from Alantra. Looking for someone inside the team up for starting an after-work game - we handle pitch, payments and organising. Open to a quick chat?",245,"Thanks for connecting, {First}.

Quick one - we run social football games at Borough Academy, about 21 minutes' walk from your office. A few City firms use them as an easy after-work thing for colleagues: we sort the pitch, the payments and the organising, and can top the group up with our own players if numbers are short.

Is there someone at Alantra who looks after wellbeing or staff socials I should be speaking to? Happy to be pointed elsewhere.

Brian
FC Urban",After-work football near Alantra,"Hi {First},

I'm Brian from FC Urban - we organise social football games across London where people just turn up and play.

We run games at Borough Academy, a 21-minute walk from your office. We're looking for someone at Alantra who'd enjoy helping get a regular after-work game going for colleagues. We take care of the pitch, the payments and the organising, and top the group up with our own players if numbers are short - so it needs one person internally who likes football, not an organiser.

Would you be the right person, or could you point me to whoever looks after wellbeing or staff socials?

Brian
FC Urban",,,,
Emerge Capital Partners,finance,http://www.emergecap.com/,"1 Fore St Ave, Barbican, London EC2Y 9DT, UK",EC2Y 9DT,Old St - Moreland Primary School,21,,,,,"Hi {First} - I'm Brian from FC Urban. We run social football at Old St - Moreland Primary School, a 21-min walk from Emerge Capital Partners. Looking for someone inside the team up for starting an after-work game - we handle pitch, payments and organising. Open to a quick chat?",278,"Thanks for connecting, {First}.

Quick one - we run social football games at Old St - Moreland Primary School, about 21 minutes' walk from your office. A few City firms use them as an easy after-work thing for colleagues: we sort the pitch, the payments and the organising, and can top the group up with our own players if numbers are short.

Is there someone at Emerge Capital Partners who looks after wellbeing or staff socials I should be speaking to? Happy to be pointed elsewhere.

Brian
FC Urban",After-work football near Emerge Capital Partners,"Hi {First},

I'm Brian from FC Urban - we organise social football games across London where people just turn up and play.

We run games at Old St - Moreland Primary School, a 21-minute walk from your office. We're looking for someone at Emerge Capital Partners who'd enjoy helping get a regular after-work game going for colleagues. We take care of the pitch, the payments and the organising, and top the group up with our own players if numbers are short - so it needs one person internally who likes football, not an organiser.

Would you be the right person, or could you point me to whoever looks after wellbeing or staff socials?

Brian
FC Urban",,,,
Folgate Underwriting Agency Ltd,insurance_agency,http://www.folgateltd.com/,"80 Leadenhall St, London EC3A 3DH, UK",EC3A 3DH,Whitechapel,21,,,,,"Hi {First} - I'm Brian from FC Urban. We run social football at Whitechapel, a 21-min walk from Folgate Underwriting Agency Ltd. Looking for someone inside the team up for starting an after-work game - we handle pitch, payments and organising. Open to a quick chat?",265,"Thanks for connecting, {First}.

Quick one - we run social football games at Whitechapel, about 21 minutes' walk from your office. A few City firms use them as an easy after-work thing for colleagues: we sort the pitch, the payments and the organising, and can top the group up with our own players if numbers are short.

Is there someone at Folgate Underwriting Agency Ltd who looks after wellbeing or staff socials I should be speaking to? Happy to be pointed elsewhere.

Brian
FC Urban",After-work football near Folgate Underwriting Agency Ltd,"Hi {First},

I'm Brian from FC Urban - we organise social football games across London where people just turn up and play.

We run games at Whitechapel, a 21-minute walk from your office. We're looking for someone at Folgate Underwriting Agency Ltd who'd enjoy helping get a regular after-work game going for colleagues. We take care of the pitch, the payments and the organising, and top the group up with our own players if numbers are short - so it needs one person internally who likes football, not an organiser.

Would you be the right person, or could you point me to whoever looks after wellbeing or staff socials?

Brian
FC Urban",,,,
Giambrone & Partners LLP,finance,http://www.giambronelaw.com/,"12 Bridewell Pl, London EC4V 6AP, UK",EC4V 6AP,Borough Academy,21,,,,,"Hi {First} - I'm Brian from FC Urban. We run social football at Borough Academy, a 21-min walk from Giambrone & Partners LLP. Looking for someone inside the team up for starting an after-work game - we handle pitch, payments and organising. Open to a quick chat?",262,"Thanks for connecting, {First}.

Quick one - we run social football games at Borough Academy, about 21 minutes' walk from your office. A few City firms use them as an easy after-work thing for colleagues: we sort the pitch, the payments and the organising, and can top the group up with our own players if numbers are short.

Is there someone at Giambrone & Partners LLP who looks after wellbeing or staff socials I should be speaking to? Happy to be pointed elsewhere.

Brian
FC Urban",After-work football near Giambrone & Partners LLP,"Hi {First},

I'm Brian from FC Urban - we organise social football games across London where people just turn up and play.

We run games at Borough Academy, a 21-minute walk from your office. We're looking for someone at Giambrone & Partners LLP who'd enjoy helping get a regular after-work game going for colleagues. We take care of the pitch, the payments and the organising, and top the group up with our own players if numbers are short - so it needs one person internally who likes football, not an organiser.

Would you be the right person, or could you point me to whoever looks after wellbeing or staff socials?

Brian
FC Urban",,,,
Just Landlords,insurance_agency,https://www.justlandlords.co.uk/,"The Walbrook Building, 25, Walbrook, London EC4N 8AW, UK",EC4N 8AW,Borough Academy,21,,,,,"Hi {First} - I'm Brian from FC Urban. We run social football at Borough Academy, a 21-min walk from Just Landlords. Looking for someone inside the team up for starting an after-work game - we handle pitch, payments and organising. Open to a quick chat?",252,"Thanks for connecting, {First}.

Quick one - we run social football games at Borough Academy, about 21 minutes' walk from your office. A few City firms use them as an easy after-work thing for colleagues: we sort the pitch, the payments and the organising, and can top the group up with our own players if numbers are short.

Is there someone at Just Landlords who looks after wellbeing or staff socials I should be speaking to? Happy to be pointed elsewhere.

Brian
FC Urban",After-work football near Just Landlords,"Hi {First},

I'm Brian from FC Urban - we organise social football games across London where people just turn up and play.

We run games at Borough Academy, a 21-minute walk from your office. We're looking for someone at Just Landlords who'd enjoy helping get a regular after-work game going for colleagues. We take care of the pitch, the payments and the organising, and top the group up with our own players if numbers are short - so it needs one person internally who likes football, not an organiser.

Would you be the right person, or could you point me to whoever looks after wellbeing or staff socials?

Brian
FC Urban",,,,
Labyrinth Technology,finance,https://www.labyrinthit.com/,"10 Lower Thames St, London EC3R 6AF, UK",EC3R 6AF,Borough Academy,21,,,,,"Hi {First} - I'm Brian from FC Urban. We run social football at Borough Academy, a 21-min walk from Labyrinth Technology. Looking for someone inside the team up for starting an after-work game - we handle pitch, payments and organising. Open to a quick chat?",258,"Thanks for connecting, {First}.

Quick one - we run social football games at Borough Academy, about 21 minutes' walk from your office. A few City firms use them as an easy after-work thing for colleagues: we sort the pitch, the payments and the organising, and can top the group up with our own players if numbers are short.

Is there someone at Labyrinth Technology who looks after wellbeing or staff socials I should be speaking to? Happy to be pointed elsewhere.

Brian
FC Urban",After-work football near Labyrinth Technology,"Hi {First},

I'm Brian from FC Urban - we organise social football games across London where people just turn up and play.

We run games at Borough Academy, a 21-minute walk from your office. We're looking for someone at Labyrinth Technology who'd enjoy helping get a regular after-work game going for colleagues. We take care of the pitch, the payments and the organising, and top the group up with our own players if numbers are short - so it needs one person internally who likes football, not an organiser.

Would you be the right person, or could you point me to whoever looks after wellbeing or staff socials?

Brian
FC Urban",,,,
Schroder Investment Management Limited,finance,https://www.schroders.com/,"1 London Wall Place, 1 London Wall Pl, London Wall, Barbican, London EC2Y 5AU, UK",EC2Y 5AU,Old St - Moreland Primary School,21,,,,,"Hi {First} - I'm Brian from FC Urban. We run social football at Old St - Moreland Primary School, a 21-min walk from Schroder Investment Management Limited. Looking for someone inside the team up for starting an after-work game - we handle pitch, payments and organising. Open to a quick chat?",293,"Thanks for connecting, {First}.

Quick one - we run social football games at Old St - Moreland Primary School, about 21 minutes' walk from your office. A few City firms use them as an easy after-work thing for colleagues: we sort the pitch, the payments and the organising, and can top the group up with our own players if numbers are short.

Is there someone at Schroder Investment Management Limited who looks after wellbeing or staff socials I should be speaking to? Happy to be pointed elsewhere.

Brian
FC Urban",After-work football near Schroder Investment Management Limited,"Hi {First},

I'm Brian from FC Urban - we organise social football games across London where people just turn up and play.

We run games at Old St - Moreland Primary School, a 21-minute walk from your office. We're looking for someone at Schroder Investment Management Limited who'd enjoy helping get a regular after-work game going for colleagues. We take care of the pitch, the payments and the organising, and top the group up with our own players if numbers are short - so it needs one person internally who likes football, not an organiser.

Would you be the right person, or could you point me to whoever looks after wellbeing or staff socials?

Brian
FC Urban",,,,
The Tax Lead,finance,http://thetaxlead.co.uk/,"8 Devonshire Square, London EC2M 4YJ, UK",EC2M 4YJ,Whitechapel,21,,,,,"Hi {First} - I'm Brian from FC Urban. We run social football at Whitechapel, a 21-min walk from The Tax Lead. Looking for someone inside the team up for starting an after-work game - we handle pitch, payments and organising. Open to a quick chat?",246,"Thanks for connecting, {First}.

Quick one - we run social football games at Whitechapel, about 21 minutes' walk from your office. A few City firms use them as an easy after-work thing for colleagues: we sort the pitch, the payments and the organising, and can top the group up with our own players if numbers are short.

Is there someone at The Tax Lead who looks after wellbeing or staff socials I should be speaking to? Happy to be pointed elsewhere.

Brian
FC Urban",After-work football near The Tax Lead,"Hi {First},

I'm Brian from FC Urban - we organise social football games across London where people just turn up and play.

We run games at Whitechapel, a 21-minute walk from your office. We're looking for someone at The Tax Lead who'd enjoy helping get a regular after-work game going for colleagues. We take care of the pitch, the payments and the organising, and top the group up with our own players if numbers are short - so it needs one person internally who likes football, not an organiser.

Would you be the right person, or could you point me to whoever looks after wellbeing or staff socials?

Brian
FC Urban",,,,
Vertice Services,finance,https://verticeservices.com/,"13 St Swithin's Ln, London EC4N 8AL, UK",EC4N 8AL,Borough Academy,21,,,,,"Hi {First} - I'm Brian from FC Urban. We run social football at Borough Academy, a 21-min walk from Vertice Services. Looking for someone inside the team up for starting an after-work game - we handle pitch, payments and organising. Open to a quick chat?",254,"Thanks for connecting, {First}.

Quick one - we run social football games at Borough Academy, about 21 minutes' walk from your office. A few City firms use them as an easy after-work thing for colleagues: we sort the pitch, the payments and the organising, and can top the group up with our own players if numbers are short.

Is there someone at Vertice Services who looks after wellbeing or staff socials I should be speaking to? Happy to be pointed elsewhere.

Brian
FC Urban",After-work football near Vertice Services,"Hi {First},

I'm Brian from FC Urban - we organise social football games across London where people just turn up and play.

We run games at Borough Academy, a 21-minute walk from your office. We're looking for someone at Vertice Services who'd enjoy helping get a regular after-work game going for colleagues. We take care of the pitch, the payments and the organising, and top the group up with our own players if numbers are short - so it needs one person internally who likes football, not an organiser.

Would you be the right person, or could you point me to whoever looks after wellbeing or staff socials?

Brian
FC Urban",,,,
123Financials - Accountants in London,finance,https://www.123financials.com/,"9 Appold St, London EC2A 2AP, UK",EC2A 2AP,Old St - Moreland Primary School,22,,,,,"Hi {First} - I'm Brian from FC Urban. We run social football at Old St - Moreland Primary School, a 22-min walk from 123Financials - Accountants in London. Looking for someone inside the team up for starting an after-work game - we handle pitch, payments and organising. Open to a quick chat?",292,"Thanks for connecting, {First}.

Quick one - we run social football games at Old St - Moreland Primary School, about 22 minutes' walk from your office. A few City firms use them as an easy after-work thing for colleagues: we sort the pitch, the payments and the organising, and can top the group up with our own players if numbers are short.

Is there someone at 123Financials - Accountants in London who looks after wellbeing or staff socials I should be speaking to? Happy to be pointed elsewhere.

Brian
FC Urban",After-work football near 123Financials - Accountants in London,"Hi {First},

I'm Brian from FC Urban - we organise social football games across London where people just turn up and play.

We run games at Old St - Moreland Primary School, a 22-minute walk from your office. We're looking for someone at 123Financials - Accountants in London who'd enjoy helping get a regular after-work game going for colleagues. We take care of the pitch, the payments and the organising, and top the group up with our own players if numbers are short - so it needs one person internally who likes football, not an organiser.

Would you be the right person, or could you point me to whoever looks after wellbeing or staff socials?

Brian
FC Urban",,,,
Abshire-Smith,finance,https://www.abshire-smith.com/,"Entegria Ltd, 110 Fenchurch St, London EC3M 5JT, UK",EC3M 5JT,Whitechapel,22,,,,,"Hi {First} - I'm Brian from FC Urban. We run social football at Whitechapel, a 22-min walk from Abshire-Smith. Looking for someone inside the team up for starting an after-work game - we handle pitch, payments and organising. Open to a quick chat?",247,"Thanks for connecting, {First}.

Quick one - we run social football games at Whitechapel, about 22 minutes' walk from your office. A few City firms use them as an easy after-work thing for colleagues: we sort the pitch, the payments and the organising, and can top the group up with our own players if numbers are short.

Is there someone at Abshire-Smith who looks after wellbeing or staff socials I should be speaking to? Happy to be pointed elsewhere.

Brian
FC Urban",After-work football near Abshire-Smith,"Hi {First},

I'm Brian from FC Urban - we organise social football games across London where people just turn up and play.

We run games at Whitechapel, a 22-minute walk from your office. We're looking for someone at Abshire-Smith who'd enjoy helping get a regular after-work game going for colleagues. We take care of the pitch, the payments and the organising, and top the group up with our own players if numbers are short - so it needs one person internally who likes football, not an organiser.

Would you be the right person, or could you point me to whoever looks after wellbeing or staff socials?

Brian
FC Urban",,,,
Cardano,finance,http://www.cardano.com/,"9th floor, 6 Bevis Marks, London EC3A 7BA, UK",EC3A 7BA,Whitechapel,22,,,,,"Hi {First} - I'm Brian from FC Urban. We run social football at Whitechapel, a 22-min walk from Cardano. Looking for someone inside the team up for starting an after-work game - we handle pitch, payments and organising. Open to a quick chat?",241,"Thanks for connecting, {First}.

Quick one - we run social football games at Whitechapel, about 22 minutes' walk from your office. A few City firms use them as an easy after-work thing for colleagues: we sort the pitch, the payments and the organising, and can top the group up with our own players if numbers are short.

Is there someone at Cardano who looks after wellbeing or staff socials I should be speaking to? Happy to be pointed elsewhere.

Brian
FC Urban",After-work football near Cardano,"Hi {First},

I'm Brian from FC Urban - we organise social football games across London where people just turn up and play.

We run games at Whitechapel, a 22-minute walk from your office. We're looking for someone at Cardano who'd enjoy helping get a regular after-work game going for colleagues. We take care of the pitch, the payments and the organising, and top the group up with our own players if numbers are short - so it needs one person internally who likes football, not an organiser.

Would you be the right person, or could you point me to whoever looks after wellbeing or staff socials?

Brian
FC Urban",,,,
Daiwa Capital Markets Europe Ltd,finance,http://www.uk.daiwacm.com/,"5 King William St, London EC4N 7DA, UK",EC4N 7DA,Borough Academy,22,,,,,"Hi {First} - I'm Brian from FC Urban. We run social football at Borough Academy, a 22-min walk from Daiwa Capital Markets Europe Ltd. Looking for someone inside the team up for starting an after-work game - we handle pitch, payments and organising. Open to a quick chat?",270,"Thanks for connecting, {First}.

Quick one - we run social football games at Borough Academy, about 22 minutes' walk from your office. A few City firms use them as an easy after-work thing for colleagues: we sort the pitch, the payments and the organising, and can top the group up with our own players if numbers are short.

Is there someone at Daiwa Capital Markets Europe Ltd who looks after wellbeing or staff socials I should be speaking to? Happy to be pointed elsewhere.

Brian
FC Urban",After-work football near Daiwa Capital Markets Europe Ltd,"Hi {First},

I'm Brian from FC Urban - we organise social football games across London where people just turn up and play.

We run games at Borough Academy, a 22-minute walk from your office. We're looking for someone at Daiwa Capital Markets Europe Ltd who'd enjoy helping get a regular after-work game going for colleagues. We take care of the pitch, the payments and the organising, and top the group up with our own players if numbers are short - so it needs one person internally who likes football, not an organiser.

Would you be the right person, or could you point me to whoever looks after wellbeing or staff socials?

Brian
FC Urban",,,,
EQ Investors,finance,https://eqinvestors.co.uk/,"Centennium House, 100 Lower Thames St, London EC3R 6DL, UK",EC3R 6DL,Borough Academy,22,,,,,"Hi {First} - I'm Brian from FC Urban. We run social football at Borough Academy, a 22-min walk from EQ Investors. Looking for someone inside the team up for starting an after-work game - we handle pitch, payments and organising. Open to a quick chat?",250,"Thanks for connecting, {First}.

Quick one - we run social football games at Borough Academy, about 22 minutes' walk from your office. A few City firms use them as an easy after-work thing for colleagues: we sort the pitch, the payments and the organising, and can top the group up with our own players if numbers are short.

Is there someone at EQ Investors who looks after wellbeing or staff socials I should be speaking to? Happy to be pointed elsewhere.

Brian
FC Urban",After-work football near EQ Investors,"Hi {First},

I'm Brian from FC Urban - we organise social football games across London where people just turn up and play.

We run games at Borough Academy, a 22-minute walk from your office. We're looking for someone at EQ Investors who'd enjoy helping get a regular after-work game going for colleagues. We take care of the pitch, the payments and the organising, and top the group up with our own players if numbers are short - so it needs one person internally who likes football, not an organiser.

Would you be the right person, or could you point me to whoever looks after wellbeing or staff socials?

Brian
FC Urban",,,,
Faros Capital,finance,https://faroscapital.co.uk/,"4-8 Ludgate Circus, London EC4M 7LF, UK",EC4M 7LF,Borough Academy,22,,,,,"Hi {First} - I'm Brian from FC Urban. We run social football at Borough Academy, a 22-min walk from Faros Capital. Looking for someone inside the team up for starting an after-work game - we handle pitch, payments and organising. Open to a quick chat?",251,"Thanks for connecting, {First}.

Quick one - we run social football games at Borough Academy, about 22 minutes' walk from your office. A few City firms use them as an easy after-work thing for colleagues: we sort the pitch, the payments and the organising, and can top the group up with our own players if numbers are short.

Is there someone at Faros Capital who looks after wellbeing or staff socials I should be speaking to? Happy to be pointed elsewhere.

Brian
FC Urban",After-work football near Faros Capital,"Hi {First},

I'm Brian from FC Urban - we organise social football games across London where people just turn up and play.

We run games at Borough Academy, a 22-minute walk from your office. We're looking for someone at Faros Capital who'd enjoy helping get a regular after-work game going for colleagues. We take care of the pitch, the payments and the organising, and top the group up with our own players if numbers are short - so it needs one person internally who likes football, not an organiser.

Would you be the right person, or could you point me to whoever looks after wellbeing or staff socials?

Brian
FC Urban",,,,
IPS Capital LLP,finance,http://www.ipscap.com/,"4 Eastcheap, London EC3M 1AE, UK",EC3M 1AE,Borough Academy,22,,,,,"Hi {First} - I'm Brian from FC Urban. We run social football at Borough Academy, a 22-min walk from IPS Capital LLP. Looking for someone inside the team up for starting an after-work game - we handle pitch, payments and organising. Open to a quick chat?",253,"Thanks for connecting, {First}.

Quick one - we run social football games at Borough Academy, about 22 minutes' walk from your office. A few City firms use them as an easy after-work thing for colleagues: we sort the pitch, the payments and the organising, and can top the group up with our own players if numbers are short.

Is there someone at IPS Capital LLP who looks after wellbeing or staff socials I should be speaking to? Happy to be pointed elsewhere.

Brian
FC Urban",After-work football near IPS Capital LLP,"Hi {First},

I'm Brian from FC Urban - we organise social football games across London where people just turn up and play.

We run games at Borough Academy, a 22-minute walk from your office. We're looking for someone at IPS Capital LLP who'd enjoy helping get a regular after-work game going for colleagues. We take care of the pitch, the payments and the organising, and top the group up with our own players if numbers are short - so it needs one person internally who likes football, not an organiser.

Would you be the right person, or could you point me to whoever looks after wellbeing or staff socials?

Brian
FC Urban",,,,
Investment Quorum,finance,https://www.investmentquorum.com/,"68 King William St, London EC4N 7HR, UK",EC4N 7HR,Borough Academy,22,,,,,"Hi {First} - I'm Brian from FC Urban. We run social football at Borough Academy, a 22-min walk from Investment Quorum. Looking for someone inside the team up for starting an after-work game - we handle pitch, payments and organising. Open to a quick chat?",255,"Thanks for connecting, {First}.

Quick one - we run social football games at Borough Academy, about 22 minutes' walk from your office. A few City firms use them as an easy after-work thing for colleagues: we sort the pitch, the payments and the organising, and can top the group up with our own players if numbers are short.

Is there someone at Investment Quorum who looks after wellbeing or staff socials I should be speaking to? Happy to be pointed elsewhere.

Brian
FC Urban",After-work football near Investment Quorum,"Hi {First},

I'm Brian from FC Urban - we organise social football games across London where people just turn up and play.

We run games at Borough Academy, a 22-minute walk from your office. We're looking for someone at Investment Quorum who'd enjoy helping get a regular after-work game going for colleagues. We take care of the pitch, the payments and the organising, and top the group up with our own players if numbers are short - so it needs one person internally who likes football, not an organiser.

Would you be the right person, or could you point me to whoever looks after wellbeing or staff socials?

Brian
FC Urban",,,,
KNBC Accounting Ltd,finance,https://www.knbc.co.uk/,"3rd Floor, 12 Groveland Ct, London EC4M 9EH, UK",EC4M 9EH,Borough Academy,22,,,,,"Hi {First} - I'm Brian from FC Urban. We run social football at Borough Academy, a 22-min walk from KNBC Accounting Ltd. Looking for someone inside the team up for starting an after-work game - we handle pitch, payments and organising. Open to a quick chat?",257,"Thanks for connecting, {First}.

Quick one - we run social football games at Borough Academy, about 22 minutes' walk from your office. A few City firms use them as an easy after-work thing for colleagues: we sort the pitch, the payments and the organising, and can top the group up with our own players if numbers are short.

Is there someone at KNBC Accounting Ltd who looks after wellbeing or staff socials I should be speaking to? Happy to be pointed elsewhere.

Brian
FC Urban",After-work football near KNBC Accounting Ltd,"Hi {First},

I'm Brian from FC Urban - we organise social football games across London where people just turn up and play.

We run games at Borough Academy, a 22-minute walk from your office. We're looking for someone at KNBC Accounting Ltd who'd enjoy helping get a regular after-work game going for colleagues. We take care of the pitch, the payments and the organising, and top the group up with our own players if numbers are short - so it needs one person internally who likes football, not an organiser.

Would you be the right person, or could you point me to whoever looks after wellbeing or staff socials?

Brian
FC Urban",,,,
Onyx Insurance Brokers,insurance_agency,https://www.onyxinsurance.co.uk/,"65 Fenchurch St, London EC3M 4BE, UK",EC3M 4BE,Whitechapel,22,,,,,"Hi {First} - I'm Brian from FC Urban. We run social football at Whitechapel, a 22-min walk from Onyx Insurance Brokers. Looking for someone inside the team up for starting an after-work game - we handle pitch, payments and organising. Open to a quick chat?",256,"Thanks for connecting, {First}.

Quick one - we run social football games at Whitechapel, about 22 minutes' walk from your office. A few City firms use them as an easy after-work thing for colleagues: we sort the pitch, the payments and the organising, and can top the group up with our own players if numbers are short.

Is there someone at Onyx Insurance Brokers who looks after wellbeing or staff socials I should be speaking to? Happy to be pointed elsewhere.

Brian
FC Urban",After-work football near Onyx Insurance Brokers,"Hi {First},

I'm Brian from FC Urban - we organise social football games across London where people just turn up and play.

We run games at Whitechapel, a 22-minute walk from your office. We're looking for someone at Onyx Insurance Brokers who'd enjoy helping get a regular after-work game going for colleagues. We take care of the pitch, the payments and the organising, and top the group up with our own players if numbers are short - so it needs one person internally who likes football, not an organiser.

Would you be the right person, or could you point me to whoever looks after wellbeing or staff socials?

Brian
FC Urban",,,,
Paysafe,finance,https://www.paysafe.com/,"1st Floor, 2 Gresham St, London EC2V 7AD, UK",EC2V 7AD,Old St - Moreland Primary School,22,,,,,"Hi {First} - I'm Brian from FC Urban. We run social football at Old St - Moreland Primary School, a 22-min walk from Paysafe. Looking for someone inside the team up for starting an after-work game - we handle pitch, payments and organising. Open to a quick chat?",262,"Thanks for connecting, {First}.

Quick one - we run social football games at Old St - Moreland Primary School, about 22 minutes' walk from your office. A few City firms use them as an easy after-work thing for colleagues: we sort the pitch, the payments and the organising, and can top the group up with our own players if numbers are short.

Is there someone at Paysafe who looks after wellbeing or staff socials I should be speaking to? Happy to be pointed elsewhere.

Brian
FC Urban",After-work football near Paysafe,"Hi {First},

I'm Brian from FC Urban - we organise social football games across London where people just turn up and play.

We run games at Old St - Moreland Primary School, a 22-minute walk from your office. We're looking for someone at Paysafe who'd enjoy helping get a regular after-work game going for colleagues. We take care of the pitch, the payments and the organising, and top the group up with our own players if numbers are short - so it needs one person internally who likes football, not an organiser.

Would you be the right person, or could you point me to whoever looks after wellbeing or staff socials?

Brian
FC Urban",,,,
RPGCC Chartered Accountants & Auditors London,finance,https://www.rpgcrouchchapman.co.uk/,"40 Gracechurch St, London EC3V 0BT, UK",EC3V 0BT,Borough Academy,22,,,,,"Hi {First} - I'm Brian from FC Urban. We run social football at Borough Academy, a 22-min walk from RPGCC Chartered Accountants & Auditors London. Looking for someone inside the team up for starting an after-work game - we handle pitch, payments and organising. Open to a quick chat?",283,"Thanks for connecting, {First}.

Quick one - we run social football games at Borough Academy, about 22 minutes' walk from your office. A few City firms use them as an easy after-work thing for colleagues: we sort the pitch, the payments and the organising, and can top the group up with our own players if numbers are short.

Is there someone at RPGCC Chartered Accountants & Auditors London who looks after wellbeing or staff socials I should be speaking to? Happy to be pointed elsewhere.

Brian
FC Urban",After-work football near RPGCC Chartered Accountants & Auditors London,"Hi {First},

I'm Brian from FC Urban - we organise social football games across London where people just turn up and play.

We run games at Borough Academy, a 22-minute walk from your office. We're looking for someone at RPGCC Chartered Accountants & Auditors London who'd enjoy helping get a regular after-work game going for colleagues. We take care of the pitch, the payments and the organising, and top the group up with our own players if numbers are short - so it needs one person internally who likes football, not an organiser.

Would you be the right person, or could you point me to whoever looks after wellbeing or staff socials?

Brian
FC Urban",,,,
Rothschild & Co,finance,https://www.rothschildandco.com/en/contact-us/?taxonomy_725=690#filterListView,"New Court, St Swithin's Lane, London EC4N 8AL, UK",EC4N 8AL,Borough Academy,22,,,,,"Hi {First} - I'm Brian from FC Urban. We run social football at Borough Academy, a 22-min walk from Rothschild & Co. Looking for someone inside the team up for starting an after-work game - we handle pitch, payments and organising. Open to a quick chat?",253,"Thanks for connecting, {First}.

Quick one - we run social football games at Borough Academy, about 22 minutes' walk from your office. A few City firms use them as an easy after-work thing for colleagues: we sort the pitch, the payments and the organising, and can top the group up with our own players if numbers are short.

Is there someone at Rothschild & Co who looks after wellbeing or staff socials I should be speaking to? Happy to be pointed elsewhere.

Brian
FC Urban",After-work football near Rothschild & Co,"Hi {First},

I'm Brian from FC Urban - we organise social football games across London where people just turn up and play.

We run games at Borough Academy, a 22-minute walk from your office. We're looking for someone at Rothschild & Co who'd enjoy helping get a regular after-work game going for colleagues. We take care of the pitch, the payments and the organising, and top the group up with our own players if numbers are short - so it needs one person internally who likes football, not an organiser.

Would you be the right person, or could you point me to whoever looks after wellbeing or staff socials?

Brian
FC Urban",,,,
Weightmans,finance,https://www.weightmans.com/contact/london/,"The Hallmark Building, 105 Fenchurch St, London EC3M 5JG, UK",EC3M 5JG,Whitechapel,22,,,,,"Hi {First} - I'm Brian from FC Urban. We run social football at Whitechapel, a 22-min walk from Weightmans. Looking for someone inside the team up for starting an after-work game - we handle pitch, payments and organising. Open to a quick chat?",244,"Thanks for connecting, {First}.

Quick one - we run social football games at Whitechapel, about 22 minutes' walk from your office. A few City firms use them as an easy after-work thing for colleagues: we sort the pitch, the payments and the organising, and can top the group up with our own players if numbers are short.

Is there someone at Weightmans who looks after wellbeing or staff socials I should be speaking to? Happy to be pointed elsewhere.

Brian
FC Urban",After-work football near Weightmans,"Hi {First},

I'm Brian from FC Urban - we organise social football games across London where people just turn up and play.

We run games at Whitechapel, a 22-minute walk from your office. We're looking for someone at Weightmans who'd enjoy helping get a regular after-work game going for colleagues. We take care of the pitch, the payments and the organising, and top the group up with our own players if numbers are short - so it needs one person internally who likes football, not an organiser.

Would you be the right person, or could you point me to whoever looks after wellbeing or staff socials?

Brian
FC Urban",,,,
ACF Investment Bank,finance,http://www.acfib.com/,"Argyll, 5 Cheapside, London EC2V 6AA, UK",EC2V 6AA,Borough Academy,23,,,,,"Hi {First} - I'm Brian from FC Urban. We run social football at Borough Academy, a 23-min walk from ACF Investment Bank. Looking for someone inside the team up for starting an after-work game - we handle pitch, payments and organising. Open to a quick chat?",257,"Thanks for connecting, {First}.

Quick one - we run social football games at Borough Academy, about 23 minutes' walk from your office. A few City firms use them as an easy after-work thing for colleagues: we sort the pitch, the payments and the organising, and can top the group up with our own players if numbers are short.

Is there someone at ACF Investment Bank who looks after wellbeing or staff socials I should be speaking to? Happy to be pointed elsewhere.

Brian
FC Urban",After-work football near ACF Investment Bank,"Hi {First},

I'm Brian from FC Urban - we organise social football games across London where people just turn up and play.

We run games at Borough Academy, a 23-minute walk from your office. We're looking for someone at ACF Investment Bank who'd enjoy helping get a regular after-work game going for colleagues. We take care of the pitch, the payments and the organising, and top the group up with our own players if numbers are short - so it needs one person internally who likes football, not an organiser.

Would you be the right person, or could you point me to whoever looks after wellbeing or staff socials?

Brian
FC Urban",,,,
Buzzacott,finance,https://www.buzzacott.co.uk/,"St Peters House, 130 Wood St, London EC2V 6DL, UK",EC2V 6DL,Borough Academy,23,,,,,"Hi {First} - I'm Brian from FC Urban. We run social football at Borough Academy, a 23-min walk from Buzzacott. Looking for someone inside the team up for starting an after-work game - we handle pitch, payments and organising. Open to a quick chat?",247,"Thanks for connecting, {First}.

Quick one - we run social football games at Borough Academy, about 23 minutes' walk from your office. A few City firms use them as an easy after-work thing for colleagues: we sort the pitch, the payments and the organising, and can top the group up with our own players if numbers are short.

Is there someone at Buzzacott who looks after wellbeing or staff socials I should be speaking to? Happy to be pointed elsewhere.

Brian
FC Urban",After-work football near Buzzacott,"Hi {First},

I'm Brian from FC Urban - we organise social football games across London where people just turn up and play.

We run games at Borough Academy, a 23-minute walk from your office. We're looking for someone at Buzzacott who'd enjoy helping get a regular after-work game going for colleagues. We take care of the pitch, the payments and the organising, and top the group up with our own players if numbers are short - so it needs one person internally who likes football, not an organiser.

Would you be the right person, or could you point me to whoever looks after wellbeing or staff socials?

Brian
FC Urban",,,,
CloudAcc Chartered Certified Accountants,finance,https://cloudacc.uk/,"63 St Mary Axe, London EC3A 8AA, UK",EC3A 8AA,Whitechapel,23,,,,,"Hi {First} - I'm Brian from FC Urban. We run social football at Whitechapel, a 23-min walk from CloudAcc Chartered Certified Accountants. Looking for someone inside the team up for starting an after-work game - we handle pitch, payments and organising. Open to a quick chat?",274,"Thanks for connecting, {First}.

Quick one - we run social football games at Whitechapel, about 23 minutes' walk from your office. A few City firms use them as an easy after-work thing for colleagues: we sort the pitch, the payments and the organising, and can top the group up with our own players if numbers are short.

Is there someone at CloudAcc Chartered Certified Accountants who looks after wellbeing or staff socials I should be speaking to? Happy to be pointed elsewhere.

Brian
FC Urban",After-work football near CloudAcc Chartered Certified Accountants,"Hi {First},

I'm Brian from FC Urban - we organise social football games across London where people just turn up and play.

We run games at Whitechapel, a 23-minute walk from your office. We're looking for someone at CloudAcc Chartered Certified Accountants who'd enjoy helping get a regular after-work game going for colleagues. We take care of the pitch, the payments and the organising, and top the group up with our own players if numbers are short - so it needs one person internally who likes football, not an organiser.

Would you be the right person, or could you point me to whoever looks after wellbeing or staff socials?

Brian
FC Urban",,,,
Crasner Capital,finance,https://www.crasnercapital.com/,"1 King William St, London EC4N 7BJ, UK",EC4N 7BJ,Borough Academy,23,,,,,"Hi {First} - I'm Brian from FC Urban. We run social football at Borough Academy, a 23-min walk from Crasner Capital. Looking for someone inside the team up for starting an after-work game - we handle pitch, payments and organising. Open to a quick chat?",253,"Thanks for connecting, {First}.

Quick one - we run social football games at Borough Academy, about 23 minutes' walk from your office. A few City firms use them as an easy after-work thing for colleagues: we sort the pitch, the payments and the organising, and can top the group up with our own players if numbers are short.

Is there someone at Crasner Capital who looks after wellbeing or staff socials I should be speaking to? Happy to be pointed elsewhere.

Brian
FC Urban",After-work football near Crasner Capital,"Hi {First},

I'm Brian from FC Urban - we organise social football games across London where people just turn up and play.

We run games at Borough Academy, a 23-minute walk from your office. We're looking for someone at Crasner Capital who'd enjoy helping get a regular after-work game going for colleagues. We take care of the pitch, the payments and the organising, and top the group up with our own players if numbers are short - so it needs one person internally who likes football, not an organiser.

Would you be the right person, or could you point me to whoever looks after wellbeing or staff socials?

Brian
FC Urban",,,,
Credit Agricole,finance,http://www.ca-cib.com/,"Broadwalk House, 5 Appold St, London EC2A 2DA, UK",EC2A 2DA,Old St - Moreland Primary School,23,,,,,"Hi {First} - I'm Brian from FC Urban. We run social football at Old St - Moreland Primary School, a 23-min walk from Credit Agricole. Looking for someone inside the team up for starting an after-work game - we handle pitch, payments and organising. Open to a quick chat?",270,"Thanks for connecting, {First}.

Quick one - we run social football games at Old St - Moreland Primary School, about 23 minutes' walk from your office. A few City firms use them as an easy after-work thing for colleagues: we sort the pitch, the payments and the organising, and can top the group up with our own players if numbers are short.

Is there someone at Credit Agricole who looks after wellbeing or staff socials I should be speaking to? Happy to be pointed elsewhere.

Brian
FC Urban",After-work football near Credit Agricole,"Hi {First},

I'm Brian from FC Urban - we organise social football games across London where people just turn up and play.

We run games at Old St - Moreland Primary School, a 23-minute walk from your office. We're looking for someone at Credit Agricole who'd enjoy helping get a regular after-work game going for colleagues. We take care of the pitch, the payments and the organising, and top the group up with our own players if numbers are short - so it needs one person internally who likes football, not an organiser.

Would you be the right person, or could you point me to whoever looks after wellbeing or staff socials?

Brian
FC Urban",,,,
Heighten Accountants,finance,https://heightenaccountants.co.uk/,"Heighten Accountants, 80 Coleman St, London EC2R 5BJ, UK",EC2R 5BJ,Old St - Moreland Primary School,23,,,,,"Hi {First} - I'm Brian from FC Urban. We run social football at Old St - Moreland Primary School, a 23-min walk from Heighten Accountants. Looking for someone inside the team up for starting an after-work game - we handle pitch, payments and organising. Open to a quick chat?",275,"Thanks for connecting, {First}.

Quick one - we run social football games at Old St - Moreland Primary School, about 23 minutes' walk from your office. A few City firms use them as an easy after-work thing for colleagues: we sort the pitch, the payments and the organising, and can top the group up with our own players if numbers are short.

Is there someone at Heighten Accountants who looks after wellbeing or staff socials I should be speaking to? Happy to be pointed elsewhere.

Brian
FC Urban",After-work football near Heighten Accountants,"Hi {First},

I'm Brian from FC Urban - we organise social football games across London where people just turn up and play.

We run games at Old St - Moreland Primary School, a 23-minute walk from your office. We're looking for someone at Heighten Accountants who'd enjoy helping get a regular after-work game going for colleagues. We take care of the pitch, the payments and the organising, and top the group up with our own players if numbers are short - so it needs one person internally who likes football, not an organiser.

Would you be the right person, or could you point me to whoever looks after wellbeing or staff socials?

Brian
FC Urban",,,,
Lawes Consulting Group,insurance_agency,http://www.lawesgroup.co.uk/,"63 St Mary Axe, London EC3A 8AA, UK",EC3A 8AA,Whitechapel,23,,,,,"Hi {First} - I'm Brian from FC Urban. We run social football at Whitechapel, a 23-min walk from Lawes Consulting Group. Looking for someone inside the team up for starting an after-work game - we handle pitch, payments and organising. Open to a quick chat?",256,"Thanks for connecting, {First}.

Quick one - we run social football games at Whitechapel, about 23 minutes' walk from your office. A few City firms use them as an easy after-work thing for colleagues: we sort the pitch, the payments and the organising, and can top the group up with our own players if numbers are short.

Is there someone at Lawes Consulting Group who looks after wellbeing or staff socials I should be speaking to? Happy to be pointed elsewhere.

Brian
FC Urban",After-work football near Lawes Consulting Group,"Hi {First},

I'm Brian from FC Urban - we organise social football games across London where people just turn up and play.

We run games at Whitechapel, a 23-minute walk from your office. We're looking for someone at Lawes Consulting Group who'd enjoy helping get a regular after-work game going for colleagues. We take care of the pitch, the payments and the organising, and top the group up with our own players if numbers are short - so it needs one person internally who likes football, not an organiser.

Would you be the right person, or could you point me to whoever looks after wellbeing or staff socials?

Brian
FC Urban",,,,
Leadenhall Capital Partners LLP,finance,https://www.leadenhallcp.com/,"70 Mark Ln, London EC3R 7NQ, UK",EC3R 7NQ,Whitechapel,23,,,,,"Hi {First} - I'm Brian from FC Urban. We run social football at Whitechapel, a 23-min walk from Leadenhall Capital Partners LLP. Looking for someone inside the team up for starting an after-work game - we handle pitch, payments and organising. Open to a quick chat?",265,"Thanks for connecting, {First}.

Quick one - we run social football games at Whitechapel, about 23 minutes' walk from your office. A few City firms use them as an easy after-work thing for colleagues: we sort the pitch, the payments and the organising, and can top the group up with our own players if numbers are short.

Is there someone at Leadenhall Capital Partners LLP who looks after wellbeing or staff socials I should be speaking to? Happy to be pointed elsewhere.

Brian
FC Urban",After-work football near Leadenhall Capital Partners LLP,"Hi {First},

I'm Brian from FC Urban - we organise social football games across London where people just turn up and play.

We run games at Whitechapel, a 23-minute walk from your office. We're looking for someone at Leadenhall Capital Partners LLP who'd enjoy helping get a regular after-work game going for colleagues. We take care of the pitch, the payments and the organising, and top the group up with our own players if numbers are short - so it needs one person internally who likes football, not an organiser.

Would you be the right person, or could you point me to whoever looks after wellbeing or staff socials?

Brian
FC Urban",,,,
Lubbock Fine LLP,finance,https://www.lubbockfine.co.uk/,"Paternoster House, 65 St. Paul's Churchyard, London EC4M 8AB, UK",EC4M 8AB,Borough Academy,23,,,,,"Hi {First} - I'm Brian from FC Urban. We run social football at Borough Academy, a 23-min walk from Lubbock Fine LLP. Looking for someone inside the team up for starting an after-work game - we handle pitch, payments and organising. Open to a quick chat?",254,"Thanks for connecting, {First}.

Quick one - we run social football games at Borough Academy, about 23 minutes' walk from your office. A few City firms use them as an easy after-work thing for colleagues: we sort the pitch, the payments and the organising, and can top the group up with our own players if numbers are short.

Is there someone at Lubbock Fine LLP who looks after wellbeing or staff socials I should be speaking to? Happy to be pointed elsewhere.

Brian
FC Urban",After-work football near Lubbock Fine LLP,"Hi {First},

I'm Brian from FC Urban - we organise social football games across London where people just turn up and play.

We run games at Borough Academy, a 23-minute walk from your office. We're looking for someone at Lubbock Fine LLP who'd enjoy helping get a regular after-work game going for colleagues. We take care of the pitch, the payments and the organising, and top the group up with our own players if numbers are short - so it needs one person internally who likes football, not an organiser.

Would you be the right person, or could you point me to whoever looks after wellbeing or staff socials?

Brian
FC Urban",,,,
Mirandus Accountants,finance,http://www.mirandusaccountants.co.uk/,"5 St Bride St, London EC4A 4AS, UK",EC4A 4AS,Borough Academy,23,,,,,"Hi {First} - I'm Brian from FC Urban. We run social football at Borough Academy, a 23-min walk from Mirandus Accountants. Looking for someone inside the team up for starting an after-work game - we handle pitch, payments and organising. Open to a quick chat?",258,"Thanks for connecting, {First}.

Quick one - we run social football games at Borough Academy, about 23 minutes' walk from your office. A few City firms use them as an easy after-work thing for colleagues: we sort the pitch, the payments and the organising, and can top the group up with our own players if numbers are short.

Is there someone at Mirandus Accountants who looks after wellbeing or staff socials I should be speaking to? Happy to be pointed elsewhere.

Brian
FC Urban",After-work football near Mirandus Accountants,"Hi {First},

I'm Brian from FC Urban - we organise social football games across London where people just turn up and play.

We run games at Borough Academy, a 23-minute walk from your office. We're looking for someone at Mirandus Accountants who'd enjoy helping get a regular after-work game going for colleagues. We take care of the pitch, the payments and the organising, and top the group up with our own players if numbers are short - so it needs one person internally who likes football, not an organiser.

Would you be the right person, or could you point me to whoever looks after wellbeing or staff socials?

Brian
FC Urban",,,,
Ocean Capital Partners Limited,finance,http://oceancap.com/,"5 Cheapside, London EC2V 6AA, UK",EC2V 6AA,Borough Academy,23,,,,,"Hi {First} - I'm Brian from FC Urban. We run social football at Borough Academy, a 23-min walk from Ocean Capital Partners Limited. Looking for someone inside the team up for starting an after-work game - we handle pitch, payments and organising. Open to a quick chat?",268,"Thanks for connecting, {First}.

Quick one - we run social football games at Borough Academy, about 23 minutes' walk from your office. A few City firms use them as an easy after-work thing for colleagues: we sort the pitch, the payments and the organising, and can top the group up with our own players if numbers are short.

Is there someone at Ocean Capital Partners Limited who looks after wellbeing or staff socials I should be speaking to? Happy to be pointed elsewhere.

Brian
FC Urban",After-work football near Ocean Capital Partners Limited,"Hi {First},

I'm Brian from FC Urban - we organise social football games across London where people just turn up and play.

We run games at Borough Academy, a 23-minute walk from your office. We're looking for someone at Ocean Capital Partners Limited who'd enjoy helping get a regular after-work game going for colleagues. We take care of the pitch, the payments and the organising, and top the group up with our own players if numbers are short - so it needs one person internally who likes football, not an organiser.

Would you be the right person, or could you point me to whoever looks after wellbeing or staff socials?

Brian
FC Urban",,,,
SH Accounting & Bookkeeping Ltd,finance,http://sh-ab.co.uk/,"288 Bishopsgate, London EC2M 4QP, UK",EC2M 4QP,Whitechapel,23,,,,,"Hi {First} - I'm Brian from FC Urban. We run social football at Whitechapel, a 23-min walk from SH Accounting & Bookkeeping Ltd. Looking for someone inside the team up for starting an after-work game - we handle pitch, payments and organising. Open to a quick chat?",265,"Thanks for connecting, {First}.

Quick one - we run social football games at Whitechapel, about 23 minutes' walk from your office. A few City firms use them as an easy after-work thing for colleagues: we sort the pitch, the payments and the organising, and can top the group up with our own players if numbers are short.

Is there someone at SH Accounting & Bookkeeping Ltd who looks after wellbeing or staff socials I should be speaking to? Happy to be pointed elsewhere.

Brian
FC Urban",After-work football near SH Accounting & Bookkeeping Ltd,"Hi {First},

I'm Brian from FC Urban - we organise social football games across London where people just turn up and play.

We run games at Whitechapel, a 23-minute walk from your office. We're looking for someone at SH Accounting & Bookkeeping Ltd who'd enjoy helping get a regular after-work game going for colleagues. We take care of the pitch, the payments and the organising, and top the group up with our own players if numbers are short - so it needs one person internally who likes football, not an organiser.

Would you be the right person, or could you point me to whoever looks after wellbeing or staff socials?

Brian
FC Urban",,,,
Shawpoint,finance,https://www.shawpoint.com/,"107 Fleet St, London EC4A 2AB, UK",EC4A 2AB,Borough Academy,23,,,,,"Hi {First} - I'm Brian from FC Urban. We run social football at Borough Academy, a 23-min walk from Shawpoint. Looking for someone inside the team up for starting an after-work game - we handle pitch, payments and organising. Open to a quick chat?",247,"Thanks for connecting, {First}.

Quick one - we run social football games at Borough Academy, about 23 minutes' walk from your office. A few City firms use them as an easy after-work thing for colleagues: we sort the pitch, the payments and the organising, and can top the group up with our own players if numbers are short.

Is there someone at Shawpoint who looks after wellbeing or staff socials I should be speaking to? Happy to be pointed elsewhere.

Brian
FC Urban",After-work football near Shawpoint,"Hi {First},

I'm Brian from FC Urban - we organise social football games across London where people just turn up and play.

We run games at Borough Academy, a 23-minute walk from your office. We're looking for someone at Shawpoint who'd enjoy helping get a regular after-work game going for colleagues. We take care of the pitch, the payments and the organising, and top the group up with our own players if numbers are short - so it needs one person internally who likes football, not an organiser.

Would you be the right person, or could you point me to whoever looks after wellbeing or staff socials?

Brian
FC Urban",,,,
Sterling & Wells Accountants,finance,https://sterlingandwells.com/,"Ste 809, Salisbury House, 29 Finsbury Circus, London EC2M 7AQ, UK",EC2M 7AQ,Old St - Moreland Primary School,23,,,,,"Hi {First} - I'm Brian from FC Urban. We run social football at Old St - Moreland Primary School, a 23-min walk from Sterling & Wells Accountants. Looking for someone inside the team up for starting an after-work game - we handle pitch, payments and organising. Open to a quick chat?",283,"Thanks for connecting, {First}.

Quick one - we run social football games at Old St - Moreland Primary School, about 23 minutes' walk from your office. A few City firms use them as an easy after-work thing for colleagues: we sort the pitch, the payments and the organising, and can top the group up with our own players if numbers are short.

Is there someone at Sterling & Wells Accountants who looks after wellbeing or staff socials I should be speaking to? Happy to be pointed elsewhere.

Brian
FC Urban",After-work football near Sterling & Wells Accountants,"Hi {First},

I'm Brian from FC Urban - we organise social football games across London where people just turn up and play.

We run games at Old St - Moreland Primary School, a 23-minute walk from your office. We're looking for someone at Sterling & Wells Accountants who'd enjoy helping get a regular after-work game going for colleagues. We take care of the pitch, the payments and the organising, and top the group up with our own players if numbers are short - so it needs one person internally who likes football, not an organiser.

Would you be the right person, or could you point me to whoever looks after wellbeing or staff socials?

Brian
FC Urban",,,,
Vision Consulting Chartered Accountants,finance,https://www.visionconsulting.co.uk/accountants/city-of-london?utm_source=google&utm_medium=organic&utm_campaign=gbp-city-of-london,"The Gherkin, 28th Floor, 30 St Mary Axe, London EC3A 8EP, UK",EC3A 8EP,Whitechapel,23,,,,,"Hi {First} - I'm Brian from FC Urban. We run social football at Whitechapel, a 23-min walk from Vision Consulting Chartered Accountants. Looking for someone inside the team up for starting an after-work game - we handle pitch, payments and organising. Open to a quick chat?",273,"Thanks for connecting, {First}.

Quick one - we run social football games at Whitechapel, about 23 minutes' walk from your office. A few City firms use them as an easy after-work thing for colleagues: we sort the pitch, the payments and the organising, and can top the group up with our own players if numbers are short.

Is there someone at Vision Consulting Chartered Accountants who looks after wellbeing or staff socials I should be speaking to? Happy to be pointed elsewhere.

Brian
FC Urban",After-work football near Vision Consulting Chartered Accountants,"Hi {First},

I'm Brian from FC Urban - we organise social football games across London where people just turn up and play.

We run games at Whitechapel, a 23-minute walk from your office. We're looking for someone at Vision Consulting Chartered Accountants who'd enjoy helping get a regular after-work game going for colleagues. We take care of the pitch, the payments and the organising, and top the group up with our own players if numbers are short - so it needs one person internally who likes football, not an organiser.

Would you be the right person, or could you point me to whoever looks after wellbeing or staff socials?

Brian
FC Urban",,,,
AXA Health,insurance_agency,https://www.axahealth.co.uk/,"20 Gracechurch St, London EC3V 0BG, UK",EC3V 0BG,Borough Academy,24,,,,,"Hi {First} - I'm Brian from FC Urban. We run social football at Borough Academy, a 24-min walk from AXA Health. Looking for someone inside the team up for starting an after-work game - we handle pitch, payments and organising. Open to a quick chat?",248,"Thanks for connecting, {First}.

Quick one - we run social football games at Borough Academy, about 24 minutes' walk from your office. A few City firms use them as an easy after-work thing for colleagues: we sort the pitch, the payments and the organising, and can top the group up with our own players if numbers are short.

Is there someone at AXA Health who looks after wellbeing or staff socials I should be speaking to? Happy to be pointed elsewhere.

Brian
FC Urban",After-work football near AXA Health,"Hi {First},

I'm Brian from FC Urban - we organise social football games across London where people just turn up and play.

We run games at Borough Academy, a 24-minute walk from your office. We're looking for someone at AXA Health who'd enjoy helping get a regular after-work game going for colleagues. We take care of the pitch, the payments and the organising, and top the group up with our own players if numbers are short - so it needs one person internally who likes football, not an organiser.

Would you be the right person, or could you point me to whoever looks after wellbeing or staff socials?

Brian
FC Urban",,,,
AXA UK plc,insurance_agency,https://www.axa.co.uk/,"20 Gracechurch St, London EC3V 0BG, UK",EC3V 0BG,Borough Academy,24,,,,,"Hi {First} - I'm Brian from FC Urban. We run social football at Borough Academy, a 24-min walk from AXA UK plc. Looking for someone inside the team up for starting an after-work game - we handle pitch, payments and organising. Open to a quick chat?",248,"Thanks for connecting, {First}.

Quick one - we run social football games at Borough Academy, about 24 minutes' walk from your office. A few City firms use them as an easy after-work thing for colleagues: we sort the pitch, the payments and the organising, and can top the group up with our own players if numbers are short.

Is there someone at AXA UK plc who looks after wellbeing or staff socials I should be speaking to? Happy to be pointed elsewhere.

Brian
FC Urban",After-work football near AXA UK plc,"Hi {First},

I'm Brian from FC Urban - we organise social football games across London where people just turn up and play.

We run games at Borough Academy, a 24-minute walk from your office. We're looking for someone at AXA UK plc who'd enjoy helping get a regular after-work game going for colleagues. We take care of the pitch, the payments and the organising, and top the group up with our own players if numbers are short - so it needs one person internally who likes football, not an organiser.

Would you be the right person, or could you point me to whoever looks after wellbeing or staff socials?

Brian
FC Urban",,,,
Ageas Insurance,insurance_agency,https://www.ageas.co.uk/,"100 Bishopsgate, London EC2N 4AG, UK",EC2N 4AG,Whitechapel,24,,,,,"Hi {First} - I'm Brian from FC Urban. We run social football at Whitechapel, a 24-min walk from Ageas Insurance. Looking for someone inside the team up for starting an after-work game - we handle pitch, payments and organising. Open to a quick chat?",249,"Thanks for connecting, {First}.

Quick one - we run social football games at Whitechapel, about 24 minutes' walk from your office. A few City firms use them as an easy after-work thing for colleagues: we sort the pitch, the payments and the organising, and can top the group up with our own players if numbers are short.

Is there someone at Ageas Insurance who looks after wellbeing or staff socials I should be speaking to? Happy to be pointed elsewhere.

Brian
FC Urban",After-work football near Ageas Insurance,"Hi {First},

I'm Brian from FC Urban - we organise social football games across London where people just turn up and play.

We run games at Whitechapel, a 24-minute walk from your office. We're looking for someone at Ageas Insurance who'd enjoy helping get a regular after-work game going for colleagues. We take care of the pitch, the payments and the organising, and top the group up with our own players if numbers are short - so it needs one person internally who likes football, not an organiser.

Would you be the right person, or could you point me to whoever looks after wellbeing or staff socials?

Brian
FC Urban",,,,
Allenby Capital,finance,http://www.allenbycapital.com/,"5 St Helen's Pl, London EC3A 6AB, UK",EC3A 6AB,Whitechapel,24,,,,,"Hi {First} - I'm Brian from FC Urban. We run social football at Whitechapel, a 24-min walk from Allenby Capital. Looking for someone inside the team up for starting an after-work game - we handle pitch, payments and organising. Open to a quick chat?",249,"Thanks for connecting, {First}.

Quick one - we run social football games at Whitechapel, about 24 minutes' walk from your office. A few City firms use them as an easy after-work thing for colleagues: we sort the pitch, the payments and the organising, and can top the group up with our own players if numbers are short.

Is there someone at Allenby Capital who looks after wellbeing or staff socials I should be speaking to? Happy to be pointed elsewhere.

Brian
FC Urban",After-work football near Allenby Capital,"Hi {First},

I'm Brian from FC Urban - we organise social football games across London where people just turn up and play.

We run games at Whitechapel, a 24-minute walk from your office. We're looking for someone at Allenby Capital who'd enjoy helping get a regular after-work game going for colleagues. We take care of the pitch, the payments and the organising, and top the group up with our own players if numbers are short - so it needs one person internally who likes football, not an organiser.

Would you be the right person, or could you point me to whoever looks after wellbeing or staff socials?

Brian
FC Urban",,,,
Ancala,finance,http://ancala.com/,"20 Gracechurch St, London EC3V 0AF, UK",EC3V 0AF,Borough Academy,24,,,,,"Hi {First} - I'm Brian from FC Urban. We run social football at Borough Academy, a 24-min walk from Ancala. Looking for someone inside the team up for starting an after-work game - we handle pitch, payments and organising. Open to a quick chat?",244,"Thanks for connecting, {First}.

Quick one - we run social football games at Borough Academy, about 24 minutes' walk from your office. A few City firms use them as an easy after-work thing for colleagues: we sort the pitch, the payments and the organising, and can top the group up with our own players if numbers are short.

Is there someone at Ancala who looks after wellbeing or staff socials I should be speaking to? Happy to be pointed elsewhere.

Brian
FC Urban",After-work football near Ancala,"Hi {First},

I'm Brian from FC Urban - we organise social football games across London where people just turn up and play.

We run games at Borough Academy, a 24-minute walk from your office. We're looking for someone at Ancala who'd enjoy helping get a regular after-work game going for colleagues. We take care of the pitch, the payments and the organising, and top the group up with our own players if numbers are short - so it needs one person internally who likes football, not an organiser.

Would you be the right person, or could you point me to whoever looks after wellbeing or staff socials?

Brian
FC Urban",,,,
Blake Morgan | London Law Firm,finance,https://www.blakemorgan.co.uk/,"100 Fetter Ln, London EC4A 1DS, UK",EC4A 1DS,Old St - Moreland Primary School,24,,,,,"Hi {First} - I'm Brian from FC Urban. We run social football at Old St - Moreland Primary School, a 24-min walk from Blake Morgan | London Law Firm. Looking for someone inside the team up for starting an after-work game - we handle pitch, payments and organising. Open to a quick chat?",285,"Thanks for connecting, {First}.

Quick one - we run social football games at Old St - Moreland Primary School, about 24 minutes' walk from your office. A few City firms use them as an easy after-work thing for colleagues: we sort the pitch, the payments and the organising, and can top the group up with our own players if numbers are short.

Is there someone at Blake Morgan | London Law Firm who looks after wellbeing or staff socials I should be speaking to? Happy to be pointed elsewhere.

Brian
FC Urban",After-work football near Blake Morgan | London Law Firm,"Hi {First},

I'm Brian from FC Urban - we organise social football games across London where people just turn up and play.

We run games at Old St - Moreland Primary School, a 24-minute walk from your office. We're looking for someone at Blake Morgan | London Law Firm who'd enjoy helping get a regular after-work game going for colleagues. We take care of the pitch, the payments and the organising, and top the group up with our own players if numbers are short - so it needs one person internally who likes football, not an organiser.

Would you be the right person, or could you point me to whoever looks after wellbeing or staff socials?

Brian
FC Urban",,,,
Britannia Financial Group,finance,http://www.britannia.com/,"52 Lime St, London EC3M 7AF, UK",EC3M 7AF,Whitechapel,24,,,,,"Hi {First} - I'm Brian from FC Urban. We run social football at Whitechapel, a 24-min walk from Britannia Financial Group. Looking for someone inside the team up for starting an after-work game - we handle pitch, payments and organising. Open to a quick chat?",259,"Thanks for connecting, {First}.

Quick one - we run social football games at Whitechapel, about 24 minutes' walk from your office. A few City firms use them as an easy after-work thing for colleagues: we sort the pitch, the payments and the organising, and can top the group up with our own players if numbers are short.

Is there someone at Britannia Financial Group who looks after wellbeing or staff socials I should be speaking to? Happy to be pointed elsewhere.

Brian
FC Urban",After-work football near Britannia Financial Group,"Hi {First},

I'm Brian from FC Urban - we organise social football games across London where people just turn up and play.

We run games at Whitechapel, a 24-minute walk from your office. We're looking for someone at Britannia Financial Group who'd enjoy helping get a regular after-work game going for colleagues. We take care of the pitch, the payments and the organising, and top the group up with our own players if numbers are short - so it needs one person internally who likes football, not an organiser.

Would you be the right person, or could you point me to whoever looks after wellbeing or staff socials?

Brian
FC Urban",,,,
CACEIS,finance,http://www.caceis.com/,"Broadwalk House, 5 Appold St, London EC2A 2AG, UK",EC2A 2AG,Old St - Moreland Primary School,24,,,,,"Hi {First} - I'm Brian from FC Urban. We run social football at Old St - Moreland Primary School, a 24-min walk from CACEIS. Looking for someone inside the team up for starting an after-work game - we handle pitch, payments and organising. Open to a quick chat?",261,"Thanks for connecting, {First}.

Quick one - we run social football games at Old St - Moreland Primary School, about 24 minutes' walk from your office. A few City firms use them as an easy after-work thing for colleagues: we sort the pitch, the payments and the organising, and can top the group up with our own players if numbers are short.

Is there someone at CACEIS who looks after wellbeing or staff socials I should be speaking to? Happy to be pointed elsewhere.

Brian
FC Urban",After-work football near CACEIS,"Hi {First},

I'm Brian from FC Urban - we organise social football games across London where people just turn up and play.

We run games at Old St - Moreland Primary School, a 24-minute walk from your office. We're looking for someone at CACEIS who'd enjoy helping get a regular after-work game going for colleagues. We take care of the pitch, the payments and the organising, and top the group up with our own players if numbers are short - so it needs one person internally who likes football, not an organiser.

Would you be the right person, or could you point me to whoever looks after wellbeing or staff socials?

Brian
FC Urban",,,,
Equiteq,finance,https://www.equiteq.com/,"2nd Floor, 41 Eastcheap, London EC3M 1DT, UK",EC3M 1DT,Borough Academy,24,,,,,"Hi {First} - I'm Brian from FC Urban. We run social football at Borough Academy, a 24-min walk from Equiteq. Looking for someone inside the team up for starting an after-work game - we handle pitch, payments and organising. Open to a quick chat?",245,"Thanks for connecting, {First}.

Quick one - we run social football games at Borough Academy, about 24 minutes' walk from your office. A few City firms use them as an easy after-work thing for colleagues: we sort the pitch, the payments and the organising, and can top the group up with our own players if numbers are short.

Is there someone at Equiteq who looks after wellbeing or staff socials I should be speaking to? Happy to be pointed elsewhere.

Brian
FC Urban",After-work football near Equiteq,"Hi {First},

I'm Brian from FC Urban - we organise social football games across London where people just turn up and play.

We run games at Borough Academy, a 24-minute walk from your office. We're looking for someone at Equiteq who'd enjoy helping get a regular after-work game going for colleagues. We take care of the pitch, the payments and the organising, and top the group up with our own players if numbers are short - so it needs one person internally who likes football, not an organiser.

Would you be the right person, or could you point me to whoever looks after wellbeing or staff socials?

Brian
FC Urban",,,,
Equity Trust Investment Bank,finance,https://equitytrust.uk/,"25TH FLOOR, Heron Tower, 110 Bishopsgate, London EC2N 4AY, UK",EC2N 4AY,Whitechapel,24,,,,,"Hi {First} - I'm Brian from FC Urban. We run social football at Whitechapel, a 24-min walk from Equity Trust Investment Bank. Looking for someone inside the team up for starting an after-work game - we handle pitch, payments and organising. Open to a quick chat?",262,"Thanks for connecting, {First}.

Quick one - we run social football games at Whitechapel, about 24 minutes' walk from your office. A few City firms use them as an easy after-work thing for colleagues: we sort the pitch, the payments and the organising, and can top the group up with our own players if numbers are short.

Is there someone at Equity Trust Investment Bank who looks after wellbeing or staff socials I should be speaking to? Happy to be pointed elsewhere.

Brian
FC Urban",After-work football near Equity Trust Investment Bank,"Hi {First},

I'm Brian from FC Urban - we organise social football games across London where people just turn up and play.

We run games at Whitechapel, a 24-minute walk from your office. We're looking for someone at Equity Trust Investment Bank who'd enjoy helping get a regular after-work game going for colleagues. We take care of the pitch, the payments and the organising, and top the group up with our own players if numbers are short - so it needs one person internally who likes football, not an organiser.

Would you be the right person, or could you point me to whoever looks after wellbeing or staff socials?

Brian
FC Urban",,,,
Excellence Accounting,finance,http://excellenceaccounting.com/,"70 Gracechurch St, London EC3V 0HR, UK",EC3V 0HR,Borough Academy,24,,,,,"Hi {First} - I'm Brian from FC Urban. We run social football at Borough Academy, a 24-min walk from Excellence Accounting. Looking for someone inside the team up for starting an after-work game - we handle pitch, payments and organising. Open to a quick chat?",259,"Thanks for connecting, {First}.

Quick one - we run social football games at Borough Academy, about 24 minutes' walk from your office. A few City firms use them as an easy after-work thing for colleagues: we sort the pitch, the payments and the organising, and can top the group up with our own players if numbers are short.

Is there someone at Excellence Accounting who looks after wellbeing or staff socials I should be speaking to? Happy to be pointed elsewhere.

Brian
FC Urban",After-work football near Excellence Accounting,"Hi {First},

I'm Brian from FC Urban - we organise social football games across London where people just turn up and play.

We run games at Borough Academy, a 24-minute walk from your office. We're looking for someone at Excellence Accounting who'd enjoy helping get a regular after-work game going for colleagues. We take care of the pitch, the payments and the organising, and top the group up with our own players if numbers are short - so it needs one person internally who likes football, not an organiser.

Would you be the right person, or could you point me to whoever looks after wellbeing or staff socials?

Brian
FC Urban",,,,
Fenchurch Advisory Partners,consultant,http://www.fenchurchadvisory.com/,"Heron Tower, 110 Bishopsgate, London EC2N 4AY, UK",EC2N 4AY,Whitechapel,24,,,,,"Hi {First} - I'm Brian from FC Urban. We run social football at Whitechapel, a 24-min walk from Fenchurch Advisory Partners. Looking for someone inside the team up for starting an after-work game - we handle pitch, payments and organising. Open to a quick chat?",261,"Thanks for connecting, {First}.

Quick one - we run social football games at Whitechapel, about 24 minutes' walk from your office. A few City firms use them as an easy after-work thing for colleagues: we sort the pitch, the payments and the organising, and can top the group up with our own players if numbers are short.

Is there someone at Fenchurch Advisory Partners who looks after wellbeing or staff socials I should be speaking to? Happy to be pointed elsewhere.

Brian
FC Urban",After-work football near Fenchurch Advisory Partners,"Hi {First},

I'm Brian from FC Urban - we organise social football games across London where people just turn up and play.

We run games at Whitechapel, a 24-minute walk from your office. We're looking for someone at Fenchurch Advisory Partners who'd enjoy helping get a regular after-work game going for colleagues. We take care of the pitch, the payments and the organising, and top the group up with our own players if numbers are short - so it needs one person internally who likes football, not an organiser.

Would you be the right person, or could you point me to whoever looks after wellbeing or staff socials?

Brian
FC Urban",,,,
Ferguson Maidment & Co,finance,http://www.ferguson-maidment.co.uk/,"167 Fleet St, London EC4A 2EA, UK",EC4A 2EA,Borough Academy,24,,,,,"Hi {First} - I'm Brian from FC Urban. We run social football at Borough Academy, a 24-min walk from Ferguson Maidment & Co. Looking for someone inside the team up for starting an after-work game - we handle pitch, payments and organising. Open to a quick chat?",260,"Thanks for connecting, {First}.

Quick one - we run social football games at Borough Academy, about 24 minutes' walk from your office. A few City firms use them as an easy after-work thing for colleagues: we sort the pitch, the payments and the organising, and can top the group up with our own players if numbers are short.

Is there someone at Ferguson Maidment & Co who looks after wellbeing or staff socials I should be speaking to? Happy to be pointed elsewhere.

Brian
FC Urban",After-work football near Ferguson Maidment & Co,"Hi {First},

I'm Brian from FC Urban - we organise social football games across London where people just turn up and play.

We run games at Borough Academy, a 24-minute walk from your office. We're looking for someone at Ferguson Maidment & Co who'd enjoy helping get a regular after-work game going for colleagues. We take care of the pitch, the payments and the organising, and top the group up with our own players if numbers are short - so it needs one person internally who likes football, not an organiser.

Would you be the right person, or could you point me to whoever looks after wellbeing or staff socials?

Brian
FC Urban",,,,
Jefferies,finance,http://www.jefferies.com/,"100 Bishopsgate, London EC2N 4JL, UK",EC2N 4JL,Whitechapel,24,,,,,"Hi {First} - I'm Brian from FC Urban. We run social football at Whitechapel, a 24-min walk from Jefferies. Looking for someone inside the team up for starting an after-work game - we handle pitch, payments and organising. Open to a quick chat?",243,"Thanks for connecting, {First}.

Quick one - we run social football games at Whitechapel, about 24 minutes' walk from your office. A few City firms use them as an easy after-work thing for colleagues: we sort the pitch, the payments and the organising, and can top the group up with our own players if numbers are short.

Is there someone at Jefferies who looks after wellbeing or staff socials I should be speaking to? Happy to be pointed elsewhere.

Brian
FC Urban",After-work football near Jefferies,"Hi {First},

I'm Brian from FC Urban - we organise social football games across London where people just turn up and play.

We run games at Whitechapel, a 24-minute walk from your office. We're looking for someone at Jefferies who'd enjoy helping get a regular after-work game going for colleagues. We take care of the pitch, the payments and the organising, and top the group up with our own players if numbers are short - so it needs one person internally who likes football, not an organiser.

Would you be the right person, or could you point me to whoever looks after wellbeing or staff socials?

Brian
FC Urban",,,,
NovitasFTCL Limited,finance,https://www.novitasftcl.com/,"70 Gracechurch St, London EC3V 0XL, UK",EC3V 0XL,Borough Academy,24,,,,,"Hi {First} - I'm Brian from FC Urban. We run social football at Borough Academy, a 24-min walk from NovitasFTCL Limited. Looking for someone inside the team up for starting an after-work game - we handle pitch, payments and organising. Open to a quick chat?",257,"Thanks for connecting, {First}.

Quick one - we run social football games at Borough Academy, about 24 minutes' walk from your office. A few City firms use them as an easy after-work thing for colleagues: we sort the pitch, the payments and the organising, and can top the group up with our own players if numbers are short.

Is there someone at NovitasFTCL Limited who looks after wellbeing or staff socials I should be speaking to? Happy to be pointed elsewhere.

Brian
FC Urban",After-work football near NovitasFTCL Limited,"Hi {First},

I'm Brian from FC Urban - we organise social football games across London where people just turn up and play.

We run games at Borough Academy, a 24-minute walk from your office. We're looking for someone at NovitasFTCL Limited who'd enjoy helping get a regular after-work game going for colleagues. We take care of the pitch, the payments and the organising, and top the group up with our own players if numbers are short - so it needs one person internally who likes football, not an organiser.

Would you be the right person, or could you point me to whoever looks after wellbeing or staff socials?

Brian
FC Urban",,,,
Paragon International Insurance Brokers Ltd,insurance_agency,http://www.paragonbrokers.com/,"2 Minster Ct, London EC3R 7PD, UK",EC3R 7PD,Whitechapel,24,,,,,"Hi {First} - I'm Brian from FC Urban. We run social football at Whitechapel, a 24-min walk from Paragon International Insurance Brokers Ltd. Looking for someone inside the team up for starting an after-work game - we handle pitch, payments and organising. Open to a quick chat?",277,"Thanks for connecting, {First}.

Quick one - we run social football games at Whitechapel, about 24 minutes' walk from your office. A few City firms use them as an easy after-work thing for colleagues: we sort the pitch, the payments and the organising, and can top the group up with our own players if numbers are short.

Is there someone at Paragon International Insurance Brokers Ltd who looks after wellbeing or staff socials I should be speaking to? Happy to be pointed elsewhere.

Brian
FC Urban",After-work football near Paragon International Insurance Brokers Ltd,"Hi {First},

I'm Brian from FC Urban - we organise social football games across London where people just turn up and play.

We run games at Whitechapel, a 24-minute walk from your office. We're looking for someone at Paragon International Insurance Brokers Ltd who'd enjoy helping get a regular after-work game going for colleagues. We take care of the pitch, the payments and the organising, and top the group up with our own players if numbers are short - so it needs one person internally who likes football, not an organiser.

Would you be the right person, or could you point me to whoever looks after wellbeing or staff socials?

Brian
FC Urban",,,,
Policy Expert,insurance_agency,https://www.policyexpert.co.uk/,"110 Bishopsgate, London EC2N 4AY, UK",EC2N 4AY,Whitechapel,24,,,,,"Hi {First} - I'm Brian from FC Urban. We run social football at Whitechapel, a 24-min walk from Policy Expert. Looking for someone inside the team up for starting an after-work game - we handle pitch, payments and organising. Open to a quick chat?",247,"Thanks for connecting, {First}.

Quick one - we run social football games at Whitechapel, about 24 minutes' walk from your office. A few City firms use them as an easy after-work thing for colleagues: we sort the pitch, the payments and the organising, and can top the group up with our own players if numbers are short.

Is there someone at Policy Expert who looks after wellbeing or staff socials I should be speaking to? Happy to be pointed elsewhere.

Brian
FC Urban",After-work football near Policy Expert,"Hi {First},

I'm Brian from FC Urban - we organise social football games across London where people just turn up and play.

We run games at Whitechapel, a 24-minute walk from your office. We're looking for someone at Policy Expert who'd enjoy helping get a regular after-work game going for colleagues. We take care of the pitch, the payments and the organising, and top the group up with our own players if numbers are short - so it needs one person internally who likes football, not an organiser.

Would you be the right person, or could you point me to whoever looks after wellbeing or staff socials?

Brian
FC Urban",,,,
RMB - Corporate and Investment Banking,finance,https://www.rmb.co.uk/,"Fl 23, The Broadgate Tower, 20 Primrose St, London EC2A 2EW, UK",EC2A 2EW,Shoreditch Rooftop,24,,,,,"Hi {First} - I'm Brian from FC Urban. We run social football at Shoreditch Rooftop, a 24-min walk from RMB - Corporate and Investment Banking. Looking for someone inside the team up for starting an after-work game - we handle pitch, payments and organising. Open to a quick chat?",279,"Thanks for connecting, {First}.

Quick one - we run social football games at Shoreditch Rooftop, about 24 minutes' walk from your office. A few City firms use them as an easy after-work thing for colleagues: we sort the pitch, the payments and the organising, and can top the group up with our own players if numbers are short.

Is there someone at RMB - Corporate and Investment Banking who looks after wellbeing or staff socials I should be speaking to? Happy to be pointed elsewhere.

Brian
FC Urban",After-work football near RMB - Corporate and Investment Banking,"Hi {First},

I'm Brian from FC Urban - we organise social football games across London where people just turn up and play.

We run games at Shoreditch Rooftop, a 24-minute walk from your office. We're looking for someone at RMB - Corporate and Investment Banking who'd enjoy helping get a regular after-work game going for colleagues. We take care of the pitch, the payments and the organising, and top the group up with our own players if numbers are short - so it needs one person internally who likes football, not an organiser.

Would you be the right person, or could you point me to whoever looks after wellbeing or staff socials?

Brian
FC Urban",,,,
Rathbones,finance,http://rathbones.link/london-office,"30 Gresham St, London EC2V 7QN, UK",EC2V 7QN,Borough Academy,24,,,,,"Hi {First} - I'm Brian from FC Urban. We run social football at Borough Academy, a 24-min walk from Rathbones. Looking for someone inside the team up for starting an after-work game - we handle pitch, payments and organising. Open to a quick chat?",247,"Thanks for connecting, {First}.

Quick one - we run social football games at Borough Academy, about 24 minutes' walk from your office. A few City firms use them as an easy after-work thing for colleagues: we sort the pitch, the payments and the organising, and can top the group up with our own players if numbers are short.

Is there someone at Rathbones who looks after wellbeing or staff socials I should be speaking to? Happy to be pointed elsewhere.

Brian
FC Urban",After-work football near Rathbones,"Hi {First},

I'm Brian from FC Urban - we organise social football games across London where people just turn up and play.

We run games at Borough Academy, a 24-minute walk from your office. We're looking for someone at Rathbones who'd enjoy helping get a regular after-work game going for colleagues. We take care of the pitch, the payments and the organising, and top the group up with our own players if numbers are short - so it needs one person internally who likes football, not an organiser.

Would you be the right person, or could you point me to whoever looks after wellbeing or staff socials?

Brian
FC Urban",,,,
Saunders Law,finance,https://www.saunders.co.uk/,"Ground Floor, Hind House, 2-3 Hind Ct, London EC4A 3DL, UK",EC4A 3DL,Borough Academy,24,,,,,"Hi {First} - I'm Brian from FC Urban. We run social football at Borough Academy, a 24-min walk from Saunders Law. Looking for someone inside the team up for starting an after-work game - we handle pitch, payments and organising. Open to a quick chat?",250,"Thanks for connecting, {First}.

Quick one - we run social football games at Borough Academy, about 24 minutes' walk from your office. A few City firms use them as an easy after-work thing for colleagues: we sort the pitch, the payments and the organising, and can top the group up with our own players if numbers are short.

Is there someone at Saunders Law who looks after wellbeing or staff socials I should be speaking to? Happy to be pointed elsewhere.

Brian
FC Urban",After-work football near Saunders Law,"Hi {First},

I'm Brian from FC Urban - we organise social football games across London where people just turn up and play.

We run games at Borough Academy, a 24-minute walk from your office. We're looking for someone at Saunders Law who'd enjoy helping get a regular after-work game going for colleagues. We take care of the pitch, the payments and the organising, and top the group up with our own players if numbers are short - so it needs one person internally who likes football, not an organiser.

Would you be the right person, or could you point me to whoever looks after wellbeing or staff socials?

Brian
FC Urban",,,,
Amedeo,finance,http://www.amedeo.aero/,"Landstock Estates Ltd, 30 Cornhill, London EC3V 3NB, UK",EC3V 3NB,Borough Academy,25,,,,,"Hi {First} - I'm Brian from FC Urban. We run social football at Borough Academy, a 25-min walk from Amedeo. Looking for someone inside the team up for starting an after-work game - we handle pitch, payments and organising. Open to a quick chat?",244,"Thanks for connecting, {First}.

Quick one - we run social football games at Borough Academy, about 25 minutes' walk from your office. A few City firms use them as an easy after-work thing for colleagues: we sort the pitch, the payments and the organising, and can top the group up with our own players if numbers are short.

Is there someone at Amedeo who looks after wellbeing or staff socials I should be speaking to? Happy to be pointed elsewhere.

Brian
FC Urban",After-work football near Amedeo,"Hi {First},

I'm Brian from FC Urban - we organise social football games across London where people just turn up and play.

We run games at Borough Academy, a 25-minute walk from your office. We're looking for someone at Amedeo who'd enjoy helping get a regular after-work game going for colleagues. We take care of the pitch, the payments and the organising, and top the group up with our own players if numbers are short - so it needs one person internally who likes football, not an organiser.

Would you be the right person, or could you point me to whoever looks after wellbeing or staff socials?

Brian
FC Urban",,,,
Baillie Gifford & Co,finance,https://www.bailliegifford.com/,"3 St Helen's Pl, London EC3A 6AB, UK",EC3A 6AB,Whitechapel,25,,,,,"Hi {First} - I'm Brian from FC Urban. We run social football at Whitechapel, a 25-min walk from Baillie Gifford & Co. Looking for someone inside the team up for starting an after-work game - we handle pitch, payments and organising. Open to a quick chat?",254,"Thanks for connecting, {First}.

Quick one - we run social football games at Whitechapel, about 25 minutes' walk from your office. A few City firms use them as an easy after-work thing for colleagues: we sort the pitch, the payments and the organising, and can top the group up with our own players if numbers are short.

Is there someone at Baillie Gifford & Co who looks after wellbeing or staff socials I should be speaking to? Happy to be pointed elsewhere.

Brian
FC Urban",After-work football near Baillie Gifford & Co,"Hi {First},

I'm Brian from FC Urban - we organise social football games across London where people just turn up and play.

We run games at Whitechapel, a 25-minute walk from your office. We're looking for someone at Baillie Gifford & Co who'd enjoy helping get a regular after-work game going for colleagues. We take care of the pitch, the payments and the organising, and top the group up with our own players if numbers are short - so it needs one person internally who likes football, not an organiser.

Would you be the right person, or could you point me to whoever looks after wellbeing or staff socials?

Brian
FC Urban",,,,
ERS Insurance,insurance_agency,http://ers.com/,"30 Fenchurch St, London EC3M 3BD, UK",EC3M 3BD,Borough Academy,25,,,,,"Hi {First} - I'm Brian from FC Urban. We run social football at Borough Academy, a 25-min walk from ERS Insurance. Looking for someone inside the team up for starting an after-work game - we handle pitch, payments and organising. Open to a quick chat?",251,"Thanks for connecting, {First}.

Quick one - we run social football games at Borough Academy, about 25 minutes' walk from your office. A few City firms use them as an easy after-work thing for colleagues: we sort the pitch, the payments and the organising, and can top the group up with our own players if numbers are short.

Is there someone at ERS Insurance who looks after wellbeing or staff socials I should be speaking to? Happy to be pointed elsewhere.

Brian
FC Urban",After-work football near ERS Insurance,"Hi {First},

I'm Brian from FC Urban - we organise social football games across London where people just turn up and play.

We run games at Borough Academy, a 25-minute walk from your office. We're looking for someone at ERS Insurance who'd enjoy helping get a regular after-work game going for colleagues. We take care of the pitch, the payments and the organising, and top the group up with our own players if numbers are short - so it needs one person internally who likes football, not an organiser.

Would you be the right person, or could you point me to whoever looks after wellbeing or staff socials?

Brian
FC Urban",,,,
Fenchurch Insurance Brokers Limited,insurance_agency,https://fenchurchinsurance.com/,"37-39 Lime St, London EC3M 7AY, UK",EC3M 7AY,Whitechapel,25,,,,,"Hi {First} - I'm Brian from FC Urban. We run social football at Whitechapel, a 25-min walk from Fenchurch Insurance Brokers Limited. Looking for someone inside the team up for starting an after-work game - we handle pitch, payments and organising. Open to a quick chat?",269,"Thanks for connecting, {First}.

Quick one - we run social football games at Whitechapel, about 25 minutes' walk from your office. A few City firms use them as an easy after-work thing for colleagues: we sort the pitch, the payments and the organising, and can top the group up with our own players if numbers are short.

Is there someone at Fenchurch Insurance Brokers Limited who looks after wellbeing or staff socials I should be speaking to? Happy to be pointed elsewhere.

Brian
FC Urban",After-work football near Fenchurch Insurance Brokers Limited,"Hi {First},

I'm Brian from FC Urban - we organise social football games across London where people just turn up and play.

We run games at Whitechapel, a 25-minute walk from your office. We're looking for someone at Fenchurch Insurance Brokers Limited who'd enjoy helping get a regular after-work game going for colleagues. We take care of the pitch, the payments and the organising, and top the group up with our own players if numbers are short - so it needs one person internally who likes football, not an organiser.

Would you be the right person, or could you point me to whoever looks after wellbeing or staff socials?

Brian
FC Urban",,,,
Kinetic Investments,finance,http://ki.uk/,"34-37 Liverpool St, London EC2M 7PP, UK",EC2M 7PP,Whitechapel,25,,,,,"Hi {First} - I'm Brian from FC Urban. We run social football at Whitechapel, a 25-min walk from Kinetic Investments. Looking for someone inside the team up for starting an after-work game - we handle pitch, payments and organising. Open to a quick chat?",253,"Thanks for connecting, {First}.

Quick one - we run social football games at Whitechapel, about 25 minutes' walk from your office. A few City firms use them as an easy after-work thing for colleagues: we sort the pitch, the payments and the organising, and can top the group up with our own players if numbers are short.

Is there someone at Kinetic Investments who looks after wellbeing or staff socials I should be speaking to? Happy to be pointed elsewhere.

Brian
FC Urban",After-work football near Kinetic Investments,"Hi {First},

I'm Brian from FC Urban - we organise social football games across London where people just turn up and play.

We run games at Whitechapel, a 25-minute walk from your office. We're looking for someone at Kinetic Investments who'd enjoy helping get a regular after-work game going for colleagues. We take care of the pitch, the payments and the organising, and top the group up with our own players if numbers are short - so it needs one person internally who likes football, not an organiser.

Would you be the right person, or could you point me to whoever looks after wellbeing or staff socials?

Brian
FC Urban",,,,
Mint Insurance Brokers part of James Hallam,insurance_agency,http://www.mint-insurance.co.uk/,"10th Floor, 2 Minster Ct, London EC3R 7BB, UK",EC3R 7BB,Whitechapel,25,,,,,"Hi {First} - I'm Brian from FC Urban. We run social football at Whitechapel, a 25-min walk from Mint Insurance Brokers part of James Hallam. Looking for someone inside the team up for starting an after-work game - we handle pitch, payments and organising. Open to a quick chat?",277,"Thanks for connecting, {First}.

Quick one - we run social football games at Whitechapel, about 25 minutes' walk from your office. A few City firms use them as an easy after-work thing for colleagues: we sort the pitch, the payments and the organising, and can top the group up with our own players if numbers are short.

Is there someone at Mint Insurance Brokers part of James Hallam who looks after wellbeing or staff socials I should be speaking to? Happy to be pointed elsewhere.

Brian
FC Urban",After-work football near Mint Insurance Brokers part of James Hallam,"Hi {First},

I'm Brian from FC Urban - we organise social football games across London where people just turn up and play.

We run games at Whitechapel, a 25-minute walk from your office. We're looking for someone at Mint Insurance Brokers part of James Hallam who'd enjoy helping get a regular after-work game going for colleagues. We take care of the pitch, the payments and the organising, and top the group up with our own players if numbers are short - so it needs one person internally who likes football, not an organiser.

Would you be the right person, or could you point me to whoever looks after wellbeing or staff socials?

Brian
FC Urban",,,,
Stonebridge International Insurance Ltd.,insurance_agency,https://www.stonebridge-insurance.com/,"26, The Leadenhall Building, 122 Leadenhall St, London EC3V 4AB, UK",EC3V 4AB,Whitechapel,25,,,,,"Hi {First} - I'm Brian from FC Urban. We run social football at Whitechapel, a 25-min walk from Stonebridge International Insurance Ltd.. Looking for someone inside the team up for starting an after-work game - we handle pitch, payments and organising. Open to a quick chat?",274,"Thanks for connecting, {First}.

Quick one - we run social football games at Whitechapel, about 25 minutes' walk from your office. A few City firms use them as an easy after-work thing for colleagues: we sort the pitch, the payments and the organising, and can top the group up with our own players if numbers are short.

Is there someone at Stonebridge International Insurance Ltd. who looks after wellbeing or staff socials I should be speaking to? Happy to be pointed elsewhere.

Brian
FC Urban",After-work football near Stonebridge International Insurance Ltd.,"Hi {First},

I'm Brian from FC Urban - we organise social football games across London where people just turn up and play.

We run games at Whitechapel, a 25-minute walk from your office. We're looking for someone at Stonebridge International Insurance Ltd. who'd enjoy helping get a regular after-work game going for colleagues. We take care of the pitch, the payments and the organising, and top the group up with our own players if numbers are short - so it needs one person internally who likes football, not an organiser.

Would you be the right person, or could you point me to whoever looks after wellbeing or staff socials?

Brian
FC Urban",,,,
Turquoise International Limited,finance,https://www.turquoise.eu/,"99 Bishopsgate, London EC2M 3XD, UK",EC2M 3XD,Whitechapel,25,,,,,"Hi {First} - I'm Brian from FC Urban. We run social football at Whitechapel, a 25-min walk from Turquoise International Limited. Looking for someone inside the team up for starting an after-work game - we handle pitch, payments and organising. Open to a quick chat?",265,"Thanks for connecting, {First}.

Quick one - we run social football games at Whitechapel, about 25 minutes' walk from your office. A few City firms use them as an easy after-work thing for colleagues: we sort the pitch, the payments and the organising, and can top the group up with our own players if numbers are short.

Is there someone at Turquoise International Limited who looks after wellbeing or staff socials I should be speaking to? Happy to be pointed elsewhere.

Brian
FC Urban",After-work football near Turquoise International Limited,"Hi {First},

I'm Brian from FC Urban - we organise social football games across London where people just turn up and play.

We run games at Whitechapel, a 25-minute walk from your office. We're looking for someone at Turquoise International Limited who'd enjoy helping get a regular after-work game going for colleagues. We take care of the pitch, the payments and the organising, and top the group up with our own players if numbers are short - so it needs one person internally who likes football, not an organiser.

Would you be the right person, or could you point me to whoever looks after wellbeing or staff socials?

Brian
FC Urban",,,,
United Insurance Brokers Limited,insurance_agency,http://www.uib.co.uk/,"19th Floor, The Leadenhall Building, 122 Leadenhall St, London EC3V 4AB, UK",EC3V 4AB,Whitechapel,25,,,,,"Hi {First} - I'm Brian from FC Urban. We run social football at Whitechapel, a 25-min walk from United Insurance Brokers Limited. Looking for someone inside the team up for starting an after-work game - we handle pitch, payments and organising. Open to a quick chat?",266,"Thanks for connecting, {First}.

Quick one - we run social football games at Whitechapel, about 25 minutes' walk from your office. A few City firms use them as an easy after-work thing for colleagues: we sort the pitch, the payments and the organising, and can top the group up with our own players if numbers are short.

Is there someone at United Insurance Brokers Limited who looks after wellbeing or staff socials I should be speaking to? Happy to be pointed elsewhere.

Brian
FC Urban",After-work football near United Insurance Brokers Limited,"Hi {First},

I'm Brian from FC Urban - we organise social football games across London where people just turn up and play.

We run games at Whitechapel, a 25-minute walk from your office. We're looking for someone at United Insurance Brokers Limited who'd enjoy helping get a regular after-work game going for colleagues. We take care of the pitch, the payments and the organising, and top the group up with our own players if numbers are short - so it needs one person internally who likes football, not an organiser.

Would you be the right person, or could you point me to whoever looks after wellbeing or staff socials?

Brian
FC Urban",,,,
Wilder Coe,finance,https://www.wildercoe.co.uk/,"Fl 1, 143 - 149 Fenchurch St, London EC3M 6BL, UK",EC3M 6BL,Borough Academy,25,,,,,"Hi {First} - I'm Brian from FC Urban. We run social football at Borough Academy, a 25-min walk from Wilder Coe. Looking for someone inside the team up for starting an after-work game - we handle pitch, payments and organising. Open to a quick chat?",248,"Thanks for connecting, {First}.

Quick one - we run social football games at Borough Academy, about 25 minutes' walk from your office. A few City firms use them as an easy after-work thing for colleagues: we sort the pitch, the payments and the organising, and can top the group up with our own players if numbers are short.

Is there someone at Wilder Coe who looks after wellbeing or staff socials I should be speaking to? Happy to be pointed elsewhere.

Brian
FC Urban",After-work football near Wilder Coe,"Hi {First},

I'm Brian from FC Urban - we organise social football games across London where people just turn up and play.

We run games at Borough Academy, a 25-minute walk from your office. We're looking for someone at Wilder Coe who'd enjoy helping get a regular after-work game going for colleagues. We take care of the pitch, the payments and the organising, and top the group up with our own players if numbers are short - so it needs one person internally who likes football, not an organiser.

Would you be the right person, or could you point me to whoever looks after wellbeing or staff socials?

Brian
FC Urban",,,,
BancTrust Investment Bank Limited,finance,http://banctrust.com/,"level 36, London EC2N 4BQ, UK",EC2N 4BQ,Whitechapel,26,,,,,"Hi {First} - I'm Brian from FC Urban. We run social football at Whitechapel, a 26-min walk from BancTrust Investment Bank Limited. Looking for someone inside the team up for starting an after-work game - we handle pitch, payments and organising. Open to a quick chat?",267,"Thanks for connecting, {First}.

Quick one - we run social football games at Whitechapel, about 26 minutes' walk from your office. A few City firms use them as an easy after-work thing for colleagues: we sort the pitch, the payments and the organising, and can top the group up with our own players if numbers are short.

Is there someone at BancTrust Investment Bank Limited who looks after wellbeing or staff socials I should be speaking to? Happy to be pointed elsewhere.

Brian
FC Urban",After-work football near BancTrust Investment Bank Limited,"Hi {First},

I'm Brian from FC Urban - we organise social football games across London where people just turn up and play.

We run games at Whitechapel, a 26-minute walk from your office. We're looking for someone at BancTrust Investment Bank Limited who'd enjoy helping get a regular after-work game going for colleagues. We take care of the pitch, the payments and the organising, and top the group up with our own players if numbers are short - so it needs one person internally who likes football, not an organiser.

Would you be the right person, or could you point me to whoever looks after wellbeing or staff socials?

Brian
FC Urban",,,,
Debitam - Online Account Filing,finance,https://www.debitam.com/,"42-44 Bishopsgate, London EC2N 4AH, UK",EC2N 4AH,Whitechapel,26,,,,,"Hi {First} - I'm Brian from FC Urban. We run social football at Whitechapel, a 26-min walk from Debitam - Online Account Filing. Looking for someone inside the team up for starting an after-work game - we handle pitch, payments and organising. Open to a quick chat?",265,"Thanks for connecting, {First}.

Quick one - we run social football games at Whitechapel, about 26 minutes' walk from your office. A few City firms use them as an easy after-work thing for colleagues: we sort the pitch, the payments and the organising, and can top the group up with our own players if numbers are short.

Is there someone at Debitam - Online Account Filing who looks after wellbeing or staff socials I should be speaking to? Happy to be pointed elsewhere.

Brian
FC Urban",After-work football near Debitam - Online Account Filing,"Hi {First},

I'm Brian from FC Urban - we organise social football games across London where people just turn up and play.

We run games at Whitechapel, a 26-minute walk from your office. We're looking for someone at Debitam - Online Account Filing who'd enjoy helping get a regular after-work game going for colleagues. We take care of the pitch, the payments and the organising, and top the group up with our own players if numbers are short - so it needs one person internally who likes football, not an organiser.

Would you be the right person, or could you point me to whoever looks after wellbeing or staff socials?

Brian
FC Urban",,,,
First Capital Corporation,finance,http://www.firstcapital.co.uk/,"52 Cornhill, London EC3V 3PD, UK",EC3V 3PD,Borough Academy,26,,,,,"Hi {First} - I'm Brian from FC Urban. We run social football at Borough Academy, a 26-min walk from First Capital Corporation. Looking for someone inside the team up for starting an after-work game - we handle pitch, payments and organising. Open to a quick chat?",263,"Thanks for connecting, {First}.

Quick one - we run social football games at Borough Academy, about 26 minutes' walk from your office. A few City firms use them as an easy after-work thing for colleagues: we sort the pitch, the payments and the organising, and can top the group up with our own players if numbers are short.

Is there someone at First Capital Corporation who looks after wellbeing or staff socials I should be speaking to? Happy to be pointed elsewhere.

Brian
FC Urban",After-work football near First Capital Corporation,"Hi {First},

I'm Brian from FC Urban - we organise social football games across London where people just turn up and play.

We run games at Borough Academy, a 26-minute walk from your office. We're looking for someone at First Capital Corporation who'd enjoy helping get a regular after-work game going for colleagues. We take care of the pitch, the payments and the organising, and top the group up with our own players if numbers are short - so it needs one person internally who likes football, not an organiser.

Would you be the right person, or could you point me to whoever looks after wellbeing or staff socials?

Brian
FC Urban",,,,
Hiscox UK,insurance_agency,https://www.hiscox.co.uk/,"22 Bishopsgate, London EC2N 4BQ, UK",EC2N 4BQ,Whitechapel,26,,,,,"Hi {First} - I'm Brian from FC Urban. We run social football at Whitechapel, a 26-min walk from Hiscox UK. Looking for someone inside the team up for starting an after-work game - we handle pitch, payments and organising. Open to a quick chat?",243,"Thanks for connecting, {First}.

Quick one - we run social football games at Whitechapel, about 26 minutes' walk from your office. A few City firms use them as an easy after-work thing for colleagues: we sort the pitch, the payments and the organising, and can top the group up with our own players if numbers are short.

Is there someone at Hiscox UK who looks after wellbeing or staff socials I should be speaking to? Happy to be pointed elsewhere.

Brian
FC Urban",After-work football near Hiscox UK,"Hi {First},

I'm Brian from FC Urban - we organise social football games across London where people just turn up and play.

We run games at Whitechapel, a 26-minute walk from your office. We're looking for someone at Hiscox UK who'd enjoy helping get a regular after-work game going for colleagues. We take care of the pitch, the payments and the organising, and top the group up with our own players if numbers are short - so it needs one person internally who likes football, not an organiser.

Would you be the right person, or could you point me to whoever looks after wellbeing or staff socials?

Brian
FC Urban",,,,
Horner Blakey Insurance Brokers,insurance_agency,http://www.hornerblakey.co.uk/,"141-142 Fenchurch St, London EC3M 6BQ, UK",EC3M 6BQ,Borough Academy,26,,,,,"Hi {First} - I'm Brian from FC Urban. We run social football at Borough Academy, a 26-min walk from Horner Blakey Insurance Brokers. Looking for someone inside the team up for starting an after-work game - we handle pitch, payments and organising. Open to a quick chat?",269,"Thanks for connecting, {First}.

Quick one - we run social football games at Borough Academy, about 26 minutes' walk from your office. A few City firms use them as an easy after-work thing for colleagues: we sort the pitch, the payments and the organising, and can top the group up with our own players if numbers are short.

Is there someone at Horner Blakey Insurance Brokers who looks after wellbeing or staff socials I should be speaking to? Happy to be pointed elsewhere.

Brian
FC Urban",After-work football near Horner Blakey Insurance Brokers,"Hi {First},

I'm Brian from FC Urban - we organise social football games across London where people just turn up and play.

We run games at Borough Academy, a 26-minute walk from your office. We're looking for someone at Horner Blakey Insurance Brokers who'd enjoy helping get a regular after-work game going for colleagues. We take care of the pitch, the payments and the organising, and top the group up with our own players if numbers are short - so it needs one person internally who likes football, not an organiser.

Would you be the right person, or could you point me to whoever looks after wellbeing or staff socials?

Brian
FC Urban",,,,
KNG Securities LLP,finance,http://www.kngsecurities.com/,"Tower 42, 12th Floor, 25 Old Broad St, London EC2N 1HN, UK",EC2N 1HN,Whitechapel,26,,,,,"Hi {First} - I'm Brian from FC Urban. We run social football at Whitechapel, a 26-min walk from KNG Securities LLP. Looking for someone inside the team up for starting an after-work game - we handle pitch, payments and organising. Open to a quick chat?",252,"Thanks for connecting, {First}.

Quick one - we run social football games at Whitechapel, about 26 minutes' walk from your office. A few City firms use them as an easy after-work thing for colleagues: we sort the pitch, the payments and the organising, and can top the group up with our own players if numbers are short.

Is there someone at KNG Securities LLP who looks after wellbeing or staff socials I should be speaking to? Happy to be pointed elsewhere.

Brian
FC Urban",After-work football near KNG Securities LLP,"Hi {First},

I'm Brian from FC Urban - we organise social football games across London where people just turn up and play.

We run games at Whitechapel, a 26-minute walk from your office. We're looking for someone at KNG Securities LLP who'd enjoy helping get a regular after-work game going for colleagues. We take care of the pitch, the payments and the organising, and top the group up with our own players if numbers are short - so it needs one person internally who likes football, not an organiser.

Would you be the right person, or could you point me to whoever looks after wellbeing or staff socials?

Brian
FC Urban",,,,
Lime Street Insurance Brokers Limited,insurance_agency,http://www.limestreetbrokers.com/,"6th Floor, 143-149 Fenchurch St, London EC3M 6BN, UK",EC3M 6BN,Borough Academy,26,,,,,"Hi {First} - I'm Brian from FC Urban. We run social football at Borough Academy, a 26-min walk from Lime Street Insurance Brokers Limited. Looking for someone inside the team up for starting an after-work game - we handle pitch, payments and organising. Open to a quick chat?",275,"Thanks for connecting, {First}.

Quick one - we run social football games at Borough Academy, about 26 minutes' walk from your office. A few City firms use them as an easy after-work thing for colleagues: we sort the pitch, the payments and the organising, and can top the group up with our own players if numbers are short.

Is there someone at Lime Street Insurance Brokers Limited who looks after wellbeing or staff socials I should be speaking to? Happy to be pointed elsewhere.

Brian
FC Urban",After-work football near Lime Street Insurance Brokers Limited,"Hi {First},

I'm Brian from FC Urban - we organise social football games across London where people just turn up and play.

We run games at Borough Academy, a 26-minute walk from your office. We're looking for someone at Lime Street Insurance Brokers Limited who'd enjoy helping get a regular after-work game going for colleagues. We take care of the pitch, the payments and the organising, and top the group up with our own players if numbers are short - so it needs one person internally who likes football, not an organiser.

Would you be the right person, or could you point me to whoever looks after wellbeing or staff socials?

Brian
FC Urban",,,,
London Marine Insurance Services Ltd,insurance_agency,http://www.london-marine.co.uk/,"1 Gracechurch St, London EC3V 0DD, UK",EC3V 0DD,Borough Academy,26,,,,,"Hi {First} - I'm Brian from FC Urban. We run social football at Borough Academy, a 26-min walk from London Marine Insurance Services Ltd. Looking for someone inside the team up for starting an after-work game - we handle pitch, payments and organising. Open to a quick chat?",274,"Thanks for connecting, {First}.

Quick one - we run social football games at Borough Academy, about 26 minutes' walk from your office. A few City firms use them as an easy after-work thing for colleagues: we sort the pitch, the payments and the organising, and can top the group up with our own players if numbers are short.

Is there someone at London Marine Insurance Services Ltd who looks after wellbeing or staff socials I should be speaking to? Happy to be pointed elsewhere.

Brian
FC Urban",After-work football near London Marine Insurance Services Ltd,"Hi {First},

I'm Brian from FC Urban - we organise social football games across London where people just turn up and play.

We run games at Borough Academy, a 26-minute walk from your office. We're looking for someone at London Marine Insurance Services Ltd who'd enjoy helping get a regular after-work game going for colleagues. We take care of the pitch, the payments and the organising, and top the group up with our own players if numbers are short - so it needs one person internally who likes football, not an organiser.

Would you be the right person, or could you point me to whoever looks after wellbeing or staff socials?

Brian
FC Urban",,,,
London and Oxford Capital Markets Plc,finance,http://www.londonandoxford.com/,"5th Floor, 4 Moorgate, London EC2R 6DA, UK",EC2R 6DA,Old St - Moreland Primary School,26,,,,,"Hi {First} - I'm Brian from FC Urban. We run social football at Old St - Moreland Primary School, a 26-min walk from London and Oxford Capital Markets Plc. Looking for someone inside the team up for starting an after-work game - we handle pitch, payments and organising. Open to a quick chat?",292,"Thanks for connecting, {First}.

Quick one - we run social football games at Old St - Moreland Primary School, about 26 minutes' walk from your office. A few City firms use them as an easy after-work thing for colleagues: we sort the pitch, the payments and the organising, and can top the group up with our own players if numbers are short.

Is there someone at London and Oxford Capital Markets Plc who looks after wellbeing or staff socials I should be speaking to? Happy to be pointed elsewhere.

Brian
FC Urban",After-work football near London and Oxford Capital Markets Plc,"Hi {First},

I'm Brian from FC Urban - we organise social football games across London where people just turn up and play.

We run games at Old St - Moreland Primary School, a 26-minute walk from your office. We're looking for someone at London and Oxford Capital Markets Plc who'd enjoy helping get a regular after-work game going for colleagues. We take care of the pitch, the payments and the organising, and top the group up with our own players if numbers are short - so it needs one person internally who likes football, not an organiser.

Would you be the right person, or could you point me to whoever looks after wellbeing or staff socials?

Brian
FC Urban",,,,
Pebble Accounting | London,finance,https://pebble-accounting.co.uk/?utm_source=googlemybusiness,"New Broad Street House, 35 New Broad St, London EC2M 1NH, UK",EC2M 1NH,Old St - Moreland Primary School,26,,,,,"Hi {First} - I'm Brian from FC Urban. We run social football at Old St - Moreland Primary School, a 26-min walk from Pebble Accounting | London. Looking for someone inside the team up for starting an after-work game - we handle pitch, payments and organising. Open to a quick chat?",281,"Thanks for connecting, {First}.

Quick one - we run social football games at Old St - Moreland Primary School, about 26 minutes' walk from your office. A few City firms use them as an easy after-work thing for colleagues: we sort the pitch, the payments and the organising, and can top the group up with our own players if numbers are short.

Is there someone at Pebble Accounting | London who looks after wellbeing or staff socials I should be speaking to? Happy to be pointed elsewhere.

Brian
FC Urban",After-work football near Pebble Accounting | London,"Hi {First},

I'm Brian from FC Urban - we organise social football games across London where people just turn up and play.

We run games at Old St - Moreland Primary School, a 26-minute walk from your office. We're looking for someone at Pebble Accounting | London who'd enjoy helping get a regular after-work game going for colleagues. We take care of the pitch, the payments and the organising, and top the group up with our own players if numbers are short - so it needs one person internally who likes football, not an organiser.

Would you be the right person, or could you point me to whoever looks after wellbeing or staff socials?

Brian
FC Urban",,,,
Singer Capital Markets,finance,http://www.singercm.com/,"1 Bartholomew Ln, London EC2N 2AX, UK",EC2N 2AX,Borough Academy,26,,,,,"Hi {First} - I'm Brian from FC Urban. We run social football at Borough Academy, a 26-min walk from Singer Capital Markets. Looking for someone inside the team up for starting an after-work game - we handle pitch, payments and organising. Open to a quick chat?",260,"Thanks for connecting, {First}.

Quick one - we run social football games at Borough Academy, about 26 minutes' walk from your office. A few City firms use them as an easy after-work thing for colleagues: we sort the pitch, the payments and the organising, and can top the group up with our own players if numbers are short.

Is there someone at Singer Capital Markets who looks after wellbeing or staff socials I should be speaking to? Happy to be pointed elsewhere.

Brian
FC Urban",After-work football near Singer Capital Markets,"Hi {First},

I'm Brian from FC Urban - we organise social football games across London where people just turn up and play.

We run games at Borough Academy, a 26-minute walk from your office. We're looking for someone at Singer Capital Markets who'd enjoy helping get a regular after-work game going for colleagues. We take care of the pitch, the payments and the organising, and top the group up with our own players if numbers are short - so it needs one person internally who likes football, not an organiser.

Would you be the right person, or could you point me to whoever looks after wellbeing or staff socials?

Brian
FC Urban",,,,
Solus Capital Partners Ltd,finance,http://soluscapitalpartners.com/,"Fifth Floor, 11 Leadenhall St, London EC3V 1LP, UK",EC3V 1LP,Whitechapel,26,,,,,"Hi {First} - I'm Brian from FC Urban. We run social football at Whitechapel, a 26-min walk from Solus Capital Partners Ltd. Looking for someone inside the team up for starting an after-work game - we handle pitch, payments and organising. Open to a quick chat?",260,"Thanks for connecting, {First}.

Quick one - we run social football games at Whitechapel, about 26 minutes' walk from your office. A few City firms use them as an easy after-work thing for colleagues: we sort the pitch, the payments and the organising, and can top the group up with our own players if numbers are short.

Is there someone at Solus Capital Partners Ltd who looks after wellbeing or staff socials I should be speaking to? Happy to be pointed elsewhere.

Brian
FC Urban",After-work football near Solus Capital Partners Ltd,"Hi {First},

I'm Brian from FC Urban - we organise social football games across London where people just turn up and play.

We run games at Whitechapel, a 26-minute walk from your office. We're looking for someone at Solus Capital Partners Ltd who'd enjoy helping get a regular after-work game going for colleagues. We take care of the pitch, the payments and the organising, and top the group up with our own players if numbers are short - so it needs one person internally who likes football, not an organiser.

Would you be the right person, or could you point me to whoever looks after wellbeing or staff socials?

Brian
FC Urban",,,,
VSA Capital Group PLC,finance,https://vsacapital.com/,"42 New Broad St, London EC2M 1JD, UK",EC2M 1JD,Old St - Moreland Primary School,26,,,,,"Hi {First} - I'm Brian from FC Urban. We run social football at Old St - Moreland Primary School, a 26-min walk from VSA Capital Group PLC. Looking for someone inside the team up for starting an after-work game - we handle pitch, payments and organising. Open to a quick chat?",276,"Thanks for connecting, {First}.

Quick one - we run social football games at Old St - Moreland Primary School, about 26 minutes' walk from your office. A few City firms use them as an easy after-work thing for colleagues: we sort the pitch, the payments and the organising, and can top the group up with our own players if numbers are short.

Is there someone at VSA Capital Group PLC who looks after wellbeing or staff socials I should be speaking to? Happy to be pointed elsewhere.

Brian
FC Urban",After-work football near VSA Capital Group PLC,"Hi {First},

I'm Brian from FC Urban - we organise social football games across London where people just turn up and play.

We run games at Old St - Moreland Primary School, a 26-minute walk from your office. We're looking for someone at VSA Capital Group PLC who'd enjoy helping get a regular after-work game going for colleagues. We take care of the pitch, the payments and the organising, and top the group up with our own players if numbers are short - so it needs one person internally who likes football, not an organiser.

Would you be the right person, or could you point me to whoever looks after wellbeing or staff socials?

Brian
FC Urban",,,,
Zirrat Bank,office building (multi-tenant),https://ziraatbank.co.uk/,"45;47 Cornhill, London",EC3V 3PD,Borough Academy,26,,,,,"Hi {First} - I'm Brian from FC Urban. We run social football at Borough Academy, a 26-min walk from Zirrat Bank. Looking for someone inside the team up for starting an after-work game - we handle pitch, payments and organising. Open to a quick chat?",249,"Thanks for connecting, {First}.

Quick one - we run social football games at Borough Academy, about 26 minutes' walk from your office. A few City firms use them as an easy after-work thing for colleagues: we sort the pitch, the payments and the organising, and can top the group up with our own players if numbers are short.

Is there someone at Zirrat Bank who looks after wellbeing or staff socials I should be speaking to? Happy to be pointed elsewhere.

Brian
FC Urban",After-work football near Zirrat Bank,"Hi {First},

I'm Brian from FC Urban - we organise social football games across London where people just turn up and play.

We run games at Borough Academy, a 26-minute walk from your office. We're looking for someone at Zirrat Bank who'd enjoy helping get a regular after-work game going for colleagues. We take care of the pitch, the payments and the organising, and top the group up with our own players if numbers are short - so it needs one person internally who likes football, not an organiser.

Would you be the right person, or could you point me to whoever looks after wellbeing or staff socials?

Brian
FC Urban",,,,
Castle Trust Bank,finance,https://www.castletrust.co.uk/,"Tower 42, 25 Old Broad St, London EC2N 1HQ, UK",EC2N 1HQ,Whitechapel,27,,,,,"Hi {First} - I'm Brian from FC Urban. We run social football at Whitechapel, a 27-min walk from Castle Trust Bank. Looking for someone inside the team up for starting an after-work game - we handle pitch, payments and organising. Open to a quick chat?",251,"Thanks for connecting, {First}.

Quick one - we run social football games at Whitechapel, about 27 minutes' walk from your office. A few City firms use them as an easy after-work thing for colleagues: we sort the pitch, the payments and the organising, and can top the group up with our own players if numbers are short.

Is there someone at Castle Trust Bank who looks after wellbeing or staff socials I should be speaking to? Happy to be pointed elsewhere.

Brian
FC Urban",After-work football near Castle Trust Bank,"Hi {First},

I'm Brian from FC Urban - we organise social football games across London where people just turn up and play.

We run games at Whitechapel, a 27-minute walk from your office. We're looking for someone at Castle Trust Bank who'd enjoy helping get a regular after-work game going for colleagues. We take care of the pitch, the payments and the organising, and top the group up with our own players if numbers are short - so it needs one person internally who likes football, not an organiser.

Would you be the right person, or could you point me to whoever looks after wellbeing or staff socials?

Brian
FC Urban",,,,
ITI Capital,finance,https://iticapital.com/,"ITI Capital Ltd, 38 Threadneedle St, London EC2R 8AY, UK",EC2R 8AY,Whitechapel,27,,,,,"Hi {First} - I'm Brian from FC Urban. We run social football at Whitechapel, a 27-min walk from ITI Capital. Looking for someone inside the team up for starting an after-work game - we handle pitch, payments and organising. Open to a quick chat?",245,"Thanks for connecting, {First}.

Quick one - we run social football games at Whitechapel, about 27 minutes' walk from your office. A few City firms use them as an easy after-work thing for colleagues: we sort the pitch, the payments and the organising, and can top the group up with our own players if numbers are short.

Is there someone at ITI Capital who looks after wellbeing or staff socials I should be speaking to? Happy to be pointed elsewhere.

Brian
FC Urban",After-work football near ITI Capital,"Hi {First},

I'm Brian from FC Urban - we organise social football games across London where people just turn up and play.

We run games at Whitechapel, a 27-minute walk from your office. We're looking for someone at ITI Capital who'd enjoy helping get a regular after-work game going for colleagues. We take care of the pitch, the payments and the organising, and top the group up with our own players if numbers are short - so it needs one person internally who likes football, not an organiser.

Would you be the right person, or could you point me to whoever looks after wellbeing or staff socials?

Brian
FC Urban",,,,
Zeus,finance,http://www.zeuscapital.co.uk/,"Stock Exchange Tower, 125 Old Broad St, London EC2N 1AR, UK",EC2N 1AR,Borough Academy,27,,,,,"Hi {First} - I'm Brian from FC Urban. We run social football at Borough Academy, a 27-min walk from Zeus. Looking for someone inside the team up for starting an after-work game - we handle pitch, payments and organising. Open to a quick chat?",242,"Thanks for connecting, {First}.

Quick one - we run social football games at Borough Academy, about 27 minutes' walk from your office. A few City firms use them as an easy after-work thing for colleagues: we sort the pitch, the payments and the organising, and can top the group up with our own players if numbers are short.

Is there someone at Zeus who looks after wellbeing or staff socials I should be speaking to? Happy to be pointed elsewhere.

Brian
FC Urban",After-work football near Zeus,"Hi {First},

I'm Brian from FC Urban - we organise social football games across London where people just turn up and play.

We run games at Borough Academy, a 27-minute walk from your office. We're looking for someone at Zeus who'd enjoy helping get a regular after-work game going for colleagues. We take care of the pitch, the payments and the organising, and top the group up with our own players if numbers are short - so it needs one person internally who likes football, not an organiser.

Would you be the right person, or could you point me to whoever looks after wellbeing or staff socials?

Brian
FC Urban",,,,
