Business,Email,Email type,Phone (international),Website,Industry,Address,Postcode,City,Currently tagged venue,Walk to tagged venue (min),Tagged venue: booking status,Tagged venue: open after-work slots,Tagged venue: earliest slot,Haggerston Park: status,Best bookable alternatives nearby
City Realtor,sales@cityrealtor.co.uk,commercial,+44 20 7790 7702,https://www.cityrealtor.co.uk/,estate_agent,"52 Cannon Street Road, London",E1 0BH,London,Whitechapel,6,Contact required,Contact required: 020 7790 3854,,Contact required: 020 8986 7955 (Mon-Fri 09:00-15:30) / hackney.marshes@gll.org. Playfinder shows fully booked,COLA Shoreditch Park: Tue 29 Sep 17:30 (£91) · 5-a-side · ~£9.10 per player at cost; Old St - Moreland Primary School: Fri 2 Oct 20:00 (£90) · 6-a-side · ~£7.50 per player at cost; Shoreditch Rooftop: Mon 28 Sep 18:00 (£72) · 5-a-side · ~£7.22 per player at cost; Stepney 3G: Mon 28 Sep 17:30 (£3/pp) · 5-a-side · ~£3.00 per player at cost
Cable Street Inn,info@cablestreetinn.co.uk,openstreetmap_tag,+44 20 7790 4019,https://www.cablestreetinn.co.uk/,tourism: guest house,"Cable Street 232, London",E1 0BL,London,Whitechapel,6,Contact required,Contact required: 020 7790 3854,,Contact required: 020 8986 7955 (Mon-Fri 09:00-15:30) / hackney.marshes@gll.org. Playfinder shows fully booked,COLA Shoreditch Park: Tue 29 Sep 17:30 (£91) · 5-a-side · ~£9.10 per player at cost; Old St - Moreland Primary School: Fri 2 Oct 20:00 (£90) · 6-a-side · ~£7.50 per player at cost; Shoreditch Rooftop: Mon 28 Sep 18:00 (£72) · 5-a-side · ~£7.22 per player at cost; Stepney 3G: Mon 28 Sep 17:30 (£3/pp) · 5-a-side · ~£3.00 per player at cost
Troxy,hello@troxy.co.uk,general,+44 20 7790 9000,https://troxy.co.uk/,amenity: nightclub,"Commercial Road 490, London",E1 0HX,London,Stepney 3G,20,Available,Mon 28 Sep 17:30 (£3/pp); Mon 28 Sep 18:30 (£5/pp); Mon 28 Sep 19:30 (£5/pp); Mon 28 Sep 20:30 (£5/pp); Tue 29 Sep 17:30 (£3/pp); Tue 29 Sep 18:30 (£5/pp); +26 more,Mon 28 Sep 17:30 (£3/pp) · 5-a-side · ~£3.00 per player at cost,Contact required: 020 8986 7955 (Mon-Fri 09:00-15:30) / hackney.marshes@gll.org. Playfinder shows fully booked,
HSR Solicitors,info@hsrsolicitors.com,general,+44 20 7791 1111,http://www.hsrsolicitors.com/,lawyer,"526 Commercial Rd, London E1 0HY, UK",E1 0HY,London,Whitechapel,18,Contact required,Contact required: 020 7790 3854,,Contact required: 020 8986 7955 (Mon-Fri 09:00-15:30) / hackney.marshes@gll.org. Playfinder shows fully booked,COLA Shoreditch Park: Tue 29 Sep 17:30 (£91) · 5-a-side · ~£9.10 per player at cost; Old St - Moreland Primary School: Fri 2 Oct 20:00 (£90) · 6-a-side · ~£7.50 per player at cost; Shoreditch Rooftop: Mon 28 Sep 18:00 (£72) · 5-a-side · ~£7.22 per player at cost; Stepney 3G: Mon 28 Sep 17:30 (£3/pp) · 5-a-side · ~£3.00 per player at cost
IBW Solicitors,info@ibwsolicitors.co.uk,general,+44 20 3500 4594,http://www.ibwsolicitors.co.uk/,lawyer,"51 Caroline St, London E1 0JG, UK",E1 0JG,London,Whitechapel,18,Contact required,Contact required: 020 7790 3854,,Contact required: 020 8986 7955 (Mon-Fri 09:00-15:30) / hackney.marshes@gll.org. Playfinder shows fully booked,COLA Shoreditch Park: Tue 29 Sep 17:30 (£91) · 5-a-side · ~£9.10 per player at cost; Old St - Moreland Primary School: Fri 2 Oct 20:00 (£90) · 6-a-side · ~£7.50 per player at cost; Shoreditch Rooftop: Mon 28 Sep 18:00 (£72) · 5-a-side · ~£7.22 per player at cost; Stepney 3G: Mon 28 Sep 17:30 (£3/pp) · 5-a-side · ~£3.00 per player at cost
The George Tavern,georgetavernbookings@gmail.com,freemail,+44 20 7790 7335,https://thegeorgetavern.london/,amenity: pub,"Commercial Road 373, London",E1 0LA,London,Stepney 3G,17,Available,Mon 28 Sep 17:30 (£3/pp); Mon 28 Sep 18:30 (£5/pp); Mon 28 Sep 19:30 (£5/pp); Mon 28 Sep 20:30 (£5/pp); Tue 29 Sep 17:30 (£3/pp); Tue 29 Sep 18:30 (£5/pp); +26 more,Mon 28 Sep 17:30 (£3/pp) · 5-a-side · ~£3.00 per player at cost,Contact required: 020 8986 7955 (Mon-Fri 09:00-15:30) / hackney.marshes@gll.org. Playfinder shows fully booked,
Marion Richardson Primary School,admin@marionrichardson.towerhamlets.sch.uk,general,+44 20 7790 1441,https://www.marionrichardson.towerhamlets.sch.uk/,amenity: school,"Senrab Street, London",E1 0QF,London,Stepney 3G,18,Available,Mon 28 Sep 17:30 (£3/pp); Mon 28 Sep 18:30 (£5/pp); Mon 28 Sep 19:30 (£5/pp); Mon 28 Sep 20:30 (£5/pp); Tue 29 Sep 17:30 (£3/pp); Tue 29 Sep 18:30 (£5/pp); +26 more,Mon 28 Sep 17:30 (£3/pp) · 5-a-side · ~£3.00 per player at cost,Contact required: 020 8986 7955 (Mon-Fri 09:00-15:30) / hackney.marshes@gll.org. Playfinder shows fully booked,
Stepney All Saints Church of England Secondary School,info@stepneyallsaints.school,general,+44 20 7790 6712,https://stepneyallsaints.school/,amenity: school,"Stepney Way, London",E1 0RH,London,Stepney 3G,14,Available,Mon 28 Sep 17:30 (£3/pp); Mon 28 Sep 18:30 (£5/pp); Mon 28 Sep 19:30 (£5/pp); Mon 28 Sep 20:30 (£5/pp); Tue 29 Sep 17:30 (£3/pp); Tue 29 Sep 18:30 (£5/pp); +26 more,Mon 28 Sep 17:30 (£3/pp) · 5-a-side · ~£3.00 per player at cost,Contact required: 020 8986 7955 (Mon-Fri 09:00-15:30) / hackney.marshes@gll.org. Playfinder shows fully booked,
Aurex Accountants Ltd,operations@aurexaccountants.co.uk,person_or_other,+44 20 3051 7112,http://aurexaccountants.co.uk/,finance,"5 Brayford Sq, Stepney Green, London E1 0SG, UK",E1 0SG,London,Whitechapel,9,Contact required,Contact required: 020 7790 3854,,Contact required: 020 8986 7955 (Mon-Fri 09:00-15:30) / hackney.marshes@gll.org. Playfinder shows fully booked,COLA Shoreditch Park: Tue 29 Sep 17:30 (£91) · 5-a-side · ~£9.10 per player at cost; Old St - Moreland Primary School: Fri 2 Oct 20:00 (£90) · 6-a-side · ~£7.50 per player at cost; Shoreditch Rooftop: Mon 28 Sep 18:00 (£72) · 5-a-side · ~£7.22 per player at cost; Stepney 3G: Mon 28 Sep 17:30 (£3/pp) · 5-a-side · ~£3.00 per player at cost
Fenn Digital - Website Designer in London,info@fenn.digital,general,+44 7882 962776,https://fenn.digital/,service,"5 Brayford Sq, Stepney Green, London E1 0SG, UK",E1 0SG,London,Whitechapel,9,Contact required,Contact required: 020 7790 3854,,Contact required: 020 8986 7955 (Mon-Fri 09:00-15:30) / hackney.marshes@gll.org. Playfinder shows fully booked,COLA Shoreditch Park: Tue 29 Sep 17:30 (£91) · 5-a-side · ~£9.10 per player at cost; Old St - Moreland Primary School: Fri 2 Oct 20:00 (£90) · 6-a-side · ~£7.50 per player at cost; Shoreditch Rooftop: Mon 28 Sep 18:00 (£72) · 5-a-side · ~£7.22 per player at cost; Stepney 3G: Mon 28 Sep 17:30 (£3/pp) · 5-a-side · ~£3.00 per player at cost
MNG Accountants Ltd,accountants@mngaccountants.uk,person_or_other,+44 7414 144486,https://mngaccountants.uk/,finance,"5 Brayford Sq, Stepney Green, London E1 0SG, UK",E1 0SG,London,Whitechapel,9,Contact required,Contact required: 020 7790 3854,,Contact required: 020 8986 7955 (Mon-Fri 09:00-15:30) / hackney.marshes@gll.org. Playfinder shows fully booked,COLA Shoreditch Park: Tue 29 Sep 17:30 (£91) · 5-a-side · ~£9.10 per player at cost; Old St - Moreland Primary School: Fri 2 Oct 20:00 (£90) · 6-a-side · ~£7.50 per player at cost; Shoreditch Rooftop: Mon 28 Sep 18:00 (£72) · 5-a-side · ~£7.22 per player at cost; Stepney 3G: Mon 28 Sep 17:30 (£3/pp) · 5-a-side · ~£3.00 per player at cost
Resolution Finance,gurv@resolutionfs.co.uk,person_or_other,+44 7377 910647,https://resolutionfs.co.uk/,finance,"5 Brayford Sq, Stepney Green, London E1 0SG, UK",E1 0SG,London,Whitechapel,9,Contact required,Contact required: 020 7790 3854,,Contact required: 020 8986 7955 (Mon-Fri 09:00-15:30) / hackney.marshes@gll.org. Playfinder shows fully booked,COLA Shoreditch Park: Tue 29 Sep 17:30 (£91) · 5-a-side · ~£9.10 per player at cost; Old St - Moreland Primary School: Fri 2 Oct 20:00 (£90) · 6-a-side · ~£7.50 per player at cost; Shoreditch Rooftop: Mon 28 Sep 18:00 (£72) · 5-a-side · ~£7.22 per player at cost; Stepney 3G: Mon 28 Sep 17:30 (£3/pp) · 5-a-side · ~£3.00 per player at cost
UltraScout AI,aeo@ultrascout.ai,person_or_other,,https://www.ultrascout.ai/,consultant,"5 Brayford Sq, Stepney Green, London E1 0SG, UK",E1 0SG,London,Whitechapel,9,Contact required,Contact required: 020 7790 3854,,Contact required: 020 8986 7955 (Mon-Fri 09:00-15:30) / hackney.marshes@gll.org. Playfinder shows fully booked,COLA Shoreditch Park: Tue 29 Sep 17:30 (£91) · 5-a-side · ~£9.10 per player at cost; Old St - Moreland Primary School: Fri 2 Oct 20:00 (£90) · 6-a-side · ~£7.50 per player at cost; Shoreditch Rooftop: Mon 28 Sep 18:00 (£72) · 5-a-side · ~£7.22 per player at cost; Stepney 3G: Mon 28 Sep 17:30 (£3/pp) · 5-a-side · ~£3.00 per player at cost
Acorn Homecover Ltd,info@acornhomecover.co.uk,general,+44 29 2297 2600,https://acornhomecover.co.uk/,insurance_agency,"5 Brayford Sq, Stepney Green, London E1 0SG, UK",E1 0SG,London,Whitechapel,10,Contact required,Contact required: 020 7790 3854,,Contact required: 020 8986 7955 (Mon-Fri 09:00-15:30) / hackney.marshes@gll.org. Playfinder shows fully booked,COLA Shoreditch Park: Tue 29 Sep 17:30 (£91) · 5-a-side · ~£9.10 per player at cost; Old St - Moreland Primary School: Fri 2 Oct 20:00 (£90) · 6-a-side · ~£7.50 per player at cost; Shoreditch Rooftop: Mon 28 Sep 18:00 (£72) · 5-a-side · ~£7.22 per player at cost; Stepney 3G: Mon 28 Sep 17:30 (£3/pp) · 5-a-side · ~£3.00 per player at cost
LM Companion,team@lmcompanion.com,general,+44 20 7965 7543,https://lmcompanion.com/,service,"5 Brayford Sq, Stepney Green, London E1 0SG, UK",E1 0SG,London,Whitechapel,10,Contact required,Contact required: 020 7790 3854,,Contact required: 020 8986 7955 (Mon-Fri 09:00-15:30) / hackney.marshes@gll.org. Playfinder shows fully booked,COLA Shoreditch Park: Tue 29 Sep 17:30 (£91) · 5-a-side · ~£9.10 per player at cost; Old St - Moreland Primary School: Fri 2 Oct 20:00 (£90) · 6-a-side · ~£7.50 per player at cost; Shoreditch Rooftop: Mon 28 Sep 18:00 (£72) · 5-a-side · ~£7.22 per player at cost; Stepney 3G: Mon 28 Sep 17:30 (£3/pp) · 5-a-side · ~£3.00 per player at cost
SimplyExcess,info@simplyexcess.com,general,,https://simplyexcess.com/?utm_source=google&utm_medium=local&utm_campaign=1&utm_content=primary,insurance_agency,"5 Brayford Sq, Stepney Green, London E1 0SG, UK",E1 0SG,London,Whitechapel,10,Contact required,Contact required: 020 7790 3854,,Contact required: 020 8986 7955 (Mon-Fri 09:00-15:30) / hackney.marshes@gll.org. Playfinder shows fully booked,COLA Shoreditch Park: Tue 29 Sep 17:30 (£91) · 5-a-side · ~£9.10 per player at cost; Old St - Moreland Primary School: Fri 2 Oct 20:00 (£90) · 6-a-side · ~£7.50 per player at cost; Shoreditch Rooftop: Mon 28 Sep 18:00 (£72) · 5-a-side · ~£7.22 per player at cost; Stepney 3G: Mon 28 Sep 17:30 (£3/pp) · 5-a-side · ~£3.00 per player at cost
ADHD Clinic,sarah@adhd-clinic.co.uk,person_or_other,+44 7397 515069,https://adhd-clinic.co.uk/,amenity: clinic,"Brayford Square 5-8, London",E1 0SG,London,Stepney 3G,16,Available,Mon 28 Sep 17:30 (£3/pp); Mon 28 Sep 18:30 (£5/pp); Mon 28 Sep 19:30 (£5/pp); Mon 28 Sep 20:30 (£5/pp); Tue 29 Sep 17:30 (£3/pp); Tue 29 Sep 18:30 (£5/pp); +26 more,Mon 28 Sep 17:30 (£3/pp) · 5-a-side · ~£3.00 per player at cost,Contact required: 020 8986 7955 (Mon-Fri 09:00-15:30) / hackney.marshes@gll.org. Playfinder shows fully booked,
Visas International,info@visasint.com,general,+44 20 3603 1135,https://visasint.com,company,"19 Plumbers Row, London",E1 1AE,London,Whitechapel,8,Contact required,Contact required: 020 7790 3854,,Contact required: 020 8986 7955 (Mon-Fri 09:00-15:30) / hackney.marshes@gll.org. Playfinder shows fully booked,COLA Shoreditch Park: Tue 29 Sep 17:30 (£91) · 5-a-side · ~£9.10 per player at cost; Old St - Moreland Primary School: Fri 2 Oct 20:00 (£90) · 6-a-side · ~£7.50 per player at cost; Shoreditch Rooftop: Mon 28 Sep 18:00 (£72) · 5-a-side · ~£7.22 per player at cost; Stepney 3G: Mon 28 Sep 17:30 (£3/pp) · 5-a-side · ~£3.00 per player at cost
Buzzard Overseas Education Consultancy PVT LTD,info@buzzardoverseas.com,general,+44 7552 601398,http://www.buzzardoverseas.com/,consultant,"Whitechapel Rd, London E1 1DT, UK",E1 1DT,London,Whitechapel,12,Contact required,Contact required: 020 7790 3854,,Contact required: 020 8986 7955 (Mon-Fri 09:00-15:30) / hackney.marshes@gll.org. Playfinder shows fully booked,COLA Shoreditch Park: Tue 29 Sep 17:30 (£91) · 5-a-side · ~£9.10 per player at cost; Old St - Moreland Primary School: Fri 2 Oct 20:00 (£90) · 6-a-side · ~£7.50 per player at cost; Shoreditch Rooftop: Mon 28 Sep 18:00 (£72) · 5-a-side · ~£7.22 per player at cost; Stepney 3G: Mon 28 Sep 17:30 (£3/pp) · 5-a-side · ~£3.00 per player at cost
Legit Solicitors,info@legitsolicitors.com,general,+44 20 8004 4424,https://www.legitsolicitors.com/,consultant,"Unit 3.21 East, Works, 75 Whitechapel Rd, London E1 1DU, UK",E1 1DU,London,Whitechapel,10,Contact required,Contact required: 020 7790 3854,,Contact required: 020 8986 7955 (Mon-Fri 09:00-15:30) / hackney.marshes@gll.org. Playfinder shows fully booked,COLA Shoreditch Park: Tue 29 Sep 17:30 (£91) · 5-a-side · ~£9.10 per player at cost; Old St - Moreland Primary School: Fri 2 Oct 20:00 (£90) · 6-a-side · ~£7.50 per player at cost; Shoreditch Rooftop: Mon 28 Sep 18:00 (£72) · 5-a-side · ~£7.22 per player at cost; Stepney 3G: Mon 28 Sep 17:30 (£3/pp) · 5-a-side · ~£3.00 per player at cost
Sunnamusk,online@sunnamusk.com,person_or_other,,https://sunnamusk.com/,office building (multi-tenant),"75 Whitechapel Road, London",E1 1DU,London,Whitechapel,10,Contact required,Contact required: 020 7790 3854,,Contact required: 020 8986 7955 (Mon-Fri 09:00-15:30) / hackney.marshes@gll.org. Playfinder shows fully booked,COLA Shoreditch Park: Tue 29 Sep 17:30 (£91) · 5-a-side · ~£9.10 per player at cost; Old St - Moreland Primary School: Fri 2 Oct 20:00 (£90) · 6-a-side · ~£7.50 per player at cost; Shoreditch Rooftop: Mon 28 Sep 18:00 (£72) · 5-a-side · ~£7.22 per player at cost; Stepney 3G: Mon 28 Sep 17:30 (£3/pp) · 5-a-side · ~£3.00 per player at cost
21Studio Photolab,info@21studiophotolab.co.uk,general,+44 20 3417 5858,https://21studiophotolab.co.uk/,shop: photo,"Whitechapel Road 21, London",E1 1DU,London,Whitechapel,11,Contact required,Contact required: 020 7790 3854,,Contact required: 020 8986 7955 (Mon-Fri 09:00-15:30) / hackney.marshes@gll.org. Playfinder shows fully booked,COLA Shoreditch Park: Tue 29 Sep 17:30 (£91) · 5-a-side · ~£9.10 per player at cost; Old St - Moreland Primary School: Fri 2 Oct 20:00 (£90) · 6-a-side · ~£7.50 per player at cost; Shoreditch Rooftop: Mon 28 Sep 18:00 (£72) · 5-a-side · ~£7.22 per player at cost; Stepney 3G: Mon 28 Sep 17:30 (£3/pp) · 5-a-side · ~£3.00 per player at cost
Hyatt Place London City East,hyattlce.info@hyatt.com,openstreetmap_tag,+44 20 8159 1234,https://www.hyatt.com/en-US/hotel/united-kingdom/hyatt-place-london-city-east/lhrzc,office building (multi-tenant),"45 Whitechapel Road, London",E1 1DU,London,Whitechapel,11,Contact required,Contact required: 020 7790 3854,,Contact required: 020 8986 7955 (Mon-Fri 09:00-15:30) / hackney.marshes@gll.org. Playfinder shows fully booked,COLA Shoreditch Park: Tue 29 Sep 17:30 (£91) · 5-a-side · ~£9.10 per player at cost; Old St - Moreland Primary School: Fri 2 Oct 20:00 (£90) · 6-a-side · ~£7.50 per player at cost; Shoreditch Rooftop: Mon 28 Sep 18:00 (£72) · 5-a-side · ~£7.22 per player at cost; Stepney 3G: Mon 28 Sep 17:30 (£3/pp) · 5-a-side · ~£3.00 per player at cost
BWBS Education Consultants,admission@bwbsedu.com,person_or_other,+44 20 7476 7066,http://www.bwbsedu.com/,consultant,"Unit- 105, E1 Studios, 7 Whitechapel Rd, London E1 1DU, UK",E1 1DU,London,Whitechapel,12,Contact required,Contact required: 020 7790 3854,,Contact required: 020 8986 7955 (Mon-Fri 09:00-15:30) / hackney.marshes@gll.org. Playfinder shows fully booked,COLA Shoreditch Park: Tue 29 Sep 17:30 (£91) · 5-a-side · ~£9.10 per player at cost; Old St - Moreland Primary School: Fri 2 Oct 20:00 (£90) · 6-a-side · ~£7.50 per player at cost; Shoreditch Rooftop: Mon 28 Sep 18:00 (£72) · 5-a-side · ~£7.22 per player at cost; Stepney 3G: Mon 28 Sep 17:30 (£3/pp) · 5-a-side · ~£3.00 per player at cost
Circle & Slice,pixxawr@mypixxa.com,openstreetmap_tag,+44 7468 424328,https://www.mypixxa.com/,amenity: restaurant,"Whitechapel Road 11, London",E1 1DU,London,Whitechapel,12,Contact required,Contact required: 020 7790 3854,,Contact required: 020 8986 7955 (Mon-Fri 09:00-15:30) / hackney.marshes@gll.org. Playfinder shows fully booked,COLA Shoreditch Park: Tue 29 Sep 17:30 (£91) · 5-a-side · ~£9.10 per player at cost; Old St - Moreland Primary School: Fri 2 Oct 20:00 (£90) · 6-a-side · ~£7.50 per player at cost; Shoreditch Rooftop: Mon 28 Sep 18:00 (£72) · 5-a-side · ~£7.22 per player at cost; Stepney 3G: Mon 28 Sep 17:30 (£3/pp) · 5-a-side · ~£3.00 per player at cost
Complex Creative,hello@n0bsagency.com,general,+44 333 011 9628,https://wearecomplexcreative.com/,service,"3.01, E1 Studios, 7 Whitechapel Rd, London E1 1DU, UK",E1 1DU,London,Whitechapel,12,Contact required,Contact required: 020 7790 3854,,Contact required: 020 8986 7955 (Mon-Fri 09:00-15:30) / hackney.marshes@gll.org. Playfinder shows fully booked,COLA Shoreditch Park: Tue 29 Sep 17:30 (£91) · 5-a-side · ~£9.10 per player at cost; Old St - Moreland Primary School: Fri 2 Oct 20:00 (£90) · 6-a-side · ~£7.50 per player at cost; Shoreditch Rooftop: Mon 28 Sep 18:00 (£72) · 5-a-side · ~£7.22 per player at cost; Stepney 3G: Mon 28 Sep 17:30 (£3/pp) · 5-a-side · ~£3.00 per player at cost
"The Corner Hotel, London City",reception@thecornerlondoncity.co.uk,openstreetmap_tag,+44 20 3021 1440,https://www.thecornerlondoncity.co.uk,tourism: hotel,"Adler Street 42, London",E1 1EE,London,Whitechapel,9,Contact required,Contact required: 020 7790 3854,,Contact required: 020 8986 7955 (Mon-Fri 09:00-15:30) / hackney.marshes@gll.org. Playfinder shows fully booked,COLA Shoreditch Park: Tue 29 Sep 17:30 (£91) · 5-a-side · ~£9.10 per player at cost; Old St - Moreland Primary School: Fri 2 Oct 20:00 (£90) · 6-a-side · ~£7.50 per player at cost; Shoreditch Rooftop: Mon 28 Sep 18:00 (£72) · 5-a-side · ~£7.22 per player at cost; Stepney 3G: Mon 28 Sep 17:30 (£3/pp) · 5-a-side · ~£3.00 per player at cost
Westferry Tech | Website Development Company | Software Development Company | Mobile App Development Company in London UK,info@westferrytech.com,general,+44 7950 782569,https://www.westferrytech.com/,service,"Unit19, 1-13 Adler St, London E1 1EG, UK",E1 1EG,London,Whitechapel,9,Contact required,Contact required: 020 7790 3854,,Contact required: 020 8986 7955 (Mon-Fri 09:00-15:30) / hackney.marshes@gll.org. Playfinder shows fully booked,COLA Shoreditch Park: Tue 29 Sep 17:30 (£91) · 5-a-side · ~£9.10 per player at cost; Old St - Moreland Primary School: Fri 2 Oct 20:00 (£90) · 6-a-side · ~£7.50 per player at cost; Shoreditch Rooftop: Mon 28 Sep 18:00 (£72) · 5-a-side · ~£7.22 per player at cost; Stepney 3G: Mon 28 Sep 17:30 (£3/pp) · 5-a-side · ~£3.00 per player at cost
Wynfrid House,mail@wynfridhouse.com,openstreetmap_tag,+44 20 7247 6110,https://wynfridhouse.com/,tourism: hostel,"Mulberry Street 20, London",E1 1EH,London,Whitechapel,9,Contact required,Contact required: 020 7790 3854,,Contact required: 020 8986 7955 (Mon-Fri 09:00-15:30) / hackney.marshes@gll.org. Playfinder shows fully booked,COLA Shoreditch Park: Tue 29 Sep 17:30 (£91) · 5-a-side · ~£9.10 per player at cost; Old St - Moreland Primary School: Fri 2 Oct 20:00 (£90) · 6-a-side · ~£7.50 per player at cost; Shoreditch Rooftop: Mon 28 Sep 18:00 (£72) · 5-a-side · ~£7.22 per player at cost; Stepney 3G: Mon 28 Sep 17:30 (£3/pp) · 5-a-side · ~£3.00 per player at cost
Ebrahim College,info@ebrahimcollege.org.uk,openstreetmap_tag,+44 20 7377 6677,https://ebrahimcollege.org.uk,amenity: college,"Greenfield Road 80, London",E1 1EJ,London,Whitechapel,7,Contact required,Contact required: 020 7790 3854,,Contact required: 020 8986 7955 (Mon-Fri 09:00-15:30) / hackney.marshes@gll.org. Playfinder shows fully booked,COLA Shoreditch Park: Tue 29 Sep 17:30 (£91) · 5-a-side · ~£9.10 per player at cost; Old St - Moreland Primary School: Fri 2 Oct 20:00 (£90) · 6-a-side · ~£7.50 per player at cost; Shoreditch Rooftop: Mon 28 Sep 18:00 (£72) · 5-a-side · ~£7.22 per player at cost; Stepney 3G: Mon 28 Sep 17:30 (£3/pp) · 5-a-side · ~£3.00 per player at cost
Capstone Accountants,info@capstoneaccountants.co.uk,general,+44 20 7247 0743,http://www.capstoneaccountants.co.uk/,finance,"93, 101 Greenfield Rd, London E1 1EJ, UK",E1 1EJ,London,Whitechapel,8,Contact required,Contact required: 020 7790 3854,,Contact required: 020 8986 7955 (Mon-Fri 09:00-15:30) / hackney.marshes@gll.org. Playfinder shows fully booked,COLA Shoreditch Park: Tue 29 Sep 17:30 (£91) · 5-a-side · ~£9.10 per player at cost; Old St - Moreland Primary School: Fri 2 Oct 20:00 (£90) · 6-a-side · ~£7.50 per player at cost; Shoreditch Rooftop: Mon 28 Sep 18:00 (£72) · 5-a-side · ~£7.22 per player at cost; Stepney 3G: Mon 28 Sep 17:30 (£3/pp) · 5-a-side · ~£3.00 per player at cost
Citygate Accountants,info@citygateaccountants.co.uk,general,+44 20 3553 1059,http://www.citygateaccountants.co.uk/,finance,"East, Business Centre, 93-101 Greenfield Rd, London E1 1EJ, UK",E1 1EJ,London,Whitechapel,8,Contact required,Contact required: 020 7790 3854,,Contact required: 020 8986 7955 (Mon-Fri 09:00-15:30) / hackney.marshes@gll.org. Playfinder shows fully booked,COLA Shoreditch Park: Tue 29 Sep 17:30 (£91) · 5-a-side · ~£9.10 per player at cost; Old St - Moreland Primary School: Fri 2 Oct 20:00 (£90) · 6-a-side · ~£7.50 per player at cost; Shoreditch Rooftop: Mon 28 Sep 18:00 (£72) · 5-a-side · ~£7.22 per player at cost; Stepney 3G: Mon 28 Sep 17:30 (£3/pp) · 5-a-side · ~£3.00 per player at cost
London Action Resource Centre,larc@riseup.net,openstreetmap_tag,+44 20 7377 9088,https://larc.space/,amenity: community centre,"Fieldgate Street 62, London",E1 1ES,London,Whitechapel,7,Contact required,Contact required: 020 7790 3854,,Contact required: 020 8986 7955 (Mon-Fri 09:00-15:30) / hackney.marshes@gll.org. Playfinder shows fully booked,COLA Shoreditch Park: Tue 29 Sep 17:30 (£91) · 5-a-side · ~£9.10 per player at cost; Old St - Moreland Primary School: Fri 2 Oct 20:00 (£90) · 6-a-side · ~£7.50 per player at cost; Shoreditch Rooftop: Mon 28 Sep 18:00 (£72) · 5-a-side · ~£7.22 per player at cost; Stepney 3G: Mon 28 Sep 17:30 (£3/pp) · 5-a-side · ~£3.00 per player at cost
Maedah Grill,info@maedahgrill.net,openstreetmap_tag,+44 20 7377 0649,https://www.maedahgrill.net/,amenity: restaurant,"Fieldgate Street 42, London",E1 1ES,London,Whitechapel,8,Contact required,Contact required: 020 7790 3854,,Contact required: 020 8986 7955 (Mon-Fri 09:00-15:30) / hackney.marshes@gll.org. Playfinder shows fully booked,COLA Shoreditch Park: Tue 29 Sep 17:30 (£91) · 5-a-side · ~£9.10 per player at cost; Old St - Moreland Primary School: Fri 2 Oct 20:00 (£90) · 6-a-side · ~£7.50 per player at cost; Shoreditch Rooftop: Mon 28 Sep 18:00 (£72) · 5-a-side · ~£7.22 per player at cost; Stepney 3G: Mon 28 Sep 17:30 (£3/pp) · 5-a-side · ~£3.00 per player at cost
The Good Marketer | Digital Marketing Agency London,info@thegoodmarketer.co.uk,general,+44 20 3576 2150,https://www.thegoodmarketer.co.uk/,service,"20-30 Whitechapel Rd, London E1 1EW, UK",E1 1EW,London,Whitechapel,10,Contact required,Contact required: 020 7790 3854,,Contact required: 020 8986 7955 (Mon-Fri 09:00-15:30) / hackney.marshes@gll.org. Playfinder shows fully booked,COLA Shoreditch Park: Tue 29 Sep 17:30 (£91) · 5-a-side · ~£9.10 per player at cost; Old St - Moreland Primary School: Fri 2 Oct 20:00 (£90) · 6-a-side · ~£7.50 per player at cost; Shoreditch Rooftop: Mon 28 Sep 18:00 (£72) · 5-a-side · ~£7.22 per player at cost; Stepney 3G: Mon 28 Sep 17:30 (£3/pp) · 5-a-side · ~£3.00 per player at cost
Four Agency Worldwide,info@four.agency,general,+44 20 3920 0555,https://four.agency/,consultant,"The Hickman Building, 2 Whitechapel Rd, London E1 1FX, UK",E1 1FX,London,Whitechapel,10,Contact required,Contact required: 020 7790 3854,,Contact required: 020 8986 7955 (Mon-Fri 09:00-15:30) / hackney.marshes@gll.org. Playfinder shows fully booked,COLA Shoreditch Park: Tue 29 Sep 17:30 (£91) · 5-a-side · ~£9.10 per player at cost; Old St - Moreland Primary School: Fri 2 Oct 20:00 (£90) · 6-a-side · ~£7.50 per player at cost; Shoreditch Rooftop: Mon 28 Sep 18:00 (£72) · 5-a-side · ~£7.22 per player at cost; Stepney 3G: Mon 28 Sep 17:30 (£3/pp) · 5-a-side · ~£3.00 per player at cost
RK Acountants Ltd,info@rkaccountants.com,general,+44 20 7375 2010,http://www.rkaccountants.com/,finance,"85 Myrdle St, London E1 1HL, UK",E1 1HL,London,Whitechapel,4,Contact required,Contact required: 020 7790 3854,,Contact required: 020 8986 7955 (Mon-Fri 09:00-15:30) / hackney.marshes@gll.org. Playfinder shows fully booked,COLA Shoreditch Park: Tue 29 Sep 17:30 (£91) · 5-a-side · ~£9.10 per player at cost; Old St - Moreland Primary School: Fri 2 Oct 20:00 (£90) · 6-a-side · ~£7.50 per player at cost; Shoreditch Rooftop: Mon 28 Sep 18:00 (£72) · 5-a-side · ~£7.22 per player at cost; Stepney 3G: Mon 28 Sep 17:30 (£3/pp) · 5-a-side · ~£3.00 per player at cost
Chancery Solicitors Ltd,info@chancery-solicitors.com,general,+44 20 7247 9338,http://www.chancery-solicitors.com/,consultant,"2nd Floor, 124 Whitechapel Rd, London E1 1JE, UK",E1 1JE,London,Whitechapel,8,Contact required,Contact required: 020 7790 3854,,Contact required: 020 8986 7955 (Mon-Fri 09:00-15:30) / hackney.marshes@gll.org. Playfinder shows fully booked,COLA Shoreditch Park: Tue 29 Sep 17:30 (£91) · 5-a-side · ~£9.10 per player at cost; Old St - Moreland Primary School: Fri 2 Oct 20:00 (£90) · 6-a-side · ~£7.50 per player at cost; Shoreditch Rooftop: Mon 28 Sep 18:00 (£72) · 5-a-side · ~£7.22 per player at cost; Stepney 3G: Mon 28 Sep 17:30 (£3/pp) · 5-a-side · ~£3.00 per player at cost
Ambala,info@ambala.co.uk,general,+44 20 7247 2042,https://www.ambalafoods.com/,craft: confectionery,"Whitechapel Road 144-146, London",E1 1JE,London,Stepney 3G,19,Available,Mon 28 Sep 17:30 (£3/pp); Mon 28 Sep 18:30 (£5/pp); Mon 28 Sep 19:30 (£5/pp); Mon 28 Sep 20:30 (£5/pp); Tue 29 Sep 17:30 (£3/pp); Tue 29 Sep 18:30 (£5/pp); +26 more,Mon 28 Sep 17:30 (£3/pp) · 5-a-side · ~£3.00 per player at cost,Contact required: 020 8986 7955 (Mon-Fri 09:00-15:30) / hackney.marshes@gll.org. Playfinder shows fully booked,
Ibis Budget London Whitechapel,hb0i5@adagio-city.com,openstreetmap_tag,+44 20 7655 4620,https://secure.accorhotels.com/store/index.html#/en/hotel?hotelCode=8033,tourism: hotel,"Whitechapel Road 100, London",E1 1JG,London,Whitechapel,8,Contact required,Contact required: 020 7790 3854,,Contact required: 020 8986 7955 (Mon-Fri 09:00-15:30) / hackney.marshes@gll.org. Playfinder shows fully booked,COLA Shoreditch Park: Tue 29 Sep 17:30 (£91) · 5-a-side · ~£9.10 per player at cost; Old St - Moreland Primary School: Fri 2 Oct 20:00 (£90) · 6-a-side · ~£7.50 per player at cost; Shoreditch Rooftop: Mon 28 Sep 18:00 (£72) · 5-a-side · ~£7.22 per player at cost; Stepney 3G: Mon 28 Sep 17:30 (£3/pp) · 5-a-side · ~£3.00 per player at cost
Kobi Nazrul Primary School,admin@kobinazrul.towerhamlets.sch.uk,general,+44 20 7375 3626,https://www.kobinazrul.towerhamlets.sch.uk/,amenity: school,"Settles Street, London",E1 1JP,London,Whitechapel,7,Contact required,Contact required: 020 7790 3854,,Contact required: 020 8986 7955 (Mon-Fri 09:00-15:30) / hackney.marshes@gll.org. Playfinder shows fully booked,COLA Shoreditch Park: Tue 29 Sep 17:30 (£91) · 5-a-side · ~£9.10 per player at cost; Old St - Moreland Primary School: Fri 2 Oct 20:00 (£90) · 6-a-side · ~£7.50 per player at cost; Shoreditch Rooftop: Mon 28 Sep 18:00 (£72) · 5-a-side · ~£7.22 per player at cost; Stepney 3G: Mon 28 Sep 17:30 (£3/pp) · 5-a-side · ~£3.00 per player at cost
Tayyabs,info@tayyabs.co.uk,openstreetmap_tag,+44 20 7247 9543,https://tayyabs.co.uk/,amenity: restaurant,"Fieldgate Street 83-89, London",E1 1JU,London,Whitechapel,7,Contact required,Contact required: 020 7790 3854,,Contact required: 020 8986 7955 (Mon-Fri 09:00-15:30) / hackney.marshes@gll.org. Playfinder shows fully booked,COLA Shoreditch Park: Tue 29 Sep 17:30 (£91) · 5-a-side · ~£9.10 per player at cost; Old St - Moreland Primary School: Fri 2 Oct 20:00 (£90) · 6-a-side · ~£7.50 per player at cost; Shoreditch Rooftop: Mon 28 Sep 18:00 (£72) · 5-a-side · ~£7.22 per player at cost; Stepney 3G: Mon 28 Sep 17:30 (£3/pp) · 5-a-side · ~£3.00 per player at cost
Tax Valley,hello@taxvalley.co.uk,general,+44 20 8221 0447,https://taxvalley.co.uk/contact-us,finance,"38-44 Whitechapel Road LMC, Business Wing, London E1 1JX, UK",E1 1JX,London,Whitechapel,9,Contact required,Contact required: 020 7790 3854,,Contact required: 020 8986 7955 (Mon-Fri 09:00-15:30) / hackney.marshes@gll.org. Playfinder shows fully booked,COLA Shoreditch Park: Tue 29 Sep 17:30 (£91) · 5-a-side · ~£9.10 per player at cost; Old St - Moreland Primary School: Fri 2 Oct 20:00 (£90) · 6-a-side · ~£7.50 per player at cost; Shoreditch Rooftop: Mon 28 Sep 18:00 (£72) · 5-a-side · ~£7.22 per player at cost; Stepney 3G: Mon 28 Sep 17:30 (£3/pp) · 5-a-side · ~£3.00 per player at cost
The Castle,thecastle44@gmail.com,openstreetmap_tag,,http://www.thecastlelondon.com/,amenity: pub,"Commercial Road 44, London",E1 1LN,London,Whitechapel,10,Contact required,Contact required: 020 7790 3854,,Contact required: 020 8986 7955 (Mon-Fri 09:00-15:30) / hackney.marshes@gll.org. Playfinder shows fully booked,COLA Shoreditch Park: Tue 29 Sep 17:30 (£91) · 5-a-side · ~£9.10 per player at cost; Old St - Moreland Primary School: Fri 2 Oct 20:00 (£90) · 6-a-side · ~£7.50 per player at cost; Shoreditch Rooftop: Mon 28 Sep 18:00 (£72) · 5-a-side · ~£7.22 per player at cost; Stepney 3G: Mon 28 Sep 17:30 (£3/pp) · 5-a-side · ~£3.00 per player at cost
Techspace Commercial Road,hello@techspace.co,general,+44 20 3355 9735,https://www.techspace.co/locations/whitechapel,coworking_space,"38-40 Commercial Rd, London E1 1LN, UK",E1 1LN,London,Whitechapel,11,Contact required,Contact required: 020 7790 3854,,Contact required: 020 8986 7955 (Mon-Fri 09:00-15:30) / hackney.marshes@gll.org. Playfinder shows fully booked,COLA Shoreditch Park: Tue 29 Sep 17:30 (£91) · 5-a-side · ~£9.10 per player at cost; Old St - Moreland Primary School: Fri 2 Oct 20:00 (£90) · 6-a-side · ~£7.50 per player at cost; Shoreditch Rooftop: Mon 28 Sep 18:00 (£72) · 5-a-side · ~£7.22 per player at cost; Stepney 3G: Mon 28 Sep 17:30 (£3/pp) · 5-a-side · ~£3.00 per player at cost
AMIGOS burgers and shakes,info@amigosburgersandshakes.com,general,+44 20 7709 0144,https://www.amigosburgersandshakes.com/,amenity: fast food,"Commercial Road 156, London",E1 1NL,London,Whitechapel,3,Contact required,Contact required: 020 7790 3854,,Contact required: 020 8986 7955 (Mon-Fri 09:00-15:30) / hackney.marshes@gll.org. Playfinder shows fully booked,COLA Shoreditch Park: Tue 29 Sep 17:30 (£91) · 5-a-side · ~£9.10 per player at cost; Old St - Moreland Primary School: Fri 2 Oct 20:00 (£90) · 6-a-side · ~£7.50 per player at cost; Shoreditch Rooftop: Mon 28 Sep 18:00 (£72) · 5-a-side · ~£7.22 per player at cost; Stepney 3G: Mon 28 Sep 17:30 (£3/pp) · 5-a-side · ~£3.00 per player at cost
Browncross Healthcare Ltd,admin@browncrosshealthcare.com,general,,https://www.browncrosshealthcare.com/,agency,"120A Commercial Road, London",E1 1NL,London,Whitechapel,5,Contact required,Contact required: 020 7790 3854,,Contact required: 020 8986 7955 (Mon-Fri 09:00-15:30) / hackney.marshes@gll.org. Playfinder shows fully booked,COLA Shoreditch Park: Tue 29 Sep 17:30 (£91) · 5-a-side · ~£9.10 per player at cost; Old St - Moreland Primary School: Fri 2 Oct 20:00 (£90) · 6-a-side · ~£7.50 per player at cost; Shoreditch Rooftop: Mon 28 Sep 18:00 (£72) · 5-a-side · ~£7.22 per player at cost; Stepney 3G: Mon 28 Sep 17:30 (£3/pp) · 5-a-side · ~£3.00 per player at cost
MMA LDN,info@mmaldn.co.uk,general,,https://mmaldn.co.uk/,leisure: fitness centre,"Commercial Road 88, London",E1 1NU,London,Whitechapel,7,Contact required,Contact required: 020 7790 3854,,Contact required: 020 8986 7955 (Mon-Fri 09:00-15:30) / hackney.marshes@gll.org. Playfinder shows fully booked,COLA Shoreditch Park: Tue 29 Sep 17:30 (£91) · 5-a-side · ~£9.10 per player at cost; Old St - Moreland Primary School: Fri 2 Oct 20:00 (£90) · 6-a-side · ~£7.50 per player at cost; Shoreditch Rooftop: Mon 28 Sep 18:00 (£72) · 5-a-side · ~£7.22 per player at cost; Stepney 3G: Mon 28 Sep 17:30 (£3/pp) · 5-a-side · ~£3.00 per player at cost
S N R Chartered Accountants,info@snraccountants.co.uk,general,+44 20 7375 1966,http://snraccountants.co.uk/,finance,"101 Commercial Rd, London E1 1RD, UK",E1 1RD,London,Whitechapel,5,Contact required,Contact required: 020 7790 3854,,Contact required: 020 8986 7955 (Mon-Fri 09:00-15:30) / hackney.marshes@gll.org. Playfinder shows fully booked,COLA Shoreditch Park: Tue 29 Sep 17:30 (£91) · 5-a-side · ~£9.10 per player at cost; Old St - Moreland Primary School: Fri 2 Oct 20:00 (£90) · 6-a-side · ~£7.50 per player at cost; Shoreditch Rooftop: Mon 28 Sep 18:00 (£72) · 5-a-side · ~£7.22 per player at cost; Stepney 3G: Mon 28 Sep 17:30 (£3/pp) · 5-a-side · ~£3.00 per player at cost
London Enterprise Academy,info@londonenterpriseacademy.org,general,+44 20 7426 0746,https://www.londonenterpriseacademy.org/,amenity: school,"Commercial Road 81-91, London",E1 1RD,London,Whitechapel,6,Contact required,Contact required: 020 7790 3854,,Contact required: 020 8986 7955 (Mon-Fri 09:00-15:30) / hackney.marshes@gll.org. Playfinder shows fully booked,COLA Shoreditch Park: Tue 29 Sep 17:30 (£91) · 5-a-side · ~£9.10 per player at cost; Old St - Moreland Primary School: Fri 2 Oct 20:00 (£90) · 6-a-side · ~£7.50 per player at cost; Shoreditch Rooftop: Mon 28 Sep 18:00 (£72) · 5-a-side · ~£7.22 per player at cost; Stepney 3G: Mon 28 Sep 17:30 (£3/pp) · 5-a-side · ~£3.00 per player at cost
S-Ponder,hello@s-ponder.com,general,,https://www.s-ponder.com/,shop: clothes,"Batty Street 2a, London",E1 1RH,London,Whitechapel,6,Contact required,Contact required: 020 7790 3854,,Contact required: 020 8986 7955 (Mon-Fri 09:00-15:30) / hackney.marshes@gll.org. Playfinder shows fully booked,COLA Shoreditch Park: Tue 29 Sep 17:30 (£91) · 5-a-side · ~£9.10 per player at cost; Old St - Moreland Primary School: Fri 2 Oct 20:00 (£90) · 6-a-side · ~£7.50 per player at cost; Shoreditch Rooftop: Mon 28 Sep 18:00 (£72) · 5-a-side · ~£7.22 per player at cost; Stepney 3G: Mon 28 Sep 17:30 (£3/pp) · 5-a-side · ~£3.00 per player at cost
OMG Education,info@omg.school,general,,https://www.omg.school/,amenity: school,"Pinchin Street 4, London",E1 1SA,London,Whitechapel,8,Contact required,Contact required: 020 7790 3854,,Contact required: 020 8986 7955 (Mon-Fri 09:00-15:30) / hackney.marshes@gll.org. Playfinder shows fully booked,COLA Shoreditch Park: Tue 29 Sep 17:30 (£91) · 5-a-side · ~£9.10 per player at cost; Old St - Moreland Primary School: Fri 2 Oct 20:00 (£90) · 6-a-side · ~£7.50 per player at cost; Shoreditch Rooftop: Mon 28 Sep 18:00 (£72) · 5-a-side · ~£7.22 per player at cost; Stepney 3G: Mon 28 Sep 17:30 (£3/pp) · 5-a-side · ~£3.00 per player at cost
The Griff Inn Bar & Kitchen,su-griffin.inn@qmul.ac.uk,openstreetmap_tag,+44 20 7882 8686,https://www.qmsu.org/griffinn/,amenity: pub,"Newark Street, London",E1 2AT,London,Stepney 3G,18,Available,Mon 28 Sep 17:30 (£3/pp); Mon 28 Sep 18:30 (£5/pp); Mon 28 Sep 19:30 (£5/pp); Mon 28 Sep 20:30 (£5/pp); Tue 29 Sep 17:30 (£3/pp); Tue 29 Sep 18:30 (£5/pp); +26 more,Mon 28 Sep 17:30 (£3/pp) · 5-a-side · ~£3.00 per player at cost,Contact required: 020 8986 7955 (Mon-Fri 09:00-15:30) / hackney.marshes@gll.org. Playfinder shows fully booked,
Ashraf and Co,info@ashrafandco.co.uk,general,+44 20 3633 4127,https://ashrafandco.co.uk/,finance,"80A Ashfield St, London E1 2BJ, UK",E1 2BJ,London,Whitechapel,5,Contact required,Contact required: 020 7790 3854,,Contact required: 020 8986 7955 (Mon-Fri 09:00-15:30) / hackney.marshes@gll.org. Playfinder shows fully booked,COLA Shoreditch Park: Tue 29 Sep 17:30 (£91) · 5-a-side · ~£9.10 per player at cost; Old St - Moreland Primary School: Fri 2 Oct 20:00 (£90) · 6-a-side · ~£7.50 per player at cost; Shoreditch Rooftop: Mon 28 Sep 18:00 (£72) · 5-a-side · ~£7.22 per player at cost; Stepney 3G: Mon 28 Sep 17:30 (£3/pp) · 5-a-side · ~£3.00 per player at cost
Muhit & Co Chartered Accountants,info@muhitandco.com,general,+44 20 7790 3331,https://www.muhitandco.com/?utm_source=google-maps,finance,"Unit 4, 80A Ashfield St, London E1 2BJ, UK",E1 2BJ,London,Whitechapel,5,Contact required,Contact required: 020 7790 3854,,Contact required: 020 8986 7955 (Mon-Fri 09:00-15:30) / hackney.marshes@gll.org. Playfinder shows fully booked,COLA Shoreditch Park: Tue 29 Sep 17:30 (£91) · 5-a-side · ~£9.10 per player at cost; Old St - Moreland Primary School: Fri 2 Oct 20:00 (£90) · 6-a-side · ~£7.50 per player at cost; Shoreditch Rooftop: Mon 28 Sep 18:00 (£72) · 5-a-side · ~£7.22 per player at cost; Stepney 3G: Mon 28 Sep 17:30 (£3/pp) · 5-a-side · ~£3.00 per player at cost
Reza Solicitors,info@rezasolicitors.com,general,+44 20 7993 5414,https://www.rezasolicitors.com/,lawyer,"255-259 Commercial Road, London",E1 2BT,London,Whitechapel,2,Contact required,Contact required: 020 7790 3854,,Contact required: 020 8986 7955 (Mon-Fri 09:00-15:30) / hackney.marshes@gll.org. Playfinder shows fully booked,COLA Shoreditch Park: Tue 29 Sep 17:30 (£91) · 5-a-side · ~£9.10 per player at cost; Old St - Moreland Primary School: Fri 2 Oct 20:00 (£90) · 6-a-side · ~£7.50 per player at cost; Shoreditch Rooftop: Mon 28 Sep 18:00 (£72) · 5-a-side · ~£7.22 per player at cost; Stepney 3G: Mon 28 Sep 17:30 (£3/pp) · 5-a-side · ~£3.00 per player at cost
Royal Chambers Solicitors,info@rcsolicitors.uk,general,+44 7375 755722,https://www.rcsolicitors.uk/,consultant,"255-259 Commercial Rd, London E1 2BT, UK",E1 2BT,London,Whitechapel,2,Contact required,Contact required: 020 7790 3854,,Contact required: 020 8986 7955 (Mon-Fri 09:00-15:30) / hackney.marshes@gll.org. Playfinder shows fully booked,COLA Shoreditch Park: Tue 29 Sep 17:30 (£91) · 5-a-side · ~£9.10 per player at cost; Old St - Moreland Primary School: Fri 2 Oct 20:00 (£90) · 6-a-side · ~£7.50 per player at cost; Shoreditch Rooftop: Mon 28 Sep 18:00 (£72) · 5-a-side · ~£7.22 per player at cost; Stepney 3G: Mon 28 Sep 17:30 (£3/pp) · 5-a-side · ~£3.00 per player at cost
Aptel East,reception@aptel.co.uk,general,+44 20 7052 3140,https://www.aptel.co.uk,tourism: hotel,"Commercial Road 169-171, London",E1 2DA,London,Whitechapel,2,Contact required,Contact required: 020 7790 3854,,Contact required: 020 8986 7955 (Mon-Fri 09:00-15:30) / hackney.marshes@gll.org. Playfinder shows fully booked,COLA Shoreditch Park: Tue 29 Sep 17:30 (£91) · 5-a-side · ~£9.10 per player at cost; Old St - Moreland Primary School: Fri 2 Oct 20:00 (£90) · 6-a-side · ~£7.50 per player at cost; Shoreditch Rooftop: Mon 28 Sep 18:00 (£72) · 5-a-side · ~£7.22 per player at cost; Stepney 3G: Mon 28 Sep 17:30 (£3/pp) · 5-a-side · ~£3.00 per player at cost
Daffodil Preparatory School,info@daffodilprepschool.org.uk,general,+44 20 4539 9737,https://www.daffodilprepschool.org.uk/,amenity: school,"Commercial Road 161 - 163, London",E1 2DA,London,Whitechapel,3,Contact required,Contact required: 020 7790 3854,,Contact required: 020 8986 7955 (Mon-Fri 09:00-15:30) / hackney.marshes@gll.org. Playfinder shows fully booked,COLA Shoreditch Park: Tue 29 Sep 17:30 (£91) · 5-a-side · ~£9.10 per player at cost; Old St - Moreland Primary School: Fri 2 Oct 20:00 (£90) · 6-a-side · ~£7.50 per player at cost; Shoreditch Rooftop: Mon 28 Sep 18:00 (£72) · 5-a-side · ~£7.22 per player at cost; Stepney 3G: Mon 28 Sep 17:30 (£3/pp) · 5-a-side · ~£3.00 per player at cost
Date Palm Primary,admin@datepalmprimary.com,general,+44 7877 134630,https://www.datepalmprimary.com/,amenity: school,"Nelson Street 56-60, London",E1 2DE,London,Stepney 3G,19,Available,Mon 28 Sep 17:30 (£3/pp); Mon 28 Sep 18:30 (£5/pp); Mon 28 Sep 19:30 (£5/pp); Mon 28 Sep 20:30 (£5/pp); Tue 29 Sep 17:30 (£3/pp); Tue 29 Sep 18:30 (£5/pp); +26 more,Mon 28 Sep 17:30 (£3/pp) · 5-a-side · ~£3.00 per player at cost,Contact required: 020 8986 7955 (Mon-Fri 09:00-15:30) / hackney.marshes@gll.org. Playfinder shows fully booked,
Idea Store Watney Market,ideastore@towerhamlets.gov.uk,openstreetmap_tag,+44 20 7364 4332,https://www.ideastore.co.uk/idea-store-watney-market,amenity: library,"Commercial Road 260, London",E1 2FB,London,Stepney 3G,19,Available,Mon 28 Sep 17:30 (£3/pp); Mon 28 Sep 18:30 (£5/pp); Mon 28 Sep 19:30 (£5/pp); Mon 28 Sep 20:30 (£5/pp); Tue 29 Sep 17:30 (£3/pp); Tue 29 Sep 18:30 (£5/pp); +26 more,Mon 28 Sep 17:30 (£3/pp) · 5-a-side · ~£3.00 per player at cost,Contact required: 020 8986 7955 (Mon-Fri 09:00-15:30) / hackney.marshes@gll.org. Playfinder shows fully booked,
Lawmatic Solicitors,info@lawmaticsolicitors.com,general,+44 20 8077 5079,https://www.lawmaticsolicitors.com/,consultant,"18 Tapestry Wy, London E1 2FJ, UK",E1 2FJ,London,Whitechapel,8,Contact required,Contact required: 020 7790 3854,,Contact required: 020 8986 7955 (Mon-Fri 09:00-15:30) / hackney.marshes@gll.org. Playfinder shows fully booked,COLA Shoreditch Park: Tue 29 Sep 17:30 (£91) · 5-a-side · ~£9.10 per player at cost; Old St - Moreland Primary School: Fri 2 Oct 20:00 (£90) · 6-a-side · ~£7.50 per player at cost; Shoreditch Rooftop: Mon 28 Sep 18:00 (£72) · 5-a-side · ~£7.22 per player at cost; Stepney 3G: Mon 28 Sep 17:30 (£3/pp) · 5-a-side · ~£3.00 per player at cost
MHC Chartered Accountant,info@mhcaccountant.co.uk,general,+44 20 7790 0416,http://mhcaccountant.co.uk/,finance,"22 Cavell St, London E1 2HP, UK",E1 2HP,London,Whitechapel,3,Contact required,Contact required: 020 7790 3854,,Contact required: 020 8986 7955 (Mon-Fri 09:00-15:30) / hackney.marshes@gll.org. Playfinder shows fully booked,COLA Shoreditch Park: Tue 29 Sep 17:30 (£91) · 5-a-side · ~£9.10 per player at cost; Old St - Moreland Primary School: Fri 2 Oct 20:00 (£90) · 6-a-side · ~£7.50 per player at cost; Shoreditch Rooftop: Mon 28 Sep 18:00 (£72) · 5-a-side · ~£7.22 per player at cost; Stepney 3G: Mon 28 Sep 17:30 (£3/pp) · 5-a-side · ~£3.00 per player at cost
London Islamic School,info@londonislamicschool.org,general,+44 20 7265 9667,http://www.londonislamicschool.org,amenity: school,"Damien Street 18-22, London",E1 2HX,London,Stepney 3G,16,Available,Mon 28 Sep 17:30 (£3/pp); Mon 28 Sep 18:30 (£5/pp); Mon 28 Sep 19:30 (£5/pp); Mon 28 Sep 20:30 (£5/pp); Tue 29 Sep 17:30 (£3/pp); Tue 29 Sep 18:30 (£5/pp); +26 more,Mon 28 Sep 17:30 (£3/pp) · 5-a-side · ~£3.00 per player at cost,Contact required: 020 8986 7955 (Mon-Fri 09:00-15:30) / hackney.marshes@gll.org. Playfinder shows fully booked,
Here&Now365- defining Multicultural Marketing,info@hereandnow365.co.uk,general,+44 20 4548 9715,https://www.hereandnow365.co.uk/,service,"Multicultural Marketing LightHouse, 20 Rampart St, London E1 2LS, UK",E1 2LS,London,Whitechapel,2,Contact required,Contact required: 020 7790 3854,,Contact required: 020 8986 7955 (Mon-Fri 09:00-15:30) / hackney.marshes@gll.org. Playfinder shows fully booked,COLA Shoreditch Park: Tue 29 Sep 17:30 (£91) · 5-a-side · ~£9.10 per player at cost; Old St - Moreland Primary School: Fri 2 Oct 20:00 (£90) · 6-a-side · ~£7.50 per player at cost; Shoreditch Rooftop: Mon 28 Sep 18:00 (£72) · 5-a-side · ~£7.22 per player at cost; Stepney 3G: Mon 28 Sep 17:30 (£3/pp) · 5-a-side · ~£3.00 per player at cost
Buttercup Primary School,info@buttercupprimary.co.uk,general,+44 20 3759 7408,https://buttercupprimary.co.uk/,amenity: school,"Cannon Street Road 181, London",E1 2LX,London,Whitechapel,3,Contact required,Contact required: 020 7790 3854,,Contact required: 020 8986 7955 (Mon-Fri 09:00-15:30) / hackney.marshes@gll.org. Playfinder shows fully booked,COLA Shoreditch Park: Tue 29 Sep 17:30 (£91) · 5-a-side · ~£9.10 per player at cost; Old St - Moreland Primary School: Fri 2 Oct 20:00 (£90) · 6-a-side · ~£7.50 per player at cost; Shoreditch Rooftop: Mon 28 Sep 18:00 (£72) · 5-a-side · ~£7.22 per player at cost; Stepney 3G: Mon 28 Sep 17:30 (£3/pp) · 5-a-side · ~£3.00 per player at cost
Jamiatul Ummah School,info@jamiatulummah.org.uk,general,+44 20 7790 7878,https://jamiatulummah.org.uk/,amenity: school,"Bigland Street 56, London",E1 2ND,London,Whitechapel,3,Contact required,Contact required: 020 7790 3854,,Contact required: 020 8986 7955 (Mon-Fri 09:00-15:30) / hackney.marshes@gll.org. Playfinder shows fully booked,COLA Shoreditch Park: Tue 29 Sep 17:30 (£91) · 5-a-side · ~£9.10 per player at cost; Old St - Moreland Primary School: Fri 2 Oct 20:00 (£90) · 6-a-side · ~£7.50 per player at cost; Shoreditch Rooftop: Mon 28 Sep 18:00 (£72) · 5-a-side · ~£7.22 per player at cost; Stepney 3G: Mon 28 Sep 17:30 (£3/pp) · 5-a-side · ~£3.00 per player at cost
Grapple Collective,grapplecollective@gmail.com,openstreetmap_tag,+44 7975 914940,https://www.grapplecollective.com/,amenity: dojo,"Chapman Street 117, London",E1 2PH,London,Whitechapel,5,Contact required,Contact required: 020 7790 3854,,Contact required: 020 8986 7955 (Mon-Fri 09:00-15:30) / hackney.marshes@gll.org. Playfinder shows fully booked,COLA Shoreditch Park: Tue 29 Sep 17:30 (£91) · 5-a-side · ~£9.10 per player at cost; Old St - Moreland Primary School: Fri 2 Oct 20:00 (£90) · 6-a-side · ~£7.50 per player at cost; Shoreditch Rooftop: Mon 28 Sep 18:00 (£72) · 5-a-side · ~£7.22 per player at cost; Stepney 3G: Mon 28 Sep 17:30 (£3/pp) · 5-a-side · ~£3.00 per player at cost
Diamond,info@diamondtdc.co.uk,general,+44 20 7790 7318,https://diamondtdc.co.uk/,shop: dry cleaning,"Watney Market 21, London",E1 2PP,London,Stepney 3G,20,Available,Mon 28 Sep 17:30 (£3/pp); Mon 28 Sep 18:30 (£5/pp); Mon 28 Sep 19:30 (£5/pp); Mon 28 Sep 20:30 (£5/pp); Tue 29 Sep 17:30 (£3/pp); Tue 29 Sep 18:30 (£5/pp); +26 more,Mon 28 Sep 17:30 (£3/pp) · 5-a-side · ~£3.00 per player at cost,Contact required: 020 8986 7955 (Mon-Fri 09:00-15:30) / hackney.marshes@gll.org. Playfinder shows fully booked,
Brigita,info@brigita.co.uk,general,+44 20 7790 8008,https://www.brigita.co.uk/,shop: hairdresser,"Watney Market 8, London",E1 2PR,London,Stepney 3G,19,Available,Mon 28 Sep 17:30 (£3/pp); Mon 28 Sep 18:30 (£5/pp); Mon 28 Sep 19:30 (£5/pp); Mon 28 Sep 20:30 (£5/pp); Tue 29 Sep 17:30 (£3/pp); Tue 29 Sep 18:30 (£5/pp); +26 more,Mon 28 Sep 17:30 (£3/pp) · 5-a-side · ~£3.00 per player at cost,Contact required: 020 8986 7955 (Mon-Fri 09:00-15:30) / hackney.marshes@gll.org. Playfinder shows fully booked,
Castle Accident Management,info@castleaccidentmanagement.com,general,+44 20 8981 4633,https://castleaccidentmanagement.com/,consultant,"363 Commercial Rd, Stepney Green, London E1 2PS, UK",E1 2PS,London,Whitechapel,6,Contact required,Contact required: 020 7790 3854,,Contact required: 020 8986 7955 (Mon-Fri 09:00-15:30) / hackney.marshes@gll.org. Playfinder shows fully booked,COLA Shoreditch Park: Tue 29 Sep 17:30 (£91) · 5-a-side · ~£9.10 per player at cost; Old St - Moreland Primary School: Fri 2 Oct 20:00 (£90) · 6-a-side · ~£7.50 per player at cost; Shoreditch Rooftop: Mon 28 Sep 18:00 (£72) · 5-a-side · ~£7.22 per player at cost; Stepney 3G: Mon 28 Sep 17:30 (£3/pp) · 5-a-side · ~£3.00 per player at cost
Jaypharm Chemist,cordeve3@gmail.com,freemail,+44 20 7790 2296,https://jaypharmchemist.co.uk/,shop: chemist,"Commercial Road 361, London",E1 2PS,London,Stepney 3G,17,Available,Mon 28 Sep 17:30 (£3/pp); Mon 28 Sep 18:30 (£5/pp); Mon 28 Sep 19:30 (£5/pp); Mon 28 Sep 20:30 (£5/pp); Tue 29 Sep 17:30 (£3/pp); Tue 29 Sep 18:30 (£5/pp); +26 more,Mon 28 Sep 17:30 (£3/pp) · 5-a-side · ~£3.00 per player at cost,Contact required: 020 8986 7955 (Mon-Fri 09:00-15:30) / hackney.marshes@gll.org. Playfinder shows fully booked,
Rinkoff Bakery,info@rinkoffs.co.uk,general,+44 20 7791 4909,https://www.rinkoffbakery.co.uk,shop: bakery,"Jubilee Street 224, London",E1 3BS,London,Stepney 3G,9,Available,Mon 28 Sep 17:30 (£3/pp); Mon 28 Sep 18:30 (£5/pp); Mon 28 Sep 19:30 (£5/pp); Mon 28 Sep 20:30 (£5/pp); Tue 29 Sep 17:30 (£3/pp); Tue 29 Sep 18:30 (£5/pp); +26 more,Mon 28 Sep 17:30 (£3/pp) · 5-a-side · ~£3.00 per player at cost,Contact required: 020 8986 7955 (Mon-Fri 09:00-15:30) / hackney.marshes@gll.org. Playfinder shows fully booked,
Stepney Park Primary School,admin@stepneypark.towerhamlets.sch.uk,general,+44 20 7884 5225,https://www.stepneypark.towerhamlets.sch.uk/,amenity: school,"Smithy Street, London",E1 3BW,London,Stepney 3G,9,Available,Mon 28 Sep 17:30 (£3/pp); Mon 28 Sep 18:30 (£5/pp); Mon 28 Sep 19:30 (£5/pp); Mon 28 Sep 20:30 (£5/pp); Tue 29 Sep 17:30 (£3/pp); Tue 29 Sep 18:30 (£5/pp); +26 more,Mon 28 Sep 17:30 (£3/pp) · 5-a-side · ~£3.00 per player at cost,Contact required: 020 8986 7955 (Mon-Fri 09:00-15:30) / hackney.marshes@gll.org. Playfinder shows fully booked,
Stepney's,info@stepneycityfarm.org,general,,https://stepneycityfarm.org/at-the-farm/farm-cafe/,amenity: cafe,"Stepney High Street, London",E1 3DG,London,Stepney 3G,13,Available,Mon 28 Sep 17:30 (£3/pp); Mon 28 Sep 18:30 (£5/pp); Mon 28 Sep 19:30 (£5/pp); Mon 28 Sep 20:30 (£5/pp); Tue 29 Sep 17:30 (£3/pp); Tue 29 Sep 18:30 (£5/pp); +26 more,Mon 28 Sep 17:30 (£3/pp) · 5-a-side · ~£3.00 per player at cost,Contact required: 020 8986 7955 (Mon-Fri 09:00-15:30) / hackney.marshes@gll.org. Playfinder shows fully booked,
Kampus Group,info@kampus-group.com,general,+44 20 7423 9333,https://kampus-group.com/,consultant,"First Floor, Botanical Works, 2 Jubilee St, Stepney Green, London E1 3FU, UK",E1 3FU,London,Whitechapel,7,Contact required,Contact required: 020 7790 3854,,Contact required: 020 8986 7955 (Mon-Fri 09:00-15:30) / hackney.marshes@gll.org. Playfinder shows fully booked,COLA Shoreditch Park: Tue 29 Sep 17:30 (£91) · 5-a-side · ~£9.10 per player at cost; Old St - Moreland Primary School: Fri 2 Oct 20:00 (£90) · 6-a-side · ~£7.50 per player at cost; Shoreditch Rooftop: Mon 28 Sep 18:00 (£72) · 5-a-side · ~£7.22 per player at cost; Stepney 3G: Mon 28 Sep 17:30 (£3/pp) · 5-a-side · ~£3.00 per player at cost
South West Marketing,emily@woodhallmarketing.co.uk,person_or_other,+44 1752 863400,http://www.southwest-marketing.co.uk/,consultant,"Temple Court, 52 Rectory Square, Greater, London E1 3NU, UK",E1 3NU,London,Stepney 3G,10,Available,Mon 28 Sep 17:30 (£3/pp); Mon 28 Sep 18:30 (£5/pp); Mon 28 Sep 19:30 (£5/pp); Mon 28 Sep 20:30 (£5/pp); Tue 29 Sep 17:30 (£3/pp); Tue 29 Sep 18:30 (£5/pp); +26 more,Mon 28 Sep 17:30 (£3/pp) · 5-a-side · ~£3.00 per player at cost,Contact required: 020 8986 7955 (Mon-Fri 09:00-15:30) / hackney.marshes@gll.org. Playfinder shows fully booked,
Afrikana,info@afrikanakitchen.com,general,,https://www.afrikanakitchen.com/locations/mile-end,amenity: restaurant,"Mile End Road 231, London",E1 4AA,London,Stepney 3G,4,Available,Mon 28 Sep 17:30 (£3/pp); Mon 28 Sep 18:30 (£5/pp); Mon 28 Sep 19:30 (£5/pp); Mon 28 Sep 20:30 (£5/pp); Tue 29 Sep 17:30 (£3/pp); Tue 29 Sep 18:30 (£5/pp); +26 more,Mon 28 Sep 17:30 (£3/pp) · 5-a-side · ~£3.00 per player at cost,Contact required: 020 8986 7955 (Mon-Fri 09:00-15:30) / hackney.marshes@gll.org. Playfinder shows fully booked,
Mazahirul Uloom London School,info@mul.org.uk,general,+44 20 7702 8533,https://mul.org.uk/,amenity: school,"Mile End Road 241-243, London",E1 4AA,London,Stepney 3G,4,Available,Mon 28 Sep 17:30 (£3/pp); Mon 28 Sep 18:30 (£5/pp); Mon 28 Sep 19:30 (£5/pp); Mon 28 Sep 20:30 (£5/pp); Tue 29 Sep 17:30 (£3/pp); Tue 29 Sep 18:30 (£5/pp); +26 more,Mon 28 Sep 17:30 (£3/pp) · 5-a-side · ~£3.00 per player at cost,Contact required: 020 8986 7955 (Mon-Fri 09:00-15:30) / hackney.marshes@gll.org. Playfinder shows fully booked,
Relocators,contactus@relocators.uk.com,general,,https://www.relocators.uk.com/,estate_agent,"225 Mile End Road, London",E1 4AA,London,Stepney 3G,4,Available,Mon 28 Sep 17:30 (£3/pp); Mon 28 Sep 18:30 (£5/pp); Mon 28 Sep 19:30 (£5/pp); Mon 28 Sep 20:30 (£5/pp); Tue 29 Sep 17:30 (£3/pp); Tue 29 Sep 18:30 (£5/pp); +26 more,Mon 28 Sep 17:30 (£3/pp) · 5-a-side · ~£3.00 per player at cost,Contact required: 020 8986 7955 (Mon-Fri 09:00-15:30) / hackney.marshes@gll.org. Playfinder shows fully booked,
Travelodge London Mile End,groupbookings@travelodge.co.uk,person_or_other,+44 871 984 6569,https://www.travelodge.co.uk/hotels/673/London-Mile-End-hotel,tourism: hotel,"Mile End Road 141-147, London",E1 4AQ,London,Stepney 3G,3,Available,Mon 28 Sep 17:30 (£3/pp); Mon 28 Sep 18:30 (£5/pp); Mon 28 Sep 19:30 (£5/pp); Mon 28 Sep 20:30 (£5/pp); Tue 29 Sep 17:30 (£3/pp); Tue 29 Sep 18:30 (£5/pp); +26 more,Mon 28 Sep 17:30 (£3/pp) · 5-a-side · ~£3.00 per player at cost,Contact required: 020 8986 7955 (Mon-Fri 09:00-15:30) / hackney.marshes@gll.org. Playfinder shows fully booked,
John Scurr Primary School,admin@johnscurr.towerhamlets.sch.uk,general,+44 20 7790 3647,https://www.johnscurr.towerhamlets.sch.uk,amenity: school,"Cephas Street, London",E1 4AX,London,Stepney 3G,6,Available,Mon 28 Sep 17:30 (£3/pp); Mon 28 Sep 18:30 (£5/pp); Mon 28 Sep 19:30 (£5/pp); Mon 28 Sep 20:30 (£5/pp); Tue 29 Sep 17:30 (£3/pp); Tue 29 Sep 18:30 (£5/pp); +26 more,Mon 28 Sep 17:30 (£3/pp) · 5-a-side · ~£3.00 per player at cost,Contact required: 020 8986 7955 (Mon-Fri 09:00-15:30) / hackney.marshes@gll.org. Playfinder shows fully booked,
Large Print London,hello@largeprint.london,openstreetmap_tag,+44 7761 603211,https://largeprint.london/,shop: copyshop,"Mile End Road 129, London",E1 4BG,London,Stepney 3G,4,Available,Mon 28 Sep 17:30 (£3/pp); Mon 28 Sep 18:30 (£5/pp); Mon 28 Sep 19:30 (£5/pp); Mon 28 Sep 20:30 (£5/pp); Tue 29 Sep 17:30 (£3/pp); Tue 29 Sep 18:30 (£5/pp); +26 more,Mon 28 Sep 17:30 (£3/pp) · 5-a-side · ~£3.00 per player at cost,Contact required: 020 8986 7955 (Mon-Fri 09:00-15:30) / hackney.marshes@gll.org. Playfinder shows fully booked,
SD Solicitors,info@sdsolicitorsuk.com,general,+44 20 7790 1653,http://www.sdsolicitorsuk.com/,consultant,"249-251 Mile End Rd, Bethnal Green, London E1 4BJ, UK",E1 4BJ,London,Stepney 3G,5,Available,Mon 28 Sep 17:30 (£3/pp); Mon 28 Sep 18:30 (£5/pp); Mon 28 Sep 19:30 (£5/pp); Mon 28 Sep 20:30 (£5/pp); Tue 29 Sep 17:30 (£3/pp); Tue 29 Sep 18:30 (£5/pp); +26 more,Mon 28 Sep 17:30 (£3/pp) · 5-a-side · ~£3.00 per player at cost,Contact required: 020 8986 7955 (Mon-Fri 09:00-15:30) / hackney.marshes@gll.org. Playfinder shows fully booked,
Tower Hamlets Local History Library and Archives,localhistory@towerhamlets.gov.uk,openstreetmap_tag,+44 20 7364 1290,https://www.ideastore.co.uk/local-history,amenity: library,"Bancroft Road, London",E1 4DQ,London,Stepney 3G,6,Available,Mon 28 Sep 17:30 (£3/pp); Mon 28 Sep 18:30 (£5/pp); Mon 28 Sep 19:30 (£5/pp); Mon 28 Sep 20:30 (£5/pp); Tue 29 Sep 17:30 (£3/pp); Tue 29 Sep 18:30 (£5/pp); +26 more,Mon 28 Sep 17:30 (£3/pp) · 5-a-side · ~£3.00 per player at cost,Contact required: 020 8986 7955 (Mon-Fri 09:00-15:30) / hackney.marshes@gll.org. Playfinder shows fully booked,
City Rooms,info@cityrooms.com,general,+44 20 7790 5577,https://www.cityrooms.com/,estate_agent,"3 Globe Road, London",E1 4DT,London,Stepney 3G,3,Available,Mon 28 Sep 17:30 (£3/pp); Mon 28 Sep 18:30 (£5/pp); Mon 28 Sep 19:30 (£5/pp); Mon 28 Sep 20:30 (£5/pp); Tue 29 Sep 17:30 (£3/pp); Tue 29 Sep 18:30 (£5/pp); +26 more,Mon 28 Sep 17:30 (£3/pp) · 5-a-side · ~£3.00 per player at cost,Contact required: 020 8986 7955 (Mon-Fri 09:00-15:30) / hackney.marshes@gll.org. Playfinder shows fully booked,
London East Alternative Provision,admin@londoneastap.org.uk,general,+44 20 7791 7720,https://www.londoneastap.org.uk/,amenity: school,"Tollet Street, London",E1 4EE,London,Stepney 3G,18,Available,Mon 28 Sep 17:30 (£3/pp); Mon 28 Sep 18:30 (£5/pp); Mon 28 Sep 19:30 (£5/pp); Mon 28 Sep 20:30 (£5/pp); Tue 29 Sep 17:30 (£3/pp); Tue 29 Sep 18:30 (£5/pp); +26 more,Mon 28 Sep 17:30 (£3/pp) · 5-a-side · ~£3.00 per player at cost,Contact required: 020 8986 7955 (Mon-Fri 09:00-15:30) / hackney.marshes@gll.org. Playfinder shows fully booked,
IQ East Court,hello@iqstudentaccommodation.com,general,+44 20 4504 1623,https://www.iqstudentaccommodation.com/london/east-court,amenity: student accommodation,"Mile End Road 450, London",E1 4GG,London,Stepney 3G,10,Available,Mon 28 Sep 17:30 (£3/pp); Mon 28 Sep 18:30 (£5/pp); Mon 28 Sep 19:30 (£5/pp); Mon 28 Sep 20:30 (£5/pp); Tue 29 Sep 17:30 (£3/pp); Tue 29 Sep 18:30 (£5/pp); +26 more,Mon 28 Sep 17:30 (£3/pp) · 5-a-side · ~£3.00 per player at cost,Contact required: 020 8986 7955 (Mon-Fri 09:00-15:30) / hackney.marshes@gll.org. Playfinder shows fully booked,
Mowchi,hello@mowchi.me,general,,https://www.mowchi.me/,amenity: cafe,"Mile End Road 450, London",E1 4GG,London,Stepney 3G,10,Available,Mon 28 Sep 17:30 (£3/pp); Mon 28 Sep 18:30 (£5/pp); Mon 28 Sep 19:30 (£5/pp); Mon 28 Sep 20:30 (£5/pp); Tue 29 Sep 17:30 (£3/pp); Tue 29 Sep 18:30 (£5/pp); +26 more,Mon 28 Sep 17:30 (£3/pp) · 5-a-side · ~£3.00 per player at cost,Contact required: 020 8986 7955 (Mon-Fri 09:00-15:30) / hackney.marshes@gll.org. Playfinder shows fully booked,
Jetts Fitness,admin@jetts.co.uk,general,,https://jetts.co.uk/gyms/jetts-stepney-green/,leisure: fitness centre,"Mile End Road 174-178, London",E1 4LJ,London,Stepney 3G,5,Available,Mon 28 Sep 17:30 (£3/pp); Mon 28 Sep 18:30 (£5/pp); Mon 28 Sep 19:30 (£5/pp); Mon 28 Sep 20:30 (£5/pp); Tue 29 Sep 17:30 (£3/pp); Tue 29 Sep 18:30 (£5/pp); +26 more,Mon 28 Sep 17:30 (£3/pp) · 5-a-side · ~£3.00 per player at cost,Contact required: 020 8986 7955 (Mon-Fri 09:00-15:30) / hackney.marshes@gll.org. Playfinder shows fully booked,
White Horse Notary Public,info@whitehorsenotarypublic.com,general,+44 20 3817 7502,https://www.whitehorsenotarypublic.com/,notary,"96 White Horse Lane, London",E1 4LR,London,Stepney 3G,5,Available,Mon 28 Sep 17:30 (£3/pp); Mon 28 Sep 18:30 (£5/pp); Mon 28 Sep 19:30 (£5/pp); Mon 28 Sep 20:30 (£5/pp); Tue 29 Sep 17:30 (£3/pp); Tue 29 Sep 18:30 (£5/pp); +26 more,Mon 28 Sep 17:30 (£3/pp) · 5-a-side · ~£3.00 per player at cost,Contact required: 020 8986 7955 (Mon-Fri 09:00-15:30) / hackney.marshes@gll.org. Playfinder shows fully booked,
White Horse Solicitors & Notary Public,info@whitehorselaw.com,general,+44 20 7118 1778,http://www.whitehorselaw.com/,finance,"Ground Floor, 96 White Horse Ln, Stepney Green, London E1 4LR, UK",E1 4LR,London,Stepney 3G,5,Available,Mon 28 Sep 17:30 (£3/pp); Mon 28 Sep 18:30 (£5/pp); Mon 28 Sep 19:30 (£5/pp); Mon 28 Sep 20:30 (£5/pp); Tue 29 Sep 17:30 (£3/pp); Tue 29 Sep 18:30 (£5/pp); +26 more,Mon 28 Sep 17:30 (£3/pp) · 5-a-side · ~£3.00 per player at cost,Contact required: 020 8986 7955 (Mon-Fri 09:00-15:30) / hackney.marshes@gll.org. Playfinder shows fully booked,
CECOS College London,info@cecos.ac.uk,general,+44 20 7359 3316,https://cecos.ac.uk/,amenity: college,"Beaumont Grove 2-8, London",E1 4NQ,London,Stepney 3G,4,Available,Mon 28 Sep 17:30 (£3/pp); Mon 28 Sep 18:30 (£5/pp); Mon 28 Sep 19:30 (£5/pp); Mon 28 Sep 20:30 (£5/pp); Tue 29 Sep 17:30 (£3/pp); Tue 29 Sep 18:30 (£5/pp); +26 more,Mon 28 Sep 17:30 (£3/pp) · 5-a-side · ~£3.00 per player at cost,Contact required: 020 8986 7955 (Mon-Fri 09:00-15:30) / hackney.marshes@gll.org. Playfinder shows fully booked,
Silvermans,sales@silvermans.co.uk,commercial,,https://www.silvermans.co.uk/,shop: clothes,"Mile End Road 422-426, London",E1 4PE,London,Stepney 3G,9,Available,Mon 28 Sep 17:30 (£3/pp); Mon 28 Sep 18:30 (£5/pp); Mon 28 Sep 19:30 (£5/pp); Mon 28 Sep 20:30 (£5/pp); Tue 29 Sep 17:30 (£3/pp); Tue 29 Sep 18:30 (£5/pp); +26 more,Mon 28 Sep 17:30 (£3/pp) · 5-a-side · ~£3.00 per player at cost,Contact required: 020 8986 7955 (Mon-Fri 09:00-15:30) / hackney.marshes@gll.org. Playfinder shows fully booked,
Ben Jonson Primary School,admin@benjonson.towerhamlets.sch.uk,general,+44 20 7790 4110,https://www.benjonson.towerhamlets.sch.uk/,amenity: school,"Harford Street, London",E1 4PZ,London,Stepney 3G,12,Available,Mon 28 Sep 17:30 (£3/pp); Mon 28 Sep 18:30 (£5/pp); Mon 28 Sep 19:30 (£5/pp); Mon 28 Sep 20:30 (£5/pp); Tue 29 Sep 17:30 (£3/pp); Tue 29 Sep 18:30 (£5/pp); +26 more,Mon 28 Sep 17:30 (£3/pp) · 5-a-side · ~£3.00 per player at cost,Contact required: 020 8986 7955 (Mon-Fri 09:00-15:30) / hackney.marshes@gll.org. Playfinder shows fully booked,
Mulberry Stepney Green Mathematics and Computing College,mail@mulberrystepneygreen.org,general,+44 20 7790 6361,https://www.mulberrystepneygreen.org/,amenity: school,"Ben Jonson Road, London",E1 4SD,London,Stepney 3G,11,Available,Mon 28 Sep 17:30 (£3/pp); Mon 28 Sep 18:30 (£5/pp); Mon 28 Sep 19:30 (£5/pp); Mon 28 Sep 20:30 (£5/pp); Tue 29 Sep 17:30 (£3/pp); Tue 29 Sep 18:30 (£5/pp); +26 more,Mon 28 Sep 17:30 (£3/pp) · 5-a-side · ~£3.00 per player at cost,Contact required: 020 8986 7955 (Mon-Fri 09:00-15:30) / hackney.marshes@gll.org. Playfinder shows fully booked,
Moonstone Accountants,info@moonstoneaccountants.co.uk,general,+44 20 8077 8984,http://www.moonstoneaccountants.co.uk/,finance,"Unit B, 55 Mile End Rd, Bethnal Green, London E1 4TT, UK",E1 4TT,London,Stepney 3G,7,Available,Mon 28 Sep 17:30 (£3/pp); Mon 28 Sep 18:30 (£5/pp); Mon 28 Sep 19:30 (£5/pp); Mon 28 Sep 20:30 (£5/pp); Tue 29 Sep 17:30 (£3/pp); Tue 29 Sep 18:30 (£5/pp); +26 more,Mon 28 Sep 17:30 (£3/pp) · 5-a-side · ~£3.00 per player at cost,Contact required: 020 8986 7955 (Mon-Fri 09:00-15:30) / hackney.marshes@gll.org. Playfinder shows fully booked,
Braant Accountants in Whitechapel,enquiries@braant.co.uk,general,+44 20 3282 3738,https://www.braant.co.uk/locations/london-offices/,finance,"69-89 Mile End Rd, Bethnal Green, London E1 4UJ, UK",E1 4UJ,London,Stepney 3G,6,Available,Mon 28 Sep 17:30 (£3/pp); Mon 28 Sep 18:30 (£5/pp); Mon 28 Sep 19:30 (£5/pp); Mon 28 Sep 20:30 (£5/pp); Tue 29 Sep 17:30 (£3/pp); Tue 29 Sep 18:30 (£5/pp); +26 more,Mon 28 Sep 17:30 (£3/pp) · 5-a-side · ~£3.00 per player at cost,Contact required: 020 8986 7955 (Mon-Fri 09:00-15:30) / hackney.marshes@gll.org. Playfinder shows fully booked,
CSS LAW,info@css-law.co.uk,general,+44 20 3972 2706,https://css-law.co.uk/,consultant,"122 Mile End Rd, Stepney Green, London E1 4UN, UK",E1 4UN,London,Stepney 3G,7,Available,Mon 28 Sep 17:30 (£3/pp); Mon 28 Sep 18:30 (£5/pp); Mon 28 Sep 19:30 (£5/pp); Mon 28 Sep 20:30 (£5/pp); Tue 29 Sep 17:30 (£3/pp); Tue 29 Sep 18:30 (£5/pp); +26 more,Mon 28 Sep 17:30 (£3/pp) · 5-a-side · ~£3.00 per player at cost,Contact required: 020 8986 7955 (Mon-Fri 09:00-15:30) / hackney.marshes@gll.org. Playfinder shows fully booked,
Elite Accountancy,info@elite-accountancy.com,general,+44 20 7790 1826,http://www.elite-accountancy.com/,finance,"102 Mile End Rd, Stepney Green, London E1 4UN, UK",E1 4UN,London,Stepney 3G,7,Available,Mon 28 Sep 17:30 (£3/pp); Mon 28 Sep 18:30 (£5/pp); Mon 28 Sep 19:30 (£5/pp); Mon 28 Sep 20:30 (£5/pp); Tue 29 Sep 17:30 (£3/pp); Tue 29 Sep 18:30 (£5/pp); +26 more,Mon 28 Sep 17:30 (£3/pp) · 5-a-side · ~£3.00 per player at cost,Contact required: 020 8986 7955 (Mon-Fri 09:00-15:30) / hackney.marshes@gll.org. Playfinder shows fully booked,
Osmani Primary School,admin@osmani.towerhamlets.sch.uk,general,+44 20 7247 8909,https://www.osmani.towerhamlets.sch.uk/,amenity: school,"Vallance Road, London",E1 5AD,London,Stepney 3G,19,Available,Mon 28 Sep 17:30 (£3/pp); Mon 28 Sep 18:30 (£5/pp); Mon 28 Sep 19:30 (£5/pp); Mon 28 Sep 20:30 (£5/pp); Tue 29 Sep 17:30 (£3/pp); Tue 29 Sep 18:30 (£5/pp); +26 more,Mon 28 Sep 17:30 (£3/pp) · 5-a-side · ~£3.00 per player at cost,Contact required: 020 8986 7955 (Mon-Fri 09:00-15:30) / hackney.marshes@gll.org. Playfinder shows fully booked,
Spitalfields City Farm,farm@spitalfieldscityfarm.org,person_or_other,+44 20 7247 8762,https://www.spitalfieldscityfarm.org/,shop: farm,"Buxton Street, London",E1 5AR,London,Whitechapel,16,Contact required,Contact required: 020 7790 3854,,Contact required: 020 8986 7955 (Mon-Fri 09:00-15:30) / hackney.marshes@gll.org. Playfinder shows fully booked,COLA Shoreditch Park: Tue 29 Sep 17:30 (£91) · 5-a-side · ~£9.10 per player at cost; Old St - Moreland Primary School: Fri 2 Oct 20:00 (£90) · 6-a-side · ~£7.50 per player at cost; Shoreditch Rooftop: Mon 28 Sep 18:00 (£72) · 5-a-side · ~£7.22 per player at cost; Stepney 3G: Mon 28 Sep 17:30 (£3/pp) · 5-a-side · ~£3.00 per player at cost
Thomas Buxton Primary School,admin@thomasbuxton.towerhamlets.sch.uk,general,+44 20 7247 3816,https://www.thomasbuxton.towerhamlets.sch.uk/,amenity: school,"Buxton Street, London",E1 5AR,London,Stepney 3G,20,Available,Mon 28 Sep 17:30 (£3/pp); Mon 28 Sep 18:30 (£5/pp); Mon 28 Sep 19:30 (£5/pp); Mon 28 Sep 20:30 (£5/pp); Tue 29 Sep 17:30 (£3/pp); Tue 29 Sep 18:30 (£5/pp); +26 more,Mon 28 Sep 17:30 (£3/pp) · 5-a-side · ~£3.00 per player at cost,Contact required: 020 8986 7955 (Mon-Fri 09:00-15:30) / hackney.marshes@gll.org. Playfinder shows fully booked,
St Anne's and Guardian Angels Catholic Primary School,office@stannesgaprimary.com,general,+44 20 7247 6327,https://www.stannesgaprimary.com,amenity: school,"Underwood Road, London",E1 5AW,London,Whitechapel,15,Contact required,Contact required: 020 7790 3854,,Contact required: 020 8986 7955 (Mon-Fri 09:00-15:30) / hackney.marshes@gll.org. Playfinder shows fully booked,COLA Shoreditch Park: Tue 29 Sep 17:30 (£91) · 5-a-side · ~£9.10 per player at cost; Old St - Moreland Primary School: Fri 2 Oct 20:00 (£90) · 6-a-side · ~£7.50 per player at cost; Shoreditch Rooftop: Mon 28 Sep 18:00 (£72) · 5-a-side · ~£7.22 per player at cost; Stepney 3G: Mon 28 Sep 17:30 (£3/pp) · 5-a-side · ~£3.00 per player at cost
Whitechapel Sports Centre,bewell-whitechapel@towerhamlets.gov.uk,openstreetmap_tag,+44 20 7364 5100,https://be-well.org.uk/centres/whitechapel-sports-centre/,leisure: sports centre,"Durward Street 55, London",E1 5BA,London,Stepney 3G,16,Available,Mon 28 Sep 17:30 (£3/pp); Mon 28 Sep 18:30 (£5/pp); Mon 28 Sep 19:30 (£5/pp); Mon 28 Sep 20:30 (£5/pp); Tue 29 Sep 17:30 (£3/pp); Tue 29 Sep 18:30 (£5/pp); +26 more,Mon 28 Sep 17:30 (£3/pp) · 5-a-side · ~£3.00 per player at cost,Contact required: 020 8986 7955 (Mon-Fri 09:00-15:30) / hackney.marshes@gll.org. Playfinder shows fully booked,
TAJ Accountants: Chartered Management Accountants,info@tajaccountants.co.uk,general,+44 20 3355 4947,https://tajaccountants.co.uk/,finance,"69 Vallance Rd, London E1 5BS, UK",E1 5BS,London,Whitechapel,13,Contact required,Contact required: 020 7790 3854,,Contact required: 020 8986 7955 (Mon-Fri 09:00-15:30) / hackney.marshes@gll.org. Playfinder shows fully booked,COLA Shoreditch Park: Tue 29 Sep 17:30 (£91) · 5-a-side · ~£9.10 per player at cost; Old St - Moreland Primary School: Fri 2 Oct 20:00 (£90) · 6-a-side · ~£7.50 per player at cost; Shoreditch Rooftop: Mon 28 Sep 18:00 (£72) · 5-a-side · ~£7.22 per player at cost; Stepney 3G: Mon 28 Sep 17:30 (£3/pp) · 5-a-side · ~£3.00 per player at cost
Pedley Street Station,info@funicularproductions.com,general,,https://www.funicularproductions.com/,amenity: theatre,"Pedley Street, London",E1 5BW,London,Stepney 3G,19,Available,Mon 28 Sep 17:30 (£3/pp); Mon 28 Sep 18:30 (£5/pp); Mon 28 Sep 19:30 (£5/pp); Mon 28 Sep 20:30 (£5/pp); Tue 29 Sep 17:30 (£3/pp); Tue 29 Sep 18:30 (£5/pp); +26 more,Mon 28 Sep 17:30 (£3/pp) · 5-a-side · ~£3.00 per player at cost,Contact required: 020 8986 7955 (Mon-Fri 09:00-15:30) / hackney.marshes@gll.org. Playfinder shows fully booked,
Swanlea School,officeadmin@swanlea.co.uk,person_or_other,+44 20 7375 3267,https://www.swanlea.co.uk/,amenity: school,"Brady Street 31, London",E1 5DJ,London,Stepney 3G,14,Available,Mon 28 Sep 17:30 (£3/pp); Mon 28 Sep 18:30 (£5/pp); Mon 28 Sep 19:30 (£5/pp); Mon 28 Sep 20:30 (£5/pp); Tue 29 Sep 17:30 (£3/pp); Tue 29 Sep 18:30 (£5/pp); +26 more,Mon 28 Sep 17:30 (£3/pp) · 5-a-side · ~£3.00 per player at cost,Contact required: 020 8986 7955 (Mon-Fri 09:00-15:30) / hackney.marshes@gll.org. Playfinder shows fully booked,
"NiS Accountants, Tax & Business Advisers",info@nisaccountants.com,general,+44 844 357 0587,http://www.nisaccountants.com/,finance,"2nd floor, 12 Vallance Rd, London E1 5HR, UK",E1 5HR,London,Whitechapel,9,Contact required,Contact required: 020 7790 3854,,Contact required: 020 8986 7955 (Mon-Fri 09:00-15:30) / hackney.marshes@gll.org. Playfinder shows fully booked,COLA Shoreditch Park: Tue 29 Sep 17:30 (£91) · 5-a-side · ~£9.10 per player at cost; Old St - Moreland Primary School: Fri 2 Oct 20:00 (£90) · 6-a-side · ~£7.50 per player at cost; Shoreditch Rooftop: Mon 28 Sep 18:00 (£72) · 5-a-side · ~£7.22 per player at cost; Stepney 3G: Mon 28 Sep 17:30 (£3/pp) · 5-a-side · ~£3.00 per player at cost
T&T Consultancy London Ltd,info@ttlondon.co.uk,general,+44 20 7247 4500,http://www.ttlondon.co.uk/,consultant,"Unit 2 (Second, Floor) ,12, 14 Vallance Rd, London E1 5HR, UK",E1 5HR,London,Whitechapel,9,Contact required,Contact required: 020 7790 3854,,Contact required: 020 8986 7955 (Mon-Fri 09:00-15:30) / hackney.marshes@gll.org. Playfinder shows fully booked,COLA Shoreditch Park: Tue 29 Sep 17:30 (£91) · 5-a-side · ~£9.10 per player at cost; Old St - Moreland Primary School: Fri 2 Oct 20:00 (£90) · 6-a-side · ~£7.50 per player at cost; Shoreditch Rooftop: Mon 28 Sep 18:00 (£72) · 5-a-side · ~£7.22 per player at cost; Stepney 3G: Mon 28 Sep 17:30 (£3/pp) · 5-a-side · ~£3.00 per player at cost
Start The Dance,hello@startthedance.co.uk,general,+44 20 7183 0717,https://www.startthedance.co.uk/,leisure: dance,"Coverley Close, London",E1 5HY,London,Whitechapel,12,Contact required,Contact required: 020 7790 3854,,Contact required: 020 8986 7955 (Mon-Fri 09:00-15:30) / hackney.marshes@gll.org. Playfinder shows fully booked,COLA Shoreditch Park: Tue 29 Sep 17:30 (£91) · 5-a-side · ~£9.10 per player at cost; Old St - Moreland Primary School: Fri 2 Oct 20:00 (£90) · 6-a-side · ~£7.50 per player at cost; Shoreditch Rooftop: Mon 28 Sep 18:00 (£72) · 5-a-side · ~£7.22 per player at cost; Stepney 3G: Mon 28 Sep 17:30 (£3/pp) · 5-a-side · ~£3.00 per player at cost
Turn Up Marketing Agency,info@turnupagency.com,general,+44 7933 888352,http://www.turnupagency.com/,corporate_office,"7 Spring Walk, London E1 5JA, UK",E1 5JA,London,Whitechapel,11,Contact required,Contact required: 020 7790 3854,,Contact required: 020 8986 7955 (Mon-Fri 09:00-15:30) / hackney.marshes@gll.org. Playfinder shows fully booked,COLA Shoreditch Park: Tue 29 Sep 17:30 (£91) · 5-a-side · ~£9.10 per player at cost; Old St - Moreland Primary School: Fri 2 Oct 20:00 (£90) · 6-a-side · ~£7.50 per player at cost; Shoreditch Rooftop: Mon 28 Sep 18:00 (£72) · 5-a-side · ~£7.22 per player at cost; Stepney 3G: Mon 28 Sep 17:30 (£3/pp) · 5-a-side · ~£3.00 per player at cost
Doppio,info@doppiocoffee.co.uk,general,+44 20 7247 7838,https://doppiocoffee.co.uk/,amenity: cafe,"Hanbury Street 90, London",E1 5JL,London,Whitechapel,15,Contact required,Contact required: 020 7790 3854,,Contact required: 020 8986 7955 (Mon-Fri 09:00-15:30) / hackney.marshes@gll.org. Playfinder shows fully booked,COLA Shoreditch Park: Tue 29 Sep 17:30 (£91) · 5-a-side · ~£9.10 per player at cost; Old St - Moreland Primary School: Fri 2 Oct 20:00 (£90) · 6-a-side · ~£7.50 per player at cost; Shoreditch Rooftop: Mon 28 Sep 18:00 (£72) · 5-a-side · ~£7.22 per player at cost; Stepney 3G: Mon 28 Sep 17:30 (£3/pp) · 5-a-side · ~£3.00 per player at cost
Influence Digital,info@influence.digital,general,+44 20 7034 2669,https://influence.digital/,service,"Second Home Spitalfields, 68 Hanbury St, London E1 5JL, UK",E1 5JL,London,Whitechapel,16,Contact required,Contact required: 020 7790 3854,,Contact required: 020 8986 7955 (Mon-Fri 09:00-15:30) / hackney.marshes@gll.org. Playfinder shows fully booked,COLA Shoreditch Park: Tue 29 Sep 17:30 (£91) · 5-a-side · ~£9.10 per player at cost; Old St - Moreland Primary School: Fri 2 Oct 20:00 (£90) · 6-a-side · ~£7.50 per player at cost; Shoreditch Rooftop: Mon 28 Sep 18:00 (£72) · 5-a-side · ~£7.22 per player at cost; Stepney 3G: Mon 28 Sep 17:30 (£3/pp) · 5-a-side · ~£3.00 per player at cost
Librería,hello@libreria.io,openstreetmap_tag,,https://libreria.io/,shop: books,"Hanbury Street 65, London",E1 5JP,London,Whitechapel,16,Contact required,Contact required: 020 7790 3854,,Contact required: 020 8986 7955 (Mon-Fri 09:00-15:30) / hackney.marshes@gll.org. Playfinder shows fully booked,COLA Shoreditch Park: Tue 29 Sep 17:30 (£91) · 5-a-side · ~£9.10 per player at cost; Old St - Moreland Primary School: Fri 2 Oct 20:00 (£90) · 6-a-side · ~£7.50 per player at cost; Shoreditch Rooftop: Mon 28 Sep 18:00 (£72) · 5-a-side · ~£7.22 per player at cost; Stepney 3G: Mon 28 Sep 17:30 (£3/pp) · 5-a-side · ~£3.00 per player at cost
Xhibit Homes,info@xhibit-homes.co.uk,openstreetmap_tag,+44 20 7247 9707,https://www.xhibit-homes.co.uk,estate_agent,"111 Hanbury Street, London",E1 5JQ,London,Whitechapel,14,Contact required,Contact required: 020 7790 3854,,Contact required: 020 8986 7955 (Mon-Fri 09:00-15:30) / hackney.marshes@gll.org. Playfinder shows fully booked,COLA Shoreditch Park: Tue 29 Sep 17:30 (£91) · 5-a-side · ~£9.10 per player at cost; Old St - Moreland Primary School: Fri 2 Oct 20:00 (£90) · 6-a-side · ~£7.50 per player at cost; Shoreditch Rooftop: Mon 28 Sep 18:00 (£72) · 5-a-side · ~£7.22 per player at cost; Stepney 3G: Mon 28 Sep 17:30 (£3/pp) · 5-a-side · ~£3.00 per player at cost
x+why Huguenot Place,hello@xandwhy.co.uk,general,+44 20 3984 6688,https://www.xandwhy.co.uk/location/huguenot-place?utm_source=google&utm_medium=business-profile&utm_campaign=huguenot-place,coworking_space,"Huguenot Place, 17 Heneage St, London E1 5LN, UK",E1 5LN,London,Whitechapel,15,Contact required,Contact required: 020 7790 3854,,Contact required: 020 8986 7955 (Mon-Fri 09:00-15:30) / hackney.marshes@gll.org. Playfinder shows fully booked,COLA Shoreditch Park: Tue 29 Sep 17:30 (£91) · 5-a-side · ~£9.10 per player at cost; Old St - Moreland Primary School: Fri 2 Oct 20:00 (£90) · 6-a-side · ~£7.50 per player at cost; Shoreditch Rooftop: Mon 28 Sep 18:00 (£72) · 5-a-side · ~£7.22 per player at cost; Stepney 3G: Mon 28 Sep 17:30 (£3/pp) · 5-a-side · ~£3.00 per player at cost
Wildan Legal Solicitors,info@wildanlegal.com,general,+44 20 7423 9977,http://wildanlegal.com/,consultant,"2-12 Cambridge Heath Rd, Bethnal Green, London E1 5QH, UK",E1 5QH,London,Stepney 3G,11,Available,Mon 28 Sep 17:30 (£3/pp); Mon 28 Sep 18:30 (£5/pp); Mon 28 Sep 19:30 (£5/pp); Mon 28 Sep 20:30 (£5/pp); Tue 29 Sep 17:30 (£3/pp); Tue 29 Sep 18:30 (£5/pp); +26 more,Mon 28 Sep 17:30 (£3/pp) · 5-a-side · ~£3.00 per player at cost,Contact required: 020 8986 7955 (Mon-Fri 09:00-15:30) / hackney.marshes@gll.org. Playfinder shows fully booked,
Artsadmin Canteen,admin@artsadmin.co.uk,general,+44 20 7247 5102,https://www.artsadmin.co.uk/toynbee-studios/cafe/,amenity: cafe,"Commercial Street 28, London",E1 6AB,London,Whitechapel,14,Contact required,Contact required: 020 7790 3854,,Contact required: 020 8986 7955 (Mon-Fri 09:00-15:30) / hackney.marshes@gll.org. Playfinder shows fully booked,COLA Shoreditch Park: Tue 29 Sep 17:30 (£91) · 5-a-side · ~£9.10 per player at cost; Old St - Moreland Primary School: Fri 2 Oct 20:00 (£90) · 6-a-side · ~£7.50 per player at cost; Shoreditch Rooftop: Mon 28 Sep 18:00 (£72) · 5-a-side · ~£7.22 per player at cost; Stepney 3G: Mon 28 Sep 17:30 (£3/pp) · 5-a-side · ~£3.00 per player at cost
Niu Hotpot,info@niuhotpot.co.uk,openstreetmap_tag,+44 20 3332 2968,https://www.niuhotpot.co.uk/,amenity: restaurant,"Commercial Street 43, London",E1 6BD,London,Whitechapel,16,Contact required,Contact required: 020 7790 3854,,Contact required: 020 8986 7955 (Mon-Fri 09:00-15:30) / hackney.marshes@gll.org. Playfinder shows fully booked,COLA Shoreditch Park: Tue 29 Sep 17:30 (£91) · 5-a-side · ~£9.10 per player at cost; Old St - Moreland Primary School: Fri 2 Oct 20:00 (£90) · 6-a-side · ~£7.50 per player at cost; Shoreditch Rooftop: Mon 28 Sep 18:00 (£72) · 5-a-side · ~£7.22 per player at cost; Stepney 3G: Mon 28 Sep 17:30 (£3/pp) · 5-a-side · ~£3.00 per player at cost
Som Saa,kitchenjobs@somsaa.com,person_or_other,+44 20 7324 7790,https://www.somsaa.com/,amenity: restaurant,"Commercial Street 43A, London",E1 6BD,London,Whitechapel,17,Contact required,Contact required: 020 7790 3854,,Contact required: 020 8986 7955 (Mon-Fri 09:00-15:30) / hackney.marshes@gll.org. Playfinder shows fully booked,COLA Shoreditch Park: Tue 29 Sep 17:30 (£91) · 5-a-side · ~£9.10 per player at cost; Old St - Moreland Primary School: Fri 2 Oct 20:00 (£90) · 6-a-side · ~£7.50 per player at cost; Shoreditch Rooftop: Mon 28 Sep 18:00 (£72) · 5-a-side · ~£7.22 per player at cost; Stepney 3G: Mon 28 Sep 17:30 (£3/pp) · 5-a-side · ~£3.00 per player at cost
Ibis London City,h5011@accor.com,openstreetmap_tag,+44 20 7422 8400,https://www.accorhotels.com/gb/hotel-5011-ibis-london-city/index.shtml,tourism: hotel,"Commercial Street 5, London",E1 6BF,London,Whitechapel,15,Contact required,Contact required: 020 7790 3854,,Contact required: 020 8986 7955 (Mon-Fri 09:00-15:30) / hackney.marshes@gll.org. Playfinder shows fully booked,COLA Shoreditch Park: Tue 29 Sep 17:30 (£91) · 5-a-side · ~£9.10 per player at cost; Old St - Moreland Primary School: Fri 2 Oct 20:00 (£90) · 6-a-side · ~£7.50 per player at cost; Shoreditch Rooftop: Mon 28 Sep 18:00 (£72) · 5-a-side · ~£7.22 per player at cost; Stepney 3G: Mon 28 Sep 17:30 (£3/pp) · 5-a-side · ~£3.00 per player at cost
Bishopsgate Law,enquiries@bishopsgatelaw.com,general,+44 20 8050 3600,https://www.bishopsgatelaw.com/london.html,lawyer,"1 Norton Folgate, London E1 6DB, UK",E1 6DB,London,Whitechapel,24,Contact required,Contact required: 020 7790 3854,,Contact required: 020 8986 7955 (Mon-Fri 09:00-15:30) / hackney.marshes@gll.org. Playfinder shows fully booked,COLA Shoreditch Park: Tue 29 Sep 17:30 (£91) · 5-a-side · ~£9.10 per player at cost; Old St - Moreland Primary School: Fri 2 Oct 20:00 (£90) · 6-a-side · ~£7.50 per player at cost; Shoreditch Rooftop: Mon 28 Sep 18:00 (£72) · 5-a-side · ~£7.22 per player at cost; Stepney 3G: Mon 28 Sep 17:30 (£3/pp) · 5-a-side · ~£3.00 per player at cost
Improbable,privacypolicy@improbable.io,person_or_other,+44 20 8099 5349,http://improbable.io/,service,"Level 4, 10 Bishops Square, London E1 6EG, UK",E1 6EG,London,Whitechapel,21,Contact required,Contact required: 020 7790 3854,,Contact required: 020 8986 7955 (Mon-Fri 09:00-15:30) / hackney.marshes@gll.org. Playfinder shows fully booked,COLA Shoreditch Park: Tue 29 Sep 17:30 (£91) · 5-a-side · ~£9.10 per player at cost; Old St - Moreland Primary School: Fri 2 Oct 20:00 (£90) · 6-a-side · ~£7.50 per player at cost; Shoreditch Rooftop: Mon 28 Sep 18:00 (£72) · 5-a-side · ~£7.22 per player at cost; Stepney 3G: Mon 28 Sep 17:30 (£3/pp) · 5-a-side · ~£3.00 per player at cost
Sud Italia,info@suditaliapizza.co.uk,openstreetmap_tag,,https://suditaliapizza.co.uk/,amenity: restaurant,"Horner Square 16, London",E1 6EW,London,Whitechapel,20,Contact required,Contact required: 020 7790 3854,,Contact required: 020 8986 7955 (Mon-Fri 09:00-15:30) / hackney.marshes@gll.org. Playfinder shows fully booked,COLA Shoreditch Park: Tue 29 Sep 17:30 (£91) · 5-a-side · ~£9.10 per player at cost; Old St - Moreland Primary School: Fri 2 Oct 20:00 (£90) · 6-a-side · ~£7.50 per player at cost; Shoreditch Rooftop: Mon 28 Sep 18:00 (£72) · 5-a-side · ~£7.22 per player at cost; Stepney 3G: Mon 28 Sep 17:30 (£3/pp) · 5-a-side · ~£3.00 per player at cost
Splendid Trading Ltd.,sales@splendidtrading.co.uk,commercial,+44 20 7684 0000,https://www.splendidtrading.co.uk/,shop: houseware,"Shoreditch High Street 151-153, London",E1 6HU,London,Shoreditch Rooftop,17,Available,Mon 28 Sep 18:00 (£72),Mon 28 Sep 18:00 (£72) · 5-a-side · ~£7.22 per player at cost,Contact required: 020 8986 7955 (Mon-Fri 09:00-15:30) / hackney.marshes@gll.org. Playfinder shows fully booked,
Matter Of Form,hello@matterofform.com,general,+44 20 3141 2000,http://matterofform.com/,service,"Unit 3, Matter Of Form, 168 Shoreditch High St, London E1 6HU, UK",E1 6HU,London,Shoreditch Rooftop,19,Available,Mon 28 Sep 18:00 (£72),Mon 28 Sep 18:00 (£72) · 5-a-side · ~£7.22 per player at cost,Contact required: 020 8986 7955 (Mon-Fri 09:00-15:30) / hackney.marshes@gll.org. Playfinder shows fully booked,
Singburi,info@singburi.london,general,,https://singburi.london/,amenity: restaurant,"Shoreditch High Street 185-186, London",E1 6HU,London,Shoreditch Rooftop,19,Available,Mon 28 Sep 18:00 (£72),Mon 28 Sep 18:00 (£72) · 5-a-side · ~£7.22 per player at cost,Contact required: 020 8986 7955 (Mon-Fri 09:00-15:30) / hackney.marshes@gll.org. Playfinder shows fully booked,
Truth Consulting,info@truth.ms,general,+44 20 7199 4545,http://www.truth.ms/,consultant,"154-158 Shoreditch High St, London E1 6HU, UK",E1 6HU,London,Shoreditch Rooftop,19,Available,Mon 28 Sep 18:00 (£72),Mon 28 Sep 18:00 (£72) · 5-a-side · ~£7.22 per player at cost,Contact required: 020 8986 7955 (Mon-Fri 09:00-15:30) / hackney.marshes@gll.org. Playfinder shows fully booked,
Rudy's Pizza Napoletana,shop@rudyspizza.co.uk,person_or_other,+44 20 8165 9929,https://www.rudyspizza.co.uk/,amenity: restaurant,"Shoreditch High Street 183, London",E1 6HU,London,Shoreditch Rooftop,20,Available,Mon 28 Sep 18:00 (£72),Mon 28 Sep 18:00 (£72) · 5-a-side · ~£7.22 per player at cost,Contact required: 020 8986 7955 (Mon-Fri 09:00-15:30) / hackney.marshes@gll.org. Playfinder shows fully booked,
Dallas,hello@dallasburger.com,general,,https://www.dallasburger.com/,amenity: restaurant,"Shoreditch High Street 138-139, London",E1 6JE,London,Shoreditch Rooftop,16,Available,Mon 28 Sep 18:00 (£72),Mon 28 Sep 18:00 (£72) · 5-a-side · ~£7.22 per player at cost,Contact required: 020 8986 7955 (Mon-Fri 09:00-15:30) / hackney.marshes@gll.org. Playfinder shows fully booked,
Cetera Labs,welcome@ceteralabs.com,general,+1 347-620-0902,https://ceteralabs.com/,company,"Shoreditch High Street, London",E1 6JJ,London,Shoreditch Rooftop,20,Available,Mon 28 Sep 18:00 (£72),Mon 28 Sep 18:00 (£72) · 5-a-side · ~£7.22 per player at cost,Contact required: 020 8986 7955 (Mon-Fri 09:00-15:30) / hackney.marshes@gll.org. Playfinder shows fully booked,
Smoking Goat,info@smokinggoatbar.com,general,,https://www.smokinggoatbar.com/,amenity: restaurant,"Shoreditch High Street 64, London",E1 6JJ,London,Shoreditch Rooftop,20,Available,Mon 28 Sep 18:00 (£72),Mon 28 Sep 18:00 (£72) · 5-a-side · ~£7.22 per player at cost,Contact required: 020 8986 7955 (Mon-Fri 09:00-15:30) / hackney.marshes@gll.org. Playfinder shows fully booked,
MADX Digital,hello@madx.digital,general,+44 7526 697777,https://www.madx.digital/,service,"56 Shoreditch High St, London E1 6JJ, UK",E1 6JJ,London,Shoreditch Rooftop,21,Available,Mon 28 Sep 18:00 (£72),Mon 28 Sep 18:00 (£72) · 5-a-side · ~£7.22 per player at cost,Contact required: 020 8986 7955 (Mon-Fri 09:00-15:30) / hackney.marshes@gll.org. Playfinder shows fully booked,
Soho Works Shoreditch,membersupport@sohohouse.com,person_or_other,+44 20 3841 7600,https://sohoworks.com/shoreditch/?utm_source=google&utm_medium=organic&utm_campaign=googlemybusiness,coworking_space,"56 Shoreditch High St, London E1 6JJ, UK",E1 6JJ,London,Shoreditch Rooftop,21,Available,Mon 28 Sep 18:00 (£72),Mon 28 Sep 18:00 (£72) · 5-a-side · ~£7.22 per player at cost,Contact required: 020 8986 7955 (Mon-Fri 09:00-15:30) / hackney.marshes@gll.org. Playfinder shows fully booked,
Cowling and Wilcox,shoreditch@cowlings.com,openstreetmap_tag,+44 20 7033 3685,https://www.cowlingandwilcox.com/ourshops.aspx,shop: art,"Shoreditch High Street 112, London",E1 6JN,London,Shoreditch Rooftop,16,Available,Mon 28 Sep 18:00 (£72),Mon 28 Sep 18:00 (£72) · 5-a-side · ~£7.22 per player at cost,Contact required: 020 8986 7955 (Mon-Fri 09:00-15:30) / hackney.marshes@gll.org. Playfinder shows fully booked,
Seed Library,hello@onehundredshoreditch.com,general,,https://onehundredshoreditch.com/eat-drink/seed-library/,amenity: bar,"Shoreditch High Street 100, London",E1 6JQ,London,Shoreditch Rooftop,17,Available,Mon 28 Sep 18:00 (£72),Mon 28 Sep 18:00 (£72) · 5-a-side · ~£7.22 per player at cost,Contact required: 020 8986 7955 (Mon-Fri 09:00-15:30) / hackney.marshes@gll.org. Playfinder shows fully booked,
Ralph,hello@ralph.world,general,+44 20 3006 6730,http://www.ralphandco.com/,service,"27, 33 Bethnal Grn Rd, London E1 6LA, UK",E1 6LA,London,Shoreditch Rooftop,22,Available,Mon 28 Sep 18:00 (£72),Mon 28 Sep 18:00 (£72) · 5-a-side · ~£7.22 per player at cost,Contact required: 020 8986 7955 (Mon-Fri 09:00-15:30) / hackney.marshes@gll.org. Playfinder shows fully booked,
Hubers Law,info@huberslaw.co.uk,general,+44 20 3488 0953,http://www.huberslaw.co.uk/,consultant,"2, 3rd floor, 4 Commercial St, London E1 6LP, UK",E1 6LP,London,Whitechapel,14,Contact required,Contact required: 020 7790 3854,,Contact required: 020 8986 7955 (Mon-Fri 09:00-15:30) / hackney.marshes@gll.org. Playfinder shows fully booked,COLA Shoreditch Park: Tue 29 Sep 17:30 (£91) · 5-a-side · ~£9.10 per player at cost; Old St - Moreland Primary School: Fri 2 Oct 20:00 (£90) · 6-a-side · ~£7.50 per player at cost; Shoreditch Rooftop: Mon 28 Sep 18:00 (£72) · 5-a-side · ~£7.22 per player at cost; Stepney 3G: Mon 28 Sep 17:30 (£3/pp) · 5-a-side · ~£3.00 per player at cost
Home - House of Music and Entertainment,enquiries@homeuk.net,general,,https://www.homeuk.net/,coworking,"20 Commercial Street, London",E1 6LP,London,Whitechapel,15,Contact required,Contact required: 020 7790 3854,,Contact required: 020 8986 7955 (Mon-Fri 09:00-15:30) / hackney.marshes@gll.org. Playfinder shows fully booked,COLA Shoreditch Park: Tue 29 Sep 17:30 (£91) · 5-a-side · ~£9.10 per player at cost; Old St - Moreland Primary School: Fri 2 Oct 20:00 (£90) · 6-a-side · ~£7.50 per player at cost; Shoreditch Rooftop: Mon 28 Sep 18:00 (£72) · 5-a-side · ~£7.22 per player at cost; Stepney 3G: Mon 28 Sep 17:30 (£3/pp) · 5-a-side · ~£3.00 per player at cost
The Culpeper,events@theculpeper.com,people_team,+44 20 7247 5371,https://www.theculpeper.com/,amenity: pub,"Commercial Street 40, London",E1 6LP,London,Whitechapel,15,Contact required,Contact required: 020 7790 3854,,Contact required: 020 8986 7955 (Mon-Fri 09:00-15:30) / hackney.marshes@gll.org. Playfinder shows fully booked,COLA Shoreditch Park: Tue 29 Sep 17:30 (£91) · 5-a-side · ~£9.10 per player at cost; Old St - Moreland Primary School: Fri 2 Oct 20:00 (£90) · 6-a-side · ~£7.50 per player at cost; Shoreditch Rooftop: Mon 28 Sep 18:00 (£72) · 5-a-side · ~£7.22 per player at cost; Stepney 3G: Mon 28 Sep 17:30 (£3/pp) · 5-a-side · ~£3.00 per player at cost
The Young Foundation,reception@youngfoundation.org,general,+44 20 8980 6263,https://www.youngfoundation.org/,ngo,"28 Commercial Street, London",E1 6LS,London,Whitechapel,15,Contact required,Contact required: 020 7790 3854,,Contact required: 020 8986 7955 (Mon-Fri 09:00-15:30) / hackney.marshes@gll.org. Playfinder shows fully booked,COLA Shoreditch Park: Tue 29 Sep 17:30 (£91) · 5-a-side · ~£9.10 per player at cost; Old St - Moreland Primary School: Fri 2 Oct 20:00 (£90) · 6-a-side · ~£7.50 per player at cost; Shoreditch Rooftop: Mon 28 Sep 18:00 (£72) · 5-a-side · ~£7.22 per player at cost; Stepney 3G: Mon 28 Sep 17:30 (£3/pp) · 5-a-side · ~£3.00 per player at cost
Toynbee Hall,info@toynbeehall.org.uk,openstreetmap_tag,,https://www.toynbeehall.org.uk,amenity: community centre,"Commercial Street 28, London",E1 6LS,London,Whitechapel,15,Contact required,Contact required: 020 7790 3854,,Contact required: 020 8986 7955 (Mon-Fri 09:00-15:30) / hackney.marshes@gll.org. Playfinder shows fully booked,COLA Shoreditch Park: Tue 29 Sep 17:30 (£91) · 5-a-side · ~£9.10 per player at cost; Old St - Moreland Primary School: Fri 2 Oct 20:00 (£90) · 6-a-side · ~£7.50 per player at cost; Shoreditch Rooftop: Mon 28 Sep 18:00 (£72) · 5-a-side · ~£7.22 per player at cost; Stepney 3G: Mon 28 Sep 17:30 (£3/pp) · 5-a-side · ~£3.00 per player at cost
Lupita,east@lupita.co.uk,openstreetmap_tag,+44 20 3141 6000,https://www.lupita.co.uk/,amenity: restaurant,"Commercial Street 60-62, London",E1 6LT,London,Whitechapel,17,Contact required,Contact required: 020 7790 3854,,Contact required: 020 8986 7955 (Mon-Fri 09:00-15:30) / hackney.marshes@gll.org. Playfinder shows fully booked,COLA Shoreditch Park: Tue 29 Sep 17:30 (£91) · 5-a-side · ~£9.10 per player at cost; Old St - Moreland Primary School: Fri 2 Oct 20:00 (£90) · 6-a-side · ~£7.50 per player at cost; Shoreditch Rooftop: Mon 28 Sep 18:00 (£72) · 5-a-side · ~£7.22 per player at cost; Stepney 3G: Mon 28 Sep 17:30 (£3/pp) · 5-a-side · ~£3.00 per player at cost
Suba,info@subabakery.com,general,,https://www.subabakery.com/,amenity: cafe,"Commercial Street 74, London",E1 6LY,London,Whitechapel,18,Contact required,Contact required: 020 7790 3854,,Contact required: 020 8986 7955 (Mon-Fri 09:00-15:30) / hackney.marshes@gll.org. Playfinder shows fully booked,COLA Shoreditch Park: Tue 29 Sep 17:30 (£91) · 5-a-side · ~£9.10 per player at cost; Old St - Moreland Primary School: Fri 2 Oct 20:00 (£90) · 6-a-side · ~£7.50 per player at cost; Shoreditch Rooftop: Mon 28 Sep 18:00 (£72) · 5-a-side · ~£7.22 per player at cost; Stepney 3G: Mon 28 Sep 17:30 (£3/pp) · 5-a-side · ~£3.00 per player at cost
Cubitts,spitalfields@cubitts.com,openstreetmap_tag,+44 20 7375 2439,https://www.cubitts.com/,shop: optician,"Commercial Street 86, London",E1 6LY,London,Whitechapel,19,Contact required,Contact required: 020 7790 3854,,Contact required: 020 8986 7955 (Mon-Fri 09:00-15:30) / hackney.marshes@gll.org. Playfinder shows fully booked,COLA Shoreditch Park: Tue 29 Sep 17:30 (£91) · 5-a-side · ~£9.10 per player at cost; Old St - Moreland Primary School: Fri 2 Oct 20:00 (£90) · 6-a-side · ~£7.50 per player at cost; Shoreditch Rooftop: Mon 28 Sep 18:00 (£72) · 5-a-side · ~£7.22 per player at cost; Stepney 3G: Mon 28 Sep 17:30 (£3/pp) · 5-a-side · ~£3.00 per player at cost
Yuu Kitchen,info@yuukitchen.com,general,,https://www.yuukitchen.com/,amenity: restaurant,"Commercial Street 29, London",E1 6NE,London,Whitechapel,15,Contact required,Contact required: 020 7790 3854,,Contact required: 020 8986 7955 (Mon-Fri 09:00-15:30) / hackney.marshes@gll.org. Playfinder shows fully booked,COLA Shoreditch Park: Tue 29 Sep 17:30 (£91) · 5-a-side · ~£9.10 per player at cost; Old St - Moreland Primary School: Fri 2 Oct 20:00 (£90) · 6-a-side · ~£7.50 per player at cost; Shoreditch Rooftop: Mon 28 Sep 18:00 (£72) · 5-a-side · ~£7.22 per player at cost; Stepney 3G: Mon 28 Sep 17:30 (£3/pp) · 5-a-side · ~£3.00 per player at cost
MK Law Solicitors,enquiries@mk-law.co.uk,general,+44 20 8692 2694,http://mk-law.co.uk/,lawyer,"224 Shoreditch High St, London E1 6PN, UK",E1 6PN,London,Shoreditch Rooftop,22,Available,Mon 28 Sep 18:00 (£72),Mon 28 Sep 18:00 (£72) · 5-a-side · ~£7.22 per player at cost,Contact required: 020 8986 7955 (Mon-Fri 09:00-15:30) / hackney.marshes@gll.org. Playfinder shows fully booked,
Olympia Properties,info@olympiaproperties.co.uk,general,+44 20 7377 8000,https://www.olympiaproperties.co.uk/,estate_agent,"13a Brick Lane, London",E1 6PU,London,Whitechapel,14,Contact required,Contact required: 020 7790 3854,,Contact required: 020 8986 7955 (Mon-Fri 09:00-15:30) / hackney.marshes@gll.org. Playfinder shows fully booked,COLA Shoreditch Park: Tue 29 Sep 17:30 (£91) · 5-a-side · ~£9.10 per player at cost; Old St - Moreland Primary School: Fri 2 Oct 20:00 (£90) · 6-a-side · ~£7.50 per player at cost; Shoreditch Rooftop: Mon 28 Sep 18:00 (£72) · 5-a-side · ~£7.22 per player at cost; Stepney 3G: Mon 28 Sep 17:30 (£3/pp) · 5-a-side · ~£3.00 per player at cost
Future Workshops,info@futureworkshops.com,general,,https://futureworkshops.com/,company,"11-29 Fashion Street, London",E1 6PX,London,Whitechapel,16,Contact required,Contact required: 020 7790 3854,,Contact required: 020 8986 7955 (Mon-Fri 09:00-15:30) / hackney.marshes@gll.org. Playfinder shows fully booked,COLA Shoreditch Park: Tue 29 Sep 17:30 (£91) · 5-a-side · ~£9.10 per player at cost; Old St - Moreland Primary School: Fri 2 Oct 20:00 (£90) · 6-a-side · ~£7.50 per player at cost; Shoreditch Rooftop: Mon 28 Sep 18:00 (£72) · 5-a-side · ~£7.22 per player at cost; Stepney 3G: Mon 28 Sep 17:30 (£3/pp) · 5-a-side · ~£3.00 per player at cost
ILN,hello@iln.co.uk,general,,https://www.iln.co.uk/,company,"10 Fashion Street, London",E1 6PX,London,Whitechapel,17,Contact required,Contact required: 020 7790 3854,,Contact required: 020 8986 7955 (Mon-Fri 09:00-15:30) / hackney.marshes@gll.org. Playfinder shows fully booked,COLA Shoreditch Park: Tue 29 Sep 17:30 (£91) · 5-a-side · ~£9.10 per player at cost; Old St - Moreland Primary School: Fri 2 Oct 20:00 (£90) · 6-a-side · ~£7.50 per player at cost; Shoreditch Rooftop: Mon 28 Sep 18:00 (£72) · 5-a-side · ~£7.22 per player at cost; Stepney 3G: Mon 28 Sep 17:30 (£3/pp) · 5-a-side · ~£3.00 per player at cost
Brick Lane Brasserie,info@bricklanebrasserie.com,openstreetmap_tag,+44 20 7377 8072,,amenity: restaurant,"Brick Lane 67, London",E1 6QL,London,Whitechapel,17,Contact required,Contact required: 020 7790 3854,,Contact required: 020 8986 7955 (Mon-Fri 09:00-15:30) / hackney.marshes@gll.org. Playfinder shows fully booked,COLA Shoreditch Park: Tue 29 Sep 17:30 (£91) · 5-a-side · ~£9.10 per player at cost; Old St - Moreland Primary School: Fri 2 Oct 20:00 (£90) · 6-a-side · ~£7.50 per player at cost; Shoreditch Rooftop: Mon 28 Sep 18:00 (£72) · 5-a-side · ~£7.22 per player at cost; Stepney 3G: Mon 28 Sep 17:30 (£3/pp) · 5-a-side · ~£3.00 per player at cost
Brick Lane Taproom,hello@bricklanetaproom.co.uk,general,,https://www.bricklanetaproom.co.uk/,amenity: pub,"Brick Lane, London",E1 6QL,London,Whitechapel,18,Contact required,Contact required: 020 7790 3854,,Contact required: 020 8986 7955 (Mon-Fri 09:00-15:30) / hackney.marshes@gll.org. Playfinder shows fully booked,COLA Shoreditch Park: Tue 29 Sep 17:30 (£91) · 5-a-side · ~£9.10 per player at cost; Old St - Moreland Primary School: Fri 2 Oct 20:00 (£90) · 6-a-side · ~£7.50 per player at cost; Shoreditch Rooftop: Mon 28 Sep 18:00 (£72) · 5-a-side · ~£7.22 per player at cost; Stepney 3G: Mon 28 Sep 17:30 (£3/pp) · 5-a-side · ~£3.00 per player at cost
Café 1001,info@cafe1001.co.uk,general,+44 20 7770 6050,https://www.cafe1001.co.uk/,amenity: nightclub,"Dray Walk, London",E1 6QL,London,Whitechapel,18,Contact required,Contact required: 020 7790 3854,,Contact required: 020 8986 7955 (Mon-Fri 09:00-15:30) / hackney.marshes@gll.org. Playfinder shows fully booked,COLA Shoreditch Park: Tue 29 Sep 17:30 (£91) · 5-a-side · ~£9.10 per player at cost; Old St - Moreland Primary School: Fri 2 Oct 20:00 (£90) · 6-a-side · ~£7.50 per player at cost; Shoreditch Rooftop: Mon 28 Sep 18:00 (£72) · 5-a-side · ~£7.22 per player at cost; Stepney 3G: Mon 28 Sep 17:30 (£3/pp) · 5-a-side · ~£3.00 per player at cost
Slam City Skates,shop@slamcity.com,openstreetmap_tag,,https://www.slamcity.com,shop: sports,"Dray Walk 10, London",E1 6QL,London,Whitechapel,19,Contact required,Contact required: 020 7790 3854,,Contact required: 020 8986 7955 (Mon-Fri 09:00-15:30) / hackney.marshes@gll.org. Playfinder shows fully booked,COLA Shoreditch Park: Tue 29 Sep 17:30 (£91) · 5-a-side · ~£9.10 per player at cost; Old St - Moreland Primary School: Fri 2 Oct 20:00 (£90) · 6-a-side · ~£7.50 per player at cost; Shoreditch Rooftop: Mon 28 Sep 18:00 (£72) · 5-a-side · ~£7.22 per player at cost; Stepney 3G: Mon 28 Sep 17:30 (£3/pp) · 5-a-side · ~£3.00 per player at cost
Son of a Stag,customercare@sonofastag.com,openstreetmap_tag,+44 20 7247 3333,https://sonofastag.com/,shop: clothes,"Dray Walk 9, London",E1 6QL,London,Whitechapel,19,Contact required,Contact required: 020 7790 3854,,Contact required: 020 8986 7955 (Mon-Fri 09:00-15:30) / hackney.marshes@gll.org. Playfinder shows fully booked,COLA Shoreditch Park: Tue 29 Sep 17:30 (£91) · 5-a-side · ~£9.10 per player at cost; Old St - Moreland Primary School: Fri 2 Oct 20:00 (£90) · 6-a-side · ~£7.50 per player at cost; Shoreditch Rooftop: Mon 28 Sep 18:00 (£72) · 5-a-side · ~£7.22 per player at cost; Stepney 3G: Mon 28 Sep 17:30 (£3/pp) · 5-a-side · ~£3.00 per player at cost
Three Rounds Tavern,cheers@threerounds.co.uk,person_or_other,,https://threerounds.co.uk/,amenity: restaurant,"Hanbury Street 32, London",E1 6QR,London,Whitechapel,17,Contact required,Contact required: 020 7790 3854,,Contact required: 020 8986 7955 (Mon-Fri 09:00-15:30) / hackney.marshes@gll.org. Playfinder shows fully booked,COLA Shoreditch Park: Tue 29 Sep 17:30 (£91) · 5-a-side · ~£9.10 per player at cost; Old St - Moreland Primary School: Fri 2 Oct 20:00 (£90) · 6-a-side · ~£7.50 per player at cost; Shoreditch Rooftop: Mon 28 Sep 18:00 (£72) · 5-a-side · ~£7.22 per player at cost; Stepney 3G: Mon 28 Sep 17:30 (£3/pp) · 5-a-side · ~£3.00 per player at cost
Hanbury Hall Coworking,hello@hanburyhall.com,general,,http://www.hanburyhall.com/,coworking_space,"22a Hanbury St, London E1 6QR, UK",E1 6QR,London,Whitechapel,18,Contact required,Contact required: 020 7790 3854,,Contact required: 020 8986 7955 (Mon-Fri 09:00-15:30) / hackney.marshes@gll.org. Playfinder shows fully booked,COLA Shoreditch Park: Tue 29 Sep 17:30 (£91) · 5-a-side · ~£9.10 per player at cost; Old St - Moreland Primary School: Fri 2 Oct 20:00 (£90) · 6-a-side · ~£7.50 per player at cost; Shoreditch Rooftop: Mon 28 Sep 18:00 (£72) · 5-a-side · ~£7.22 per player at cost; Stepney 3G: Mon 28 Sep 17:30 (£3/pp) · 5-a-side · ~£3.00 per player at cost
Kreston Reeves,datateam@krestonreeves.com,person_or_other,+44 20 7382 1820,https://www.krestonreeves.com/locations/london/?utm_source=Organic%20search&utm_medium=GMB,finance,"168 Shoreditch High St, London E1 6RA, UK",E1 6RA,London,Shoreditch Rooftop,19,Available,Mon 28 Sep 18:00 (£72),Mon 28 Sep 18:00 (£72) · 5-a-side · ~£7.22 per player at cost,Contact required: 020 8986 7955 (Mon-Fri 09:00-15:30) / hackney.marshes@gll.org. Playfinder shows fully booked,
StrategiQ Marketing Limited,suffolk@strategiq.co,person_or_other,+44 20 4574 6531,https://strategiq.co/,consultant,"Level 2 Warehouse, Nicholls & Clarke, Building 1 Fleur De Lis Psge, London E1 6RB, UK",E1 6RB,London,Shoreditch Rooftop,23,Available,Mon 28 Sep 18:00 (£72),Mon 28 Sep 18:00 (£72) · 5-a-side · ~£7.22 per player at cost,Contact required: 020 8986 7955 (Mon-Fri 09:00-15:30) / hackney.marshes@gll.org. Playfinder shows fully booked,
One Rice,onerice@example.com,openstreetmap_tag,+44 20 3859 5892,https://www.onericelondon.com/,amenity: restaurant,"Brick Lane 46, London",E1 6RF,London,Whitechapel,15,Contact required,Contact required: 020 7790 3854,,Contact required: 020 8986 7955 (Mon-Fri 09:00-15:30) / hackney.marshes@gll.org. Playfinder shows fully booked,COLA Shoreditch Park: Tue 29 Sep 17:30 (£91) · 5-a-side · ~£9.10 per player at cost; Old St - Moreland Primary School: Fri 2 Oct 20:00 (£90) · 6-a-side · ~£7.50 per player at cost; Shoreditch Rooftop: Mon 28 Sep 18:00 (£72) · 5-a-side · ~£7.22 per player at cost; Stepney 3G: Mon 28 Sep 17:30 (£3/pp) · 5-a-side · ~£3.00 per player at cost
Vegan Yes,shop@veganyes.co.uk,person_or_other,,https://veganyes.co.uk,amenity: restaurant,"Brick Lane 64, London",E1 6RF,London,Whitechapel,15,Contact required,Contact required: 020 7790 3854,,Contact required: 020 8986 7955 (Mon-Fri 09:00-15:30) / hackney.marshes@gll.org. Playfinder shows fully booked,COLA Shoreditch Park: Tue 29 Sep 17:30 (£91) · 5-a-side · ~£9.10 per player at cost; Old St - Moreland Primary School: Fri 2 Oct 20:00 (£90) · 6-a-side · ~£7.50 per player at cost; Shoreditch Rooftop: Mon 28 Sep 18:00 (£72) · 5-a-side · ~£7.22 per player at cost; Stepney 3G: Mon 28 Sep 17:30 (£3/pp) · 5-a-side · ~£3.00 per player at cost
Amar Gaon,info@amargaon.co.uk,openstreetmap_tag,+44 20 7377 6688,https://amargaon.co.uk/,amenity: restaurant,"Brick Lane 48-50, London",E1 6RL,London,Whitechapel,15,Contact required,Contact required: 020 7790 3854,,Contact required: 020 8986 7955 (Mon-Fri 09:00-15:30) / hackney.marshes@gll.org. Playfinder shows fully booked,COLA Shoreditch Park: Tue 29 Sep 17:30 (£91) · 5-a-side · ~£9.10 per player at cost; Old St - Moreland Primary School: Fri 2 Oct 20:00 (£90) · 6-a-side · ~£7.50 per player at cost; Shoreditch Rooftop: Mon 28 Sep 18:00 (£72) · 5-a-side · ~£7.22 per player at cost; Stepney 3G: Mon 28 Sep 17:30 (£3/pp) · 5-a-side · ~£3.00 per player at cost
Enso Lounge,info@ensolondon.uk,openstreetmap_tag,,https://www.ensolounge.com/,amenity: restaurant,"Brick Lane 124-126, London",E1 6RL,London,Whitechapel,17,Contact required,Contact required: 020 7790 3854,,Contact required: 020 8986 7955 (Mon-Fri 09:00-15:30) / hackney.marshes@gll.org. Playfinder shows fully booked,COLA Shoreditch Park: Tue 29 Sep 17:30 (£91) · 5-a-side · ~£9.10 per player at cost; Old St - Moreland Primary School: Fri 2 Oct 20:00 (£90) · 6-a-side · ~£7.50 per player at cost; Shoreditch Rooftop: Mon 28 Sep 18:00 (£72) · 5-a-side · ~£7.22 per player at cost; Stepney 3G: Mon 28 Sep 17:30 (£3/pp) · 5-a-side · ~£3.00 per player at cost
Reed Smith,rswebsite@reedsmith.com,person_or_other,+44 20 3116 3000,https://www.reedsmith.com/,lawyer,"1 Blossom Yard, London E1 6RS, UK",E1 6RS,London,Whitechapel,24,Contact required,Contact required: 020 7790 3854,,Contact required: 020 8986 7955 (Mon-Fri 09:00-15:30) / hackney.marshes@gll.org. Playfinder shows fully booked,COLA Shoreditch Park: Tue 29 Sep 17:30 (£91) · 5-a-side · ~£9.10 per player at cost; Old St - Moreland Primary School: Fri 2 Oct 20:00 (£90) · 6-a-side · ~£7.50 per player at cost; Shoreditch Rooftop: Mon 28 Sep 18:00 (£72) · 5-a-side · ~£7.22 per player at cost; Stepney 3G: Mon 28 Sep 17:30 (£3/pp) · 5-a-side · ~£3.00 per player at cost
Attlee Centre,admin@attleecentre.org,general,,https://attleecentre.org/,amenity: community centre,"Thrawl Street 5, London",E1 6RT,London,Whitechapel,16,Contact required,Contact required: 020 7790 3854,,Contact required: 020 8986 7955 (Mon-Fri 09:00-15:30) / hackney.marshes@gll.org. Playfinder shows fully booked,COLA Shoreditch Park: Tue 29 Sep 17:30 (£91) · 5-a-side · ~£9.10 per player at cost; Old St - Moreland Primary School: Fri 2 Oct 20:00 (£90) · 6-a-side · ~£7.50 per player at cost; Shoreditch Rooftop: Mon 28 Sep 18:00 (£72) · 5-a-side · ~£7.22 per player at cost; Stepney 3G: Mon 28 Sep 17:30 (£3/pp) · 5-a-side · ~£3.00 per player at cost
Thai O'CHA,info@thaiocha.co.uk,general,,https://thaiocha.co.uk/,amenity: restaurant,"Brick Lane 176, London",E1 6RU,London,Whitechapel,19,Contact required,Contact required: 020 7790 3854,,Contact required: 020 8986 7955 (Mon-Fri 09:00-15:30) / hackney.marshes@gll.org. Playfinder shows fully booked,COLA Shoreditch Park: Tue 29 Sep 17:30 (£91) · 5-a-side · ~£9.10 per player at cost; Old St - Moreland Primary School: Fri 2 Oct 20:00 (£90) · 6-a-side · ~£7.50 per player at cost; Shoreditch Rooftop: Mon 28 Sep 18:00 (£72) · 5-a-side · ~£7.22 per player at cost; Stepney 3G: Mon 28 Sep 17:30 (£3/pp) · 5-a-side · ~£3.00 per player at cost
Urbiana UK,info@urbiana.co.uk,general,,https://urbiana.co.uk/,shop: jewelry,"Brick Lane 156, London",E1 6RU,London,Whitechapel,19,Contact required,Contact required: 020 7790 3854,,Contact required: 020 8986 7955 (Mon-Fri 09:00-15:30) / hackney.marshes@gll.org. Playfinder shows fully booked,COLA Shoreditch Park: Tue 29 Sep 17:30 (£91) · 5-a-side · ~£9.10 per player at cost; Old St - Moreland Primary School: Fri 2 Oct 20:00 (£90) · 6-a-side · ~£7.50 per player at cost; Shoreditch Rooftop: Mon 28 Sep 18:00 (£72) · 5-a-side · ~£7.22 per player at cost; Stepney 3G: Mon 28 Sep 17:30 (£3/pp) · 5-a-side · ~£3.00 per player at cost
Hoxton Wealth,client.services@hoxtonwealth.com,person_or_other,+44 20 3917 3757,https://hoxtonwealth.com/uk,finance,"Level 10, 1 Blossom St, Norton Folgate, London E1 6SG, UK",E1 6SG,London,Whitechapel,23,Contact required,Contact required: 020 7790 3854,,Contact required: 020 8986 7955 (Mon-Fri 09:00-15:30) / hackney.marshes@gll.org. Playfinder shows fully booked,COLA Shoreditch Park: Tue 29 Sep 17:30 (£91) · 5-a-side · ~£9.10 per player at cost; Old St - Moreland Primary School: Fri 2 Oct 20:00 (£90) · 6-a-side · ~£7.50 per player at cost; Shoreditch Rooftop: Mon 28 Sep 18:00 (£72) · 5-a-side · ~£7.22 per player at cost; Stepney 3G: Mon 28 Sep 17:30 (£3/pp) · 5-a-side · ~£3.00 per player at cost
Crisis,bricklane.shop@crisis.org.uk,openstreetmap_tag,+44 20 7247 3831,,office building (multi-tenant),"78 Quaker Street, London",E1 6SW,London,Whitechapel,19,Contact required,Contact required: 020 7790 3854,,Contact required: 020 8986 7955 (Mon-Fri 09:00-15:30) / hackney.marshes@gll.org. Playfinder shows fully booked,COLA Shoreditch Park: Tue 29 Sep 17:30 (£91) · 5-a-side · ~£9.10 per player at cost; Old St - Moreland Primary School: Fri 2 Oct 20:00 (£90) · 6-a-side · ~£7.50 per player at cost; Shoreditch Rooftop: Mon 28 Sep 18:00 (£72) · 5-a-side · ~£7.22 per player at cost; Stepney 3G: Mon 28 Sep 17:30 (£3/pp) · 5-a-side · ~£3.00 per player at cost
The Buxton,bookings@thebuxton.co.uk,openstreetmap_tag,+44 7595 366162,https://www.thebuxton.co.uk/stay/,tourism: hotel,"Osborn Street 42, London",E1 6TD,London,Whitechapel,13,Contact required,Contact required: 020 7790 3854,,Contact required: 020 8986 7955 (Mon-Fri 09:00-15:30) / hackney.marshes@gll.org. Playfinder shows fully booked,COLA Shoreditch Park: Tue 29 Sep 17:30 (£91) · 5-a-side · ~£9.10 per player at cost; Old St - Moreland Primary School: Fri 2 Oct 20:00 (£90) · 6-a-side · ~£7.50 per player at cost; Shoreditch Rooftop: Mon 28 Sep 18:00 (£72) · 5-a-side · ~£7.22 per player at cost; Stepney 3G: Mon 28 Sep 17:30 (£3/pp) · 5-a-side · ~£3.00 per player at cost
Mumbai Square,info@mumbaisquare.co.uk,general,+44 20 7247 6461,https://mumbaisquare.co.uk/,amenity: restaurant,"Middlesex Street 7, London",E1 7AA,London,Whitechapel,18,Contact required,Contact required: 020 7790 3854,,Contact required: 020 8986 7955 (Mon-Fri 09:00-15:30) / hackney.marshes@gll.org. Playfinder shows fully booked,COLA Shoreditch Park: Tue 29 Sep 17:30 (£91) · 5-a-side · ~£9.10 per player at cost; Old St - Moreland Primary School: Fri 2 Oct 20:00 (£90) · 6-a-side · ~£7.50 per player at cost; Shoreditch Rooftop: Mon 28 Sep 18:00 (£72) · 5-a-side · ~£7.22 per player at cost; Stepney 3G: Mon 28 Sep 17:30 (£3/pp) · 5-a-side · ~£3.00 per player at cost
Xian Biang Biang Noodles,info@xianbiangbiangnoodles.com,openstreetmap_tag,+44 20 8617 1470,https://xianbiangbiangnoodles.com,amenity: restaurant,"Wentworth Street 62, London",E1 7AL,London,Whitechapel,16,Contact required,Contact required: 020 7790 3854,,Contact required: 020 8986 7955 (Mon-Fri 09:00-15:30) / hackney.marshes@gll.org. Playfinder shows fully booked,COLA Shoreditch Park: Tue 29 Sep 17:30 (£91) · 5-a-side · ~£9.10 per player at cost; Old St - Moreland Primary School: Fri 2 Oct 20:00 (£90) · 6-a-side · ~£7.50 per player at cost; Shoreditch Rooftop: Mon 28 Sep 18:00 (£72) · 5-a-side · ~£7.22 per player at cost; Stepney 3G: Mon 28 Sep 17:30 (£3/pp) · 5-a-side · ~£3.00 per player at cost
Clayton Hotel,res.cityoflondon@claytonhotels.com,openstreetmap_tag,+44 20 3687 2777,https://www.claytonhotelcityoflondon.com/,tourism: hotel,"New Drum Street 10, London",E1 7AT,London,Whitechapel,12,Contact required,Contact required: 020 7790 3854,,Contact required: 020 8986 7955 (Mon-Fri 09:00-15:30) / hackney.marshes@gll.org. Playfinder shows fully booked,COLA Shoreditch Park: Tue 29 Sep 17:30 (£91) · 5-a-side · ~£9.10 per player at cost; Old St - Moreland Primary School: Fri 2 Oct 20:00 (£90) · 6-a-side · ~£7.50 per player at cost; Shoreditch Rooftop: Mon 28 Sep 18:00 (£72) · 5-a-side · ~£7.22 per player at cost; Stepney 3G: Mon 28 Sep 17:30 (£3/pp) · 5-a-side · ~£3.00 per player at cost
Ara Restaurant,info@ararestaurant.co.uk,openstreetmap_tag,+44 20 4597 0116,https://ararestaurant.co.uk/,amenity: restaurant,"New Drum Street 1, London",E1 7AY,London,Whitechapel,13,Contact required,Contact required: 020 7790 3854,,Contact required: 020 8986 7955 (Mon-Fri 09:00-15:30) / hackney.marshes@gll.org. Playfinder shows fully booked,COLA Shoreditch Park: Tue 29 Sep 17:30 (£91) · 5-a-side · ~£9.10 per player at cost; Old St - Moreland Primary School: Fri 2 Oct 20:00 (£90) · 6-a-side · ~£7.50 per player at cost; Shoreditch Rooftop: Mon 28 Sep 18:00 (£72) · 5-a-side · ~£7.22 per player at cost; Stepney 3G: Mon 28 Sep 17:30 (£3/pp) · 5-a-side · ~£3.00 per player at cost
London Accounting Firm,info@londonaccountingfirm.co.uk,general,+44 7494 090068,https://londonaccountingfirm.co.uk/,finance,"95 Middlesex St, London E1 7DA, UK",E1 7DA,London,Whitechapel,19,Contact required,Contact required: 020 7790 3854,,Contact required: 020 8986 7955 (Mon-Fri 09:00-15:30) / hackney.marshes@gll.org. Playfinder shows fully booked,COLA Shoreditch Park: Tue 29 Sep 17:30 (£91) · 5-a-side · ~£9.10 per player at cost; Old St - Moreland Primary School: Fri 2 Oct 20:00 (£90) · 6-a-side · ~£7.50 per player at cost; Shoreditch Rooftop: Mon 28 Sep 18:00 (£72) · 5-a-side · ~£7.22 per player at cost; Stepney 3G: Mon 28 Sep 17:30 (£3/pp) · 5-a-side · ~£3.00 per player at cost
Current Cafe,hello@currentcafe.co.uk,openstreetmap_tag,+44 7909 661731,https://www.currentcafe.co.uk/,amenity: cafe,"Harrow Place 6, London",E1 7DB,London,Whitechapel,20,Contact required,Contact required: 020 7790 3854,,Contact required: 020 8986 7955 (Mon-Fri 09:00-15:30) / hackney.marshes@gll.org. Playfinder shows fully booked,COLA Shoreditch Park: Tue 29 Sep 17:30 (£91) · 5-a-side · ~£9.10 per player at cost; Old St - Moreland Primary School: Fri 2 Oct 20:00 (£90) · 6-a-side · ~£7.50 per player at cost; Shoreditch Rooftop: Mon 28 Sep 18:00 (£72) · 5-a-side · ~£7.22 per player at cost; Stepney 3G: Mon 28 Sep 17:30 (£3/pp) · 5-a-side · ~£3.00 per player at cost
Grain Kitchen,info@grainkitchen.co.uk,general,+44 20 7377 8586,https://www.grainkitchen.co.uk/,amenity: cafe,"Harrow Place 13, London",E1 7DB,London,Whitechapel,20,Contact required,Contact required: 020 7790 3854,,Contact required: 020 8986 7955 (Mon-Fri 09:00-15:30) / hackney.marshes@gll.org. Playfinder shows fully booked,COLA Shoreditch Park: Tue 29 Sep 17:30 (£91) · 5-a-side · ~£9.10 per player at cost; Old St - Moreland Primary School: Fri 2 Oct 20:00 (£90) · 6-a-side · ~£7.50 per player at cost; Shoreditch Rooftop: Mon 28 Sep 18:00 (£72) · 5-a-side · ~£7.22 per player at cost; Stepney 3G: Mon 28 Sep 17:30 (£3/pp) · 5-a-side · ~£3.00 per player at cost
1947 Restaurant & Bar,info@1947restaurant.co.uk,openstreetmap_tag,+44 20 3583 1908,https://1947restaurant.co.uk/,amenity: restaurant,"Middlesex Street 38, London",E1 7EX,London,Whitechapel,17,Contact required,Contact required: 020 7790 3854,,Contact required: 020 8986 7955 (Mon-Fri 09:00-15:30) / hackney.marshes@gll.org. Playfinder shows fully booked,COLA Shoreditch Park: Tue 29 Sep 17:30 (£91) · 5-a-side · ~£9.10 per player at cost; Old St - Moreland Primary School: Fri 2 Oct 20:00 (£90) · 6-a-side · ~£7.50 per player at cost; Shoreditch Rooftop: Mon 28 Sep 18:00 (£72) · 5-a-side · ~£7.22 per player at cost; Stepney 3G: Mon 28 Sep 17:30 (£3/pp) · 5-a-side · ~£3.00 per player at cost
BiFe,info@bife.co.uk,general,+44 20 7650 7948,https://bife.co.uk/,amenity: restaurant,"Middlesex Street 40-42, London",E1 7EX,London,Whitechapel,18,Contact required,Contact required: 020 7790 3854,,Contact required: 020 8986 7955 (Mon-Fri 09:00-15:30) / hackney.marshes@gll.org. Playfinder shows fully booked,COLA Shoreditch Park: Tue 29 Sep 17:30 (£91) · 5-a-side · ~£9.10 per player at cost; Old St - Moreland Primary School: Fri 2 Oct 20:00 (£90) · 6-a-side · ~£7.50 per player at cost; Shoreditch Rooftop: Mon 28 Sep 18:00 (£72) · 5-a-side · ~£7.22 per player at cost; Stepney 3G: Mon 28 Sep 17:30 (£3/pp) · 5-a-side · ~£3.00 per player at cost
Rockerfella Barbers,info@rockerfellabarbers.com,general,+44 20 7377 6076,https://www.rockerfellabarbers.com/,shop: hairdresser,"Middlesex Street 44, London",E1 7EX,London,Whitechapel,18,Contact required,Contact required: 020 7790 3854,,Contact required: 020 8986 7955 (Mon-Fri 09:00-15:30) / hackney.marshes@gll.org. Playfinder shows fully booked,COLA Shoreditch Park: Tue 29 Sep 17:30 (£91) · 5-a-side · ~£9.10 per player at cost; Old St - Moreland Primary School: Fri 2 Oct 20:00 (£90) · 6-a-side · ~£7.50 per player at cost; Shoreditch Rooftop: Mon 28 Sep 18:00 (£72) · 5-a-side · ~£7.22 per player at cost; Stepney 3G: Mon 28 Sep 17:30 (£3/pp) · 5-a-side · ~£3.00 per player at cost
The Bell,info@thebellpub.co.uk,openstreetmap_tag,+44 20 7247 3459,https://www.thebellpub.co.uk/,amenity: pub,"Middlesex Street 50, London",E1 7EX,London,Whitechapel,18,Contact required,Contact required: 020 7790 3854,,Contact required: 020 8986 7955 (Mon-Fri 09:00-15:30) / hackney.marshes@gll.org. Playfinder shows fully booked,COLA Shoreditch Park: Tue 29 Sep 17:30 (£91) · 5-a-side · ~£9.10 per player at cost; Old St - Moreland Primary School: Fri 2 Oct 20:00 (£90) · 6-a-side · ~£7.50 per player at cost; Shoreditch Rooftop: Mon 28 Sep 18:00 (£72) · 5-a-side · ~£7.22 per player at cost; Stepney 3G: Mon 28 Sep 17:30 (£3/pp) · 5-a-side · ~£3.00 per player at cost
The Star by Liverpool Street,info@starbyliverpoolstreet.co.uk,general,+44 20 8161 0890,https://starbyliverpoolstreet.co.uk/,amenity: pub,"Middlesex Street 94-98, London",E1 7EZ,London,Whitechapel,20,Contact required,Contact required: 020 7790 3854,,Contact required: 020 8986 7955 (Mon-Fri 09:00-15:30) / hackney.marshes@gll.org. Playfinder shows fully booked,COLA Shoreditch Park: Tue 29 Sep 17:30 (£91) · 5-a-side · ~£9.10 per player at cost; Old St - Moreland Primary School: Fri 2 Oct 20:00 (£90) · 6-a-side · ~£7.50 per player at cost; Shoreditch Rooftop: Mon 28 Sep 18:00 (£72) · 5-a-side · ~£7.22 per player at cost; Stepney 3G: Mon 28 Sep 17:30 (£3/pp) · 5-a-side · ~£3.00 per player at cost
Discount Suit Company,contact@discountsuitcompany.co.uk,general,+44 20 7247 8755,https://discountsuitcompany.co.uk/,amenity: bar,"Bell Lane 1A, London",E1 7LA,London,Whitechapel,18,Contact required,Contact required: 020 7790 3854,,Contact required: 020 8986 7955 (Mon-Fri 09:00-15:30) / hackney.marshes@gll.org. Playfinder shows fully booked,COLA Shoreditch Park: Tue 29 Sep 17:30 (£91) · 5-a-side · ~£9.10 per player at cost; Old St - Moreland Primary School: Fri 2 Oct 20:00 (£90) · 6-a-side · ~£7.50 per player at cost; Shoreditch Rooftop: Mon 28 Sep 18:00 (£72) · 5-a-side · ~£7.22 per player at cost; Stepney 3G: Mon 28 Sep 17:30 (£3/pp) · 5-a-side · ~£3.00 per player at cost
Duke of Wellington,hello@duke.london,general,,https://www.duke.london/,amenity: pub,"Toynbee Street 12-14, London",E1 7NE,London,Whitechapel,18,Contact required,Contact required: 020 7790 3854,,Contact required: 020 8986 7955 (Mon-Fri 09:00-15:30) / hackney.marshes@gll.org. Playfinder shows fully booked,COLA Shoreditch Park: Tue 29 Sep 17:30 (£91) · 5-a-side · ~£9.10 per player at cost; Old St - Moreland Primary School: Fri 2 Oct 20:00 (£90) · 6-a-side · ~£7.50 per player at cost; Shoreditch Rooftop: Mon 28 Sep 18:00 (£72) · 5-a-side · ~£7.22 per player at cost; Stepney 3G: Mon 28 Sep 17:30 (£3/pp) · 5-a-side · ~£3.00 per player at cost
Potter & Reid,hello@potterandreid.com,general,,https://www.potterandreid.com/,amenity: cafe,"Toynbee Street 20-22, London",E1 7NE,London,Whitechapel,18,Contact required,Contact required: 020 7790 3854,,Contact required: 020 8986 7955 (Mon-Fri 09:00-15:30) / hackney.marshes@gll.org. Playfinder shows fully booked,COLA Shoreditch Park: Tue 29 Sep 17:30 (£91) · 5-a-side · ~£9.10 per player at cost; Old St - Moreland Primary School: Fri 2 Oct 20:00 (£90) · 6-a-side · ~£7.50 per player at cost; Shoreditch Rooftop: Mon 28 Sep 18:00 (£72) · 5-a-side · ~£7.22 per player at cost; Stepney 3G: Mon 28 Sep 17:30 (£3/pp) · 5-a-side · ~£3.00 per player at cost
Gunpowder,hello@gunpowderlondon.com,openstreetmap_tag,+44 20 7426 0542,http://gunpowderlondon.com/,amenity: restaurant,"White's Row 11, London",E1 7NF,London,Whitechapel,18,Contact required,Contact required: 020 7790 3854,,Contact required: 020 8986 7955 (Mon-Fri 09:00-15:30) / hackney.marshes@gll.org. Playfinder shows fully booked,COLA Shoreditch Park: Tue 29 Sep 17:30 (£91) · 5-a-side · ~£9.10 per player at cost; Old St - Moreland Primary School: Fri 2 Oct 20:00 (£90) · 6-a-side · ~£7.50 per player at cost; Shoreditch Rooftop: Mon 28 Sep 18:00 (£72) · 5-a-side · ~£7.22 per player at cost; Stepney 3G: Mon 28 Sep 17:30 (£3/pp) · 5-a-side · ~£3.00 per player at cost
WeCovr,hello@wecovr.com,general,+44 20 7187 3077,https://wecovr.com/,finance,"45 Old Castle St, London E1 7NY, UK",E1 7NY,London,Whitechapel,17,Contact required,Contact required: 020 7790 3854,,Contact required: 020 8986 7955 (Mon-Fri 09:00-15:30) / hackney.marshes@gll.org. Playfinder shows fully booked,COLA Shoreditch Park: Tue 29 Sep 17:30 (£91) · 5-a-side · ~£9.10 per player at cost; Old St - Moreland Primary School: Fri 2 Oct 20:00 (£90) · 6-a-side · ~£7.50 per player at cost; Shoreditch Rooftop: Mon 28 Sep 18:00 (£72) · 5-a-side · ~£7.22 per player at cost; Stepney 3G: Mon 28 Sep 17:30 (£3/pp) · 5-a-side · ~£3.00 per player at cost
Department of Coffee and Social Affairs,shop@departmentofcoffee.com,person_or_other,,https://departmentofcoffee.com,amenity: cafe,"Whitechapel High Street 133, London",E1 7QA,London,Whitechapel,15,Contact required,Contact required: 020 7790 3854,,Contact required: 020 8986 7955 (Mon-Fri 09:00-15:30) / hackney.marshes@gll.org. Playfinder shows fully booked,COLA Shoreditch Park: Tue 29 Sep 17:30 (£91) · 5-a-side · ~£9.10 per player at cost; Old St - Moreland Primary School: Fri 2 Oct 20:00 (£90) · 6-a-side · ~£7.50 per player at cost; Shoreditch Rooftop: Mon 28 Sep 18:00 (£72) · 5-a-side · ~£7.22 per player at cost; Stepney 3G: Mon 28 Sep 17:30 (£3/pp) · 5-a-side · ~£3.00 per player at cost
Rare: Consulting,hello@rare.consulting,general,+44 20 7859 4627,http://www.rare.consulting/,service,"TOG, 133 Whitechapel High St, London E1 7QA, UK",E1 7QA,London,Whitechapel,15,Contact required,Contact required: 020 7790 3854,,Contact required: 020 8986 7955 (Mon-Fri 09:00-15:30) / hackney.marshes@gll.org. Playfinder shows fully booked,COLA Shoreditch Park: Tue 29 Sep 17:30 (£91) · 5-a-side · ~£9.10 per player at cost; Old St - Moreland Primary School: Fri 2 Oct 20:00 (£90) · 6-a-side · ~£7.50 per player at cost; Shoreditch Rooftop: Mon 28 Sep 18:00 (£72) · 5-a-side · ~£7.22 per player at cost; Stepney 3G: Mon 28 Sep 17:30 (£3/pp) · 5-a-side · ~£3.00 per player at cost
SUSHINOEN,info@sushinoen.com,openstreetmap_tag,+44 20 3645 6734,https://www.sushinoen.com/,amenity: restaurant,"White Church Lane 2, London",E1 7QR,London,Whitechapel,11,Contact required,Contact required: 020 7790 3854,,Contact required: 020 8986 7955 (Mon-Fri 09:00-15:30) / hackney.marshes@gll.org. Playfinder shows fully booked,COLA Shoreditch Park: Tue 29 Sep 17:30 (£91) · 5-a-side · ~£9.10 per player at cost; Old St - Moreland Primary School: Fri 2 Oct 20:00 (£90) · 6-a-side · ~£7.50 per player at cost; Shoreditch Rooftop: Mon 28 Sep 18:00 (£72) · 5-a-side · ~£7.22 per player at cost; Stepney 3G: Mon 28 Sep 17:30 (£3/pp) · 5-a-side · ~£3.00 per player at cost
The Gate,hello@thegate-london.com,openstreetmap_tag,+44 20 8619 1178,https://www.thegate-london.com/,tourism: apartment,"White Church Lane 41, London",E1 7QR,London,Whitechapel,11,Contact required,Contact required: 020 7790 3854,,Contact required: 020 8986 7955 (Mon-Fri 09:00-15:30) / hackney.marshes@gll.org. Playfinder shows fully booked,COLA Shoreditch Park: Tue 29 Sep 17:30 (£91) · 5-a-side · ~£9.10 per player at cost; Old St - Moreland Primary School: Fri 2 Oct 20:00 (£90) · 6-a-side · ~£7.50 per player at cost; Shoreditch Rooftop: Mon 28 Sep 18:00 (£72) · 5-a-side · ~£7.22 per player at cost; Stepney 3G: Mon 28 Sep 17:30 (£3/pp) · 5-a-side · ~£3.00 per player at cost
Whitechapel Gallery,info@whitechapelgallery.org,openstreetmap_tag,+44 20 7522 7888,https://www.whitechapelgallery.org/,tourism: gallery,"Whitechapel High Street 77-82, London",E1 7QX,London,Whitechapel,12,Contact required,Contact required: 020 7790 3854,,Contact required: 020 8986 7955 (Mon-Fri 09:00-15:30) / hackney.marshes@gll.org. Playfinder shows fully booked,COLA Shoreditch Park: Tue 29 Sep 17:30 (£91) · 5-a-side · ~£9.10 per player at cost; Old St - Moreland Primary School: Fri 2 Oct 20:00 (£90) · 6-a-side · ~£7.50 per player at cost; Shoreditch Rooftop: Mon 28 Sep 18:00 (£72) · 5-a-side · ~£7.22 per player at cost; Stepney 3G: Mon 28 Sep 17:30 (£3/pp) · 5-a-side · ~£3.00 per player at cost
Whitechapel Gallery Cafe,refectory@whitechapelgallery.org,openstreetmap_tag,+44 20 7522 7896,https://www.whitechapelgallery.org/eat-and-drink-the-whitechapel-refectory/,amenity: cafe,"Whitechapel High Street 77-82, London",E1 7QX,London,Whitechapel,12,Contact required,Contact required: 020 7790 3854,,Contact required: 020 8986 7955 (Mon-Fri 09:00-15:30) / hackney.marshes@gll.org. Playfinder shows fully booked,COLA Shoreditch Park: Tue 29 Sep 17:30 (£91) · 5-a-side · ~£9.10 per player at cost; Old St - Moreland Primary School: Fri 2 Oct 20:00 (£90) · 6-a-side · ~£7.50 per player at cost; Shoreditch Rooftop: Mon 28 Sep 18:00 (£72) · 5-a-side · ~£7.22 per player at cost; Stepney 3G: Mon 28 Sep 17:30 (£3/pp) · 5-a-side · ~£3.00 per player at cost
Dulce,info@dulcecoffeeandkitchen.com,openstreetmap_tag,+44 20 7375 1636,https://www.dulcecoffeeandkitchen.com/,amenity: cafe,"Whitechapel High Street 86, London",E1 7QX,London,Whitechapel,13,Contact required,Contact required: 020 7790 3854,,Contact required: 020 8986 7955 (Mon-Fri 09:00-15:30) / hackney.marshes@gll.org. Playfinder shows fully booked,COLA Shoreditch Park: Tue 29 Sep 17:30 (£91) · 5-a-side · ~£9.10 per player at cost; Old St - Moreland Primary School: Fri 2 Oct 20:00 (£90) · 6-a-side · ~£7.50 per player at cost; Shoreditch Rooftop: Mon 28 Sep 18:00 (£72) · 5-a-side · ~£7.22 per player at cost; Stepney 3G: Mon 28 Sep 17:30 (£3/pp) · 5-a-side · ~£3.00 per player at cost
Freedom Bookshop,shop@freedompress.org.uk,openstreetmap_tag,,http://www.freedompress.org.uk/,shop: books,"Whitechapel High Street 85a, London",E1 7QX,London,Whitechapel,13,Contact required,Contact required: 020 7790 3854,,Contact required: 020 8986 7955 (Mon-Fri 09:00-15:30) / hackney.marshes@gll.org. Playfinder shows fully booked,COLA Shoreditch Park: Tue 29 Sep 17:30 (£91) · 5-a-side · ~£9.10 per player at cost; Old St - Moreland Primary School: Fri 2 Oct 20:00 (£90) · 6-a-side · ~£7.50 per player at cost; Shoreditch Rooftop: Mon 28 Sep 18:00 (£72) · 5-a-side · ~£7.22 per player at cost; Stepney 3G: Mon 28 Sep 17:30 (£3/pp) · 5-a-side · ~£3.00 per player at cost
Roastery Club,contact@roasteryclub.co.uk,openstreetmap_tag,+44 20 3302 3710,https://roasteryclub.co.uk/,amenity: cafe,"New Drum Street 2, London",E1 7RA,London,Whitechapel,13,Contact required,Contact required: 020 7790 3854,,Contact required: 020 8986 7955 (Mon-Fri 09:00-15:30) / hackney.marshes@gll.org. Playfinder shows fully booked,COLA Shoreditch Park: Tue 29 Sep 17:30 (£91) · 5-a-side · ~£9.10 per player at cost; Old St - Moreland Primary School: Fri 2 Oct 20:00 (£90) · 6-a-side · ~£7.50 per player at cost; Shoreditch Rooftop: Mon 28 Sep 18:00 (£72) · 5-a-side · ~£7.22 per player at cost; Stepney 3G: Mon 28 Sep 17:30 (£3/pp) · 5-a-side · ~£3.00 per player at cost
London College of Marketing and Technology,info@lcmt.co.uk,general,,https://lcmt.co.uk/about-us,amenity: college,"Whitechapel High Street 102-105, London",E1 7RA,London,Whitechapel,14,Contact required,Contact required: 020 7790 3854,,Contact required: 020 8986 7955 (Mon-Fri 09:00-15:30) / hackney.marshes@gll.org. Playfinder shows fully booked,COLA Shoreditch Park: Tue 29 Sep 17:30 (£91) · 5-a-side · ~£9.10 per player at cost; Old St - Moreland Primary School: Fri 2 Oct 20:00 (£90) · 6-a-side · ~£7.50 per player at cost; Shoreditch Rooftop: Mon 28 Sep 18:00 (£72) · 5-a-side · ~£7.22 per player at cost; Stepney 3G: Mon 28 Sep 17:30 (£3/pp) · 5-a-side · ~£3.00 per player at cost
Mulberry Canon Barnett Primary Academy,admin@mulberrycanonbarnett.org,general,+44 20 7247 9023,https://www.mulberrycanonbarnett.org/,amenity: school,"Gunthorpe Street, London",E1 7RQ,London,Whitechapel,14,Contact required,Contact required: 020 7790 3854,,Contact required: 020 8986 7955 (Mon-Fri 09:00-15:30) / hackney.marshes@gll.org. Playfinder shows fully booked,COLA Shoreditch Park: Tue 29 Sep 17:30 (£91) · 5-a-side · ~£9.10 per player at cost; Old St - Moreland Primary School: Fri 2 Oct 20:00 (£90) · 6-a-side · ~£7.50 per player at cost; Shoreditch Rooftop: Mon 28 Sep 18:00 (£72) · 5-a-side · ~£7.22 per player at cost; Stepney 3G: Mon 28 Sep 17:30 (£3/pp) · 5-a-side · ~£3.00 per player at cost
Dauns Cafe,info@dauns.co.uk,general,+44 7481 535768,https://dauns.co.uk/,amenity: cafe,"Wentworth Street 77, London",E1 7TD,London,Whitechapel,16,Contact required,Contact required: 020 7790 3854,,Contact required: 020 8986 7955 (Mon-Fri 09:00-15:30) / hackney.marshes@gll.org. Playfinder shows fully booked,COLA Shoreditch Park: Tue 29 Sep 17:30 (£91) · 5-a-side · ~£9.10 per player at cost; Old St - Moreland Primary School: Fri 2 Oct 20:00 (£90) · 6-a-side · ~£7.50 per player at cost; Shoreditch Rooftop: Mon 28 Sep 18:00 (£72) · 5-a-side · ~£7.22 per player at cost; Stepney 3G: Mon 28 Sep 17:30 (£3/pp) · 5-a-side · ~£3.00 per player at cost
Happy Days,happydaysfishandchips@gmail.com,freemail,+44 20 7377 9815,https://happydays-restaurant.co.uk/,amenity: fast food,"Goulston Street 44/46, London",E1 7TP,London,Whitechapel,17,Contact required,Contact required: 020 7790 3854,,Contact required: 020 8986 7955 (Mon-Fri 09:00-15:30) / hackney.marshes@gll.org. Playfinder shows fully booked,COLA Shoreditch Park: Tue 29 Sep 17:30 (£91) · 5-a-side · ~£9.10 per player at cost; Old St - Moreland Primary School: Fri 2 Oct 20:00 (£90) · 6-a-side · ~£7.50 per player at cost; Shoreditch Rooftop: Mon 28 Sep 18:00 (£72) · 5-a-side · ~£7.22 per player at cost; Stepney 3G: Mon 28 Sep 17:30 (£3/pp) · 5-a-side · ~£3.00 per player at cost
Portsoken Community Centre,portsokencommunitycentre@cityoflondon.gov.uk,openstreetmap_tag,+44 7955 311966,https://www.cityoflondon.gov.uk/services/housing/resident-involvement/portsoken-community-centre-4,amenity: community centre,"Little Somerset Street 20, London",E1 8AH,London,Whitechapel,17,Contact required,Contact required: 020 7790 3854,,Contact required: 020 8986 7955 (Mon-Fri 09:00-15:30) / hackney.marshes@gll.org. Playfinder shows fully booked,COLA Shoreditch Park: Tue 29 Sep 17:30 (£91) · 5-a-side · ~£9.10 per player at cost; Old St - Moreland Primary School: Fri 2 Oct 20:00 (£90) · 6-a-side · ~£7.50 per player at cost; Shoreditch Rooftop: Mon 28 Sep 18:00 (£72) · 5-a-side · ~£7.22 per player at cost; Stepney 3G: Mon 28 Sep 17:30 (£3/pp) · 5-a-side · ~£3.00 per player at cost
Ackroyd Legal,info.sa@ackroydlegal.com,person_or_other,+44 20 3058 3365,http://www.ackroydlegal.com/,lawyer,"16 Prescot St, London E1 8AZ, UK",E1 8AZ,London,Whitechapel,13,Contact required,Contact required: 020 7790 3854,,Contact required: 020 8986 7955 (Mon-Fri 09:00-15:30) / hackney.marshes@gll.org. Playfinder shows fully booked,COLA Shoreditch Park: Tue 29 Sep 17:30 (£91) · 5-a-side · ~£9.10 per player at cost; Old St - Moreland Primary School: Fri 2 Oct 20:00 (£90) · 6-a-side · ~£7.50 per player at cost; Shoreditch Rooftop: Mon 28 Sep 18:00 (£72) · 5-a-side · ~£7.22 per player at cost; Stepney 3G: Mon 28 Sep 17:30 (£3/pp) · 5-a-side · ~£3.00 per player at cost
Hutchins Law,info@hutchinslaw.co.uk,general,+44 20 8986 3911,http://hutchinslaw.co.uk/,lawyer,"16 Prescot St, London E1 8AZ, UK",E1 8AZ,London,Whitechapel,13,Contact required,Contact required: 020 7790 3854,,Contact required: 020 8986 7955 (Mon-Fri 09:00-15:30) / hackney.marshes@gll.org. Playfinder shows fully booked,COLA Shoreditch Park: Tue 29 Sep 17:30 (£91) · 5-a-side · ~£9.10 per player at cost; Old St - Moreland Primary School: Fri 2 Oct 20:00 (£90) · 6-a-side · ~£7.50 per player at cost; Shoreditch Rooftop: Mon 28 Sep 18:00 (£72) · 5-a-side · ~£7.22 per player at cost; Stepney 3G: Mon 28 Sep 17:30 (£3/pp) · 5-a-side · ~£3.00 per player at cost
Brandsmiths,info@brandsmiths.co.uk,general,+44 20 3709 8957,https://brandsmiths.co.uk/,consultant,"Old Pump House, 19 Hooper St, London E1 8BU, UK",E1 8BU,London,Whitechapel,11,Contact required,Contact required: 020 7790 3854,,Contact required: 020 8986 7955 (Mon-Fri 09:00-15:30) / hackney.marshes@gll.org. Playfinder shows fully booked,COLA Shoreditch Park: Tue 29 Sep 17:30 (£91) · 5-a-side · ~£9.10 per player at cost; Old St - Moreland Primary School: Fri 2 Oct 20:00 (£90) · 6-a-side · ~£7.50 per player at cost; Shoreditch Rooftop: Mon 28 Sep 18:00 (£72) · 5-a-side · ~£7.22 per player at cost; Stepney 3G: Mon 28 Sep 17:30 (£3/pp) · 5-a-side · ~£3.00 per player at cost
Samsara Networks Limited,sales@samsara.com,commercial,+44 20 3965 2700,https://www.samsara.com/uk,service,"1 Alie St, London E1 8DE, UK",E1 8DE,London,Whitechapel,15,Contact required,Contact required: 020 7790 3854,,Contact required: 020 8986 7955 (Mon-Fri 09:00-15:30) / hackney.marshes@gll.org. Playfinder shows fully booked,COLA Shoreditch Park: Tue 29 Sep 17:30 (£91) · 5-a-side · ~£9.10 per player at cost; Old St - Moreland Primary School: Fri 2 Oct 20:00 (£90) · 6-a-side · ~£7.50 per player at cost; Shoreditch Rooftop: Mon 28 Sep 18:00 (£72) · 5-a-side · ~£7.22 per player at cost; Stepney 3G: Mon 28 Sep 17:30 (£3/pp) · 5-a-side · ~£3.00 per player at cost
Invoka Consulting Limited,contactus@invokaconsulting.com,general,+44 20 4634 7105,http://invokaconsulting.com/,service,"Albion Mills, 18 E Tenter St, London E1 8DN, UK",E1 8DN,London,Whitechapel,13,Contact required,Contact required: 020 7790 3854,,Contact required: 020 8986 7955 (Mon-Fri 09:00-15:30) / hackney.marshes@gll.org. Playfinder shows fully booked,COLA Shoreditch Park: Tue 29 Sep 17:30 (£91) · 5-a-side · ~£9.10 per player at cost; Old St - Moreland Primary School: Fri 2 Oct 20:00 (£90) · 6-a-side · ~£7.50 per player at cost; Shoreditch Rooftop: Mon 28 Sep 18:00 (£72) · 5-a-side · ~£7.22 per player at cost; Stepney 3G: Mon 28 Sep 17:30 (£3/pp) · 5-a-side · ~£3.00 per player at cost
Laka Bicycle Insurance,hello@laka.co,general,,https://laka.co/,company,"7 East Tenter Street, London",E1 8DN,London,Whitechapel,13,Contact required,Contact required: 020 7790 3854,,Contact required: 020 8986 7955 (Mon-Fri 09:00-15:30) / hackney.marshes@gll.org. Playfinder shows fully booked,COLA Shoreditch Park: Tue 29 Sep 17:30 (£91) · 5-a-side · ~£9.10 per player at cost; Old St - Moreland Primary School: Fri 2 Oct 20:00 (£90) · 6-a-side · ~£7.50 per player at cost; Shoreditch Rooftop: Mon 28 Sep 18:00 (£72) · 5-a-side · ~£7.22 per player at cost; Stepney 3G: Mon 28 Sep 17:30 (£3/pp) · 5-a-side · ~£3.00 per player at cost
Hurford Salvi Carr,aldgate@h-s-c.co.uk,openstreetmap_tag,+44 20 7680 1888,https://www.hurford-salvi-carr.co.uk/,estate_agent,"61 Alie Street, London",E1 8EB,London,Whitechapel,12,Contact required,Contact required: 020 7790 3854,,Contact required: 020 8986 7955 (Mon-Fri 09:00-15:30) / hackney.marshes@gll.org. Playfinder shows fully booked,COLA Shoreditch Park: Tue 29 Sep 17:30 (£91) · 5-a-side · ~£9.10 per player at cost; Old St - Moreland Primary School: Fri 2 Oct 20:00 (£90) · 6-a-side · ~£7.50 per player at cost; Shoreditch Rooftop: Mon 28 Sep 18:00 (£72) · 5-a-side · ~£7.22 per player at cost; Stepney 3G: Mon 28 Sep 17:30 (£3/pp) · 5-a-side · ~£3.00 per player at cost
Hotto Potto,info@hottopotto.co.uk,general,+44 20 7553 0188,https://hottopotto.co.uk/,amenity: restaurant,"Leman Street 17, London",E1 8EJ,London,Whitechapel,13,Contact required,Contact required: 020 7790 3854,,Contact required: 020 8986 7955 (Mon-Fri 09:00-15:30) / hackney.marshes@gll.org. Playfinder shows fully booked,COLA Shoreditch Park: Tue 29 Sep 17:30 (£91) · 5-a-side · ~£9.10 per player at cost; Old St - Moreland Primary School: Fri 2 Oct 20:00 (£90) · 6-a-side · ~£7.50 per player at cost; Shoreditch Rooftop: Mon 28 Sep 18:00 (£72) · 5-a-side · ~£7.22 per player at cost; Stepney 3G: Mon 28 Sep 17:30 (£3/pp) · 5-a-side · ~£3.00 per player at cost
The Dispensary,chris@closeupchris.co.uk,person_or_other,+44 7966 509301,https://www.thedispensarylondon.co.uk/,amenity: pub,"Leman Street 19a, London",E1 8EN,London,Whitechapel,12,Contact required,Contact required: 020 7790 3854,,Contact required: 020 8986 7955 (Mon-Fri 09:00-15:30) / hackney.marshes@gll.org. Playfinder shows fully booked,COLA Shoreditch Park: Tue 29 Sep 17:30 (£91) · 5-a-side · ~£9.10 per player at cost; Old St - Moreland Primary School: Fri 2 Oct 20:00 (£90) · 6-a-side · ~£7.50 per player at cost; Shoreditch Rooftop: Mon 28 Sep 18:00 (£72) · 5-a-side · ~£7.22 per player at cost; Stepney 3G: Mon 28 Sep 17:30 (£3/pp) · 5-a-side · ~£3.00 per player at cost
Frequency Coffee Aldgate,info@frequencycoffee.com,general,,https://frequencycoffee.com/,amenity: cafe,"Leman Street 15, London",E1 8EN,London,Whitechapel,13,Contact required,Contact required: 020 7790 3854,,Contact required: 020 8986 7955 (Mon-Fri 09:00-15:30) / hackney.marshes@gll.org. Playfinder shows fully booked,COLA Shoreditch Park: Tue 29 Sep 17:30 (£91) · 5-a-side · ~£9.10 per player at cost; Old St - Moreland Primary School: Fri 2 Oct 20:00 (£90) · 6-a-side · ~£7.50 per player at cost; Shoreditch Rooftop: Mon 28 Sep 18:00 (£72) · 5-a-side · ~£7.22 per player at cost; Stepney 3G: Mon 28 Sep 17:30 (£3/pp) · 5-a-side · ~£3.00 per player at cost
Leman Locke,lemanbookings@lockeliving.com,openstreetmap_tag,+44 20 3327 7140,https://www.lockeliving.com/leman-locke/,tourism: hotel,"Leman Street 15, London",E1 8EN,London,Whitechapel,13,Contact required,Contact required: 020 7790 3854,,Contact required: 020 8986 7955 (Mon-Fri 09:00-15:30) / hackney.marshes@gll.org. Playfinder shows fully booked,COLA Shoreditch Park: Tue 29 Sep 17:30 (£91) · 5-a-side · ~£9.10 per player at cost; Old St - Moreland Primary School: Fri 2 Oct 20:00 (£90) · 6-a-side · ~£7.50 per player at cost; Shoreditch Rooftop: Mon 28 Sep 18:00 (£72) · 5-a-side · ~£7.22 per player at cost; Stepney 3G: Mon 28 Sep 17:30 (£3/pp) · 5-a-side · ~£3.00 per player at cost
Howlader & Co Chartered Accountants,info@howladerandco.com,general,+44 20 7488 3614,https://howladerandco.com/,finance,"Ste 1, 56 Leman St, London E1 8EU, UK",E1 8EU,London,Whitechapel,12,Contact required,Contact required: 020 7790 3854,,Contact required: 020 8986 7955 (Mon-Fri 09:00-15:30) / hackney.marshes@gll.org. Playfinder shows fully booked,COLA Shoreditch Park: Tue 29 Sep 17:30 (£91) · 5-a-side · ~£9.10 per player at cost; Old St - Moreland Primary School: Fri 2 Oct 20:00 (£90) · 6-a-side · ~£7.50 per player at cost; Shoreditch Rooftop: Mon 28 Sep 18:00 (£72) · 5-a-side · ~£7.22 per player at cost; Stepney 3G: Mon 28 Sep 17:30 (£3/pp) · 5-a-side · ~£3.00 per player at cost
Square Mile Insurance Services Ltd,info@squaremileinsurance.com,general,+44 20 7481 4321,https://squaremileinsurance.com/,insurance_agency,"68 Leman St, London E1 8EU, UK",E1 8EU,London,Whitechapel,12,Contact required,Contact required: 020 7790 3854,,Contact required: 020 8986 7955 (Mon-Fri 09:00-15:30) / hackney.marshes@gll.org. Playfinder shows fully booked,COLA Shoreditch Park: Tue 29 Sep 17:30 (£91) · 5-a-side · ~£9.10 per player at cost; Old St - Moreland Primary School: Fri 2 Oct 20:00 (£90) · 6-a-side · ~£7.50 per player at cost; Shoreditch Rooftop: Mon 28 Sep 18:00 (£72) · 5-a-side · ~£7.22 per player at cost; Stepney 3G: Mon 28 Sep 17:30 (£3/pp) · 5-a-side · ~£3.00 per player at cost
AECOM,media@aecom.com,people_team,,https://www.aecom.com/projects/aldgate-tower/,office: company,"Leman Street 2, London",E1 8FA,London,Whitechapel,14,Contact required,Contact required: 020 7790 3854,,Contact required: 020 8986 7955 (Mon-Fri 09:00-15:30) / hackney.marshes@gll.org. Playfinder shows fully booked,COLA Shoreditch Park: Tue 29 Sep 17:30 (£91) · 5-a-side · ~£9.10 per player at cost; Old St - Moreland Primary School: Fri 2 Oct 20:00 (£90) · 6-a-side · ~£7.50 per player at cost; Shoreditch Rooftop: Mon 28 Sep 18:00 (£72) · 5-a-side · ~£7.22 per player at cost; Stepney 3G: Mon 28 Sep 17:30 (£3/pp) · 5-a-side · ~£3.00 per player at cost
AETHOS Consulting Group,ahazelton@aethoscg.com,person_or_other,+44 7411 210650,http://www.aethoscg.com/,service,"c/o WeWork, Aldgate Tower, 2 Leman St, London E1 8FA, UK",E1 8FA,London,Whitechapel,14,Contact required,Contact required: 020 7790 3854,,Contact required: 020 8986 7955 (Mon-Fri 09:00-15:30) / hackney.marshes@gll.org. Playfinder shows fully booked,COLA Shoreditch Park: Tue 29 Sep 17:30 (£91) · 5-a-side · ~£9.10 per player at cost; Old St - Moreland Primary School: Fri 2 Oct 20:00 (£90) · 6-a-side · ~£7.50 per player at cost; Shoreditch Rooftop: Mon 28 Sep 18:00 (£72) · 5-a-side · ~£7.22 per player at cost; Stepney 3G: Mon 28 Sep 17:30 (£3/pp) · 5-a-side · ~£3.00 per player at cost
The Running Horse,hello@therunninghorsealdgate.co.uk,openstreetmap_tag,+44 20 3883 8286,https://therunninghorsealdgate.co.uk/,amenity: pub,"Piazza Walk 7, London",E1 8FU,London,Whitechapel,12,Contact required,Contact required: 020 7790 3854,,Contact required: 020 8986 7955 (Mon-Fri 09:00-15:30) / hackney.marshes@gll.org. Playfinder shows fully booked,COLA Shoreditch Park: Tue 29 Sep 17:30 (£91) · 5-a-side · ~£9.10 per player at cost; Old St - Moreland Primary School: Fri 2 Oct 20:00 (£90) · 6-a-side · ~£7.50 per player at cost; Shoreditch Rooftop: Mon 28 Sep 18:00 (£72) · 5-a-side · ~£7.22 per player at cost; Stepney 3G: Mon 28 Sep 17:30 (£3/pp) · 5-a-side · ~£3.00 per player at cost
Leonardo Royal Hotel London Tower Bridge,towerbridge@leonardohotels.co.uk,openstreetmap_tag,+44 20 7959 5000,https://www.leonardohotels.co.uk/hotels/london/leonardo-royal-hotel-london-tower-bridge,tourism: hotel,"Prescot Street 45, London",E1 8GP,London,Whitechapel,14,Contact required,Contact required: 020 7790 3854,,Contact required: 020 8986 7955 (Mon-Fri 09:00-15:30) / hackney.marshes@gll.org. Playfinder shows fully booked,COLA Shoreditch Park: Tue 29 Sep 17:30 (£91) · 5-a-side · ~£9.10 per player at cost; Old St - Moreland Primary School: Fri 2 Oct 20:00 (£90) · 6-a-side · ~£7.50 per player at cost; Shoreditch Rooftop: Mon 28 Sep 18:00 (£72) · 5-a-side · ~£7.22 per player at cost; Stepney 3G: Mon 28 Sep 17:30 (£3/pp) · 5-a-side · ~£3.00 per player at cost
St Paul's Whitechapel Church of England Primary School,reception@st-pauls.towerhamlets.sch.uk,general,+44 20 7480 6581,https://www.st-pauls.towerhamlets.sch.uk/,amenity: school,"Wellclose Square, London",E1 8HY,London,Whitechapel,10,Contact required,Contact required: 020 7790 3854,,Contact required: 020 8986 7955 (Mon-Fri 09:00-15:30) / hackney.marshes@gll.org. Playfinder shows fully booked,COLA Shoreditch Park: Tue 29 Sep 17:30 (£91) · 5-a-side · ~£9.10 per player at cost; Old St - Moreland Primary School: Fri 2 Oct 20:00 (£90) · 6-a-side · ~£7.50 per player at cost; Shoreditch Rooftop: Mon 28 Sep 18:00 (£72) · 5-a-side · ~£7.22 per player at cost; Stepney 3G: Mon 28 Sep 17:30 (£3/pp) · 5-a-side · ~£3.00 per player at cost
Wilton's Music Hall,info@wiltons.org.uk,general,,https://wiltons.org.uk/,amenity: theatre,"Graces Alley 1, London",E1 8JB,London,Whitechapel,11,Contact required,Contact required: 020 7790 3854,,Contact required: 020 8986 7955 (Mon-Fri 09:00-15:30) / hackney.marshes@gll.org. Playfinder shows fully booked,COLA Shoreditch Park: Tue 29 Sep 17:30 (£91) · 5-a-side · ~£9.10 per player at cost; Old St - Moreland Primary School: Fri 2 Oct 20:00 (£90) · 6-a-side · ~£7.50 per player at cost; Shoreditch Rooftop: Mon 28 Sep 18:00 (£72) · 5-a-side · ~£7.22 per player at cost; Stepney 3G: Mon 28 Sep 17:30 (£3/pp) · 5-a-side · ~£3.00 per player at cost
Jack the Ripper Museum,info@jacktherippermuseum.com,openstreetmap_tag,,https://www.jacktherippermuseum.com/,tourism: museum,"Cable Street 12, London",E1 8JG,London,Whitechapel,11,Contact required,Contact required: 020 7790 3854,,Contact required: 020 8986 7955 (Mon-Fri 09:00-15:30) / hackney.marshes@gll.org. Playfinder shows fully booked,COLA Shoreditch Park: Tue 29 Sep 17:30 (£91) · 5-a-side · ~£9.10 per player at cost; Old St - Moreland Primary School: Fri 2 Oct 20:00 (£90) · 6-a-side · ~£7.50 per player at cost; Shoreditch Rooftop: Mon 28 Sep 18:00 (£72) · 5-a-side · ~£7.22 per player at cost; Stepney 3G: Mon 28 Sep 17:30 (£3/pp) · 5-a-side · ~£3.00 per player at cost
Tony and Luci's,help.gb@booksy.com,person_or_other,,https://booksy.com/en-gb/42326_toni-and-luci-barbers_barber_311817_london,shop: hairdresser,"Cable Street 2, London",E1 8JG,London,Whitechapel,12,Contact required,Contact required: 020 7790 3854,,Contact required: 020 8986 7955 (Mon-Fri 09:00-15:30) / hackney.marshes@gll.org. Playfinder shows fully booked,COLA Shoreditch Park: Tue 29 Sep 17:30 (£91) · 5-a-side · ~£9.10 per player at cost; Old St - Moreland Primary School: Fri 2 Oct 20:00 (£90) · 6-a-side · ~£7.50 per player at cost; Shoreditch Rooftop: Mon 28 Sep 18:00 (£72) · 5-a-side · ~£7.22 per player at cost; Stepney 3G: Mon 28 Sep 17:30 (£3/pp) · 5-a-side · ~£3.00 per player at cost
Bellavita Academy,info@bellavita.com,general,+44 20 7183 4511,http://www.bellavita.com,amenity: training,"Dock Street 11C, London",E1 8JN,London,Whitechapel,12,Contact required,Contact required: 020 7790 3854,,Contact required: 020 8986 7955 (Mon-Fri 09:00-15:30) / hackney.marshes@gll.org. Playfinder shows fully booked,COLA Shoreditch Park: Tue 29 Sep 17:30 (£91) · 5-a-side · ~£9.10 per player at cost; Old St - Moreland Primary School: Fri 2 Oct 20:00 (£90) · 6-a-side · ~£7.50 per player at cost; Shoreditch Rooftop: Mon 28 Sep 18:00 (£72) · 5-a-side · ~£7.22 per player at cost; Stepney 3G: Mon 28 Sep 17:30 (£3/pp) · 5-a-side · ~£3.00 per player at cost
Emilia's,aldgate@emiliaspasta.com,openstreetmap_tag,+44 20 7702 9944,https://www.emiliaspasta.com/,amenity: restaurant,"Alie Street 77, London",E1 8NH,London,Whitechapel,11,Contact required,Contact required: 020 7790 3854,,Contact required: 020 8986 7955 (Mon-Fri 09:00-15:30) / hackney.marshes@gll.org. Playfinder shows fully booked,COLA Shoreditch Park: Tue 29 Sep 17:30 (£91) · 5-a-side · ~£9.10 per player at cost; Old St - Moreland Primary School: Fri 2 Oct 20:00 (£90) · 6-a-side · ~£7.50 per player at cost; Shoreditch Rooftop: Mon 28 Sep 18:00 (£72) · 5-a-side · ~£7.22 per player at cost; Stepney 3G: Mon 28 Sep 17:30 (£3/pp) · 5-a-side · ~£3.00 per player at cost
AIM Escape Rooms,info@aimescape.com,general,+44 20 3808 9225,https://aimescape.com/,leisure: escape game,"Canter Way 8, London",E1 8PS,London,Whitechapel,11,Contact required,Contact required: 020 7790 3854,,Contact required: 020 8986 7955 (Mon-Fri 09:00-15:30) / hackney.marshes@gll.org. Playfinder shows fully booked,COLA Shoreditch Park: Tue 29 Sep 17:30 (£91) · 5-a-side · ~£9.10 per player at cost; Old St - Moreland Primary School: Fri 2 Oct 20:00 (£90) · 6-a-side · ~£7.50 per player at cost; Shoreditch Rooftop: Mon 28 Sep 18:00 (£72) · 5-a-side · ~£7.22 per player at cost; Stepney 3G: Mon 28 Sep 17:30 (£3/pp) · 5-a-side · ~£3.00 per player at cost
Knight Frank,aldgate@knightfrank.com,openstreetmap_tag,+44 20 3823 9930,https://www.knightfrank.co.uk/,estate_agent,"1 Canter Way, London",E1 8PS,London,Whitechapel,11,Contact required,Contact required: 020 7790 3854,,Contact required: 020 8986 7955 (Mon-Fri 09:00-15:30) / hackney.marshes@gll.org. Playfinder shows fully booked,COLA Shoreditch Park: Tue 29 Sep 17:30 (£91) · 5-a-side · ~£9.10 per player at cost; Old St - Moreland Primary School: Fri 2 Oct 20:00 (£90) · 6-a-side · ~£7.50 per player at cost; Shoreditch Rooftop: Mon 28 Sep 18:00 (£72) · 5-a-side · ~£7.22 per player at cost; Stepney 3G: Mon 28 Sep 17:30 (£3/pp) · 5-a-side · ~£3.00 per player at cost
Leman Street Tavern,lemanstreettavern@geronimo-inns.co.uk,openstreetmap_tag,+44 20 3437 0001,https://www.lemanstreettavern.co.uk/,amenity: restaurant,"Leman Street 31, London",E1 8PT,London,Whitechapel,12,Contact required,Contact required: 020 7790 3854,,Contact required: 020 8986 7955 (Mon-Fri 09:00-15:30) / hackney.marshes@gll.org. Playfinder shows fully booked,COLA Shoreditch Park: Tue 29 Sep 17:30 (£91) · 5-a-side · ~£9.10 per player at cost; Old St - Moreland Primary School: Fri 2 Oct 20:00 (£90) · 6-a-side · ~£7.50 per player at cost; Shoreditch Rooftop: Mon 28 Sep 18:00 (£72) · 5-a-side · ~£7.22 per player at cost; Stepney 3G: Mon 28 Sep 17:30 (£3/pp) · 5-a-side · ~£3.00 per player at cost
Pizza Union,info@pizzaunion.com,general,,https://www.pizzaunion.com/,amenity: fast food,"Leman Street 29, London",E1 8PT,London,Whitechapel,12,Contact required,Contact required: 020 7790 3854,,Contact required: 020 8986 7955 (Mon-Fri 09:00-15:30) / hackney.marshes@gll.org. Playfinder shows fully booked,COLA Shoreditch Park: Tue 29 Sep 17:30 (£91) · 5-a-side · ~£9.10 per player at cost; Old St - Moreland Primary School: Fri 2 Oct 20:00 (£90) · 6-a-side · ~£7.50 per player at cost; Shoreditch Rooftop: Mon 28 Sep 18:00 (£72) · 5-a-side · ~£7.22 per player at cost; Stepney 3G: Mon 28 Sep 17:30 (£3/pp) · 5-a-side · ~£3.00 per player at cost
Bar + Block,barandblockgm.aldgate@whitbread.com,openstreetmap_tag,+44 20 8049 0888,https://www.barandblock.co.uk/,amenity: restaurant,"Alie Street 66, London",E1 8PX,London,Whitechapel,12,Contact required,Contact required: 020 7790 3854,,Contact required: 020 8986 7955 (Mon-Fri 09:00-15:30) / hackney.marshes@gll.org. Playfinder shows fully booked,COLA Shoreditch Park: Tue 29 Sep 17:30 (£91) · 5-a-side · ~£9.10 per player at cost; Old St - Moreland Primary School: Fri 2 Oct 20:00 (£90) · 6-a-side · ~£7.50 per player at cost; Shoreditch Rooftop: Mon 28 Sep 18:00 (£72) · 5-a-side · ~£7.22 per player at cost; Stepney 3G: Mon 28 Sep 17:30 (£3/pp) · 5-a-side · ~£3.00 per player at cost
Erlang Solutions Ltd,general@erlang-solutions.com,general,+44 20 7456 1020,https://www.erlang-solutions.com/,it,"14 Gower's Walk, London",E1 8PY,London,Whitechapel,9,Contact required,Contact required: 020 7790 3854,,Contact required: 020 8986 7955 (Mon-Fri 09:00-15:30) / hackney.marshes@gll.org. Playfinder shows fully booked,COLA Shoreditch Park: Tue 29 Sep 17:30 (£91) · 5-a-side · ~£9.10 per player at cost; Old St - Moreland Primary School: Fri 2 Oct 20:00 (£90) · 6-a-side · ~£7.50 per player at cost; Shoreditch Rooftop: Mon 28 Sep 18:00 (£72) · 5-a-side · ~£7.22 per player at cost; Stepney 3G: Mon 28 Sep 17:30 (£3/pp) · 5-a-side · ~£3.00 per player at cost
Boom Battle Bar,guestservices@boombattlebar.com,person_or_other,,https://boombattlebar.com/,amenity: bar,"Chaucer Gardens 19, London",E1 8QG,London,Whitechapel,10,Contact required,Contact required: 020 7790 3854,,Contact required: 020 8986 7955 (Mon-Fri 09:00-15:30) / hackney.marshes@gll.org. Playfinder shows fully booked,COLA Shoreditch Park: Tue 29 Sep 17:30 (£91) · 5-a-side · ~£9.10 per player at cost; Old St - Moreland Primary School: Fri 2 Oct 20:00 (£90) · 6-a-side · ~£7.50 per player at cost; Shoreditch Rooftop: Mon 28 Sep 18:00 (£72) · 5-a-side · ~£7.22 per player at cost; Stepney 3G: Mon 28 Sep 17:30 (£3/pp) · 5-a-side · ~£3.00 per player at cost
Amber London,info@thisisamber.co.uk,general,+44 20 7702 0700,https://www.thisisamber.co.uk/,amenity: restaurant,"Piazza Walk 21, London",E1 8QH,London,Whitechapel,10,Contact required,Contact required: 020 7790 3854,,Contact required: 020 8986 7955 (Mon-Fri 09:00-15:30) / hackney.marshes@gll.org. Playfinder shows fully booked,COLA Shoreditch Park: Tue 29 Sep 17:30 (£91) · 5-a-side · ~£9.10 per player at cost; Old St - Moreland Primary School: Fri 2 Oct 20:00 (£90) · 6-a-side · ~£7.50 per player at cost; Shoreditch Rooftop: Mon 28 Sep 18:00 (£72) · 5-a-side · ~£7.22 per player at cost; Stepney 3G: Mon 28 Sep 17:30 (£3/pp) · 5-a-side · ~£3.00 per player at cost
Goodman's Field Medical Practice,thccg.goodmansfieldhealthcentre@nhs.net,openstreetmap_tag,+44 20 7702 2036,https://goodmansfieldgp.co.uk/,amenity: doctors,"Stable Walk 11, London",E1 8ZF,London,Whitechapel,11,Contact required,Contact required: 020 7790 3854,,Contact required: 020 8986 7955 (Mon-Fri 09:00-15:30) / hackney.marshes@gll.org. Playfinder shows fully booked,COLA Shoreditch Park: Tue 29 Sep 17:30 (£91) · 5-a-side · ~£9.10 per player at cost; Old St - Moreland Primary School: Fri 2 Oct 20:00 (£90) · 6-a-side · ~£7.50 per player at cost; Shoreditch Rooftop: Mon 28 Sep 18:00 (£72) · 5-a-side · ~£7.22 per player at cost; Stepney 3G: Mon 28 Sep 17:30 (£3/pp) · 5-a-side · ~£3.00 per player at cost
Sai Chemist,cordeve1@gmail.com,freemail,+44 20 7488 4970,https://saichemist.co.uk/,amenity: pharmacy,"Stable Walk 19, London",E1 8ZF,London,Whitechapel,11,Contact required,Contact required: 020 7790 3854,,Contact required: 020 8986 7955 (Mon-Fri 09:00-15:30) / hackney.marshes@gll.org. Playfinder shows fully booked,COLA Shoreditch Park: Tue 29 Sep 17:30 (£91) · 5-a-side · ~£9.10 per player at cost; Old St - Moreland Primary School: Fri 2 Oct 20:00 (£90) · 6-a-side · ~£7.50 per player at cost; Shoreditch Rooftop: Mon 28 Sep 18:00 (£72) · 5-a-side · ~£7.22 per player at cost; Stepney 3G: Mon 28 Sep 17:30 (£3/pp) · 5-a-side · ~£3.00 per player at cost
Tian Tian Market,info@tiantian.london,general,,https://www.tiantian.london/,shop: supermarket,"Piazza Walk 18, London",E1 8ZN,London,Whitechapel,10,Contact required,Contact required: 020 7790 3854,,Contact required: 020 8986 7955 (Mon-Fri 09:00-15:30) / hackney.marshes@gll.org. Playfinder shows fully booked,COLA Shoreditch Park: Tue 29 Sep 17:30 (£91) · 5-a-side · ~£9.10 per player at cost; Old St - Moreland Primary School: Fri 2 Oct 20:00 (£90) · 6-a-side · ~£7.50 per player at cost; Shoreditch Rooftop: Mon 28 Sep 18:00 (£72) · 5-a-side · ~£7.22 per player at cost; Stepney 3G: Mon 28 Sep 17:30 (£3/pp) · 5-a-side · ~£3.00 per player at cost
E. Pellicci,epelliccicafe@gmail.com,openstreetmap_tag,+44 20 7739 4873,https://epellicci.co.uk/,amenity: cafe,"Bethnal Green Road 332, London",E2 0AG,London,Stepney 3G,18,Available,Mon 28 Sep 17:30 (£3/pp); Mon 28 Sep 18:30 (£5/pp); Mon 28 Sep 19:30 (£5/pp); Mon 28 Sep 20:30 (£5/pp); Tue 29 Sep 17:30 (£3/pp); Tue 29 Sep 18:30 (£5/pp); +26 more,Mon 28 Sep 17:30 (£3/pp) · 5-a-side · ~£3.00 per player at cost,Contact required: 020 8986 7955 (Mon-Fri 09:00-15:30) / hackney.marshes@gll.org. Playfinder shows fully booked,
Trotters Jewellers,info@trottersjewellers.com,general,+44 7399 606868,http://www.trottersjewellers.com/,shop: jewelry,"Bethnal Green Road 350, London",E2 0AH,London,Stepney 3G,17,Available,Mon 28 Sep 17:30 (£3/pp); Mon 28 Sep 18:30 (£5/pp); Mon 28 Sep 19:30 (£5/pp); Mon 28 Sep 20:30 (£5/pp); Tue 29 Sep 17:30 (£3/pp); Tue 29 Sep 18:30 (£5/pp); +26 more,Mon 28 Sep 17:30 (£3/pp) · 5-a-side · ~£3.00 per player at cost,Contact required: 020 8986 7955 (Mon-Fri 09:00-15:30) / hackney.marshes@gll.org. Playfinder shows fully booked,
The Sun Tavern,info@thesuntavern.co.uk,general,,https://www.thesuntavern.co.uk/,amenity: pub,"Bethnal Green Road 441, London",E2 0AN,London,Stepney 3G,13,Available,Mon 28 Sep 17:30 (£3/pp); Mon 28 Sep 18:30 (£5/pp); Mon 28 Sep 19:30 (£5/pp); Mon 28 Sep 20:30 (£5/pp); Tue 29 Sep 17:30 (£3/pp); Tue 29 Sep 18:30 (£5/pp); +26 more,Mon 28 Sep 17:30 (£3/pp) · 5-a-side · ~£3.00 per player at cost,Contact required: 020 8986 7955 (Mon-Fri 09:00-15:30) / hackney.marshes@gll.org. Playfinder shows fully booked,
The Old George,oldgeorge@anticlondon.com,openstreetmap_tag,+44 20 7033 9726,https://www.crafted-social.co.uk/old-george-bethnal-green,amenity: pub,"Bethnal Green Road 379, London",E2 0AN,London,Stepney 3G,15,Available,Mon 28 Sep 17:30 (£3/pp); Mon 28 Sep 18:30 (£5/pp); Mon 28 Sep 19:30 (£5/pp); Mon 28 Sep 20:30 (£5/pp); Tue 29 Sep 17:30 (£3/pp); Tue 29 Sep 18:30 (£5/pp); +26 more,Mon 28 Sep 17:30 (£3/pp) · 5-a-side · ~£3.00 per player at cost,Contact required: 020 8986 7955 (Mon-Fri 09:00-15:30) / hackney.marshes@gll.org. Playfinder shows fully booked,
Hostelle,info@hostelle.co.uk,general,+44 20 7646 6671,https://www.hostelle.co.uk/,tourism: hostel,"Bethnal Green Road 458, London",E2 0EA,London,Stepney 3G,12,Available,Mon 28 Sep 17:30 (£3/pp); Mon 28 Sep 18:30 (£5/pp); Mon 28 Sep 19:30 (£5/pp); Mon 28 Sep 20:30 (£5/pp); Tue 29 Sep 17:30 (£3/pp); Tue 29 Sep 18:30 (£5/pp); +26 more,Mon 28 Sep 17:30 (£3/pp) · 5-a-side · ~£3.00 per player at cost,Contact required: 020 8986 7955 (Mon-Fri 09:00-15:30) / hackney.marshes@gll.org. Playfinder shows fully booked,
Three Colts Tavern,info@threecoltstavern.co.uk,general,,https://www.threecoltstavern.co.uk/,amenity: pub,"Cambridge Heath Road 199, London",E2 0EL,London,Stepney 3G,8,Available,Mon 28 Sep 17:30 (£3/pp); Mon 28 Sep 18:30 (£5/pp); Mon 28 Sep 19:30 (£5/pp); Mon 28 Sep 20:30 (£5/pp); Tue 29 Sep 17:30 (£3/pp); Tue 29 Sep 18:30 (£5/pp); +26 more,Mon 28 Sep 17:30 (£3/pp) · 5-a-side · ~£3.00 per player at cost,Contact required: 020 8986 7955 (Mon-Fri 09:00-15:30) / hackney.marshes@gll.org. Playfinder shows fully booked,
Backyard Comedy Club,info@backyardcomedyclub.co.uk,general,,https://backyardcomedyclub.co.uk/,amenity: theatre,"Cambridge Heath Road 231, London",E2 0EL,London,Stepney 3G,9,Available,Mon 28 Sep 17:30 (£3/pp); Mon 28 Sep 18:30 (£5/pp); Mon 28 Sep 19:30 (£5/pp); Mon 28 Sep 20:30 (£5/pp); Tue 29 Sep 17:30 (£3/pp); Tue 29 Sep 18:30 (£5/pp); +26 more,Mon 28 Sep 17:30 (£3/pp) · 5-a-side · ~£3.00 per player at cost,Contact required: 020 8986 7955 (Mon-Fri 09:00-15:30) / hackney.marshes@gll.org. Playfinder shows fully booked,
Darul Hadis Latifiah,info@darulhadis.org.uk,general,+44 20 8983 3663,https://www.darulhadis.org.uk/,amenity: school,"Cornwall Avenue 1, London",E2 0HW,London,Stepney 3G,8,Available,Mon 28 Sep 17:30 (£3/pp); Mon 28 Sep 18:30 (£5/pp); Mon 28 Sep 19:30 (£5/pp); Mon 28 Sep 20:30 (£5/pp); Tue 29 Sep 17:30 (£3/pp); Tue 29 Sep 18:30 (£5/pp); +26 more,Mon 28 Sep 17:30 (£3/pp) · 5-a-side · ~£3.00 per player at cost,Contact required: 020 8986 7955 (Mon-Fri 09:00-15:30) / hackney.marshes@gll.org. Playfinder shows fully booked,
Quality Dry Cleaners,info@qualitydrycleaners.org.uk,openstreetmap_tag,+44 20 8983 4502,https://qualitydrycleaners.org.uk/,shop: dry cleaning,"Globe Road 262, London",E2 0JD,London,Stepney 3G,9,Available,Mon 28 Sep 17:30 (£3/pp); Mon 28 Sep 18:30 (£5/pp); Mon 28 Sep 19:30 (£5/pp); Mon 28 Sep 20:30 (£5/pp); Tue 29 Sep 17:30 (£3/pp); Tue 29 Sep 18:30 (£5/pp); +26 more,Mon 28 Sep 17:30 (£3/pp) · 5-a-side · ~£3.00 per player at cost,Contact required: 020 8986 7955 (Mon-Fri 09:00-15:30) / hackney.marshes@gll.org. Playfinder shows fully booked,
Bangabandhu Primary School,admin@bangabandhu.towerhamlets.sch.uk,general,+44 20 8980 0580,https://www.bangabandhu.towerhamlets.sch.uk/,amenity: school,"Wessex Street 28, London",E2 0LB,London,Stepney 3G,6,Available,Mon 28 Sep 17:30 (£3/pp); Mon 28 Sep 18:30 (£5/pp); Mon 28 Sep 19:30 (£5/pp); Mon 28 Sep 20:30 (£5/pp); Tue 29 Sep 17:30 (£3/pp); Tue 29 Sep 18:30 (£5/pp); +26 more,Mon 28 Sep 17:30 (£3/pp) · 5-a-side · ~£3.00 per player at cost,Contact required: 020 8986 7955 (Mon-Fri 09:00-15:30) / hackney.marshes@gll.org. Playfinder shows fully booked,
Bonner Primary School,admin@bonner.towerhamlets.sch.uk,general,+44 20 8980 1004,https://www.bonner.towerhamlets.sch.uk/,amenity: school,"Stainsbury Street, London",E2 0NF,London,Stepney 3G,9,Available,Mon 28 Sep 17:30 (£3/pp); Mon 28 Sep 18:30 (£5/pp); Mon 28 Sep 19:30 (£5/pp); Mon 28 Sep 20:30 (£5/pp); Tue 29 Sep 17:30 (£3/pp); Tue 29 Sep 18:30 (£5/pp); +26 more,Mon 28 Sep 17:30 (£3/pp) · 5-a-side · ~£3.00 per player at cost,Contact required: 020 8986 7955 (Mon-Fri 09:00-15:30) / hackney.marshes@gll.org. Playfinder shows fully booked,
Paradise Cycles,info@paradisecycles.co.uk,general,+44 20 3441 9220,https://www.paradisecycles.co.uk/,shop: bicycle,"Roman Road 63, London",E2 0QN,London,Stepney 3G,8,Available,Mon 28 Sep 17:30 (£3/pp); Mon 28 Sep 18:30 (£5/pp); Mon 28 Sep 19:30 (£5/pp); Mon 28 Sep 20:30 (£5/pp); Tue 29 Sep 17:30 (£3/pp); Tue 29 Sep 18:30 (£5/pp); +26 more,Mon 28 Sep 17:30 (£3/pp) · 5-a-side · ~£3.00 per player at cost,Contact required: 020 8986 7955 (Mon-Fri 09:00-15:30) / hackney.marshes@gll.org. Playfinder shows fully booked,
BRS CONSULTING LTD,info@brsconsulting.co.uk,general,+44 7979 781072,https://www.brsconsulting.co.uk/,finance,"125 Roman Rd, Globe Town, London E2 0QN, UK",E2 0QN,London,Stepney 3G,9,Available,Mon 28 Sep 17:30 (£3/pp); Mon 28 Sep 18:30 (£5/pp); Mon 28 Sep 19:30 (£5/pp); Mon 28 Sep 20:30 (£5/pp); Tue 29 Sep 17:30 (£3/pp); Tue 29 Sep 18:30 (£5/pp); +26 more,Mon 28 Sep 17:30 (£3/pp) · 5-a-side · ~£3.00 per player at cost,Contact required: 020 8986 7955 (Mon-Fri 09:00-15:30) / hackney.marshes@gll.org. Playfinder shows fully booked,
Four Corners,info@fourcornersfilm.co.uk,general,+44 20 8981 6111,https://www.fourcornersfilm.co.uk/,tourism: gallery,"Roman Road 121, London",E2 0QN,London,Stepney 3G,9,Available,Mon 28 Sep 17:30 (£3/pp); Mon 28 Sep 18:30 (£5/pp); Mon 28 Sep 19:30 (£5/pp); Mon 28 Sep 20:30 (£5/pp); Tue 29 Sep 17:30 (£3/pp); Tue 29 Sep 18:30 (£5/pp); +26 more,Mon 28 Sep 17:30 (£3/pp) · 5-a-side · ~£3.00 per player at cost,Contact required: 020 8986 7955 (Mon-Fri 09:00-15:30) / hackney.marshes@gll.org. Playfinder shows fully booked,
Keystones Properties,info@keystonesltd.co.uk,general,+44 20 8981 9955,https://www.keystonesltd.co.uk/,estate_agent,"146 Roman Road, London",E2 0RY,London,Stepney 3G,9,Available,Mon 28 Sep 17:30 (£3/pp); Mon 28 Sep 18:30 (£5/pp); Mon 28 Sep 19:30 (£5/pp); Mon 28 Sep 20:30 (£5/pp); Tue 29 Sep 17:30 (£3/pp); Tue 29 Sep 18:30 (£5/pp); +26 more,Mon 28 Sep 17:30 (£3/pp) · 5-a-side · ~£3.00 per player at cost,Contact required: 020 8986 7955 (Mon-Fri 09:00-15:30) / hackney.marshes@gll.org. Playfinder shows fully booked,
Hamletts.com,info@hamletts.com,openstreetmap_tag,+44 20 8980 3377,,estate_agent,"236 Roman Road, London",E2 0RY,London,Stepney 3G,12,Available,Mon 28 Sep 17:30 (£3/pp); Mon 28 Sep 18:30 (£5/pp); Mon 28 Sep 19:30 (£5/pp); Mon 28 Sep 20:30 (£5/pp); Tue 29 Sep 17:30 (£3/pp); Tue 29 Sep 18:30 (£5/pp); +26 more,Mon 28 Sep 17:30 (£3/pp) · 5-a-side · ~£3.00 per player at cost,Contact required: 020 8986 7955 (Mon-Fri 09:00-15:30) / hackney.marshes@gll.org. Playfinder shows fully booked,
William Davis Primary School,admin@williamdavis.org.uk,general,+44 20 7739 1511,https://www.williamdavis.org.uk/,amenity: school,"Wood Close, London",E2 6ET,London,Whitechapel,19,Contact required,Contact required: 020 7790 3854,,Contact required: 020 8986 7955 (Mon-Fri 09:00-15:30) / hackney.marshes@gll.org. Playfinder shows fully booked,COLA Shoreditch Park: Tue 29 Sep 17:30 (£91) · 5-a-side · ~£9.10 per player at cost; Old St - Moreland Primary School: Fri 2 Oct 20:00 (£90) · 6-a-side · ~£7.50 per player at cost; Shoreditch Rooftop: Mon 28 Sep 18:00 (£72) · 5-a-side · ~£7.22 per player at cost; Stepney 3G: Mon 28 Sep 17:30 (£3/pp) · 5-a-side · ~£3.00 per player at cost
Crafted,hello@crafted.co.uk,general,+44 20 3327 9900,https://www.crafted.co.uk/,company,"115 Coventry Road, London",E2 6GG,London,Stepney 3G,11,Available,Mon 28 Sep 17:30 (£3/pp); Mon 28 Sep 18:30 (£5/pp); Mon 28 Sep 19:30 (£5/pp); Mon 28 Sep 20:30 (£5/pp); Tue 29 Sep 17:30 (£3/pp); Tue 29 Sep 18:30 (£5/pp); +26 more,Mon 28 Sep 17:30 (£3/pp) · 5-a-side · ~£3.00 per player at cost,Contact required: 020 8986 7955 (Mon-Fri 09:00-15:30) / hackney.marshes@gll.org. Playfinder shows fully booked,
Transparent Digital Services,contact@transparentdigitalservices.com,openstreetmap_tag,+44 7540 388706,https://transparentdigitalservices.com/,advertising_agency,"115 Coventry Road, London",E2 6GH,London,Stepney 3G,11,Available,Mon 28 Sep 17:30 (£3/pp); Mon 28 Sep 18:30 (£5/pp); Mon 28 Sep 19:30 (£5/pp); Mon 28 Sep 20:30 (£5/pp); Tue 29 Sep 17:30 (£3/pp); Tue 29 Sep 18:30 (£5/pp); +26 more,Mon 28 Sep 17:30 (£3/pp) · 5-a-side · ~£3.00 per player at cost,Contact required: 020 8986 7955 (Mon-Fri 09:00-15:30) / hackney.marshes@gll.org. Playfinder shows fully booked,
Oxford House,info@oxfordhouse.org.uk,general,+44 20 7739 9001,http://www.oxfordhouse.org.uk/,coworking_space,"Oxford House, Derbyshire St, Bethnal Green, London E2 6HG, UK",E2 6HG,London,Stepney 3G,15,Available,Mon 28 Sep 17:30 (£3/pp); Mon 28 Sep 18:30 (£5/pp); Mon 28 Sep 19:30 (£5/pp); Mon 28 Sep 20:30 (£5/pp); Tue 29 Sep 17:30 (£3/pp); Tue 29 Sep 18:30 (£5/pp); +26 more,Mon 28 Sep 17:30 (£3/pp) · 5-a-side · ~£3.00 per player at cost,Contact required: 020 8986 7955 (Mon-Fri 09:00-15:30) / hackney.marshes@gll.org. Playfinder shows fully booked,
Eastend Printers,info@eastendprinters.co.uk,general,,https://eastendprinters.co.uk/,shop: copyshop,"Dunbridge Street 71, London",E2 6JG,London,Stepney 3G,17,Available,Mon 28 Sep 17:30 (£3/pp); Mon 28 Sep 18:30 (£5/pp); Mon 28 Sep 19:30 (£5/pp); Mon 28 Sep 20:30 (£5/pp); Tue 29 Sep 17:30 (£3/pp); Tue 29 Sep 18:30 (£5/pp); +26 more,Mon 28 Sep 17:30 (£3/pp) · 5-a-side · ~£3.00 per player at cost,Contact required: 020 8986 7955 (Mon-Fri 09:00-15:30) / hackney.marshes@gll.org. Playfinder shows fully booked,
Bethnal Green Working Men's Club,info@workersplaytime.net,general,,https://workersplaytime.net/,amenity: community centre,"Pollard Row 42, London",E2 6NB,London,Stepney 3G,19,Available,Mon 28 Sep 17:30 (£3/pp); Mon 28 Sep 18:30 (£5/pp); Mon 28 Sep 19:30 (£5/pp); Mon 28 Sep 20:30 (£5/pp); Tue 29 Sep 17:30 (£3/pp); Tue 29 Sep 18:30 (£5/pp); +26 more,Mon 28 Sep 17:30 (£3/pp) · 5-a-side · ~£3.00 per player at cost,Contact required: 020 8986 7955 (Mon-Fri 09:00-15:30) / hackney.marshes@gll.org. Playfinder shows fully booked,
Oaklands School,reception@oaklands.towerhamlets.sch.uk,general,,https://oaklands.towerhamlets.sch.uk/,amenity: school,"Old Bethnal Green Road, London",E2 6PR,London,Stepney 3G,17,Available,Mon 28 Sep 17:30 (£3/pp); Mon 28 Sep 18:30 (£5/pp); Mon 28 Sep 19:30 (£5/pp); Mon 28 Sep 20:30 (£5/pp); Tue 29 Sep 17:30 (£3/pp); Tue 29 Sep 18:30 (£5/pp); +26 more,Mon 28 Sep 17:30 (£3/pp) · 5-a-side · ~£3.00 per player at cost,Contact required: 020 8986 7955 (Mon-Fri 09:00-15:30) / hackney.marshes@gll.org. Playfinder shows fully booked,
The Common E2,info@thecommone2.com,general,,http://www.thecommone2.com,amenity: cafe,"Old Bethnal Green Road 53, London",E2 6QA,London,Stepney 3G,17,Available,Mon 28 Sep 17:30 (£3/pp); Mon 28 Sep 18:30 (£5/pp); Mon 28 Sep 19:30 (£5/pp); Mon 28 Sep 20:30 (£5/pp); Tue 29 Sep 17:30 (£3/pp); Tue 29 Sep 18:30 (£5/pp); +26 more,Mon 28 Sep 17:30 (£3/pp) · 5-a-side · ~£3.00 per player at cost,Contact required: 020 8986 7955 (Mon-Fri 09:00-15:30) / hackney.marshes@gll.org. Playfinder shows fully booked,
A Portuguese Love Affair,info@aportugueseloveaffair.co.uk,general,+44 20 3490 2662,https://www.aportugueseloveaffair.co.uk/,amenity: cafe,"Hackney Road 326, London",E2 7AX,London,Shoreditch Rooftop,20,Available,Mon 28 Sep 18:00 (£72),Mon 28 Sep 18:00 (£72) · 5-a-side · ~£7.22 per player at cost,Contact required: 020 8986 7955 (Mon-Fri 09:00-15:30) / hackney.marshes@gll.org. Playfinder shows fully booked,
Small World,hello@meetsmallworld.com,general,,http://www.meetsmallworld.com/,consultant,"10 Redchurch St, London E2 7DD, UK",E2 7DD,London,Shoreditch Rooftop,21,Available,Mon 28 Sep 18:00 (£72),Mon 28 Sep 18:00 (£72) · 5-a-side · ~£7.22 per player at cost,Contact required: 020 8986 7955 (Mon-Fri 09:00-15:30) / hackney.marshes@gll.org. Playfinder shows fully booked,
BAO Noodle Shop,info@baolondon.com,general,,https://baolondon.com/,amenity: restaurant,"Redchurch Street 1, London",E2 7DJ,London,Shoreditch Rooftop,20,Available,Mon 28 Sep 18:00 (£72),Mon 28 Sep 18:00 (£72) · 5-a-side · ~£7.22 per player at cost,Contact required: 020 8986 7955 (Mon-Fri 09:00-15:30) / hackney.marshes@gll.org. Playfinder shows fully booked,
Mildmay Mission Hospital,info@mildmay.org,general,+44 20 7613 6300,https://www.mildmay.org/,amenity: hospital,"Tabernacle Gardens 19, London",E2 7DZ,London,Shoreditch Rooftop,15,Available,Mon 28 Sep 18:00 (£72),Mon 28 Sep 18:00 (£72) · 5-a-side · ~£7.22 per player at cost,Contact required: 020 8986 7955 (Mon-Fri 09:00-15:30) / hackney.marshes@gll.org. Playfinder shows fully booked,
The Umbrella Workshop,info@theumbrellaproject.co.uk,general,+44 20 7739 4951,https://theumbrellaproject.co.uk/,amenity: bar,"Boundary Street, London",E2 7JD,London,Shoreditch Rooftop,17,Available,Mon 28 Sep 18:00 (£72),Mon 28 Sep 18:00 (£72) · 5-a-side · ~£7.22 per player at cost,Contact required: 020 8986 7955 (Mon-Fri 09:00-15:30) / hackney.marshes@gll.org. Playfinder shows fully booked,
facebar,hello@facebarlondon.com,general,+44 7789 618125,https://facebarlondon.com/,shop: beauty,"Boundary Street, London",E2 7JD,London,Shoreditch Rooftop,17,Available,Mon 28 Sep 18:00 (£72),Mon 28 Sep 18:00 (£72) · 5-a-side · ~£7.22 per player at cost,Contact required: 020 8986 7955 (Mon-Fri 09:00-15:30) / hackney.marshes@gll.org. Playfinder shows fully booked,
Paper & Cup,paperandcup@sct.org.uk,openstreetmap_tag,+44 7732 691013,https://sct.org.uk/social-enterprises/paper-cup/,amenity: cafe,"Calvert Avenue 18, London",E2 7JP,London,Shoreditch Rooftop,17,Available,Mon 28 Sep 18:00 (£72),Mon 28 Sep 18:00 (£72) · 5-a-side · ~£7.22 per player at cost,Contact required: 020 8986 7955 (Mon-Fri 09:00-15:30) / hackney.marshes@gll.org. Playfinder shows fully booked,
Odyssey Male Grooming,hello@odysseymalegrooming.com,openstreetmap_tag,+44 20 3911 8144,https://www.odysseymalegrooming.com/,shop: hairdresser,"Hackney Road 63, London",E2 7NX,London,Shoreditch Rooftop,14,Available,Mon 28 Sep 18:00 (£72),Mon 28 Sep 18:00 (£72) · 5-a-side · ~£7.22 per player at cost,Contact required: 020 8986 7955 (Mon-Fri 09:00-15:30) / hackney.marshes@gll.org. Playfinder shows fully booked,
Idle Moments,info@idle-moments.com,general,+44 20 7646 3762,https://idle-moments.com/,shop: wine,"Columbia Road 86, London",E2 7QB,London,Shoreditch Rooftop,18,Available,Mon 28 Sep 18:00 (£72),Mon 28 Sep 18:00 (£72) · 5-a-side · ~£7.22 per player at cost,Contact required: 020 8986 7955 (Mon-Fri 09:00-15:30) / hackney.marshes@gll.org. Playfinder shows fully booked,
Brawn,enquiries@brawn.co,general,,https://www.brawn.co/,amenity: restaurant,"Columbia Road 49, London",E2 7RG,London,Shoreditch Rooftop,18,Available,Mon 28 Sep 18:00 (£72),Mon 28 Sep 18:00 (£72) · 5-a-side · ~£7.22 per player at cost,Contact required: 020 8986 7955 (Mon-Fri 09:00-15:30) / hackney.marshes@gll.org. Playfinder shows fully booked,
Mosaic Factory,info-uk@mosaicdelsur.com,openstreetmap_tag,+44 20 3514 0483,https://www.cement-tiles.com/,shop: tiles,"Columbia Road 106, London",E2 7RG,London,Shoreditch Rooftop,18,Available,Mon 28 Sep 18:00 (£72),Mon 28 Sep 18:00 (£72) · 5-a-side · ~£7.22 per player at cost,Contact required: 020 8986 7955 (Mon-Fri 09:00-15:30) / hackney.marshes@gll.org. Playfinder shows fully booked,
Play Vinyl,info@playvinyl.london,openstreetmap_tag,+44 7480 651744,https://playvinyl.london/,shop: music,"Ezra Street 14, London",E2 7RH,London,Shoreditch Rooftop,18,Available,Mon 28 Sep 18:00 (£72),Mon 28 Sep 18:00 (£72) · 5-a-side · ~£7.22 per player at cost,Contact required: 020 8986 7955 (Mon-Fri 09:00-15:30) / hackney.marshes@gll.org. Playfinder shows fully booked,
The Nelson's,ben@thenelsonspub.com,person_or_other,+44 7427 012091,https://www.thenelsonspub.com/,amenity: pub,"Horatio Street 32, London",E2 7SB,London,Shoreditch Rooftop,17,Available,Mon 28 Sep 18:00 (£72),Mon 28 Sep 18:00 (£72) · 5-a-side · ~£7.22 per player at cost,Contact required: 020 8986 7955 (Mon-Fri 09:00-15:30) / hackney.marshes@gll.org. Playfinder shows fully booked,
Indian Greedy Cow,info@indiangreedycow.co.uk,general,+44 20 7739 4884,https://www.indiangreedycow.co.uk/,amenity: fast food,"Hackney Road 310, London",E2 7SJ,London,Shoreditch Rooftop,19,Available,Mon 28 Sep 18:00 (£72),Mon 28 Sep 18:00 (£72) · 5-a-side · ~£7.22 per player at cost,Contact required: 020 8986 7955 (Mon-Fri 09:00-15:30) / hackney.marshes@gll.org. Playfinder shows fully booked,
Provisions,info@provisionslondon.co.uk,general,,https://provisionslondon.co.uk/,shop: deli,"Hackney Road 308, London",E2 7SJ,London,Shoreditch Rooftop,19,Available,Mon 28 Sep 18:00 (£72),Mon 28 Sep 18:00 (£72) · 5-a-side · ~£7.22 per player at cost,Contact required: 020 8986 7955 (Mon-Fri 09:00-15:30) / hackney.marshes@gll.org. Playfinder shows fully booked,
Mixology Events,info@mixologyevents.co.uk,general,+44 333 344 7765,https://mixologyevents.co.uk/classes/cocktail-making-classes-london/,amenity: bar,"Kingsland Road 17B, London",E2 8AA,London,Shoreditch Rooftop,12,Available,Mon 28 Sep 18:00 (£72),Mon 28 Sep 18:00 (£72) · 5-a-side · ~£7.22 per player at cost,Contact required: 020 8986 7955 (Mon-Fri 09:00-15:30) / hackney.marshes@gll.org. Playfinder shows fully booked,
Shoreditch Platform,info@shoreditchplatform.com,openstreetmap_tag,+44 20 3319 9640,,rentable,"1 Kingsland Road, London",E2 8AA,London,Shoreditch Rooftop,14,Available,Mon 28 Sep 18:00 (£72),Mon 28 Sep 18:00 (£72) · 5-a-side · ~£7.22 per player at cost,Contact required: 020 8986 7955 (Mon-Fri 09:00-15:30) / hackney.marshes@gll.org. Playfinder shows fully booked,
Gramndegrees,hello@gramndegrees.co.uk,general,,https://www.gramndegrees.co.uk/,amenity: cafe,"Kingsland Road 93, London",E2 8AG,London,Shoreditch Rooftop,10,Available,Mon 28 Sep 18:00 (£72),Mon 28 Sep 18:00 (£72) · 5-a-side · ~£7.22 per player at cost,Contact required: 020 8986 7955 (Mon-Fri 09:00-15:30) / hackney.marshes@gll.org. Playfinder shows fully booked,
Longdan,longdan@longdan.co.uk,person_or_other,+44 20 7739 3968,https://longdan.co.uk/,shop: supermarket,"Kingsland Road 57-59, London",E2 8AG,London,Shoreditch Rooftop,11,Available,Mon 28 Sep 18:00 (£72),Mon 28 Sep 18:00 (£72) · 5-a-side · ~£7.22 per player at cost,Contact required: 020 8986 7955 (Mon-Fri 09:00-15:30) / hackney.marshes@gll.org. Playfinder shows fully booked,
UMA Workspace,info@umaworkspace.co.uk,general,,http://www.umaworkspace.co.uk/,coworking_space,"Unit 1, 83-85 Kingsland Rd, London E2 8AG, UK",E2 8AG,London,Shoreditch Rooftop,11,Available,Mon 28 Sep 18:00 (£72),Mon 28 Sep 18:00 (£72) · 5-a-side · ~£7.22 per player at cost,Contact required: 020 8986 7955 (Mon-Fri 09:00-15:30) / hackney.marshes@gll.org. Playfinder shows fully booked,
The Steam Room,hello@thesteamroom.cleaning,general,,https://www.thesteamroom.cleaning/our-story,shop: dry cleaning,"Kingsland Road 230, London",E2 8AX,London,COLA Shoreditch Park ,8,Available,Tue 29 Sep 17:30 (£91); Thu 1 Oct 17:30 (£91); Thu 1 Oct 18:30 (£91); Thu 1 Oct 19:30 (£91); Thu 1 Oct 20:30 (£91); Fri 2 Oct 17:30 (£91); +30 more,Tue 29 Sep 17:30 (£91) · 5-a-side · ~£9.10 per player at cost,Contact required: 020 8986 7955 (Mon-Fri 09:00-15:30) / hackney.marshes@gll.org. Playfinder shows fully booked,
The Bridge Academy,wgourley@tbah.uk,person_or_other,+44 20 7749 5240,https://www.tbah.uk/,amenity: school,"Laburnum Street, London",E2 8BA,London,COLA Shoreditch Park ,12,Available,Tue 29 Sep 17:30 (£91); Thu 1 Oct 17:30 (£91); Thu 1 Oct 18:30 (£91); Thu 1 Oct 19:30 (£91); Thu 1 Oct 20:30 (£91); Fri 2 Oct 17:30 (£91); +30 more,Tue 29 Sep 17:30 (£91) · 5-a-side · ~£9.10 per player at cost,Contact required: 020 8986 7955 (Mon-Fri 09:00-15:30) / hackney.marshes@gll.org. Playfinder shows fully booked,
Laburnum Boat Club,info@laburnumboatclub.com,openstreetmap_tag,+44 20 7729 2915,https://www.laburnumboatclub.com/,club: sport,"Laburnum Street, London",E2 8BH,London,COLA Shoreditch Park ,11,Available,Tue 29 Sep 17:30 (£91); Thu 1 Oct 17:30 (£91); Thu 1 Oct 18:30 (£91); Thu 1 Oct 19:30 (£91); Thu 1 Oct 20:30 (£91); Fri 2 Oct 17:30 (£91); +30 more,Tue 29 Sep 17:30 (£91) · 5-a-side · ~£9.10 per player at cost,Contact required: 020 8986 7955 (Mon-Fri 09:00-15:30) / hackney.marshes@gll.org. Playfinder shows fully booked,
East West Pizza,hello@eastwestlondon.com,general,+44 20 7916 6698,https://www.eastwestlondon.com,amenity: restaurant,"Kingsland Road 42-44, London",E2 8DA,London,Shoreditch Rooftop,13,Available,Mon 28 Sep 18:00 (£72),Mon 28 Sep 18:00 (£72) · 5-a-side · ~£7.22 per player at cost,Contact required: 020 8986 7955 (Mon-Fri 09:00-15:30) / hackney.marshes@gll.org. Playfinder shows fully booked,
Gyros Lab,info@gyroslab.com,general,+44 20 3337 5856,https://www.gyroslab.com/,amenity: fast food,"Kingsland Road 2, London",E2 8DA,London,Shoreditch Rooftop,15,Available,Mon 28 Sep 18:00 (£72),Mon 28 Sep 18:00 (£72) · 5-a-side · ~£7.22 per player at cost,Contact required: 020 8986 7955 (Mon-Fri 09:00-15:30) / hackney.marshes@gll.org. Playfinder shows fully booked,
TOWER London - Head Office,customer-services@tower-london.com,person_or_other,+44 20 7781 8500,https://www.tower-london.com/,corporate_office,"16g, Hope House, 38 Kingsland Rd, London E2 8DD, UK",E2 8DD,London,Shoreditch Rooftop,14,Available,Mon 28 Sep 18:00 (£72),Mon 28 Sep 18:00 (£72) · 5-a-side · ~£7.22 per player at cost,Contact required: 020 8986 7955 (Mon-Fri 09:00-15:30) / hackney.marshes@gll.org. Playfinder shows fully booked,
Central Hoxton,hello@centralhoxton.com,openstreetmap_tag,+44 20 7739 0846,https://www.centralhoxton.com/,tourism: hotel,"Kingsland Road 100, London",E2 8DP,London,Shoreditch Rooftop,11,Available,Mon 28 Sep 18:00 (£72),Mon 28 Sep 18:00 (£72) · 5-a-side · ~£7.22 per player at cost,Contact required: 020 8986 7955 (Mon-Fri 09:00-15:30) / hackney.marshes@gll.org. Playfinder shows fully booked,
The Grocery,info@thegroceryshop.co.uk,openstreetmap_tag,+44 20 7729 6855,https://www.thegroceryshop.co.uk/,shop: supermarket,"Kingsland Road 52-56, London",E2 8DP,London,Shoreditch Rooftop,12,Available,Mon 28 Sep 18:00 (£72),Mon 28 Sep 18:00 (£72) · 5-a-side · ~£7.22 per player at cost,Contact required: 020 8986 7955 (Mon-Fri 09:00-15:30) / hackney.marshes@gll.org. Playfinder shows fully booked,
Aazz Ai Seo Agency London,sales@aazzagency.co.uk,commercial,+44 7988 595628,https://aazzagency.co.uk/,service,"studio 6, Shoreditch Stables, 138 Kingsland Rd, London E2 8DY, UK",E2 8DY,London,Shoreditch Rooftop,9,Available,Mon 28 Sep 18:00 (£72),Mon 28 Sep 18:00 (£72) · 5-a-side · ~£7.22 per player at cost,Contact required: 020 8986 7955 (Mon-Fri 09:00-15:30) / hackney.marshes@gll.org. Playfinder shows fully booked,
Charles Luf & Co,enquiries@charlesluf.com,general,,https://charlesluf.com/,lawyer,"134D Kingsland Road, London",E2 8DY,London,Shoreditch Rooftop,10,Available,Mon 28 Sep 18:00 (£72),Mon 28 Sep 18:00 (£72) · 5-a-side · ~£7.22 per player at cost,Contact required: 020 8986 7955 (Mon-Fri 09:00-15:30) / hackney.marshes@gll.org. Playfinder shows fully booked,
Museum of the Home,bookings@museumofthehome.org.uk,openstreetmap_tag,+44 20 7739 9893,https://www.museumofthehome.org.uk/,tourism: museum,"Kingsland Road 136, London",E2 8EA,London,Shoreditch Rooftop,10,Available,Mon 28 Sep 18:00 (£72),Mon 28 Sep 18:00 (£72) · 5-a-side · ~£7.22 per player at cost,Contact required: 020 8986 7955 (Mon-Fri 09:00-15:30) / hackney.marshes@gll.org. Playfinder shows fully booked,
The Arcanist's Tavern,inquiries@alchemygames.uk,openstreetmap_tag,+44 20 8191 2983,https://arcaniststavern.uk/,amenity: bar,"Hackney Road 87-91, London",E2 8FE,London,Shoreditch Rooftop,13,Available,Mon 28 Sep 18:00 (£72),Mon 28 Sep 18:00 (£72) · 5-a-side · ~£7.22 per player at cost,Contact required: 020 8986 7955 (Mon-Fri 09:00-15:30) / hackney.marshes@gll.org. Playfinder shows fully booked,
Centre 151,info@centre151.com,general,+44 20 7739 3650,https://www.centre151.com/,amenity: community centre,"Whiston Road 151, London",E2 8GU,London,COLA Shoreditch Park ,14,Available,Tue 29 Sep 17:30 (£91); Thu 1 Oct 17:30 (£91); Thu 1 Oct 18:30 (£91); Thu 1 Oct 19:30 (£91); Thu 1 Oct 20:30 (£91); Fri 2 Oct 17:30 (£91); +30 more,Tue 29 Sep 17:30 (£91) · 5-a-side · ~£9.10 per player at cost,Contact required: 020 8986 7955 (Mon-Fri 09:00-15:30) / hackney.marshes@gll.org. Playfinder shows fully booked,
Butchers Salon,hoxton@butcherssalon.com,person_or_other,+44 20 7613 4313,https://www.butcherssalon.com,shop: hairdresser,"Cremer Street, London",E2 8GX,London,Shoreditch Rooftop,13,Available,Mon 28 Sep 18:00 (£72),Mon 28 Sep 18:00 (£72) · 5-a-side · ~£7.22 per player at cost,Contact required: 020 8986 7955 (Mon-Fri 09:00-15:30) / hackney.marshes@gll.org. Playfinder shows fully booked,
Gaia Bistro,marketing@gaiabistro.co.uk,openstreetmap_tag,+44 20 4547 2760,https://gaiabistro.co.uk/,amenity: restaurant,"Hackney Road, London",E2 8GY,London,Shoreditch Rooftop,13,Available,Mon 28 Sep 18:00 (£72),Mon 28 Sep 18:00 (£72) · 5-a-side · ~£7.22 per player at cost,Contact required: 020 8986 7955 (Mon-Fri 09:00-15:30) / hackney.marshes@gll.org. Playfinder shows fully booked,
Legacy Martial Arts,info@legacymartialartslondon.co.uk,openstreetmap_tag,,https://www.legacymartialartslondon.co.uk/,amenity: dojo,"Cremer Street 403, London",E2 8HB,London,Shoreditch Rooftop,11,Available,Mon 28 Sep 18:00 (£72),Mon 28 Sep 18:00 (£72) · 5-a-side · ~£7.22 per player at cost,Contact required: 020 8986 7955 (Mon-Fri 09:00-15:30) / hackney.marshes@gll.org. Playfinder shows fully booked,
BioPak Head Office,sales@biopak.com,commercial,+44 1386 555777,https://www.biopak.com/uk,manufacturer,"Room G01, Brickfields Business Centre, 37 Cremer St, London E2 8HD, UK",E2 8HD,London,Shoreditch Rooftop,11,Available,Mon 28 Sep 18:00 (£72),Mon 28 Sep 18:00 (£72) · 5-a-side · ~£7.22 per player at cost,Contact required: 020 8986 7955 (Mon-Fri 09:00-15:30) / hackney.marshes@gll.org. Playfinder shows fully booked,
Magnetic London,hello@magnetic-london.co.uk,general,+44 20 7193 3747,https://www.magnetic-london.co.uk/?utm_source=google&utm_medium=wix_google_business_profile&utm_campaign=13745144260154332613,service,"Studio 123, Brickfield Business Centre, 37 Cremer St, London E2 8HD, UK",E2 8HD,London,Shoreditch Rooftop,11,Available,Mon 28 Sep 18:00 (£72),Mon 28 Sep 18:00 (£72) · 5-a-side · ~£7.22 per player at cost,Contact required: 020 8986 7955 (Mon-Fri 09:00-15:30) / hackney.marshes@gll.org. Playfinder shows fully booked,
Outset Studio - Hoxton,hello@outsetstudio.com,openstreetmap_tag,+44 20 3151 3242,https://outsetstudio.com/,amenity: studio,"Cremer Street 37, London",E2 8HD,London,Shoreditch Rooftop,11,Available,Mon 28 Sep 18:00 (£72),Mon 28 Sep 18:00 (£72) · 5-a-side · ~£7.22 per player at cost,Contact required: 020 8986 7955 (Mon-Fri 09:00-15:30) / hackney.marshes@gll.org. Playfinder shows fully booked,
Docklands Accountancy,info@docklandsacc.com,general,+44 20 7033 9123,https://docklandsacc.com/,finance,"10 Waterson St, London E2 8HE, UK",E2 8HE,London,Shoreditch Rooftop,13,Available,Mon 28 Sep 18:00 (£72),Mon 28 Sep 18:00 (£72) · 5-a-side · ~£7.22 per player at cost,Contact required: 020 8986 7955 (Mon-Fri 09:00-15:30) / hackney.marshes@gll.org. Playfinder shows fully booked,
Jackson's Framing,sales@jacksonsframing.co.uk,openstreetmap_tag,,jacksonsframing.co.uk,shop: frame,"Long Street 18 B, London",E2 8HQ,London,Shoreditch Rooftop,13,Available,Mon 28 Sep 18:00 (£72),Mon 28 Sep 18:00 (£72) · 5-a-side · ~£7.22 per player at cost,Contact required: 020 8986 7955 (Mon-Fri 09:00-15:30) / hackney.marshes@gll.org. Playfinder shows fully booked,
Hundred Years Gallery,info@hundredyearsgallery.com,openstreetmap_tag,+44 20 3602 7973,http://hundredyearsgallery.co.uk/,tourism: gallery,"Pearson Street 13, London",E2 8JD,London,Shoreditch Rooftop,9,Available,Mon 28 Sep 18:00 (£72),Mon 28 Sep 18:00 (£72) · 5-a-side · ~£7.22 per player at cost,Contact required: 020 8986 7955 (Mon-Fri 09:00-15:30) / hackney.marshes@gll.org. Playfinder shows fully booked,
Love Vinyl,lovevinylldn@gmail.com,openstreetmap_tag,+44 20 7729 8978,https://lovevinyl.net/,shop: music,"Pearson Street 5, London",E2 8JD,London,Shoreditch Rooftop,9,Available,Mon 28 Sep 18:00 (£72),Mon 28 Sep 18:00 (£72) · 5-a-side · ~£7.22 per player at cost,Contact required: 020 8986 7955 (Mon-Fri 09:00-15:30) / hackney.marshes@gll.org. Playfinder shows fully booked,
Chilled Consulting,chilledconsulting@outlook.com,freemail,,https://www.chilledconsulting.com/,finance,"Shoreditch Exchange, Gorsuch Pl, London E2 8JF, UK",E2 8JF,London,Shoreditch Rooftop,12,Available,Mon 28 Sep 18:00 (£72),Mon 28 Sep 18:00 (£72) · 5-a-side · ~£7.22 per player at cost,Contact required: 020 8986 7955 (Mon-Fri 09:00-15:30) / hackney.marshes@gll.org. Playfinder shows fully booked,
Grammatik Agency,contact@grammatikagency.com,general,+44 20 3950 7057,http://grammatikagency.com/,consultant,"Shoreditch Exchange, Senna Building, Gorsuch Pl, London E2 8JF, UK",E2 8JF,London,Shoreditch Rooftop,12,Available,Mon 28 Sep 18:00 (£72),Mon 28 Sep 18:00 (£72) · 5-a-side · ~£7.22 per player at cost,Contact required: 020 8986 7955 (Mon-Fri 09:00-15:30) / hackney.marshes@gll.org. Playfinder shows fully booked,
Shoreditch Exchange,marketing@withoneder.com,people_team,+44 20 8050 3325,https://shoreditch-exchange.com/,coworking,"Gorsuch Place, London",E2 8JF,London,Shoreditch Rooftop,12,Available,Mon 28 Sep 18:00 (£72),Mon 28 Sep 18:00 (£72) · 5-a-side · ~£7.22 per player at cost,Contact required: 020 8986 7955 (Mon-Fri 09:00-15:30) / hackney.marshes@gll.org. Playfinder shows fully booked,
Sager + Wilde,hello@sagerandwilde.com,general,+44 7761 168529,https://www.sagerandwilde.com/,amenity: bar,"Hackney Road 193, London",E2 8JL,London,Shoreditch Rooftop,14,Available,Mon 28 Sep 18:00 (£72),Mon 28 Sep 18:00 (£72) · 5-a-side · ~£7.22 per player at cost,Contact required: 020 8986 7955 (Mon-Fri 09:00-15:30) / hackney.marshes@gll.org. Playfinder shows fully booked,
The Premises Cafe,bookings@premisesstudios.com,commercial,+44 20 7684 2230,https://www.premisesstudios.com/cafe/,amenity: restaurant,"Hackney Road 209, London",E2 8JL,London,Shoreditch Rooftop,15,Available,Mon 28 Sep 18:00 (£72),Mon 28 Sep 18:00 (£72) · 5-a-side · ~£7.22 per player at cost,Contact required: 020 8986 7955 (Mon-Fri 09:00-15:30) / hackney.marshes@gll.org. Playfinder shows fully booked,
Haggerston School,haggerstonschool@haggerstoncst.org,person_or_other,+44 20 7739 7324,https://www.haggerstoncst.org/,amenity: school,"Weymouth Terrace, London",E2 8LS,London,Shoreditch Rooftop,15,Available,Mon 28 Sep 18:00 (£72),Mon 28 Sep 18:00 (£72) · 5-a-side · ~£7.22 per player at cost,Contact required: 020 8986 7955 (Mon-Fri 09:00-15:30) / hackney.marshes@gll.org. Playfinder shows fully booked,
Equal Parts,hello@equalpartslondon.com,openstreetmap_tag,,https://www.equalpartslondon.com/,amenity: bar,"Hackney Road 245, London",E2 8NA,London,Shoreditch Rooftop,17,Available,Mon 28 Sep 18:00 (£72),Mon 28 Sep 18:00 (£72) · 5-a-side · ~£7.22 per player at cost,Contact required: 020 8986 7955 (Mon-Fri 09:00-15:30) / hackney.marshes@gll.org. Playfinder shows fully booked,
Fish Planet London,fishplanetlondon@gmail.com,freemail,+44 20 4625 9881,https://fishplanetlondon.co.uk/,shop: pet,"Scawfell Street 6, London",E2 8NG,London,Shoreditch Rooftop,16,Available,Mon 28 Sep 18:00 (£72),Mon 28 Sep 18:00 (£72) · 5-a-side · ~£7.22 per player at cost,Contact required: 020 8986 7955 (Mon-Fri 09:00-15:30) / hackney.marshes@gll.org. Playfinder shows fully booked,
Frizzante,info@frizzanterestaurant.com,general,,https://frizzanterestaurant.com/,amenity: restaurant,"Goldsmiths' Row 1, London",E2 8QA,London,Shoreditch Rooftop,20,Available,Mon 28 Sep 18:00 (£72),Mon 28 Sep 18:00 (£72) · 5-a-side · ~£7.22 per player at cost,Contact required: 020 8986 7955 (Mon-Fri 09:00-15:30) / hackney.marshes@gll.org. Playfinder shows fully booked,
Sebright School,admin@sebright.hackney.sch.uk,general,+44 20 7739 6531,https://www.sebright.hackney.sch.uk/,amenity: school,"Audrey Street, London",E2 8QH,London,COLA Shoreditch Park ,20,Available,Tue 29 Sep 17:30 (£91); Thu 1 Oct 17:30 (£91); Thu 1 Oct 18:30 (£91); Thu 1 Oct 19:30 (£91); Thu 1 Oct 20:30 (£91); Fri 2 Oct 17:30 (£91); +30 more,Tue 29 Sep 17:30 (£91) · 5-a-side · ~£9.10 per player at cost,Contact required: 020 8986 7955 (Mon-Fri 09:00-15:30) / hackney.marshes@gll.org. Playfinder shows fully booked,
Gauchoworld SPACE,contact@gauchoworld.com,general,,https://www.gauchoworld.com/,coworking_space,"145 Goldsmiths Row, London E2 8QR, UK",E2 8QR,London,COLA Shoreditch Park ,22,Available,Tue 29 Sep 17:30 (£91); Thu 1 Oct 17:30 (£91); Thu 1 Oct 18:30 (£91); Thu 1 Oct 19:30 (£91); Thu 1 Oct 20:30 (£91); Fri 2 Oct 17:30 (£91); +30 more,Tue 29 Sep 17:30 (£91) · 5-a-side · ~£9.10 per player at cost,Contact required: 020 8986 7955 (Mon-Fri 09:00-15:30) / hackney.marshes@gll.org. Playfinder shows fully booked,
Chrysanth Dental Care,info@chrysanth.london,general,+44 20 3620 1113,https://www.chrysanth.london/,amenity: dentist,"Cambridge Heath Road 493, London",E2 9BU,London,Stepney 3G,19,Available,Mon 28 Sep 17:30 (£3/pp); Mon 28 Sep 18:30 (£5/pp); Mon 28 Sep 19:30 (£5/pp); Mon 28 Sep 20:30 (£5/pp); Tue 29 Sep 17:30 (£3/pp); Tue 29 Sep 18:30 (£5/pp); +26 more,Mon 28 Sep 17:30 (£3/pp) · 5-a-side · ~£3.00 per player at cost,Contact required: 020 8986 7955 (Mon-Fri 09:00-15:30) / hackney.marshes@gll.org. Playfinder shows fully booked,
Yo Yo Records London,yoyorecordslondon@gmail.com,freemail,+44 20 7033 8777,https://www.yoyorecordslondon.com/,shop: music,"Cambridge Heath Road 501, London",E2 9BU,London,Stepney 3G,20,Available,Mon 28 Sep 17:30 (£3/pp); Mon 28 Sep 18:30 (£5/pp); Mon 28 Sep 19:30 (£5/pp); Mon 28 Sep 20:30 (£5/pp); Tue 29 Sep 17:30 (£3/pp); Tue 29 Sep 18:30 (£5/pp); +26 more,Mon 28 Sep 17:30 (£3/pp) · 5-a-side · ~£3.00 per player at cost,Contact required: 020 8986 7955 (Mon-Fri 09:00-15:30) / hackney.marshes@gll.org. Playfinder shows fully booked,
Fitness4Less,info@fitness4less.co.uk,general,,https://www.fitness4less.co.uk/location/cambridge/,leisure: sports centre,"Cambridge Heath Road, London",E2 9BY,London,Stepney 3G,19,Available,Mon 28 Sep 17:30 (£3/pp); Mon 28 Sep 18:30 (£5/pp); Mon 28 Sep 19:30 (£5/pp); Mon 28 Sep 20:30 (£5/pp); Tue 29 Sep 17:30 (£3/pp); Tue 29 Sep 18:30 (£5/pp); +26 more,Mon 28 Sep 17:30 (£3/pp) · 5-a-side · ~£3.00 per player at cost,Contact required: 020 8986 7955 (Mon-Fri 09:00-15:30) / hackney.marshes@gll.org. Playfinder shows fully booked,
Eye Present,genevieve.dexter@eyepresent.co.uk,person_or_other,,https://www.eyepresent.co.uk/,company,"1-5 Vyner Street, London",E2 9DG,London,Stepney 3G,21,Available,Mon 28 Sep 17:30 (£3/pp); Mon 28 Sep 18:30 (£5/pp); Mon 28 Sep 19:30 (£5/pp); Mon 28 Sep 20:30 (£5/pp); Tue 29 Sep 17:30 (£3/pp); Tue 29 Sep 18:30 (£5/pp); +26 more,Mon 28 Sep 17:30 (£3/pp) · 5-a-side · ~£3.00 per player at cost,Contact required: 020 8986 7955 (Mon-Fri 09:00-15:30) / hackney.marshes@gll.org. Playfinder shows fully booked,
Holland Harvey Architects,hello@hollandharvey.com,general,,https://www.hollandharvey.com/,architect,"1-5 Vyner Street, London",E2 9DG,London,Stepney 3G,21,Available,Mon 28 Sep 17:30 (£3/pp); Mon 28 Sep 18:30 (£5/pp); Mon 28 Sep 19:30 (£5/pp); Mon 28 Sep 20:30 (£5/pp); Tue 29 Sep 17:30 (£3/pp); Tue 29 Sep 18:30 (£5/pp); +26 more,Mon 28 Sep 17:30 (£3/pp) · 5-a-side · ~£3.00 per player at cost,Contact required: 020 8986 7955 (Mon-Fri 09:00-15:30) / hackney.marshes@gll.org. Playfinder shows fully booked,
Squint/Opera,hello@squintopera.com,general,+44 20 7978 7788,https://www.squintopera.com/,company,"1-5 Vyner Street, London",E2 9DG,London,Stepney 3G,21,Available,Mon 28 Sep 17:30 (£3/pp); Mon 28 Sep 18:30 (£5/pp); Mon 28 Sep 19:30 (£5/pp); Mon 28 Sep 20:30 (£5/pp); Tue 29 Sep 17:30 (£3/pp); Tue 29 Sep 18:30 (£5/pp); +26 more,Mon 28 Sep 17:30 (£3/pp) · 5-a-side · ~£3.00 per player at cost,Contact required: 020 8986 7955 (Mon-Fri 09:00-15:30) / hackney.marshes@gll.org. Playfinder shows fully booked,
Hackney Cycles,contacts@hackney-cycles.co.uk,person_or_other,,https://www.hackney-cycles.co.uk/,shop: bicycle,"Hackney Road 507, London",E2 9ED,London,Stepney 3G,19,Available,Mon 28 Sep 17:30 (£3/pp); Mon 28 Sep 18:30 (£5/pp); Mon 28 Sep 19:30 (£5/pp); Mon 28 Sep 20:30 (£5/pp); Tue 29 Sep 17:30 (£3/pp); Tue 29 Sep 18:30 (£5/pp); +26 more,Mon 28 Sep 17:30 (£3/pp) · 5-a-side · ~£3.00 per player at cost,Contact required: 020 8986 7955 (Mon-Fri 09:00-15:30) / hackney.marshes@gll.org. Playfinder shows fully booked,
The Queen Adelaide,richard@thequeenadelaide.com,person_or_other,,https://www.thequeenadelaide.com/,amenity: pub,"Hackney Road 483, London",E2 9ED,London,Stepney 3G,19,Available,Mon 28 Sep 17:30 (£3/pp); Mon 28 Sep 18:30 (£5/pp); Mon 28 Sep 19:30 (£5/pp); Mon 28 Sep 20:30 (£5/pp); Tue 29 Sep 17:30 (£3/pp); Tue 29 Sep 18:30 (£5/pp); +26 more,Mon 28 Sep 17:30 (£3/pp) · 5-a-side · ~£3.00 per player at cost,Contact required: 020 8986 7955 (Mon-Fri 09:00-15:30) / hackney.marshes@gll.org. Playfinder shows fully booked,
Celeste - social media marketing,hello@iamwithceleste.com,general,+44 7830 729708,https://www.iamwithceleste.com/,service,"1 Emma St, London E2 9FP, UK",E2 9FP,London,Stepney 3G,20,Available,Mon 28 Sep 17:30 (£3/pp); Mon 28 Sep 18:30 (£5/pp); Mon 28 Sep 19:30 (£5/pp); Mon 28 Sep 20:30 (£5/pp); Tue 29 Sep 17:30 (£3/pp); Tue 29 Sep 18:30 (£5/pp); +26 more,Mon 28 Sep 17:30 (£3/pp) · 5-a-side · ~£3.00 per player at cost,Contact required: 020 8986 7955 (Mon-Fri 09:00-15:30) / hackney.marshes@gll.org. Playfinder shows fully booked,
Containerville,hello@containerville.co.uk,general,+44 7469 149024,http://www.containerville.co.uk/,corporate_office,"1 Emma St, London E2 9FP, UK",E2 9FP,London,Stepney 3G,20,Available,Mon 28 Sep 17:30 (£3/pp); Mon 28 Sep 18:30 (£5/pp); Mon 28 Sep 19:30 (£5/pp); Mon 28 Sep 20:30 (£5/pp); Tue 29 Sep 17:30 (£3/pp); Tue 29 Sep 18:30 (£5/pp); +26 more,Mon 28 Sep 17:30 (£3/pp) · 5-a-side · ~£3.00 per player at cost,Contact required: 020 8986 7955 (Mon-Fri 09:00-15:30) / hackney.marshes@gll.org. Playfinder shows fully booked,
Love Shack,hi@loveshackldn.com,general,,https://www.loveshackldn.com/,amenity: restaurant,"Cambridge Heath Road 298-299, London",E2 9HA,London,Stepney 3G,18,Available,Mon 28 Sep 17:30 (£3/pp); Mon 28 Sep 18:30 (£5/pp); Mon 28 Sep 19:30 (£5/pp); Mon 28 Sep 20:30 (£5/pp); Tue 29 Sep 17:30 (£3/pp); Tue 29 Sep 18:30 (£5/pp); +26 more,Mon 28 Sep 17:30 (£3/pp) · 5-a-side · ~£3.00 per player at cost,Contact required: 020 8986 7955 (Mon-Fri 09:00-15:30) / hackney.marshes@gll.org. Playfinder shows fully booked,
Mowlem Primary School,admin@mowlem.towerhamlets.sch.uk,general,+44 20 8249 6880,https://www.mowlem.towerhamlets.sch.uk/,amenity: school,"Mowlem Street, London",E2 9HE,London,Stepney 3G,19,Available,Mon 28 Sep 17:30 (£3/pp); Mon 28 Sep 18:30 (£5/pp); Mon 28 Sep 19:30 (£5/pp); Mon 28 Sep 20:30 (£5/pp); Tue 29 Sep 17:30 (£3/pp); Tue 29 Sep 18:30 (£5/pp); +26 more,Mon 28 Sep 17:30 (£3/pp) · 5-a-side · ~£3.00 per player at cost,Contact required: 020 8986 7955 (Mon-Fri 09:00-15:30) / hackney.marshes@gll.org. Playfinder shows fully booked,
Gatehouse School,admin@gatehouseschool.co.uk,general,+44 20 8980 2978,https://www.gatehouseschool.co.uk/,amenity: school,"Sewardstone Road, London",E2 9JG,London,Stepney 3G,14,Available,Mon 28 Sep 17:30 (£3/pp); Mon 28 Sep 18:30 (£5/pp); Mon 28 Sep 19:30 (£5/pp); Mon 28 Sep 20:30 (£5/pp); Tue 29 Sep 17:30 (£3/pp); Tue 29 Sep 18:30 (£5/pp); +26 more,Mon 28 Sep 17:30 (£3/pp) · 5-a-side · ~£3.00 per player at cost,Contact required: 020 8986 7955 (Mon-Fri 09:00-15:30) / hackney.marshes@gll.org. Playfinder shows fully booked,
The Dundee Arms,info@thedundeearms.com,openstreetmap_tag,+44 20 7729 6903,http://www.thedundeearms.com/,amenity: pub,"Cambridge Heath Road 339, London",E2 9LH,London,Stepney 3G,13,Available,Mon 28 Sep 17:30 (£3/pp); Mon 28 Sep 18:30 (£5/pp); Mon 28 Sep 19:30 (£5/pp); Mon 28 Sep 20:30 (£5/pp); Tue 29 Sep 17:30 (£3/pp); Tue 29 Sep 18:30 (£5/pp); +26 more,Mon 28 Sep 17:30 (£3/pp) · 5-a-side · ~£3.00 per player at cost,Contact required: 020 8986 7955 (Mon-Fri 09:00-15:30) / hackney.marshes@gll.org. Playfinder shows fully booked,
St John's Church of England Primary School,admin@st-johns.towerhamlets.sch.uk,general,+44 20 8980 1142,https://www.st-johns.towerhamlets.sch.uk/,amenity: school,"Peel Grove, London",E2 9LR,London,Stepney 3G,14,Available,Mon 28 Sep 17:30 (£3/pp); Mon 28 Sep 18:30 (£5/pp); Mon 28 Sep 19:30 (£5/pp); Mon 28 Sep 20:30 (£5/pp); Tue 29 Sep 17:30 (£3/pp); Tue 29 Sep 18:30 (£5/pp); +26 more,Mon 28 Sep 17:30 (£3/pp) · 5-a-side · ~£3.00 per player at cost,Contact required: 020 8986 7955 (Mon-Fri 09:00-15:30) / hackney.marshes@gll.org. Playfinder shows fully booked,
The Approach Tavern,approachtavern@remarkablepubs.co.uk,openstreetmap_tag,+44 20 8980 2321,https://theapproachtavern.co.uk/,amenity: pub,"Approach Road 47, London",E2 9LY,London,Stepney 3G,14,Available,Mon 28 Sep 17:30 (£3/pp); Mon 28 Sep 18:30 (£5/pp); Mon 28 Sep 19:30 (£5/pp); Mon 28 Sep 20:30 (£5/pp); Tue 29 Sep 17:30 (£3/pp); Tue 29 Sep 18:30 (£5/pp); +26 more,Mon 28 Sep 17:30 (£3/pp) · 5-a-side · ~£3.00 per player at cost,Contact required: 020 8986 7955 (Mon-Fri 09:00-15:30) / hackney.marshes@gll.org. Playfinder shows fully booked,
The Solo Kitchen & Bar,info@thesolo.co.uk,general,+44 20 8014 2656,https://www.thesolo.co.uk/,amenity: restaurant,"Cambridge Heath Road, London",E2 9PA,London,Stepney 3G,11,Available,Mon 28 Sep 17:30 (£3/pp); Mon 28 Sep 18:30 (£5/pp); Mon 28 Sep 19:30 (£5/pp); Mon 28 Sep 20:30 (£5/pp); Tue 29 Sep 17:30 (£3/pp); Tue 29 Sep 18:30 (£5/pp); +26 more,Mon 28 Sep 17:30 (£3/pp) · 5-a-side · ~£3.00 per player at cost,Contact required: 020 8986 7955 (Mon-Fri 09:00-15:30) / hackney.marshes@gll.org. Playfinder shows fully booked,
Young V&A,hello@vam.ac.uk,general,+44 20 7942 2000,https://www.vam.ac.uk/young,tourism: museum,"Cambridge Heath Road, London",E2 9PA,London,Stepney 3G,12,Available,Mon 28 Sep 17:30 (£3/pp); Mon 28 Sep 18:30 (£5/pp); Mon 28 Sep 19:30 (£5/pp); Mon 28 Sep 20:30 (£5/pp); Tue 29 Sep 17:30 (£3/pp); Tue 29 Sep 18:30 (£5/pp); +26 more,Mon 28 Sep 17:30 (£3/pp) · 5-a-side · ~£3.00 per player at cost,Contact required: 020 8986 7955 (Mon-Fri 09:00-15:30) / hackney.marshes@gll.org. Playfinder shows fully booked,
Gallery Café,office@stmargaretshouse.org.uk,general,,https://www.stmargaretshouse.org.uk/the-gallery-cafe,amenity: cafe,"Old Ford Road 15-23, London",E2 9PJ,London,Stepney 3G,13,Available,Mon 28 Sep 17:30 (£3/pp); Mon 28 Sep 18:30 (£5/pp); Mon 28 Sep 19:30 (£5/pp); Mon 28 Sep 20:30 (£5/pp); Tue 29 Sep 17:30 (£3/pp); Tue 29 Sep 18:30 (£5/pp); +26 more,Mon 28 Sep 17:30 (£3/pp) · 5-a-side · ~£3.00 per player at cost,Contact required: 020 8986 7955 (Mon-Fri 09:00-15:30) / hackney.marshes@gll.org. Playfinder shows fully booked,
The People's Letters Bookshop,info@peoplesletters.org,general,,https://peoplesletters.org/,shop: books,"Cambridge Heath Road 395, London",E2 9RA,London,Stepney 3G,15,Available,Mon 28 Sep 17:30 (£3/pp); Mon 28 Sep 18:30 (£5/pp); Mon 28 Sep 19:30 (£5/pp); Mon 28 Sep 20:30 (£5/pp); Tue 29 Sep 17:30 (£3/pp); Tue 29 Sep 18:30 (£5/pp); +26 more,Mon 28 Sep 17:30 (£3/pp) · 5-a-side · ~£3.00 per player at cost,Contact required: 020 8986 7955 (Mon-Fri 09:00-15:30) / hackney.marshes@gll.org. Playfinder shows fully booked,
Burnt,info@burntrestaurant.co.uk,general,,https://www.burntrestaurant.co.uk/burnt-arches,amenity: cafe,"Poyser Street 278, London",E2 9RF,London,Stepney 3G,15,Available,Mon 28 Sep 17:30 (£3/pp); Mon 28 Sep 18:30 (£5/pp); Mon 28 Sep 19:30 (£5/pp); Mon 28 Sep 20:30 (£5/pp); Tue 29 Sep 17:30 (£3/pp); Tue 29 Sep 18:30 (£5/pp); +26 more,Mon 28 Sep 17:30 (£3/pp) · 5-a-side · ~£3.00 per player at cost,Contact required: 020 8986 7955 (Mon-Fri 09:00-15:30) / hackney.marshes@gll.org. Playfinder shows fully booked,
Vagina Museum,info@vaginamuseum.co.uk,openstreetmap_tag,,https://www.vaginamuseum.co.uk/,tourism: museum,"Poyser Street 275-276, London",E2 9RF,London,Stepney 3G,15,Available,Mon 28 Sep 17:30 (£3/pp); Mon 28 Sep 18:30 (£5/pp); Mon 28 Sep 19:30 (£5/pp); Mon 28 Sep 20:30 (£5/pp); Tue 29 Sep 17:30 (£3/pp); Tue 29 Sep 18:30 (£5/pp); +26 more,Mon 28 Sep 17:30 (£3/pp) · 5-a-side · ~£3.00 per player at cost,Contact required: 020 8986 7955 (Mon-Fri 09:00-15:30) / hackney.marshes@gll.org. Playfinder shows fully booked,
Mossbourne Parkside Academy,enquiries@mossbourne.org,general,+44 20 8618 1300,https://www.mpa.mossbourne.org/,amenity: school,"Sigdon Road, London",E8 1AS,London,Hackney,14,Available,Fri 2 Oct 20:00 (£98); Fri 9 Oct 20:00 (£98); Fri 16 Oct 20:00 (£98); Fri 23 Oct 20:00 (£98),Fri 2 Oct 20:00 (£98) · 7-a-side · ~£6.97 per player at cost,Contact required: 020 8986 7955 (Mon-Fri 09:00-15:30) / hackney.marshes@gll.org. Playfinder shows fully booked,
Teal,quack@tealbysallyabe.com,person_or_other,,https://www.tealbysallyabe.com/,amenity: restaurant,"Wilton Way 52, London",E8 1BG,London,Hackney,14,Available,Fri 2 Oct 20:00 (£98); Fri 9 Oct 20:00 (£98); Fri 16 Oct 20:00 (£98); Fri 23 Oct 20:00 (£98),Fri 2 Oct 20:00 (£98) · 7-a-side · ~£6.97 per player at cost,Contact required: 020 8986 7955 (Mon-Fri 09:00-15:30) / hackney.marshes@gll.org. Playfinder shows fully booked,
Sutton and Sons Fish & Chips,hello@suttonandsons.co.uk,general,+44 20 3645 1801,https://www.suttonandsons.co.uk/,amenity: restaurant,"Graham Road 218, London",E8 1BP,London,Hackney,8,Available,Fri 2 Oct 20:00 (£98); Fri 9 Oct 20:00 (£98); Fri 16 Oct 20:00 (£98); Fri 23 Oct 20:00 (£98),Fri 2 Oct 20:00 (£98) · 7-a-side · ~£6.97 per player at cost,Contact required: 020 8986 7955 (Mon-Fri 09:00-15:30) / hackney.marshes@gll.org. Playfinder shows fully booked,
Hackney Church Brew Co,hello@hackneychurchbrew.co,openstreetmap_tag,+44 20 3795 8295,https://hackneychurchbrew.co,amenity: bar,"Bohemia Place, London",E8 1DU,London,Hackney,4,Available,Fri 2 Oct 20:00 (£98); Fri 9 Oct 20:00 (£98); Fri 16 Oct 20:00 (£98); Fri 23 Oct 20:00 (£98),Fri 2 Oct 20:00 (£98) · 7-a-side · ~£6.97 per player at cost,Contact required: 020 8986 7955 (Mon-Fri 09:00-15:30) / hackney.marshes@gll.org. Playfinder shows fully booked,
Night Tales,info@nighttales.co.uk,general,,https://nighttales.co.uk,amenity: nightclub,"Bohemia Place, London",E8 1DU,London,Hackney,4,Available,Fri 2 Oct 20:00 (£98); Fri 9 Oct 20:00 (£98); Fri 16 Oct 20:00 (£98); Fri 23 Oct 20:00 (£98),Fri 2 Oct 20:00 (£98) · 7-a-side · ~£6.97 per player at cost,Contact required: 020 8986 7955 (Mon-Fri 09:00-15:30) / hackney.marshes@gll.org. Playfinder shows fully booked,
Bread & Butter,hello@breadandbuttercollection.com,general,,https://breadandbuttercollection.com/pages/photo,amenity: community centre,"Bohemia Place, London",E8 1DU,London,Hackney,6,Available,Fri 2 Oct 20:00 (£98); Fri 9 Oct 20:00 (£98); Fri 16 Oct 20:00 (£98); Fri 23 Oct 20:00 (£98),Fri 2 Oct 20:00 (£98) · 7-a-side · ~£6.97 per player at cost,Contact required: 020 8986 7955 (Mon-Fri 09:00-15:30) / hackney.marshes@gll.org. Playfinder shows fully booked,
Pembury Community Centre,pembury.community@peabody.org.uk,openstreetmap_tag,+44 20 3828 3500,,amenity: community centre,"Atkins Square 1, London",E8 1FA,London,Hackney,10,Available,Fri 2 Oct 20:00 (£98); Fri 9 Oct 20:00 (£98); Fri 16 Oct 20:00 (£98); Fri 23 Oct 20:00 (£98),Fri 2 Oct 20:00 (£98) · 7-a-side · ~£6.97 per player at cost,Contact required: 020 8986 7955 (Mon-Fri 09:00-15:30) / hackney.marshes@gll.org. Playfinder shows fully booked,
We Are Vegan Everything,management@weareveganeverything.com,person_or_other,+44 7734 253401,https://weareveganeverything.com/,amenity: cafe,"Dispensary Lane 11, London",E8 1FT,London,Hackney,5,Available,Fri 2 Oct 20:00 (£98); Fri 9 Oct 20:00 (£98); Fri 16 Oct 20:00 (£98); Fri 23 Oct 20:00 (£98),Fri 2 Oct 20:00 (£98) · 7-a-side · ~£6.97 per player at cost,Contact required: 020 8986 7955 (Mon-Fri 09:00-15:30) / hackney.marshes@gll.org. Playfinder shows fully booked,
Zelo,info@zelobike.co.uk,general,+44 20 8740 7831,https://www.zelobike.co.uk/,shop: bicycle,"Mare Street 281, London",E8 1GR,London,Hackney,10,Available,Fri 2 Oct 20:00 (£98); Fri 9 Oct 20:00 (£98); Fri 16 Oct 20:00 (£98); Fri 23 Oct 20:00 (£98),Fri 2 Oct 20:00 (£98) · 7-a-side · ~£6.97 per player at cost,Contact required: 020 8986 7955 (Mon-Fri 09:00-15:30) / hackney.marshes@gll.org. Playfinder shows fully booked,
Limitée PR Agency,press@limiteepr.com,people_team,+44 7384 028781,http://www.limiteepr.com/,service,"Unit 9, 2nd Floor, Buzz 109, 290-296 Mare St, London E8 1HE, UK",E8 1HE,London,Hackney,8,Available,Fri 2 Oct 20:00 (£98); Fri 9 Oct 20:00 (£98); Fri 16 Oct 20:00 (£98); Fri 23 Oct 20:00 (£98),Fri 2 Oct 20:00 (£98) · 7-a-side · ~£6.97 per player at cost,Contact required: 020 8986 7955 (Mon-Fri 09:00-15:30) / hackney.marshes@gll.org. Playfinder shows fully booked,
Mainyard Studios [Hackney Central],hello@mainyardstudios.co.uk,general,+44 333 344 0938,https://mainyardstudios.co.uk/hackney-office-music-studio/,coworking_space,"280 Mare St, London E8 1HE, UK",E8 1HE,London,Hackney,8,Available,Fri 2 Oct 20:00 (£98); Fri 9 Oct 20:00 (£98); Fri 16 Oct 20:00 (£98); Fri 23 Oct 20:00 (£98),Fri 2 Oct 20:00 (£98) · 7-a-side · ~£6.97 per player at cost,Contact required: 020 8986 7955 (Mon-Fri 09:00-15:30) / hackney.marshes@gll.org. Playfinder shows fully booked,
RBN Solicitors,office@rbnsolicitors.co.uk,general,+44 20 3971 7334,https://rbnsolicitors.co.uk/,consultant,"290-296 on the First Floor, Mare St, London E8 1HE, UK",E8 1HE,London,Hackney,8,Available,Fri 2 Oct 20:00 (£98); Fri 9 Oct 20:00 (£98); Fri 16 Oct 20:00 (£98); Fri 23 Oct 20:00 (£98),Fri 2 Oct 20:00 (£98) · 7-a-side · ~£6.97 per player at cost,Contact required: 020 8986 7955 (Mon-Fri 09:00-15:30) / hackney.marshes@gll.org. Playfinder shows fully booked,
Hackney Picturehouse,websites@www.picturehouses.com,person_or_other,,https://www.picturehouses.com/cinema/Hackney_Picturehouse,amenity: cinema,"Mare Street 270, London",E8 1HE,London,Hackney,9,Available,Fri 2 Oct 20:00 (£98); Fri 9 Oct 20:00 (£98); Fri 16 Oct 20:00 (£98); Fri 23 Oct 20:00 (£98),Fri 2 Oct 20:00 (£98) · 7-a-side · ~£6.97 per player at cost,Contact required: 020 8986 7955 (Mon-Fri 09:00-15:30) / hackney.marshes@gll.org. Playfinder shows fully booked,
The Crown,info@thecrownhackney.co.uk,general,+44 20 8533 0372,https://www.thecrownhackney.co.uk/,amenity: pub,"Mare Street 418, London",E8 1HP,London,Hackney,6,Available,Fri 2 Oct 20:00 (£98); Fri 9 Oct 20:00 (£98); Fri 16 Oct 20:00 (£98); Fri 23 Oct 20:00 (£98),Fri 2 Oct 20:00 (£98) · 7-a-side · ~£6.97 per player at cost,Contact required: 020 8986 7955 (Mon-Fri 09:00-15:30) / hackney.marshes@gll.org. Playfinder shows fully booked,
Hackney Style Council,hackneystylecouncil@gmail.com,freemail,+44 7376 269375,https://hackneystylecouncil.com/,shop: hairdresser,"Mare Street 352, London",E8 1HR,London,Hackney,6,Available,Fri 2 Oct 20:00 (£98); Fri 9 Oct 20:00 (£98); Fri 16 Oct 20:00 (£98); Fri 23 Oct 20:00 (£98),Fri 2 Oct 20:00 (£98) · 7-a-side · ~£6.97 per player at cost,Contact required: 020 8986 7955 (Mon-Fri 09:00-15:30) / hackney.marshes@gll.org. Playfinder shows fully booked,
Paper Dress Vintage,hello@paperdressvintage.co.uk,general,+44 20 8510 0520,https://www.paperdressvintage.co.uk/,shop: clothes,"Mare Street 352a, London",E8 1HR,London,Hackney,6,Available,Fri 2 Oct 20:00 (£98); Fri 9 Oct 20:00 (£98); Fri 16 Oct 20:00 (£98); Fri 23 Oct 20:00 (£98),Fri 2 Oct 20:00 (£98) · 7-a-side · ~£6.97 per player at cost,Contact required: 020 8986 7955 (Mon-Fri 09:00-15:30) / hackney.marshes@gll.org. Playfinder shows fully booked,
Seaweed,info@seaweed-food.co.uk,general,+44 20 3062 8704,https://seaweed-food.co.uk,amenity: fast food,"Mare Street 358, London",E8 1HR,London,Hackney,6,Available,Fri 2 Oct 20:00 (£98); Fri 9 Oct 20:00 (£98); Fri 16 Oct 20:00 (£98); Fri 23 Oct 20:00 (£98),Fri 2 Oct 20:00 (£98) · 7-a-side · ~£6.97 per player at cost,Contact required: 020 8986 7955 (Mon-Fri 09:00-15:30) / hackney.marshes@gll.org. Playfinder shows fully booked,
McDonald's,00109@uk.mcd.com,openstreetmap_tag,+44 20 8985 4102,https://www.mcdonalds.com/gb/en-gb/location/hackney/hackney/359363-mare-street/8260109.html,amenity: fast food,"Mare Street 359-363, London",E8 1HY,London,Hackney,6,Available,Fri 2 Oct 20:00 (£98); Fri 9 Oct 20:00 (£98); Fri 16 Oct 20:00 (£98); Fri 23 Oct 20:00 (£98),Fri 2 Oct 20:00 (£98) · 7-a-side · ~£6.97 per player at cost,Contact required: 020 8986 7955 (Mon-Fri 09:00-15:30) / hackney.marshes@gll.org. Playfinder shows fully booked,
Palaette,info@palaette.co.uk,openstreetmap_tag,+44 7395 327754,https://www.palaette.co.uk/,amenity: restaurant,"Mare Street 415, London",E8 1HY,London,Hackney,6,Available,Fri 2 Oct 20:00 (£98); Fri 9 Oct 20:00 (£98); Fri 16 Oct 20:00 (£98); Fri 23 Oct 20:00 (£98),Fri 2 Oct 20:00 (£98) · 7-a-side · ~£6.97 per player at cost,Contact required: 020 8986 7955 (Mon-Fri 09:00-15:30) / hackney.marshes@gll.org. Playfinder shows fully booked,
Pembury Tavern,hello@pemburytavern.co.uk,general,+44 20 8986 8597,https://pemburytavern.co.uk/,amenity: pub,"Amhurst Road 90, London",E8 1JH,London,Hackney,11,Available,Fri 2 Oct 20:00 (£98); Fri 9 Oct 20:00 (£98); Fri 16 Oct 20:00 (£98); Fri 23 Oct 20:00 (£98),Fri 2 Oct 20:00 (£98) · 7-a-side · ~£6.97 per player at cost,Contact required: 020 8986 7955 (Mon-Fri 09:00-15:30) / hackney.marshes@gll.org. Playfinder shows fully booked,
.Kip,hello@getsomekip.com,openstreetmap_tag,+44 20 8629 7884,https://getsomekip.com/,tourism: hotel,"Amhurst Road 2, London",E8 1JW,London,Hackney,8,Available,Fri 2 Oct 20:00 (£98); Fri 9 Oct 20:00 (£98); Fri 16 Oct 20:00 (£98); Fri 23 Oct 20:00 (£98),Fri 2 Oct 20:00 (£98) · 7-a-side · ~£6.97 per player at cost,Contact required: 020 8986 7955 (Mon-Fri 09:00-15:30) / hackney.marshes@gll.org. Playfinder shows fully booked,
Hash E8,hashe8@hotmail.com,openstreetmap_tag,,,amenity: cafe,"Dalston Lane 170c, London",E8 1NG,London,Hackney,17,Available,Fri 2 Oct 20:00 (£98); Fri 9 Oct 20:00 (£98); Fri 16 Oct 20:00 (£98); Fri 23 Oct 20:00 (£98),Fri 2 Oct 20:00 (£98) · 7-a-side · ~£6.97 per player at cost,Contact required: 020 8986 7955 (Mon-Fri 09:00-15:30) / hackney.marshes@gll.org. Playfinder shows fully booked,
Millers Junction,info@printclublondon.com,general,+44 20 7254 9028,https://printclublondon.com/millers-junction-creative-deskspace/,coworking_space,"10, 28 Millers Ave., London E8 2DS, UK",E8 2DS,London,Rosemary Gardens 3G - Islington,28,No availability,No availability: No evening slots listed for full or half pitch on 28-29 Sep. 30 Sep onwards not released y,,Contact required: 020 8986 7955 (Mon-Fri 09:00-15:30) / hackney.marshes@gll.org. Playfinder shows fully booked,COLA Shoreditch Park: Tue 29 Sep 17:30 (£91) · 5-a-side · ~£9.10 per player at cost; Old St - Moreland Primary School: Fri 2 Oct 20:00 (£90) · 6-a-side · ~£7.50 per player at cost; Shoreditch Rooftop: Mon 28 Sep 18:00 (£72) · 5-a-side · ~£7.22 per player at cost; Stepney 3G: Mon 28 Sep 17:30 (£3/pp) · 5-a-side · ~£3.00 per player at cost
Regnum Solicitors,info@regnumsolicitors.com,general,+44 20 7923 3855,http://www.regnumsolicitors.com/,consultant,"Kinetica, 13, Unit 7, Ramsgate St, London E8 2FD, UK",E8 2FD,London,Rosemary Gardens 3G - Islington,23,No availability,No availability: No evening slots listed for full or half pitch on 28-29 Sep. 30 Sep onwards not released y,,Contact required: 020 8986 7955 (Mon-Fri 09:00-15:30) / hackney.marshes@gll.org. Playfinder shows fully booked,COLA Shoreditch Park: Tue 29 Sep 17:30 (£91) · 5-a-side · ~£9.10 per player at cost; Old St - Moreland Primary School: Fri 2 Oct 20:00 (£90) · 6-a-side · ~£7.50 per player at cost; Shoreditch Rooftop: Mon 28 Sep 18:00 (£72) · 5-a-side · ~£7.22 per player at cost; Stepney 3G: Mon 28 Sep 17:30 (£3/pp) · 5-a-side · ~£3.00 per player at cost
Bhatt Murphy Solicitors,mail@bhattmurphy.co.uk,general,+44 20 7729 1115,https://bhattmurphy.co.uk/,lawyer,"10 Tyssen St, London E8 2FE, UK",E8 2FE,London,Rosemary Gardens 3G - Islington,22,No availability,No availability: No evening slots listed for full or half pitch on 28-29 Sep. 30 Sep onwards not released y,,Contact required: 020 8986 7955 (Mon-Fri 09:00-15:30) / hackney.marshes@gll.org. Playfinder shows fully booked,COLA Shoreditch Park: Tue 29 Sep 17:30 (£91) · 5-a-side · ~£9.10 per player at cost; Old St - Moreland Primary School: Fri 2 Oct 20:00 (£90) · 6-a-side · ~£7.50 per player at cost; Shoreditch Rooftop: Mon 28 Sep 18:00 (£72) · 5-a-side · ~£7.22 per player at cost; Stepney 3G: Mon 28 Sep 17:30 (£3/pp) · 5-a-side · ~£3.00 per player at cost
Casa Fofò,info@casafofolondon.co.uk,general,+44 20 3021 0747,https://www.casafofolondon.co.uk/,amenity: restaurant,"Sandringham Road 158, London",E8 2HS,London,Hackney,16,Available,Fri 2 Oct 20:00 (£98); Fri 9 Oct 20:00 (£98); Fri 16 Oct 20:00 (£98); Fri 23 Oct 20:00 (£98),Fri 2 Oct 20:00 (£98) · 7-a-side · ~£6.97 per player at cost,Contact required: 020 8986 7955 (Mon-Fri 09:00-15:30) / hackney.marshes@gll.org. Playfinder shows fully booked,
Swan MarketingLTD,charleigh@swan.marketing,person_or_other,+44 113 243 4308,http://www.swan.marketing/,corporate_office,"69 Dalston Ln, London E8 2NG, UK",E8 2NG,London,Hackney,22,Available,Fri 2 Oct 20:00 (£98); Fri 9 Oct 20:00 (£98); Fri 16 Oct 20:00 (£98); Fri 23 Oct 20:00 (£98),Fri 2 Oct 20:00 (£98) · 7-a-side · ~£6.97 per player at cost,Contact required: 020 8986 7955 (Mon-Fri 09:00-15:30) / hackney.marshes@gll.org. Playfinder shows fully booked,
Progress Accountancy & Advice Ltd,office@progresstax.co.uk,general,+44 7927 707500,http://www.progresstax.co.uk/,finance,"1st floor, 83 Kingsland High St, London E8 2PB, UK",E8 2PB,London,Rosemary Gardens 3G - Islington,22,No availability,No availability: No evening slots listed for full or half pitch on 28-29 Sep. 30 Sep onwards not released y,,Contact required: 020 8986 7955 (Mon-Fri 09:00-15:30) / hackney.marshes@gll.org. Playfinder shows fully booked,COLA Shoreditch Park: Tue 29 Sep 17:30 (£91) · 5-a-side · ~£9.10 per player at cost; Old St - Moreland Primary School: Fri 2 Oct 20:00 (£90) · 6-a-side · ~£7.50 per player at cost; Shoreditch Rooftop: Mon 28 Sep 18:00 (£72) · 5-a-side · ~£7.22 per player at cost; Stepney 3G: Mon 28 Sep 17:30 (£3/pp) · 5-a-side · ~£3.00 per player at cost
Hackney CVS,reception@hcvs.org.uk,general,+44 20 7923 1962,https://hcvs.org.uk/,charity,"24-30 Dalston Lane, London",E8 3AZ,London,Rosemary Gardens 3G - Islington,20,No availability,No availability: No evening slots listed for full or half pitch on 28-29 Sep. 30 Sep onwards not released y,,Contact required: 020 8986 7955 (Mon-Fri 09:00-15:30) / hackney.marshes@gll.org. Playfinder shows fully booked,COLA Shoreditch Park: Tue 29 Sep 17:30 (£91) · 5-a-side · ~£9.10 per player at cost; Old St - Moreland Primary School: Fri 2 Oct 20:00 (£90) · 6-a-side · ~£7.50 per player at cost; Shoreditch Rooftop: Mon 28 Sep 18:00 (£72) · 5-a-side · ~£7.22 per player at cost; Stepney 3G: Mon 28 Sep 17:30 (£3/pp) · 5-a-side · ~£3.00 per player at cost
The Prince Arthur,theprincearthure8@tinydancergroup.co.uk,openstreetmap_tag,+44 20 7249 1119,https://www.theprincearthure8.com/,amenity: pub,"Forest Road 95, London",E8 3BH,London,Hackney,19,Available,Fri 2 Oct 20:00 (£98); Fri 9 Oct 20:00 (£98); Fri 16 Oct 20:00 (£98); Fri 23 Oct 20:00 (£98),Fri 2 Oct 20:00 (£98) · 7-a-side · ~£6.97 per player at cost,Contact required: 020 8986 7955 (Mon-Fri 09:00-15:30) / hackney.marshes@gll.org. Playfinder shows fully booked,
Café Route,contact@caferoute.co.uk,openstreetmap_tag,+44 20 7249 6202,http://www.caferoute.co.uk/,amenity: restaurant,"Dalston Square, London",E8 3BQ,London,Rosemary Gardens 3G - Islington,19,No availability,No availability: No evening slots listed for full or half pitch on 28-29 Sep. 30 Sep onwards not released y,,Contact required: 020 8986 7955 (Mon-Fri 09:00-15:30) / hackney.marshes@gll.org. Playfinder shows fully booked,COLA Shoreditch Park: Tue 29 Sep 17:30 (£91) · 5-a-side · ~£9.10 per player at cost; Old St - Moreland Primary School: Fri 2 Oct 20:00 (£90) · 6-a-side · ~£7.50 per player at cost; Shoreditch Rooftop: Mon 28 Sep 18:00 (£72) · 5-a-side · ~£7.22 per player at cost; Stepney 3G: Mon 28 Sep 17:30 (£3/pp) · 5-a-side · ~£3.00 per player at cost
Newcomer Wines Dalston,orders@newcomerwines.com,commercial,+44 20 7249 2177,https://www.newcomerwines.com,shop: wine,"Dalston Lane 5, London",E8 3DF,London,Rosemary Gardens 3G - Islington,19,No availability,No availability: No evening slots listed for full or half pitch on 28-29 Sep. 30 Sep onwards not released y,,Contact required: 020 8986 7955 (Mon-Fri 09:00-15:30) / hackney.marshes@gll.org. Playfinder shows fully booked,COLA Shoreditch Park: Tue 29 Sep 17:30 (£91) · 5-a-side · ~£9.10 per player at cost; Old St - Moreland Primary School: Fri 2 Oct 20:00 (£90) · 6-a-side · ~£7.50 per player at cost; Shoreditch Rooftop: Mon 28 Sep 18:00 (£72) · 5-a-side · ~£7.22 per player at cost; Stepney 3G: Mon 28 Sep 17:30 (£3/pp) · 5-a-side · ~£3.00 per player at cost
Arcola Theatre,press@arcolatheatre.com,people_team,+44 20 7503 1646,https://www.arcolatheatre.com/,amenity: theatre,"Ashwin Street 24, London",E8 3DL,London,Rosemary Gardens 3G - Islington,20,No availability,No availability: No evening slots listed for full or half pitch on 28-29 Sep. 30 Sep onwards not released y,,Contact required: 020 8986 7955 (Mon-Fri 09:00-15:30) / hackney.marshes@gll.org. Playfinder shows fully booked,COLA Shoreditch Park: Tue 29 Sep 17:30 (£91) · 5-a-side · ~£9.10 per player at cost; Old St - Moreland Primary School: Fri 2 Oct 20:00 (£90) · 6-a-side · ~£7.50 per player at cost; Shoreditch Rooftop: Mon 28 Sep 18:00 (£72) · 5-a-side · ~£7.22 per player at cost; Stepney 3G: Mon 28 Sep 17:30 (£3/pp) · 5-a-side · ~£3.00 per player at cost
Fair Finance,enquiries@fairfinance.org.uk,general,+44 20 8988 0627,http://www.fairfinance.org.uk/,amenity: bank,"Ashwin Street 18, London",E8 3DL,London,Rosemary Gardens 3G - Islington,20,No availability,No availability: No evening slots listed for full or half pitch on 28-29 Sep. 30 Sep onwards not released y,,Contact required: 020 8986 7955 (Mon-Fri 09:00-15:30) / hackney.marshes@gll.org. Playfinder shows fully booked,COLA Shoreditch Park: Tue 29 Sep 17:30 (£91) · 5-a-side · ~£9.10 per player at cost; Old St - Moreland Primary School: Fri 2 Oct 20:00 (£90) · 6-a-side · ~£7.50 per player at cost; Shoreditch Rooftop: Mon 28 Sep 18:00 (£72) · 5-a-side · ~£7.22 per player at cost; Stepney 3G: Mon 28 Sep 17:30 (£3/pp) · 5-a-side · ~£3.00 per player at cost
V22 Studios,studioenquiries@v22collecttion.com,openstreetmap_tag,,http://www.v22collection.com/v22-dalston/,amenity: arts centre,"Ashwin Street 10-16, London",E8 3DL,London,Rosemary Gardens 3G - Islington,20,No availability,No availability: No evening slots listed for full or half pitch on 28-29 Sep. 30 Sep onwards not released y,,Contact required: 020 8986 7955 (Mon-Fri 09:00-15:30) / hackney.marshes@gll.org. Playfinder shows fully booked,COLA Shoreditch Park: Tue 29 Sep 17:30 (£91) · 5-a-side · ~£9.10 per player at cost; Old St - Moreland Primary School: Fri 2 Oct 20:00 (£90) · 6-a-side · ~£7.50 per player at cost; Shoreditch Rooftop: Mon 28 Sep 18:00 (£72) · 5-a-side · ~£7.22 per player at cost; Stepney 3G: Mon 28 Sep 17:30 (£3/pp) · 5-a-side · ~£3.00 per player at cost
Gayhurst Community School,admin@gayhurst.hackney.sch.uk,general,+44 20 7254 6138,https://www.gayhurst.hackney.sch.uk/,amenity: school,"Gayhurst Road, London",E8 3EN,London,Hackney,18,Available,Fri 2 Oct 20:00 (£98); Fri 9 Oct 20:00 (£98); Fri 16 Oct 20:00 (£98); Fri 23 Oct 20:00 (£98),Fri 2 Oct 20:00 (£98) · 7-a-side · ~£6.97 per player at cost,Contact required: 020 8986 7955 (Mon-Fri 09:00-15:30) / hackney.marshes@gll.org. Playfinder shows fully booked,
London Fields Lido,london-fields-lido@gll.org,openstreetmap_tag,+44 20 7254 9038,https://www.better.org.uk/leisure-centre/london/hackney/london-fields-lido,leisure: sports centre,"London Fields West Side, London",E8 3EU,London,Hackney,16,Available,Fri 2 Oct 20:00 (£98); Fri 9 Oct 20:00 (£98); Fri 16 Oct 20:00 (£98); Fri 23 Oct 20:00 (£98),Fri 2 Oct 20:00 (£98) · 7-a-side · ~£6.97 per player at cost,Contact required: 020 8986 7955 (Mon-Fri 09:00-15:30) / hackney.marshes@gll.org. Playfinder shows fully booked,
Hoxton Beach,hoxtonhome@gmail.com,freemail,,https://hoxtonbeach.com/,amenity: cafe,"London Fields West Side, London",E8 3EU,London,Hackney,17,Available,Fri 2 Oct 20:00 (£98); Fri 9 Oct 20:00 (£98); Fri 16 Oct 20:00 (£98); Fri 23 Oct 20:00 (£98),Fri 2 Oct 20:00 (£98) · 7-a-side · ~£6.97 per player at cost,Contact required: 020 8986 7955 (Mon-Fri 09:00-15:30) / hackney.marshes@gll.org. Playfinder shows fully booked,
GYMPODS Dalston,info@gympods.com,openstreetmap_tag,+44 20 4547 3964,https://gympods.com/about/dalston,leisure: fitness centre,"Dalston Square, London",E8 3FS,London,Rosemary Gardens 3G - Islington,18,No availability,No availability: No evening slots listed for full or half pitch on 28-29 Sep. 30 Sep onwards not released y,,Contact required: 020 8986 7955 (Mon-Fri 09:00-15:30) / hackney.marshes@gll.org. Playfinder shows fully booked,COLA Shoreditch Park: Tue 29 Sep 17:30 (£91) · 5-a-side · ~£9.10 per player at cost; Old St - Moreland Primary School: Fri 2 Oct 20:00 (£90) · 6-a-side · ~£7.50 per player at cost; Shoreditch Rooftop: Mon 28 Sep 18:00 (£72) · 5-a-side · ~£7.22 per player at cost; Stepney 3G: Mon 28 Sep 17:30 (£3/pp) · 5-a-side · ~£3.00 per player at cost
Dream Random,info@dreamrandom.com,general,+44 20 7628 6861,https://www.dreamrandom.com/,service,"7, Monohaus, 143 Mare St, London E8 3FW, UK",E8 3FW,London,Hackney,18,Available,Fri 2 Oct 20:00 (£98); Fri 9 Oct 20:00 (£98); Fri 16 Oct 20:00 (£98); Fri 23 Oct 20:00 (£98),Fri 2 Oct 20:00 (£98) · 7-a-side · ~£6.97 per player at cost,Contact required: 020 8986 7955 (Mon-Fri 09:00-15:30) / hackney.marshes@gll.org. Playfinder shows fully booked,
Ramen Space,charlie@ramenclub.com,person_or_other,,https://ramenclub.com/ramen-space,coworking_space,"Unit 6, Sledge Tower, Dalston Square, London E8 3GP, UK",E8 3GP,London,Rosemary Gardens 3G - Islington,18,No availability,No availability: No evening slots listed for full or half pitch on 28-29 Sep. 30 Sep onwards not released y,,Contact required: 020 8986 7955 (Mon-Fri 09:00-15:30) / hackney.marshes@gll.org. Playfinder shows fully booked,COLA Shoreditch Park: Tue 29 Sep 17:30 (£91) · 5-a-side · ~£9.10 per player at cost; Old St - Moreland Primary School: Fri 2 Oct 20:00 (£90) · 6-a-side · ~£7.50 per player at cost; Shoreditch Rooftop: Mon 28 Sep 18:00 (£72) · 5-a-side · ~£7.22 per player at cost; Stepney 3G: Mon 28 Sep 17:30 (£3/pp) · 5-a-side · ~£3.00 per player at cost
Rumble,info@rumble-gym.com,general,+44 20 8063 8404,https://www.rumble.fitness/Dalston,leisure: fitness centre,"Dalston Square, London",E8 3GP,London,Rosemary Gardens 3G - Islington,18,No availability,No availability: No evening slots listed for full or half pitch on 28-29 Sep. 30 Sep onwards not released y,,Contact required: 020 8986 7955 (Mon-Fri 09:00-15:30) / hackney.marshes@gll.org. Playfinder shows fully booked,COLA Shoreditch Park: Tue 29 Sep 17:30 (£91) · 5-a-side · ~£9.10 per player at cost; Old St - Moreland Primary School: Fri 2 Oct 20:00 (£90) · 6-a-side · ~£7.50 per player at cost; Shoreditch Rooftop: Mon 28 Sep 18:00 (£72) · 5-a-side · ~£7.22 per player at cost; Stepney 3G: Mon 28 Sep 17:30 (£3/pp) · 5-a-side · ~£3.00 per player at cost
Turtle Bay,dalston@turtlebay.co.uk,openstreetmap_tag,+44 20 7249 7766,https://www.turtlebay.co.uk/,amenity: restaurant,"Dalston Square, London",E8 3GP,London,Rosemary Gardens 3G - Islington,18,No availability,No availability: No evening slots listed for full or half pitch on 28-29 Sep. 30 Sep onwards not released y,,Contact required: 020 8986 7955 (Mon-Fri 09:00-15:30) / hackney.marshes@gll.org. Playfinder shows fully booked,COLA Shoreditch Park: Tue 29 Sep 17:30 (£91) · 5-a-side · ~£9.10 per player at cost; Old St - Moreland Primary School: Fri 2 Oct 20:00 (£90) · 6-a-side · ~£7.50 per player at cost; Shoreditch Rooftop: Mon 28 Sep 18:00 (£72) · 5-a-side · ~£7.22 per player at cost; Stepney 3G: Mon 28 Sep 17:30 (£3/pp) · 5-a-side · ~£3.00 per player at cost
The Good Front Room,hello@thegoodfrontroom.co.uk,openstreetmap_tag,+44 20 3978 0209,https://www.thegoodfrontroom.co.uk/,amenity: restaurant,"Dalston Square 1, London",E8 3GU,London,Rosemary Gardens 3G - Islington,18,No availability,No availability: No evening slots listed for full or half pitch on 28-29 Sep. 30 Sep onwards not released y,,Contact required: 020 8986 7955 (Mon-Fri 09:00-15:30) / hackney.marshes@gll.org. Playfinder shows fully booked,COLA Shoreditch Park: Tue 29 Sep 17:30 (£91) · 5-a-side · ~£9.10 per player at cost; Old St - Moreland Primary School: Fri 2 Oct 20:00 (£90) · 6-a-side · ~£7.50 per player at cost; Shoreditch Rooftop: Mon 28 Sep 18:00 (£72) · 5-a-side · ~£7.22 per player at cost; Stepney 3G: Mon 28 Sep 17:30 (£3/pp) · 5-a-side · ~£3.00 per player at cost
Grant Colson Financial Planning,info@grantcolson.co.uk,general,,https://www.grantcolson.co.uk/,finance,"Mare St, Studios, London E8 3JS, UK",E8 3JS,London,Hackney,14,Available,Fri 2 Oct 20:00 (£98); Fri 9 Oct 20:00 (£98); Fri 16 Oct 20:00 (£98); Fri 23 Oct 20:00 (£98),Fri 2 Oct 20:00 (£98) · 7-a-side · ~£6.97 per player at cost,Contact required: 020 8986 7955 (Mon-Fri 09:00-15:30) / hackney.marshes@gll.org. Playfinder shows fully booked,
The Tomlinson Centre,info@thetomlinsoncentre.co.uk,openstreetmap_tag,+44 20 3076 1504,https://www.thetomlinsoncentre.co.uk/,amenity: conference centre,"Queensbridge Road, London",E8 3ND,London,COLA Shoreditch Park ,16,Available,Tue 29 Sep 17:30 (£91); Thu 1 Oct 17:30 (£91); Thu 1 Oct 18:30 (£91); Thu 1 Oct 19:30 (£91); Thu 1 Oct 20:30 (£91); Fri 2 Oct 17:30 (£91); +30 more,Tue 29 Sep 17:30 (£91) · 5-a-side · ~£9.10 per player at cost,Contact required: 020 8986 7955 (Mon-Fri 09:00-15:30) / hackney.marshes@gll.org. Playfinder shows fully booked,
Emerald Life,marketing@emeraldlife.co.uk,people_team,+44 330 113 7109,https://www.emeraldlife.co.uk/,service,"286 Queensbridge Rd, London E8 3NH, UK",E8 3NH,London,COLA Shoreditch Park ,19,Available,Tue 29 Sep 17:30 (£91); Thu 1 Oct 17:30 (£91); Thu 1 Oct 18:30 (£91); Thu 1 Oct 19:30 (£91); Thu 1 Oct 20:30 (£91); Fri 2 Oct 17:30 (£91); +30 more,Tue 29 Sep 17:30 (£91) · 5-a-side · ~£9.10 per player at cost,Contact required: 020 8986 7955 (Mon-Fri 09:00-15:30) / hackney.marshes@gll.org. Playfinder shows fully booked,
Pophams Bakery,hello@pophamsbakery.com,general,,https://www.pophamsbakery.com/,shop: bakery,"Richmond Road 197, London",E8 3NJ,London,Hackney,12,Available,Fri 2 Oct 20:00 (£98); Fri 9 Oct 20:00 (£98); Fri 16 Oct 20:00 (£98); Fri 23 Oct 20:00 (£98),Fri 2 Oct 20:00 (£98) · 7-a-side · ~£6.97 per player at cost,Contact required: 020 8986 7955 (Mon-Fri 09:00-15:30) / hackney.marshes@gll.org. Playfinder shows fully booked,
Pub on the Park,info@pubonthepark.com,general,+44 20 7923 3398,https://pubonthepark.com/,amenity: pub,"Martello Street 19, London",E8 3PE,London,Hackney,15,Available,Fri 2 Oct 20:00 (£98); Fri 9 Oct 20:00 (£98); Fri 16 Oct 20:00 (£98); Fri 23 Oct 20:00 (£98),Fri 2 Oct 20:00 (£98) · 7-a-side · ~£6.97 per player at cost,Contact required: 020 8986 7955 (Mon-Fri 09:00-15:30) / hackney.marshes@gll.org. Playfinder shows fully booked,
Hotpod Yoga,info@hotpodyoga.com,general,+44 7517 067008,https://hotpodyoga.com/studios/hackney/,leisure: fitness centre,"Mentmore Terrace 406, London",E8 3PH,London,Hackney,14,Available,Fri 2 Oct 20:00 (£98); Fri 9 Oct 20:00 (£98); Fri 16 Oct 20:00 (£98); Fri 23 Oct 20:00 (£98),Fri 2 Oct 20:00 (£98) · 7-a-side · ~£6.97 per player at cost,Contact required: 020 8986 7955 (Mon-Fri 09:00-15:30) / hackney.marshes@gll.org. Playfinder shows fully booked,
The Fine Cider Company,info@thefinecider.company,general,+44 20 3336 7721,https://thefinecider.company/,shop: alcohol,"Mentmore Terrace 399, London",E8 3PH,London,Hackney,15,Available,Fri 2 Oct 20:00 (£98); Fri 9 Oct 20:00 (£98); Fri 16 Oct 20:00 (£98); Fri 23 Oct 20:00 (£98),Fri 2 Oct 20:00 (£98) · 7-a-side · ~£6.97 per player at cost,Contact required: 020 8986 7955 (Mon-Fri 09:00-15:30) / hackney.marshes@gll.org. Playfinder shows fully booked,
Fast,admin@fastmot.com,general,+44 20 8986 6040,https://fastmot.com/,shop: car repair,"Lamb Lane 2-6, London",E8 3PL,London,Hackney,16,Available,Fri 2 Oct 20:00 (£98); Fri 9 Oct 20:00 (£98); Fri 16 Oct 20:00 (£98); Fri 23 Oct 20:00 (£98),Fri 2 Oct 20:00 (£98) · 7-a-side · ~£6.97 per player at cost,Contact required: 020 8986 7955 (Mon-Fri 09:00-15:30) / hackney.marshes@gll.org. Playfinder shows fully booked,
London Fields Bottega Ltd,info@londonfieldsbottega.co.uk,general,+44 20 3011 2636,https://www.londonfieldsbottega.co.uk/,coworking_space,"8 Lamb Ln, London E8 3PL, UK",E8 3PL,London,Hackney,16,Available,Fri 2 Oct 20:00 (£98); Fri 9 Oct 20:00 (£98); Fri 16 Oct 20:00 (£98); Fri 23 Oct 20:00 (£98),Fri 2 Oct 20:00 (£98) · 7-a-side · ~£6.97 per player at cost,Contact required: 020 8986 7955 (Mon-Fri 09:00-15:30) / hackney.marshes@gll.org. Playfinder shows fully booked,
Floom Creative,hello@floomcreative.co.uk,general,+44 7590 848895,https://floomcreative.co.uk/,consultant,"1 Mentmore Terrace, London E8 3PN, UK",E8 3PN,London,Hackney,16,Available,Fri 2 Oct 20:00 (£98); Fri 9 Oct 20:00 (£98); Fri 16 Oct 20:00 (£98); Fri 23 Oct 20:00 (£98),Fri 2 Oct 20:00 (£98) · 7-a-side · ~£6.97 per player at cost,Contact required: 020 8986 7955 (Mon-Fri 09:00-15:30) / hackney.marshes@gll.org. Playfinder shows fully booked,
Brazilian Centre,info@braziliancentre.co.uk,general,+44 330 053 6365,https://www.braziliancentre.co.uk/,shop: convenience,"Mare Street 223, London",E8 3QE,London,Hackney,13,Available,Fri 2 Oct 20:00 (£98); Fri 9 Oct 20:00 (£98); Fri 16 Oct 20:00 (£98); Fri 23 Oct 20:00 (£98),Fri 2 Oct 20:00 (£98) · 7-a-side · ~£6.97 per player at cost,Contact required: 020 8986 7955 (Mon-Fri 09:00-15:30) / hackney.marshes@gll.org. Playfinder shows fully booked,
Bronson's Burgers,info@bronsonsburgers.co.uk,general,,https://bronsonsburgers.co.uk/,amenity: fast food,"Mare Street 169, London",E8 3RH,London,Hackney,16,Available,Fri 2 Oct 20:00 (£98); Fri 9 Oct 20:00 (£98); Fri 16 Oct 20:00 (£98); Fri 23 Oct 20:00 (£98),Fri 2 Oct 20:00 (£98) · 7-a-side · ~£6.97 per player at cost,Contact required: 020 8986 7955 (Mon-Fri 09:00-15:30) / hackney.marshes@gll.org. Playfinder shows fully booked,
Easy 8,hello@e-z-8.com,general,,https://www.e-z-8.com/,amenity: bar,"Mare Street 159a, London",E8 3RH,London,Hackney,17,Available,Fri 2 Oct 20:00 (£98); Fri 9 Oct 20:00 (£98); Fri 16 Oct 20:00 (£98); Fri 23 Oct 20:00 (£98),Fri 2 Oct 20:00 (£98) · 7-a-side · ~£6.97 per player at cost,Contact required: 020 8986 7955 (Mon-Fri 09:00-15:30) / hackney.marshes@gll.org. Playfinder shows fully booked,
Secret Smokehouse,orders@secretsmokehouse.co.uk,commercial,+44 7932 323386,https://secretsmokehouse.co.uk/,shop: seafood,"Mentmore Terrace, London",E8 3RR,London,Hackney,17,Available,Fri 2 Oct 20:00 (£98); Fri 9 Oct 20:00 (£98); Fri 16 Oct 20:00 (£98); Fri 23 Oct 20:00 (£98),Fri 2 Oct 20:00 (£98) · 7-a-side · ~£6.97 per player at cost,Contact required: 020 8986 7955 (Mon-Fri 09:00-15:30) / hackney.marshes@gll.org. Playfinder shows fully booked,
Bloodline Gym,hello@bloodlinegym.com,general,+44 7736 645353,https://www.bloodlinegym.com/,leisure: fitness centre,"Helmsley Place 9-15, London",E8 3SB,London,Hackney,18,Available,Fri 2 Oct 20:00 (£98); Fri 9 Oct 20:00 (£98); Fri 16 Oct 20:00 (£98); Fri 23 Oct 20:00 (£98),Fri 2 Oct 20:00 (£98) · 7-a-side · ~£6.97 per player at cost,Contact required: 020 8986 7955 (Mon-Fri 09:00-15:30) / hackney.marshes@gll.org. Playfinder shows fully booked,
21 Sid Tarot & Coffee,hello@21sid.co.uk,openstreetmap_tag,,,amenity: cafe,"Sidworth Street 21, London",E8 3SD,London,Hackney,18,Available,Fri 2 Oct 20:00 (£98); Fri 9 Oct 20:00 (£98); Fri 16 Oct 20:00 (£98); Fri 23 Oct 20:00 (£98),Fri 2 Oct 20:00 (£98) · 7-a-side · ~£6.97 per player at cost,Contact required: 020 8986 7955 (Mon-Fri 09:00-15:30) / hackney.marshes@gll.org. Playfinder shows fully booked,
Facing Heaven,hello@facing-heaven.com,general,,https://www.facing-heaven.com/,amenity: restaurant,"Bayford Street 1A, London",E8 3SE,London,Hackney,17,Available,Fri 2 Oct 20:00 (£98); Fri 9 Oct 20:00 (£98); Fri 16 Oct 20:00 (£98); Fri 23 Oct 20:00 (£98),Fri 2 Oct 20:00 (£98) · 7-a-side · ~£6.97 per player at cost,Contact required: 020 8986 7955 (Mon-Fri 09:00-15:30) / hackney.marshes@gll.org. Playfinder shows fully booked,
Urban Escrima,info@urbanescrima.com,openstreetmap_tag,,,amenity: dojo,"Bayford Street, London",E8 3SE,London,Hackney,17,Available,Fri 2 Oct 20:00 (£98); Fri 9 Oct 20:00 (£98); Fri 16 Oct 20:00 (£98); Fri 23 Oct 20:00 (£98),Fri 2 Oct 20:00 (£98) · 7-a-side · ~£6.97 per player at cost,Contact required: 020 8986 7955 (Mon-Fri 09:00-15:30) / hackney.marshes@gll.org. Playfinder shows fully booked,
Burley Fisher Books,shop@burleyfisherbooks.com,openstreetmap_tag,+44 20 7249 2263,https://burleyfisherbooks.com/,shop: books,"Kingsland Road 400, London",E8 4AA,London,COLA Shoreditch Park ,13,Available,Tue 29 Sep 17:30 (£91); Thu 1 Oct 17:30 (£91); Thu 1 Oct 18:30 (£91); Thu 1 Oct 19:30 (£91); Thu 1 Oct 20:30 (£91); Fri 2 Oct 17:30 (£91); +30 more,Tue 29 Sep 17:30 (£91) · 5-a-side · ~£9.10 per player at cost,Contact required: 020 8986 7955 (Mon-Fri 09:00-15:30) / hackney.marshes@gll.org. Playfinder shows fully booked,
Goldsmith Personnel,info@goldsmithpersonnel.co.uk,general,,https://goldsmithpersonnel.co.uk/,recruitment,"380 Kingsland Road, London",E8 4AA,London,COLA Shoreditch Park ,13,Available,Tue 29 Sep 17:30 (£91); Thu 1 Oct 17:30 (£91); Thu 1 Oct 18:30 (£91); Thu 1 Oct 19:30 (£91); Thu 1 Oct 20:30 (£91); Fri 2 Oct 17:30 (£91); +30 more,Tue 29 Sep 17:30 (£91) · 5-a-side · ~£9.10 per player at cost,Contact required: 020 8986 7955 (Mon-Fri 09:00-15:30) / hackney.marshes@gll.org. Playfinder shows fully booked,
"""mu""",info@mu-ldn.com,general,,https://mu-ldn.com/,amenity: restaurant,"Kingsland Road 432-434, London",E8 4AA,London,Rosemary Gardens 3G - Islington,14,No availability,No availability: No evening slots listed for full or half pitch on 28-29 Sep. 30 Sep onwards not released y,,Contact required: 020 8986 7955 (Mon-Fri 09:00-15:30) / hackney.marshes@gll.org. Playfinder shows fully booked,COLA Shoreditch Park: Tue 29 Sep 17:30 (£91) · 5-a-side · ~£9.10 per player at cost; Old St - Moreland Primary School: Fri 2 Oct 20:00 (£90) · 6-a-side · ~£7.50 per player at cost; Shoreditch Rooftop: Mon 28 Sep 18:00 (£72) · 5-a-side · ~£7.22 per player at cost; Stepney 3G: Mon 28 Sep 17:30 (£3/pp) · 5-a-side · ~£3.00 per player at cost
Ellie's,hi@elliesbar.com,openstreetmap_tag,,,amenity: bar,"Kingsland Road 428, London",E8 4AA,London,Rosemary Gardens 3G - Islington,14,No availability,No availability: No evening slots listed for full or half pitch on 28-29 Sep. 30 Sep onwards not released y,,Contact required: 020 8986 7955 (Mon-Fri 09:00-15:30) / hackney.marshes@gll.org. Playfinder shows fully booked,COLA Shoreditch Park: Tue 29 Sep 17:30 (£91) · 5-a-side · ~£9.10 per player at cost; Old St - Moreland Primary School: Fri 2 Oct 20:00 (£90) · 6-a-side · ~£7.50 per player at cost; Shoreditch Rooftop: Mon 28 Sep 18:00 (£72) · 5-a-side · ~£7.22 per player at cost; Stepney 3G: Mon 28 Sep 17:30 (£3/pp) · 5-a-side · ~£3.00 per player at cost
Faulkners,info@faulknersfishandchips.co.uk,general,+44 20 7502 1080,https://www.faulknersfishandchips.co.uk/,amenity: restaurant,"Kingsland Road 424,426, London",E8 4AA,London,Rosemary Gardens 3G - Islington,14,No availability,No availability: No evening slots listed for full or half pitch on 28-29 Sep. 30 Sep onwards not released y,,Contact required: 020 8986 7955 (Mon-Fri 09:00-15:30) / hackney.marshes@gll.org. Playfinder shows fully booked,COLA Shoreditch Park: Tue 29 Sep 17:30 (£91) · 5-a-side · ~£9.10 per player at cost; Old St - Moreland Primary School: Fri 2 Oct 20:00 (£90) · 6-a-side · ~£7.50 per player at cost; Shoreditch Rooftop: Mon 28 Sep 18:00 (£72) · 5-a-side · ~£7.22 per player at cost; Stepney 3G: Mon 28 Sep 17:30 (£3/pp) · 5-a-side · ~£3.00 per player at cost
The Jago Dalston,hello@thejagodalston.com,general,+44 20 7683 0438,https://www.thejagodalston.com/,amenity: events venue,"Kingsland Road 440, London",E8 4AA,London,Rosemary Gardens 3G - Islington,14,No availability,No availability: No evening slots listed for full or half pitch on 28-29 Sep. 30 Sep onwards not released y,,Contact required: 020 8986 7955 (Mon-Fri 09:00-15:30) / hackney.marshes@gll.org. Playfinder shows fully booked,COLA Shoreditch Park: Tue 29 Sep 17:30 (£91) · 5-a-side · ~£9.10 per player at cost; Old St - Moreland Primary School: Fri 2 Oct 20:00 (£90) · 6-a-side · ~£7.50 per player at cost; Shoreditch Rooftop: Mon 28 Sep 18:00 (£72) · 5-a-side · ~£7.22 per player at cost; Stepney 3G: Mon 28 Sep 17:30 (£3/pp) · 5-a-side · ~£3.00 per player at cost
Brilliant Corners,info@brilliantcornerslondon.co.uk,general,,https://brilliantcornerslondon.co.uk/,amenity: bar,"Kingsland Road 470-472, London",E8 4AE,London,Rosemary Gardens 3G - Islington,15,No availability,No availability: No evening slots listed for full or half pitch on 28-29 Sep. 30 Sep onwards not released y,,Contact required: 020 8986 7955 (Mon-Fri 09:00-15:30) / hackney.marshes@gll.org. Playfinder shows fully booked,COLA Shoreditch Park: Tue 29 Sep 17:30 (£91) · 5-a-side · ~£9.10 per player at cost; Old St - Moreland Primary School: Fri 2 Oct 20:00 (£90) · 6-a-side · ~£7.50 per player at cost; Shoreditch Rooftop: Mon 28 Sep 18:00 (£72) · 5-a-side · ~£7.22 per player at cost; Stepney 3G: Mon 28 Sep 17:30 (£3/pp) · 5-a-side · ~£3.00 per player at cost
St. Vincent's,info@svp.org.uk,general,+44 20 7249 3511,https://www.svp.org.uk/,shop: charity,"Kingsland Road 484,486, London",E8 4AE,London,Rosemary Gardens 3G - Islington,15,No availability,No availability: No evening slots listed for full or half pitch on 28-29 Sep. 30 Sep onwards not released y,,Contact required: 020 8986 7955 (Mon-Fri 09:00-15:30) / hackney.marshes@gll.org. Playfinder shows fully booked,COLA Shoreditch Park: Tue 29 Sep 17:30 (£91) · 5-a-side · ~£9.10 per player at cost; Old St - Moreland Primary School: Fri 2 Oct 20:00 (£90) · 6-a-side · ~£7.50 per player at cost; Shoreditch Rooftop: Mon 28 Sep 18:00 (£72) · 5-a-side · ~£7.22 per player at cost; Stepney 3G: Mon 28 Sep 17:30 (£3/pp) · 5-a-side · ~£3.00 per player at cost
Kingsland Dental Surgery,info@kingslanddental.co.uk,openstreetmap_tag,+44 20 7254 7520,https://kingslanddental.co.uk,amenity: dentist,"Kingsland Road 537, London",E8 4AR,London,Rosemary Gardens 3G - Islington,18,No availability,No availability: No evening slots listed for full or half pitch on 28-29 Sep. 30 Sep onwards not released y,,Contact required: 020 8986 7955 (Mon-Fri 09:00-15:30) / hackney.marshes@gll.org. Playfinder shows fully booked,COLA Shoreditch Park: Tue 29 Sep 17:30 (£91) · 5-a-side · ~£9.10 per player at cost; Old St - Moreland Primary School: Fri 2 Oct 20:00 (£90) · 6-a-side · ~£7.50 per player at cost; Shoreditch Rooftop: Mon 28 Sep 18:00 (£72) · 5-a-side · ~£7.22 per player at cost; Stepney 3G: Mon 28 Sep 17:30 (£3/pp) · 5-a-side · ~£3.00 per player at cost
HQ Therapy Rooms,hello@hqtherapy.com,general,,https://www.hqtherapy.com/,therapist,"322c Kingsland Road, London",E8 4DE,London,COLA Shoreditch Park ,10,Available,Tue 29 Sep 17:30 (£91); Thu 1 Oct 17:30 (£91); Thu 1 Oct 18:30 (£91); Thu 1 Oct 19:30 (£91); Thu 1 Oct 20:30 (£91); Fri 2 Oct 17:30 (£91); +30 more,Tue 29 Sep 17:30 (£91) · 5-a-side · ~£9.10 per player at cost,Contact required: 020 8986 7955 (Mon-Fri 09:00-15:30) / hackney.marshes@gll.org. Playfinder shows fully booked,
Playhouse East,contact@playhouseeast.com,general,,https://www.playhouseeast.com/,amenity: theatre;cafe,"Kingsland Road 258, London",E8 4DG,London,COLA Shoreditch Park ,9,Available,Tue 29 Sep 17:30 (£91); Thu 1 Oct 17:30 (£91); Thu 1 Oct 18:30 (£91); Thu 1 Oct 19:30 (£91); Thu 1 Oct 20:30 (£91); Fri 2 Oct 17:30 (£91); +30 more,Tue 29 Sep 17:30 (£91) · 5-a-side · ~£9.10 per player at cost,Contact required: 020 8986 7955 (Mon-Fri 09:00-15:30) / hackney.marshes@gll.org. Playfinder shows fully booked,
MAP Maison,info@mapmaison.com,general,+44 20 7241 1441,https://www.mapmaison.com/,amenity: bar,"Kingsland Road 321, London",E8 4DL,London,COLA Shoreditch Park ,9,Available,Tue 29 Sep 17:30 (£91); Thu 1 Oct 17:30 (£91); Thu 1 Oct 18:30 (£91); Thu 1 Oct 19:30 (£91); Thu 1 Oct 20:30 (£91); Fri 2 Oct 17:30 (£91); +30 more,Tue 29 Sep 17:30 (£91) · 5-a-side · ~£9.10 per player at cost,Contact required: 020 8986 7955 (Mon-Fri 09:00-15:30) / hackney.marshes@gll.org. Playfinder shows fully booked,
Waterside Academy,info@watersidecst.org,general,+44 20 3870 7500,https://www.watersidecst.org,amenity: school,"Kingsland Road 317-319, London",E8 4DL,London,COLA Shoreditch Park ,9,Available,Tue 29 Sep 17:30 (£91); Thu 1 Oct 17:30 (£91); Thu 1 Oct 18:30 (£91); Thu 1 Oct 19:30 (£91); Thu 1 Oct 20:30 (£91); Fri 2 Oct 17:30 (£91); +30 more,Tue 29 Sep 17:30 (£91) · 5-a-side · ~£9.10 per player at cost,Contact required: 020 8986 7955 (Mon-Fri 09:00-15:30) / hackney.marshes@gll.org. Playfinder shows fully booked,
Terrier Agency,hello@terrieragency.com,general,+44 20 7183 1022,https://www.terrieragency.com/locations/london/?utm_source=google&utm_medium=organic&utm_campaign=gbp-hackney,consultant,"8 Lee St, London E8 4DY, UK",E8 4DY,London,COLA Shoreditch Park ,9,Available,Tue 29 Sep 17:30 (£91); Thu 1 Oct 17:30 (£91); Thu 1 Oct 18:30 (£91); Thu 1 Oct 19:30 (£91); Thu 1 Oct 20:30 (£91); Fri 2 Oct 17:30 (£91); +30 more,Tue 29 Sep 17:30 (£91) · 5-a-side · ~£9.10 per player at cost,Contact required: 020 8986 7955 (Mon-Fri 09:00-15:30) / hackney.marshes@gll.org. Playfinder shows fully booked,
Berber & Q,events@berberandq.com,people_team,,https://www.berberandq.com/,amenity: restaurant,"Acton Mews 338, London",E8 4EA,London,COLA Shoreditch Park ,9,Available,Tue 29 Sep 17:30 (£91); Thu 1 Oct 17:30 (£91); Thu 1 Oct 18:30 (£91); Thu 1 Oct 19:30 (£91); Thu 1 Oct 20:30 (£91); Fri 2 Oct 17:30 (£91); +30 more,Tue 29 Sep 17:30 (£91) · 5-a-side · ~£9.10 per player at cost,Contact required: 020 8986 7955 (Mon-Fri 09:00-15:30) / hackney.marshes@gll.org. Playfinder shows fully booked,
Signature Brew Taproom and Venue,info@signaturebrew.co.uk,general,+44 20 7684 4664,https://www.signaturebrew.co.uk/pages/the-signature-brew-taproom-venue-in-haggerston-east-london,amenity: pub,"Acton Mews 340, London",E8 4EA,London,COLA Shoreditch Park ,9,Available,Tue 29 Sep 17:30 (£91); Thu 1 Oct 17:30 (£91); Thu 1 Oct 18:30 (£91); Thu 1 Oct 19:30 (£91); Thu 1 Oct 20:30 (£91); Fri 2 Oct 17:30 (£91); +30 more,Tue 29 Sep 17:30 (£91) · 5-a-side · ~£9.10 per player at cost,Contact required: 020 8986 7955 (Mon-Fri 09:00-15:30) / hackney.marshes@gll.org. Playfinder shows fully booked,
UK IT Service,hello@ukitservice.co.uk,general,+44 20 3034 1059,https://www.ukitservice.co.uk/,service,"7 Stean St, London E8 4ED, UK",E8 4ED,London,COLA Shoreditch Park ,10,Available,Tue 29 Sep 17:30 (£91); Thu 1 Oct 17:30 (£91); Thu 1 Oct 18:30 (£91); Thu 1 Oct 19:30 (£91); Thu 1 Oct 20:30 (£91); Fri 2 Oct 17:30 (£91); +30 more,Tue 29 Sep 17:30 (£91) · 5-a-side · ~£9.10 per player at cost,Contact required: 020 8986 7955 (Mon-Fri 09:00-15:30) / hackney.marshes@gll.org. Playfinder shows fully booked,
Queensbridge Primary School,admin@queensbridge.hackney.sch.uk,general,+44 20 7254 1186,https://www.queensbridge.hackney.sch.uk/,amenity: school,"Queensbridge Road, London",E8 4ET,London,COLA Shoreditch Park ,16,Available,Tue 29 Sep 17:30 (£91); Thu 1 Oct 17:30 (£91); Thu 1 Oct 18:30 (£91); Thu 1 Oct 19:30 (£91); Thu 1 Oct 20:30 (£91); Fri 2 Oct 17:30 (£91); +30 more,Tue 29 Sep 17:30 (£91) · 5-a-side · ~£9.10 per player at cost,Contact required: 020 8986 7955 (Mon-Fri 09:00-15:30) / hackney.marshes@gll.org. Playfinder shows fully booked,
Batch.Space,hello@hackneydepot.com,general,,http://batch.space/,coworking_space,"5 Sheep Ln, London E8 4QS, UK",E8 4QS,London,Hackney,24,Available,Fri 2 Oct 20:00 (£98); Fri 9 Oct 20:00 (£98); Fri 16 Oct 20:00 (£98); Fri 23 Oct 20:00 (£98),Fri 2 Oct 20:00 (£98) · 7-a-side · ~£6.97 per player at cost,Contact required: 020 8986 7955 (Mon-Fri 09:00-15:30) / hackney.marshes@gll.org. Playfinder shows fully booked,
Charles Milnes & Company Ltd,cm@charlesmilnes.co.uk,person_or_other,,https://www.charlesmilnes.co.uk/,insurance_agency,"16-29 Andrews Rd, London E8 4QZ, UK",E8 4QZ,London,Stepney 3G,24,Available,Mon 28 Sep 17:30 (£3/pp); Mon 28 Sep 18:30 (£5/pp); Mon 28 Sep 19:30 (£5/pp); Mon 28 Sep 20:30 (£5/pp); Tue 29 Sep 17:30 (£3/pp); Tue 29 Sep 18:30 (£5/pp); +26 more,Mon 28 Sep 17:30 (£3/pp) · 5-a-side · ~£3.00 per player at cost,Contact required: 020 8986 7955 (Mon-Fri 09:00-15:30) / hackney.marshes@gll.org. Playfinder shows fully booked,
Epoch Biodesign,hello@epochbiodesign.com,general,,https://www.epochbiodesign.com/,company,"10 Finsbury Square, London",EC2A 1AJ,London,Old St - Moreland Primary School,18,Available,Fri 2 Oct 20:00 (£90); Fri 9 Oct 20:00 (£90); Mon 12 Oct 18:00 (£90); Mon 12 Oct 19:00 (£90); Mon 12 Oct 20:00 (£90); Fri 16 Oct 20:00 (£90); +6 more,Fri 2 Oct 20:00 (£90) · 6-a-side · ~£7.50 per player at cost,Contact required: 020 8986 7955 (Mon-Fri 09:00-15:30) / hackney.marshes@gll.org. Playfinder shows fully booked,
Finch's,finchs@youngs.co.uk,openstreetmap_tag,+44 20 7588 3311,https://www.finchspub.co.uk/,amenity: pub,"Finsbury Square 12a, London",EC2A 1AN,London,Old St - Moreland Primary School,17,Available,Fri 2 Oct 20:00 (£90); Fri 9 Oct 20:00 (£90); Mon 12 Oct 18:00 (£90); Mon 12 Oct 19:00 (£90); Mon 12 Oct 20:00 (£90); Fri 16 Oct 20:00 (£90); +6 more,Fri 2 Oct 20:00 (£90) · 6-a-side · ~£7.50 per player at cost,Contact required: 020 8986 7955 (Mon-Fri 09:00-15:30) / hackney.marshes@gll.org. Playfinder shows fully booked,
"Aviary, Bar and Rooftop Restaurant",info@aviarylondon.com,openstreetmap_tag,+44 20 3873 4060,https://aviarylondon.com/,amenity: restaurant,"Finsbury Square, London",EC2A 1DX,London,Old St - Moreland Primary School,19,Available,Fri 2 Oct 20:00 (£90); Fri 9 Oct 20:00 (£90); Mon 12 Oct 18:00 (£90); Mon 12 Oct 19:00 (£90); Mon 12 Oct 20:00 (£90); Fri 16 Oct 20:00 (£90); +6 more,Fri 2 Oct 20:00 (£90) · 6-a-side · ~£7.50 per player at cost,Contact required: 020 8986 7955 (Mon-Fri 09:00-15:30) / hackney.marshes@gll.org. Playfinder shows fully booked,
Viasat,pr@viasat.com,people_team,,https://www.viasat.com/about/company/locations/?location=uk-london,telecommunication,"Finsbury Square, London",EC2A 1HD,London,Old St - Moreland Primary School,19,Available,Fri 2 Oct 20:00 (£90); Fri 9 Oct 20:00 (£90); Mon 12 Oct 18:00 (£90); Mon 12 Oct 19:00 (£90); Mon 12 Oct 20:00 (£90); Fri 16 Oct 20:00 (£90); +6 more,Fri 2 Oct 20:00 (£90) · 6-a-side · ~£7.50 per player at cost,Contact required: 020 8986 7955 (Mon-Fri 09:00-15:30) / hackney.marshes@gll.org. Playfinder shows fully booked,
Figtree Technology,contact@figtreetechnology.co.uk,general,,https://www.figtreetechnology.co.uk/,service,"131 Finsbury Pavement, London EC2A 1NT, UK",EC2A 1NT,London,Old St - Moreland Primary School,19,Available,Fri 2 Oct 20:00 (£90); Fri 9 Oct 20:00 (£90); Mon 12 Oct 18:00 (£90); Mon 12 Oct 19:00 (£90); Mon 12 Oct 20:00 (£90); Fri 16 Oct 20:00 (£90); +6 more,Fri 2 Oct 20:00 (£90) · 6-a-side · ~£7.50 per player at cost,Contact required: 020 8986 7955 (Mon-Fri 09:00-15:30) / hackney.marshes@gll.org. Playfinder shows fully booked,
CACEIS,caceis-bo-peres@caceis.com,person_or_other,+44 20 7858 0860,http://www.caceis.com/,finance,"Broadwalk House, 5 Appold St, London EC2A 2AG, UK",EC2A 2AG,London,Old St - Moreland Primary School,24,Available,Fri 2 Oct 20:00 (£90); Fri 9 Oct 20:00 (£90); Mon 12 Oct 18:00 (£90); Mon 12 Oct 19:00 (£90); Mon 12 Oct 20:00 (£90); Fri 16 Oct 20:00 (£90); +6 more,Fri 2 Oct 20:00 (£90) · 6-a-side · ~£7.50 per player at cost,Contact required: 020 8986 7955 (Mon-Fri 09:00-15:30) / hackney.marshes@gll.org. Playfinder shows fully booked,
Flight Club,press@flightclubdarts.com,people_team,+44 20 3019 3093,https://flightclubdarts.com/,amenity: bar,"Worship Street 2a, London",EC2A 2AH,London,Old St - Moreland Primary School,18,Available,Fri 2 Oct 20:00 (£90); Fri 9 Oct 20:00 (£90); Mon 12 Oct 18:00 (£90); Mon 12 Oct 19:00 (£90); Mon 12 Oct 20:00 (£90); Fri 16 Oct 20:00 (£90); +6 more,Fri 2 Oct 20:00 (£90) · 6-a-side · ~£7.50 per player at cost,Contact required: 020 8986 7955 (Mon-Fri 09:00-15:30) / hackney.marshes@gll.org. Playfinder shows fully booked,
123Financials - Accountants in London,info@123financials.com,general,+44 20 3900 3500,https://www.123financials.com/,finance,"9 Appold St, London EC2A 2AP, UK",EC2A 2AP,London,Old St - Moreland Primary School,22,Available,Fri 2 Oct 20:00 (£90); Fri 9 Oct 20:00 (£90); Mon 12 Oct 18:00 (£90); Mon 12 Oct 19:00 (£90); Mon 12 Oct 20:00 (£90); Fri 16 Oct 20:00 (£90); +6 more,Fri 2 Oct 20:00 (£90) · 6-a-side · ~£7.50 per player at cost,Contact required: 020 8986 7955 (Mon-Fri 09:00-15:30) / hackney.marshes@gll.org. Playfinder shows fully booked,
Core Technology Systems [U.K.] Limited,hello@core.co.uk,general,+44 20 7626 0516,https://core.co.uk/,consultant,"9 Appold St, London EC2A 2AP, UK",EC2A 2AP,London,Old St - Moreland Primary School,22,Available,Fri 2 Oct 20:00 (£90); Fri 9 Oct 20:00 (£90); Mon 12 Oct 18:00 (£90); Mon 12 Oct 19:00 (£90); Mon 12 Oct 20:00 (£90); Fri 16 Oct 20:00 (£90); +6 more,Fri 2 Oct 20:00 (£90) · 6-a-side · ~£7.50 per player at cost,Contact required: 020 8986 7955 (Mon-Fri 09:00-15:30) / hackney.marshes@gll.org. Playfinder shows fully booked,
Piclo,hello@piclo.com,general,,https://piclo.energy/,service,"Mindspace Liverpool Street, 9 Appold St, London EC2A 2AP, UK",EC2A 2AP,London,Old St - Moreland Primary School,22,Available,Fri 2 Oct 20:00 (£90); Fri 9 Oct 20:00 (£90); Mon 12 Oct 18:00 (£90); Mon 12 Oct 19:00 (£90); Mon 12 Oct 20:00 (£90); Fri 16 Oct 20:00 (£90); +6 more,Fri 2 Oct 20:00 (£90) · 6-a-side · ~£7.50 per player at cost,Contact required: 020 8986 7955 (Mon-Fri 09:00-15:30) / hackney.marshes@gll.org. Playfinder shows fully booked,
LighterHR,contact@lighterhr.co.uk,general,+44 20 3535 5750,http://www.lighterhr.co.uk/,service,"87 Worship St, London EC2A 2BE, UK",EC2A 2BE,London,Old St - Moreland Primary School,21,Available,Fri 2 Oct 20:00 (£90); Fri 9 Oct 20:00 (£90); Mon 12 Oct 18:00 (£90); Mon 12 Oct 19:00 (£90); Mon 12 Oct 20:00 (£90); Fri 16 Oct 20:00 (£90); +6 more,Fri 2 Oct 20:00 (£90) · 6-a-side · ~£7.50 per player at cost,Contact required: 020 8986 7955 (Mon-Fri 09:00-15:30) / hackney.marshes@gll.org. Playfinder shows fully booked,
Decibel Technology,hello@decibeltechnology.com,general,+44 20 3770 3000,http://www.decibeltechnology.com/,service,"89 Worship St, London EC2A 2BF, UK",EC2A 2BF,London,Old St - Moreland Primary School,21,Available,Fri 2 Oct 20:00 (£90); Fri 9 Oct 20:00 (£90); Mon 12 Oct 18:00 (£90); Mon 12 Oct 19:00 (£90); Mon 12 Oct 20:00 (£90); Fri 16 Oct 20:00 (£90); +6 more,Fri 2 Oct 20:00 (£90) · 6-a-side · ~£7.50 per player at cost,Contact required: 020 8986 7955 (Mon-Fri 09:00-15:30) / hackney.marshes@gll.org. Playfinder shows fully booked,
Onclusive,info@onclusive.com,general,,https://onclusive.com/en-gb/,service,"1 Finsbury Market, London EC2A 2BN, UK",EC2A 2BN,London,Old St - Moreland Primary School,21,Available,Fri 2 Oct 20:00 (£90); Fri 9 Oct 20:00 (£90); Mon 12 Oct 18:00 (£90); Mon 12 Oct 19:00 (£90); Mon 12 Oct 20:00 (£90); Fri 16 Oct 20:00 (£90); +6 more,Fri 2 Oct 20:00 (£90) · 6-a-side · ~£7.50 per player at cost,Contact required: 020 8986 7955 (Mon-Fri 09:00-15:30) / hackney.marshes@gll.org. Playfinder shows fully booked,
Honest London,info@honestlondon.co.uk,general,+44 7568 303609,http://honestlondon.co.uk/,service,"93 Worship St, London EC2A 2BW, UK",EC2A 2BW,London,Old St - Moreland Primary School,22,Available,Fri 2 Oct 20:00 (£90); Fri 9 Oct 20:00 (£90); Mon 12 Oct 18:00 (£90); Mon 12 Oct 19:00 (£90); Mon 12 Oct 20:00 (£90); Fri 16 Oct 20:00 (£90); +6 more,Fri 2 Oct 20:00 (£90) · 6-a-side · ~£7.50 per player at cost,Contact required: 020 8986 7955 (Mon-Fri 09:00-15:30) / hackney.marshes@gll.org. Playfinder shows fully booked,
Credit Agricole,externalcommunications@ca-cib.com,person_or_other,+44 20 7214 5000,http://www.ca-cib.com/,finance,"Broadwalk House, 5 Appold St, London EC2A 2DA, UK",EC2A 2DA,London,Old St - Moreland Primary School,23,Available,Fri 2 Oct 20:00 (£90); Fri 9 Oct 20:00 (£90); Mon 12 Oct 18:00 (£90); Mon 12 Oct 19:00 (£90); Mon 12 Oct 20:00 (£90); Fri 16 Oct 20:00 (£90); +6 more,Fri 2 Oct 20:00 (£90) · 6-a-side · ~£7.50 per player at cost,Contact required: 020 8986 7955 (Mon-Fri 09:00-15:30) / hackney.marshes@gll.org. Playfinder shows fully booked,
Duffel Technology Limited,hello@duffel.com,general,,https://duffel.com/,service,"43 Worship St, London EC2A 2DU, UK",EC2A 2DU,London,Old St - Moreland Primary School,19,Available,Fri 2 Oct 20:00 (£90); Fri 9 Oct 20:00 (£90); Mon 12 Oct 18:00 (£90); Mon 12 Oct 19:00 (£90); Mon 12 Oct 20:00 (£90); Fri 16 Oct 20:00 (£90); +6 more,Fri 2 Oct 20:00 (£90) · 6-a-side · ~£7.50 per player at cost,Contact required: 020 8986 7955 (Mon-Fri 09:00-15:30) / hackney.marshes@gll.org. Playfinder shows fully booked,
The Lyceum,registrar@lyceumschool.co.uk,person_or_other,+44 20 7247 1588,https://www.lyceumschool.co.uk/,amenity: school,"Paul Street 6, London",EC2A 2DU,London,Old St - Moreland Primary School,19,Available,Fri 2 Oct 20:00 (£90); Fri 9 Oct 20:00 (£90); Mon 12 Oct 18:00 (£90); Mon 12 Oct 19:00 (£90); Mon 12 Oct 20:00 (£90); Fri 16 Oct 20:00 (£90); +6 more,Fri 2 Oct 20:00 (£90) · 6-a-side · ~£7.50 per player at cost,Contact required: 020 8986 7955 (Mon-Fri 09:00-15:30) / hackney.marshes@gll.org. Playfinder shows fully booked,
Law and Lawyers,info@lawandlawyers.co.uk,general,+44 20 7062 6666,https://www.lawandlawyers.co.uk/,consultant,"Second Floor, 31-41 Worship St, London EC2A 2DX, UK",EC2A 2DX,London,Old St - Moreland Primary School,18,Available,Fri 2 Oct 20:00 (£90); Fri 9 Oct 20:00 (£90); Mon 12 Oct 18:00 (£90); Mon 12 Oct 19:00 (£90); Mon 12 Oct 20:00 (£90); Fri 16 Oct 20:00 (£90); +6 more,Fri 2 Oct 20:00 (£90) · 6-a-side · ~£7.50 per player at cost,Contact required: 020 8986 7955 (Mon-Fri 09:00-15:30) / hackney.marshes@gll.org. Playfinder shows fully booked,
Long Arm Pub & Brewery,info@longarmpub.co.uk,openstreetmap_tag,,http://longarmpub.com/,amenity: pub,"Worship Street 20-26, London",EC2A 2DX,London,Old St - Moreland Primary School,19,Available,Fri 2 Oct 20:00 (£90); Fri 9 Oct 20:00 (£90); Mon 12 Oct 18:00 (£90); Mon 12 Oct 19:00 (£90); Mon 12 Oct 20:00 (£90); Fri 16 Oct 20:00 (£90); +6 more,Fri 2 Oct 20:00 (£90) · 6-a-side · ~£7.50 per player at cost,Contact required: 020 8986 7955 (Mon-Fri 09:00-15:30) / hackney.marshes@gll.org. Playfinder shows fully booked,
Hill Dickinson,kiran.bhogal@hilldickinson.com,person_or_other,+44 20 7283 9033,https://www.hilldickinson.com/our-locations/london-city/,lawyer,"The Broadgate Tower, 20 Primrose St, London EC2A 2EW, UK",EC2A 2EW,London,Old St - Moreland Primary School,24,Available,Fri 2 Oct 20:00 (£90); Fri 9 Oct 20:00 (£90); Mon 12 Oct 18:00 (£90); Mon 12 Oct 19:00 (£90); Mon 12 Oct 20:00 (£90); Fri 16 Oct 20:00 (£90); +6 more,Fri 2 Oct 20:00 (£90) · 6-a-side · ~£7.50 per player at cost,Contact required: 020 8986 7955 (Mon-Fri 09:00-15:30) / hackney.marshes@gll.org. Playfinder shows fully booked,
Intercity Technology,enquiries@intercity.technology,general,+44 330 332 7933,https://intercity.technology/,service,"20 Primrose St, London EC2A 2EW, UK",EC2A 2EW,London,Shoreditch Rooftop,24,Available,Mon 28 Sep 18:00 (£72),Mon 28 Sep 18:00 (£72) · 5-a-side · ~£7.22 per player at cost,Contact required: 020 8986 7955 (Mon-Fri 09:00-15:30) / hackney.marshes@gll.org. Playfinder shows fully booked,
RMB - Corporate and Investment Banking,info@rmb.co.uk,general,+44 20 7939 1700,https://www.rmb.co.uk/,finance,"Fl 23, The Broadgate Tower, 20 Primrose St, London EC2A 2EW, UK",EC2A 2EW,London,Shoreditch Rooftop,24,Available,Mon 28 Sep 18:00 (£72),Mon 28 Sep 18:00 (£72) · 5-a-side · ~£7.22 per player at cost,Contact required: 020 8986 7955 (Mon-Fri 09:00-15:30) / hackney.marshes@gll.org. Playfinder shows fully booked,
Huckletree Liverpool Street - London City Coworking & Office Space,info@huckletree.com,general,+44 20 7167 6560,https://www.huckletree.com/hubs/liverpool-street,coworking_space,"1 Primrose St, London EC2A 2EX, UK",EC2A 2EX,London,Whitechapel,24,Contact required,Contact required: 020 7790 3854,,Contact required: 020 8986 7955 (Mon-Fri 09:00-15:30) / hackney.marshes@gll.org. Playfinder shows fully booked,COLA Shoreditch Park: Tue 29 Sep 17:30 (£91) · 5-a-side · ~£9.10 per player at cost; Old St - Moreland Primary School: Fri 2 Oct 20:00 (£90) · 6-a-side · ~£7.50 per player at cost; Shoreditch Rooftop: Mon 28 Sep 18:00 (£72) · 5-a-side · ~£7.22 per player at cost; Stepney 3G: Mon 28 Sep 17:30 (£3/pp) · 5-a-side · ~£3.00 per player at cost
The Leaf,theleaf1025@gmail.com,openstreetmap_tag,+44 7947 731343,,amenity: cafe,"Curtain Road 96, London",EC2A 3AA,London,Shoreditch Rooftop,18,Available,Mon 28 Sep 18:00 (£72),Mon 28 Sep 18:00 (£72) · 5-a-side · ~£7.22 per player at cost,Contact required: 020 8986 7955 (Mon-Fri 09:00-15:30) / hackney.marshes@gll.org. Playfinder shows fully booked,
"Highwoods Group - Shoreditch, London",support@highwoodsgroup.co.uk,commercial,+44 20 7096 1043,http://www.highwoodsgroup.co.uk/,finance,"The Black & White Building, 74 Rivington St, London EC2A 3AY, UK",EC2A 3AY,London,Shoreditch Rooftop,16,Available,Mon 28 Sep 18:00 (£72),Mon 28 Sep 18:00 (£72) · 5-a-side · ~£7.22 per player at cost,Contact required: 020 8986 7955 (Mon-Fri 09:00-15:30) / hackney.marshes@gll.org. Playfinder shows fully booked,
Ballie Ballerson,hello@ballieballerson.com,openstreetmap_tag,+44 20 3950 2424,https://shoreditch.ballieballerson.com/,amenity: bar,"Curtain Road 97-113, London",EC2A 3BS,London,Shoreditch Rooftop,17,Available,Mon 28 Sep 18:00 (£72),Mon 28 Sep 18:00 (£72) · 5-a-side · ~£7.22 per player at cost,Contact required: 020 8986 7955 (Mon-Fri 09:00-15:30) / hackney.marshes@gll.org. Playfinder shows fully booked,
Findmypast,support@findmypast.co.uk,commercial,,https://www.findmypast.co.uk/,company,"6 Chapel Place, London",EC2A 3DQ,London,Shoreditch Rooftop,15,Available,Mon 28 Sep 18:00 (£72),Mon 28 Sep 18:00 (£72) · 5-a-side · ~£7.22 per player at cost,Contact required: 020 8986 7955 (Mon-Fri 09:00-15:30) / hackney.marshes@gll.org. Playfinder shows fully booked,
Newinton Accountancy Ltd,info@newintonacc.com,general,+44 20 3172 6503,http://www.newintonacc.com/,finance,"9 Chapel Pl, Rivington St, London EC2A 3DQ, UK",EC2A 3DQ,London,Shoreditch Rooftop,15,Available,Mon 28 Sep 18:00 (£72),Mon 28 Sep 18:00 (£72) · 5-a-side · ~£7.22 per player at cost,Contact required: 020 8986 7955 (Mon-Fri 09:00-15:30) / hackney.marshes@gll.org. Playfinder shows fully booked,
art'otel London Hoxton,ask.hoxton@artotel.com,openstreetmap_tag,+44 333 400 6156,https://artotellondonhoxton.com/,tourism: hotel,"Rivington Street 1-3, London",EC2A 3DT,London,Shoreditch Rooftop,15,Available,Mon 28 Sep 18:00 (£72),Mon 28 Sep 18:00 (£72) · 5-a-side · ~£7.22 per player at cost,Contact required: 020 8986 7955 (Mon-Fri 09:00-15:30) / hackney.marshes@gll.org. Playfinder shows fully booked,
Popolo,info@popoloshoreditch.com,general,+44 20 7729 4299,https://popoloshoreditch.com/,amenity: restaurant,"Rivington Street 26, London",EC2A 3DU,London,Shoreditch Rooftop,15,Available,Mon 28 Sep 18:00 (£72),Mon 28 Sep 18:00 (£72) · 5-a-side · ~£7.22 per player at cost,Contact required: 020 8986 7955 (Mon-Fri 09:00-15:30) / hackney.marshes@gll.org. Playfinder shows fully booked,
Butchies,info@butchies.co.uk,openstreetmap_tag,,https://www.butchies.co.uk,amenity: fast food,"Rivington Street 22, London",EC2A 3DY,London,Shoreditch Rooftop,15,Available,Mon 28 Sep 18:00 (£72),Mon 28 Sep 18:00 (£72) · 5-a-side · ~£7.22 per player at cost,Contact required: 020 8986 7955 (Mon-Fri 09:00-15:30) / hackney.marshes@gll.org. Playfinder shows fully booked,
The Old Blue Last,managers@theoldbluelast.com,openstreetmap_tag,+44 20 7739 7033,https://www.theoldbluelast.com,amenity: pub,"Great Eastern Street 38, London",EC2A 3ES,London,Shoreditch Rooftop,19,Available,Mon 28 Sep 18:00 (£72),Mon 28 Sep 18:00 (£72) · 5-a-side · ~£7.22 per player at cost,Contact required: 020 8986 7955 (Mon-Fri 09:00-15:30) / hackney.marshes@gll.org. Playfinder shows fully booked,
Protein Studios Shoreditch,info@proteinstudios.com,general,+44 20 7247 3999,https://www.proteinstudios.com/,coworking_space,"31 New Inn Yard, London EC2A 3EY, UK",EC2A 3EY,London,Shoreditch Rooftop,19,Available,Mon 28 Sep 18:00 (£72),Mon 28 Sep 18:00 (£72) · 5-a-side · ~£7.22 per player at cost,Contact required: 020 8986 7955 (Mon-Fri 09:00-15:30) / hackney.marshes@gll.org. Playfinder shows fully booked,
mackenzie wheeler,admin@mackenziewheeler.co.uk,general,+44 20 7739 8279,https://www.mackenziewheeler.co.uk/,architect,"471-473 Dereham Place, London",EC2A 3HJ,London,Shoreditch Rooftop,17,Available,Mon 28 Sep 18:00 (£72),Mon 28 Sep 18:00 (£72) · 5-a-side · ~£7.22 per player at cost,Contact required: 020 8986 7955 (Mon-Fri 09:00-15:30) / hackney.marshes@gll.org. Playfinder shows fully booked,
Santo Remedio,contact@santoremedio.co.uk,general,+44 20 7403 3020,https://www.santoremedio.co.uk/,amenity: cafe,"Great Eastern Street 55, London",EC2A 3HP,London,Shoreditch Rooftop,18,Available,Mon 28 Sep 18:00 (£72),Mon 28 Sep 18:00 (£72) · 5-a-side · ~£7.22 per player at cost,Contact required: 020 8986 7955 (Mon-Fri 09:00-15:30) / hackney.marshes@gll.org. Playfinder shows fully booked,
"Hart Shoreditch Hotel London, Curio Collection by Hilton",hartshoreditch.reservations@hilton.com,openstreetmap_tag,+44 20 3995 3655,https://www.hilton.com/en/hotels/lonsdqq-hart-shoreditch-hotel-london/?WT.mc_id=zCBEC0UK1QQ2NaturalSearch3Google_LGHotelListing4DGGeneric_5LocalSearch6LONSDQQ7EN8i92146,tourism: hotel,"Great Eastern Street 61 - 67, London",EC2A 3HU,London,Shoreditch Rooftop,17,Available,Mon 28 Sep 18:00 (£72),Mon 28 Sep 18:00 (£72) · 5-a-side · ~£7.22 per player at cost,Contact required: 020 8986 7955 (Mon-Fri 09:00-15:30) / hackney.marshes@gll.org. Playfinder shows fully booked,
Digivate,hello@digivate.com,general,+44 20 7183 9341,https://www.digivate.com/,service,"91, 93 Great Eastern St, London EC2A 3HZ, UK",EC2A 3HZ,London,Shoreditch Rooftop,16,Available,Mon 28 Sep 18:00 (£72),Mon 28 Sep 18:00 (£72) · 5-a-side · ~£7.22 per player at cost,Contact required: 020 8986 7955 (Mon-Fri 09:00-15:30) / hackney.marshes@gll.org. Playfinder shows fully booked,
Make Honey Ltd,growth@makehoney.com,openstreetmap_tag,+44 20 3488 4253,https://makehoney.com,advertising_agency,"82 Great Eastern Street, London",EC2A 3JF,London,Whitechapel,15,Contact required,Contact required: 020 7790 3854,,Contact required: 020 8986 7955 (Mon-Fri 09:00-15:30) / hackney.marshes@gll.org. Playfinder shows fully booked,COLA Shoreditch Park: Tue 29 Sep 17:30 (£91) · 5-a-side · ~£9.10 per player at cost; Old St - Moreland Primary School: Fri 2 Oct 20:00 (£90) · 6-a-side · ~£7.50 per player at cost; Shoreditch Rooftop: Mon 28 Sep 18:00 (£72) · 5-a-side · ~£7.22 per player at cost; Stepney 3G: Mon 28 Sep 17:30 (£3/pp) · 5-a-side · ~£3.00 per player at cost
Tally Workspace,hello@tallyworkspace.com,general,+44 117 463 8200,https://www.tallyworkspace.com/,real_estate_agency,"82 Great Eastern St, London EC2A 3JF, UK",EC2A 3JF,London,Shoreditch Rooftop,15,Available,Mon 28 Sep 18:00 (£72),Mon 28 Sep 18:00 (£72) · 5-a-side · ~£7.22 per player at cost,Contact required: 020 8986 7955 (Mon-Fri 09:00-15:30) / hackney.marshes@gll.org. Playfinder shows fully booked,
The Brush,info@thebrushhoxton.co.uk,openstreetmap_tag,+44 20 7123 8686,https://www.thebrushhoxton.co.uk/,amenity: cafe,"Great Eastern Street 84-86, London",EC2A 3JL,London,Shoreditch Rooftop,15,Available,Mon 28 Sep 18:00 (£72),Mon 28 Sep 18:00 (£72) · 5-a-side · ~£7.22 per player at cost,Contact required: 020 8986 7955 (Mon-Fri 09:00-15:30) / hackney.marshes@gll.org. Playfinder shows fully booked,
AR Urbanism,ukstudio@ar-urbanism.com,person_or_other,,https://ar-urbanism.com/,architect,"3 Plough Yard, London",EC2A 3LP,London,Shoreditch Rooftop,22,Available,Mon 28 Sep 18:00 (£72),Mon 28 Sep 18:00 (£72) · 5-a-side · ~£7.22 per player at cost,Contact required: 020 8986 7955 (Mon-Fri 09:00-15:30) / hackney.marshes@gll.org. Playfinder shows fully booked,
Tala,hello@tala.co.uk,general,+44 7723 469919,https://eu.tala.co.uk/pages/flagship-showroom,shop: lighting,"Rivington Street 40, London",EC2A 3LX,London,Shoreditch Rooftop,16,Available,Mon 28 Sep 18:00 (£72),Mon 28 Sep 18:00 (£72) · 5-a-side · ~£7.22 per player at cost,Contact required: 020 8986 7955 (Mon-Fri 09:00-15:30) / hackney.marshes@gll.org. Playfinder shows fully booked,
Croud,report@croud.com,person_or_other,+44 20 8017 7723,https://croud.com/en-gb/,consultant,"The Bard Building, 20 Curtain Rd, London EC2A 3NG, UK",EC2A 3NG,London,Shoreditch Rooftop,21,Available,Mon 28 Sep 18:00 (£72),Mon 28 Sep 18:00 (£72) · 5-a-side · ~£7.22 per player at cost,Contact required: 020 8986 7955 (Mon-Fri 09:00-15:30) / hackney.marshes@gll.org. Playfinder shows fully booked,
Marsden Woo,info@marsdenwoo.com,openstreetmap_tag,+44 20 7336 6396,https://marsdenwoo.com/,tourism: gallery,"Charlotte Road 23, London",EC2A 3PB,London,Shoreditch Rooftop,16,Available,Mon 28 Sep 18:00 (£72),Mon 28 Sep 18:00 (£72) · 5-a-side · ~£7.22 per player at cost,Contact required: 020 8986 7955 (Mon-Fri 09:00-15:30) / hackney.marshes@gll.org. Playfinder shows fully booked,
Kricket,hello@kricket.co.uk,general,+44 20 3835 8805,https://kricket.co.uk/shoreditch/,amenity: restaurant,"Charlotte Road 35-42, London",EC2A 3PB,London,Shoreditch Rooftop,17,Available,Mon 28 Sep 18:00 (£72),Mon 28 Sep 18:00 (£72) · 5-a-side · ~£7.22 per player at cost,Contact required: 020 8986 7955 (Mon-Fri 09:00-15:30) / hackney.marshes@gll.org. Playfinder shows fully booked,
Bottega Prelibato,info@bottegaprelibato.com,general,+44 20 7739 4995,https://www.bottegaprelibato.com/,amenity: restaurant,"Rivington Street 43-45, London",EC2A 3QB,London,Shoreditch Rooftop,15,Available,Mon 28 Sep 18:00 (£72),Mon 28 Sep 18:00 (£72) · 5-a-side · ~£7.22 per player at cost,Contact required: 020 8986 7955 (Mon-Fri 09:00-15:30) / hackney.marshes@gll.org. Playfinder shows fully booked,
Kybelle,info@kybelle.co.uk,openstreetmap_tag,+44 20 7209 1727,https://www.kybelle.co.uk/,amenity: cafe,"Great Eastern Street 62, London",EC2A 3QR,London,Shoreditch Rooftop,17,Available,Mon 28 Sep 18:00 (£72),Mon 28 Sep 18:00 (£72) · 5-a-side · ~£7.22 per player at cost,Contact required: 020 8986 7955 (Mon-Fri 09:00-15:30) / hackney.marshes@gll.org. Playfinder shows fully booked,
Prince's Foundation for Building Community,enquiries@kings-foundation.org,general,+44 20 7613 8500,https://www.princes-foundation.org/,ngo,"19-22 Charlotte Road, London",EC2A 3SG,London,Shoreditch Rooftop,16,Available,Mon 28 Sep 18:00 (£72),Mon 28 Sep 18:00 (£72) · 5-a-side · ~£7.22 per player at cost,Contact required: 020 8986 7955 (Mon-Fri 09:00-15:30) / hackney.marshes@gll.org. Playfinder shows fully booked,
Royal Drawing School,admin@royaldrawingschool.org,general,+44 20 7613 8568,https://www.royaldrawingschool.org/,ngo,"19-22 Charlotte Road, London",EC2A 3SG,London,Shoreditch Rooftop,16,Available,Mon 28 Sep 18:00 (£72),Mon 28 Sep 18:00 (£72) · 5-a-side · ~£7.22 per player at cost,Contact required: 020 8986 7955 (Mon-Fri 09:00-15:30) / hackney.marshes@gll.org. Playfinder shows fully booked,
Ozone Coffee Roasters,support@ozonecoffee.co.uk,commercial,,https://www.ozonecoffee.co.uk/,amenity: cafe,"Leonard Street 11, London",EC2A 4AQ,London,Shoreditch Rooftop,18,Available,Mon 28 Sep 18:00 (£72),Mon 28 Sep 18:00 (£72) · 5-a-side · ~£7.22 per player at cost,Contact required: 020 8986 7955 (Mon-Fri 09:00-15:30) / hackney.marshes@gll.org. Playfinder shows fully booked,
tokyobike,sales@tokyobike.co.uk,openstreetmap_tag,+44 20 7251 6842,https://tokyobike.co.uk/,shop: bicycle,"Tabernacle Street 87-89, London",EC2A 4BA,London,Shoreditch Rooftop,15,Available,Mon 28 Sep 18:00 (£72),Mon 28 Sep 18:00 (£72) · 5-a-side · ~£7.22 per player at cost,Contact required: 020 8986 7955 (Mon-Fri 09:00-15:30) / hackney.marshes@gll.org. Playfinder shows fully booked,
Aethos London Shoreditch,hello@aethos.com,general,,https://www.aethos.com/destinations/london,tourism: hotel,"Willow Street 10-50, London",EC2A 4BH,London,Shoreditch Rooftop,17,Available,Mon 28 Sep 18:00 (£72),Mon 28 Sep 18:00 (£72) · 5-a-side · ~£7.22 per player at cost,Contact required: 020 8986 7955 (Mon-Fri 09:00-15:30) / hackney.marshes@gll.org. Playfinder shows fully booked,
Chiumento Consulting Group,info@chiumento.co.uk,general,+44 20 7224 3307,http://www.chiumento.co.uk/,service,"4 Crown Pl, London EC2A 4BT, UK",EC2A 4BT,London,Old St - Moreland Primary School,22,Available,Fri 2 Oct 20:00 (£90); Fri 9 Oct 20:00 (£90); Mon 12 Oct 18:00 (£90); Mon 12 Oct 19:00 (£90); Mon 12 Oct 20:00 (£90); Fri 16 Oct 20:00 (£90); +6 more,Fri 2 Oct 20:00 (£90) · 6-a-side · ~£7.50 per player at cost,Contact required: 020 8986 7955 (Mon-Fri 09:00-15:30) / hackney.marshes@gll.org. Playfinder shows fully booked,
ConsultMyApp,hello@consultmyapp.com,general,+44 20 3603 2643,http://consultmyapp.com/,service,"14 Bonhill St, London EC2A 4BX, UK",EC2A 4BX,London,Old St - Moreland Primary School,18,Available,Fri 2 Oct 20:00 (£90); Fri 9 Oct 20:00 (£90); Mon 12 Oct 18:00 (£90); Mon 12 Oct 19:00 (£90); Mon 12 Oct 20:00 (£90); Fri 16 Oct 20:00 (£90); +6 more,Fri 2 Oct 20:00 (£90) · 6-a-side · ~£7.50 per player at cost,Contact required: 020 8986 7955 (Mon-Fri 09:00-15:30) / hackney.marshes@gll.org. Playfinder shows fully booked,
Zutec Inc. (Uk) Limited,info@zutec.com,general,,https://zutec.com/,service,"104 Clifton St, London EC2A 4DF, UK",EC2A 4DF,London,Old St - Moreland Primary School,19,Available,Fri 2 Oct 20:00 (£90); Fri 9 Oct 20:00 (£90); Mon 12 Oct 18:00 (£90); Mon 12 Oct 19:00 (£90); Mon 12 Oct 20:00 (£90); Fri 16 Oct 20:00 (£90); +6 more,Fri 2 Oct 20:00 (£90) · 6-a-side · ~£7.50 per player at cost,Contact required: 020 8986 7955 (Mon-Fri 09:00-15:30) / hackney.marshes@gll.org. Playfinder shows fully booked,
Kingsley Napley LLP,enquiries@kingsleynapley.co.uk,general,+44 20 7814 1200,http://www.kingsleynapley.co.uk/,lawyer,"20 Bonhill St, London EC2A 4DN, UK",EC2A 4DN,London,Old St - Moreland Primary School,17,Available,Fri 2 Oct 20:00 (£90); Fri 9 Oct 20:00 (£90); Mon 12 Oct 18:00 (£90); Mon 12 Oct 19:00 (£90); Mon 12 Oct 20:00 (£90); Fri 16 Oct 20:00 (£90); +6 more,Fri 2 Oct 20:00 (£90) · 6-a-side · ~£7.50 per player at cost,Contact required: 020 8986 7955 (Mon-Fri 09:00-15:30) / hackney.marshes@gll.org. Playfinder shows fully booked,
Tug Agency (London),hellolondon@tugagency.com,person_or_other,+44 20 7033 6933,https://www.tugagency.com/?utm_source=local-london&utm_medium=organic&utm_campaign=gmb,service,"3rd Floor, 1 Leonard Circus, London EC2A 4DQ, UK",EC2A 4DQ,London,Shoreditch Rooftop,17,Available,Mon 28 Sep 18:00 (£72),Mon 28 Sep 18:00 (£72) · 5-a-side · ~£7.22 per player at cost,Contact required: 020 8986 7955 (Mon-Fri 09:00-15:30) / hackney.marshes@gll.org. Playfinder shows fully booked,
Pinsent Masons,kontakt@pinsentmasons.com,general,+44 20 7418 7000,https://www.pinsentmasons.com/locations/europe/united-kingdom/london?utm_source=google&utm_medium=organic&utm_campaign=maps&utm_content=GB-London,lawyer,"30 Crown Place, London",EC2A 4ES,London,Old St - Moreland Primary School,22,Available,Fri 2 Oct 20:00 (£90); Fri 9 Oct 20:00 (£90); Mon 12 Oct 18:00 (£90); Mon 12 Oct 19:00 (£90); Mon 12 Oct 20:00 (£90); Fri 16 Oct 20:00 (£90); +6 more,Fri 2 Oct 20:00 (£90) · 6-a-side · ~£7.50 per player at cost,Contact required: 020 8986 7955 (Mon-Fri 09:00-15:30) / hackney.marshes@gll.org. Playfinder shows fully booked,
"Kaizen - AI-enabled Search, Digital PR & Social agency.",contact@kaizen.co.uk,general,,https://www.kaizen.co.uk/,service,"3a, 5-25 Scrutton St, London EC2A 4HJ, UK",EC2A 4HJ,London,Old St - Moreland Primary School,19,Available,Fri 2 Oct 20:00 (£90); Fri 9 Oct 20:00 (£90); Mon 12 Oct 18:00 (£90); Mon 12 Oct 19:00 (£90); Mon 12 Oct 20:00 (£90); Fri 16 Oct 20:00 (£90); +6 more,Fri 2 Oct 20:00 (£90) · 6-a-side · ~£7.50 per player at cost,Contact required: 020 8986 7955 (Mon-Fri 09:00-15:30) / hackney.marshes@gll.org. Playfinder shows fully booked,
Raptor,hello@raptor.agency,general,,https://raptor.agency/,service,"Zetland House, 5-25 Scrutton St, Shoreditch, London EC2A 4HJ, UK",EC2A 4HJ,London,Old St - Moreland Primary School,19,Available,Fri 2 Oct 20:00 (£90); Fri 9 Oct 20:00 (£90); Mon 12 Oct 18:00 (£90); Mon 12 Oct 19:00 (£90); Mon 12 Oct 20:00 (£90); Fri 16 Oct 20:00 (£90); +6 more,Fri 2 Oct 20:00 (£90) · 6-a-side · ~£7.50 per player at cost,Contact required: 020 8986 7955 (Mon-Fri 09:00-15:30) / hackney.marshes@gll.org. Playfinder shows fully booked,
Brooks Murray Architects,admin@brooksmurray.com,general,+44 20 7739 9955,https://www.brooksmurray.com/,architect,"8-10 New North Place, London",EC2A 4JA,London,Shoreditch Rooftop,19,Available,Mon 28 Sep 18:00 (£72),Mon 28 Sep 18:00 (£72) · 5-a-side · ~£7.22 per player at cost,Contact required: 020 8986 7955 (Mon-Fri 09:00-15:30) / hackney.marshes@gll.org. Playfinder shows fully booked,
Doufu,hello@doufu.co.uk,general,,https://doufu.co.uk,shop: convenience,"Paul Street 3, London",EC2A 4JJ,London,Old St - Moreland Primary School,19,Available,Fri 2 Oct 20:00 (£90); Fri 9 Oct 20:00 (£90); Mon 12 Oct 18:00 (£90); Mon 12 Oct 19:00 (£90); Mon 12 Oct 20:00 (£90); Fri 16 Oct 20:00 (£90); +6 more,Fri 2 Oct 20:00 (£90) · 6-a-side · ~£7.50 per player at cost,Contact required: 020 8986 7955 (Mon-Fri 09:00-15:30) / hackney.marshes@gll.org. Playfinder shows fully booked,
Amplify,hello@weareamplify.com,general,+44 20 7382 6222,https://www.weareamplify.com/,advertising_agency,"27 Paul Street, London",EC2A 4JU,London,Old St - Moreland Primary School,18,Available,Fri 2 Oct 20:00 (£90); Fri 9 Oct 20:00 (£90); Mon 12 Oct 18:00 (£90); Mon 12 Oct 19:00 (£90); Mon 12 Oct 20:00 (£90); Fri 16 Oct 20:00 (£90); +6 more,Fri 2 Oct 20:00 (£90) · 6-a-side · ~£7.50 per player at cost,Contact required: 020 8986 7955 (Mon-Fri 09:00-15:30) / hackney.marshes@gll.org. Playfinder shows fully booked,
Seed Marketing,hello@seedmarketingagency.com,general,+44 20 7382 6222,http://www.seedmarketingagency.com/,service,"27 Paul St, London EC2A 4JU, UK",EC2A 4JU,London,Old St - Moreland Primary School,18,Available,Fri 2 Oct 20:00 (£90); Fri 9 Oct 20:00 (£90); Mon 12 Oct 18:00 (£90); Mon 12 Oct 19:00 (£90); Mon 12 Oct 20:00 (£90); Fri 16 Oct 20:00 (£90); +6 more,Fri 2 Oct 20:00 (£90) · 6-a-side · ~£7.50 per player at cost,Contact required: 020 8986 7955 (Mon-Fri 09:00-15:30) / hackney.marshes@gll.org. Playfinder shows fully booked,
Shoreditch Townhouse,knockknock@shoreditchtownhouse.co.uk,person_or_other,+44 20 7920 9378,https://www.shoreditchtownhouse.com/,amenity: nightclub,"Paul Street 25, London",EC2A 4JU,London,Old St - Moreland Primary School,18,Available,Fri 2 Oct 20:00 (£90); Fri 9 Oct 20:00 (£90); Mon 12 Oct 18:00 (£90); Mon 12 Oct 19:00 (£90); Mon 12 Oct 20:00 (£90); Fri 16 Oct 20:00 (£90); +6 more,Fri 2 Oct 20:00 (£90) · 6-a-side · ~£7.50 per player at cost,Contact required: 020 8986 7955 (Mon-Fri 09:00-15:30) / hackney.marshes@gll.org. Playfinder shows fully booked,
mkodo,reception@mkodo.com,openstreetmap_tag,,https://www.mkodo.com,it,"27 Paul Street, London",EC2A 4JU,London,Old St - Moreland Primary School,18,Available,Fri 2 Oct 20:00 (£90); Fri 9 Oct 20:00 (£90); Mon 12 Oct 18:00 (£90); Mon 12 Oct 19:00 (£90); Mon 12 Oct 20:00 (£90); Fri 16 Oct 20:00 (£90); +6 more,Fri 2 Oct 20:00 (£90) · 6-a-side · ~£7.50 per player at cost,Contact required: 020 8986 7955 (Mon-Fri 09:00-15:30) / hackney.marshes@gll.org. Playfinder shows fully booked,
The Fox,info@thefoxpublichouse.co.uk,general,+44 20 7729 5708,https://www.thefoxpublichouse.co.uk/,amenity: pub,"Paul Street 28-30, London",EC2A 4LB,London,Shoreditch Rooftop,20,Available,Mon 28 Sep 18:00 (£72),Mon 28 Sep 18:00 (£72) · 5-a-side · ~£7.22 per player at cost,Contact required: 020 8986 7955 (Mon-Fri 09:00-15:30) / hackney.marshes@gll.org. Playfinder shows fully booked,
Convergent Technology,hello@convergenttechnology.com,general,+44 20 3890 3000,http://www.convergenttechnology.com/,consultant,"Unit 25, 112 Tabernacle St, London EC2A 4LE, UK",EC2A 4LE,London,Old St - Moreland Primary School,17,Available,Fri 2 Oct 20:00 (£90); Fri 9 Oct 20:00 (£90); Mon 12 Oct 18:00 (£90); Mon 12 Oct 19:00 (£90); Mon 12 Oct 20:00 (£90); Fri 16 Oct 20:00 (£90); +6 more,Fri 2 Oct 20:00 (£90) · 6-a-side · ~£7.50 per player at cost,Contact required: 020 8986 7955 (Mon-Fri 09:00-15:30) / hackney.marshes@gll.org. Playfinder shows fully booked,
Canvas Offices - Luke Street,info@canvasoffices.co.uk,general,+44 20 3900 0565,https://canvasoffices.co.uk/office-building/luke-street-old-street-london-offices,coworking_space,"35 Luke St, London EC2A 4LH, UK",EC2A 4LH,London,Old St - Moreland Primary School,19,Available,Fri 2 Oct 20:00 (£90); Fri 9 Oct 20:00 (£90); Mon 12 Oct 18:00 (£90); Mon 12 Oct 19:00 (£90); Mon 12 Oct 20:00 (£90); Fri 16 Oct 20:00 (£90); +6 more,Fri 2 Oct 20:00 (£90) · 6-a-side · ~£7.50 per player at cost,Contact required: 020 8986 7955 (Mon-Fri 09:00-15:30) / hackney.marshes@gll.org. Playfinder shows fully booked,
AS Tech Sol Ltd,enquiries@astechsol.co.uk,general,+44 7346 814958,https://astechsol.co.uk/,consultant,"66 Paul St, London EC2A 4NA, UK",EC2A 4NA,London,Shoreditch Rooftop,17,Available,Mon 28 Sep 18:00 (£72),Mon 28 Sep 18:00 (£72) · 5-a-side · ~£7.22 per player at cost,Contact required: 020 8986 7955 (Mon-Fri 09:00-15:30) / hackney.marshes@gll.org. Playfinder shows fully booked,
Cloud9 Tech LTD,hello@cloud9tech.co.uk,general,+44 20 3310 6282,https://www.cloud9tech.co.uk/,service,"66 Paul St, London EC2A 4NA, UK",EC2A 4NA,London,Shoreditch Rooftop,17,Available,Mon 28 Sep 18:00 (£72),Mon 28 Sep 18:00 (£72) · 5-a-side · ~£7.22 per player at cost,Contact required: 020 8986 7955 (Mon-Fri 09:00-15:30) / hackney.marshes@gll.org. Playfinder shows fully booked,
A&Z Accountancy Ltd,enquiries@azaccountancyltd.co.uk,general,+44 20 3871 3177,http://azaccountancyltd.co.uk/,finance,"3rd, 86-90 Paul St, London EC2A 4NE, UK",EC2A 4NE,London,Shoreditch Rooftop,16,Available,Mon 28 Sep 18:00 (£72),Mon 28 Sep 18:00 (£72) · 5-a-side · ~£7.22 per player at cost,Contact required: 020 8986 7955 (Mon-Fri 09:00-15:30) / hackney.marshes@gll.org. Playfinder shows fully booked,
ARLA CONSULTING LTD,info@arlaconsultingltd.com,general,,http://arlaconsultingltd.com/,consultant,"86-90 Paul St, London EC2A 4NE, UK",EC2A 4NE,London,Shoreditch Rooftop,16,Available,Mon 28 Sep 18:00 (£72),Mon 28 Sep 18:00 (£72) · 5-a-side · ~£7.22 per player at cost,Contact required: 020 8986 7955 (Mon-Fri 09:00-15:30) / hackney.marshes@gll.org. Playfinder shows fully booked,
Altitude Dental Marketing Agency,info@altitudelifestyle.com,general,+44 20 4538 8355,https://altitudelifestyle.com/,service,"86-90 Paul St, London EC2A 4NE, UK",EC2A 4NE,London,Shoreditch Rooftop,16,Available,Mon 28 Sep 18:00 (£72),Mon 28 Sep 18:00 (£72) · 5-a-side · ~£7.22 per player at cost,Contact required: 020 8986 7955 (Mon-Fri 09:00-15:30) / hackney.marshes@gll.org. Playfinder shows fully booked,
Bambridge Accountants,info@bambridgeaccountants.com,general,+44 20 3829 3492,http://www.bambridgeaccountants.com/,finance,"3rd Floor, BAMBRIDGE ACCOUNTANTS LTD, 86-90 Paul St, London EC2A 4NE, UK",EC2A 4NE,London,Shoreditch Rooftop,16,Available,Mon 28 Sep 18:00 (£72),Mon 28 Sep 18:00 (£72) · 5-a-side · ~£7.22 per player at cost,Contact required: 020 8986 7955 (Mon-Fri 09:00-15:30) / hackney.marshes@gll.org. Playfinder shows fully booked,
Barnes & Scott,team@barnesandscott.com,general,+44 20 7989 0717,http://www.barnesandscott.com/,finance,"89-90 Paul St, London EC2A 4NE, UK",EC2A 4NE,London,Shoreditch Rooftop,16,Available,Mon 28 Sep 18:00 (£72),Mon 28 Sep 18:00 (£72) · 5-a-side · ~£7.22 per player at cost,Contact required: 020 8986 7955 (Mon-Fri 09:00-15:30) / hackney.marshes@gll.org. Playfinder shows fully booked,
Bing Digital,hello@bingdigital.com,general,+44 20 8242 1954,http://www.bingdigital.com/,consultant,"86-90 Paul St, London EC2A 4NE, UK",EC2A 4NE,London,Shoreditch Rooftop,16,Available,Mon 28 Sep 18:00 (£72),Mon 28 Sep 18:00 (£72) · 5-a-side · ~£7.22 per player at cost,Contact required: 020 8986 7955 (Mon-Fri 09:00-15:30) / hackney.marshes@gll.org. Playfinder shows fully booked,
Blazon Agency,hello@blazonagency.com,general,+44 20 3870 3280,https://blazonagency.com/,service,"86-90 Paul St, London EC2A 4NE, UK",EC2A 4NE,London,Shoreditch Rooftop,16,Available,Mon 28 Sep 18:00 (£72),Mon 28 Sep 18:00 (£72) · 5-a-side · ~£7.22 per player at cost,Contact required: 020 8986 7955 (Mon-Fri 09:00-15:30) / hackney.marshes@gll.org. Playfinder shows fully booked,
Blokpoint,team@blokpoint.com,general,+44 20 4515 0001,https://blokpoint.com/,advertising_agency,"86-90 Paul Street, London",EC2A 4NE,London,Shoreditch Rooftop,16,Available,Mon 28 Sep 18:00 (£72),Mon 28 Sep 18:00 (£72) · 5-a-side · ~£7.22 per player at cost,Contact required: 020 8986 7955 (Mon-Fri 09:00-15:30) / hackney.marshes@gll.org. Playfinder shows fully booked,
CBM Accounting Ltd,contact@cbmaccounting.co.uk,general,+44 20 3002 0436,http://www.cbmaccounting.co.uk/,finance,"3rd floor, 86-90 Paul St, London EC2A 4NE, UK",EC2A 4NE,London,Shoreditch Rooftop,16,Available,Mon 28 Sep 18:00 (£72),Mon 28 Sep 18:00 (£72) · 5-a-side · ~£7.22 per player at cost,Contact required: 020 8986 7955 (Mon-Fri 09:00-15:30) / hackney.marshes@gll.org. Playfinder shows fully booked,
Clarity Consulting Associates Ltd,info@ccal.co.uk,general,+44 7395 047304,https://www.ccal.co.uk/,consultant,"86-90 Paul St, London EC2A 4NE, UK",EC2A 4NE,London,Shoreditch Rooftop,16,Available,Mon 28 Sep 18:00 (£72),Mon 28 Sep 18:00 (£72) · 5-a-side · ~£7.22 per player at cost,Contact required: 020 8986 7955 (Mon-Fri 09:00-15:30) / hackney.marshes@gll.org. Playfinder shows fully booked,
Curious Brand,hello@curiousbrand.co.uk,general,+44 7498 677514,https://www.curiousbrand.co.uk/,consultant,"86-90 Paul St, London EC2A 4NE, UK",EC2A 4NE,London,Shoreditch Rooftop,16,Available,Mon 28 Sep 18:00 (£72),Mon 28 Sep 18:00 (£72) · 5-a-side · ~£7.22 per player at cost,Contact required: 020 8986 7955 (Mon-Fri 09:00-15:30) / hackney.marshes@gll.org. Playfinder shows fully booked,
Digital Marketing Agency - Kustom Dezign,info@kustomdezign.com,general,+44 20 3398 8255,https://www.kustomdezign.com/,service,"90 Paul St, London EC2A 4NE, UK",EC2A 4NE,London,Shoreditch Rooftop,16,Available,Mon 28 Sep 18:00 (£72),Mon 28 Sep 18:00 (£72) · 5-a-side · ~£7.22 per player at cost,Contact required: 020 8986 7955 (Mon-Fri 09:00-15:30) / hackney.marshes@gll.org. Playfinder shows fully booked,
Elsewhen Ltd,hello@elsewhen.com,general,+44 20 3758 3224,https://www.elsewhen.com/,service,"86-90 Paul St, London EC2A 4NE, UK",EC2A 4NE,London,Shoreditch Rooftop,16,Available,Mon 28 Sep 18:00 (£72),Mon 28 Sep 18:00 (£72) · 5-a-side · ~£7.22 per player at cost,Contact required: 020 8986 7955 (Mon-Fri 09:00-15:30) / hackney.marshes@gll.org. Playfinder shows fully booked,
Excellis Business Consulting,enquiries@excellisgroup.com,general,,https://excellisgroup.com/,consultant,"86-90 Paul St, London EC2A 4NE, UK",EC2A 4NE,London,Shoreditch Rooftop,16,Available,Mon 28 Sep 18:00 (£72),Mon 28 Sep 18:00 (£72) · 5-a-side · ~£7.22 per player at cost,Contact required: 020 8986 7955 (Mon-Fri 09:00-15:30) / hackney.marshes@gll.org. Playfinder shows fully booked,
Fluid Tech - AI Consulting Services & Solution Delivery,info@fluidtech.solutions,general,+44 7943 832301,https://www.fluidtech.solutions/?utm_source=google&utm_medium=wix_google_business_profile&utm_campaign=9469546741734003306,consultant,"3rd Floor, 86-90 Paul St, London EC2A 4NE, UK",EC2A 4NE,London,Shoreditch Rooftop,16,Available,Mon 28 Sep 18:00 (£72),Mon 28 Sep 18:00 (£72) · 5-a-side · ~£7.22 per player at cost,Contact required: 020 8986 7955 (Mon-Fri 09:00-15:30) / hackney.marshes@gll.org. Playfinder shows fully booked,
Innovadel Technologies – Leading IT Services & Salesforce Consulting,info@innovadeltech.com,general,+44 20 3637 4868,https://www.innovadeltech.com/,service,"86-90 Paul St, London EC2A 4NE, UK",EC2A 4NE,London,Shoreditch Rooftop,16,Available,Mon 28 Sep 18:00 (£72),Mon 28 Sep 18:00 (£72) · 5-a-side · ~£7.22 per player at cost,Contact required: 020 8986 7955 (Mon-Fri 09:00-15:30) / hackney.marshes@gll.org. Playfinder shows fully booked,
"LKI Consulting - Crypto, Web3 & Blockchain marketing agency",info@lkiconsulting.io,general,+44 7803 332977,https://lkiconsulting.io/,service,"86-90 Paul St, London EC2A 4NE, UK",EC2A 4NE,London,Shoreditch Rooftop,16,Available,Mon 28 Sep 18:00 (£72),Mon 28 Sep 18:00 (£72) · 5-a-side · ~£7.22 per player at cost,Contact required: 020 8986 7955 (Mon-Fri 09:00-15:30) / hackney.marshes@gll.org. Playfinder shows fully booked,
Mindpath Technology Limited,info@mindpathtech.com,general,+44 7392 476345,https://mindpathtech.com/,consultant,"3rd floor, MINDPATH, TECHNOLOGY LIMITED, Paul St, London EC2A 4NE, UK",EC2A 4NE,London,Shoreditch Rooftop,16,Available,Mon 28 Sep 18:00 (£72),Mon 28 Sep 18:00 (£72) · 5-a-side · ~£7.22 per player at cost,Contact required: 020 8986 7955 (Mon-Fri 09:00-15:30) / hackney.marshes@gll.org. Playfinder shows fully booked,
Perceive Digital- Digital Marketing Agency in London,info@perceivedigital.com,general,+44 20 8191 9825,https://perceivedigital.com/,service,"86-90 Paul St, London EC2A 4NE, UK",EC2A 4NE,London,Shoreditch Rooftop,16,Available,Mon 28 Sep 18:00 (£72),Mon 28 Sep 18:00 (£72) · 5-a-side · ~£7.22 per player at cost,Contact required: 020 8986 7955 (Mon-Fri 09:00-15:30) / hackney.marshes@gll.org. Playfinder shows fully booked,
Rank Audits Ltd,hello@rankaudits.com,general,+44 20 3422 8867,https://rankaudits.com,advertising_agency,"86-90 Paul Street, London",EC2A 4NE,London,Shoreditch Rooftop,16,Available,Mon 28 Sep 18:00 (£72),Mon 28 Sep 18:00 (£72) · 5-a-side · ~£7.22 per player at cost,Contact required: 020 8986 7955 (Mon-Fri 09:00-15:30) / hackney.marshes@gll.org. Playfinder shows fully booked,
TRS Consulting,info@trsconsulting.co.uk,general,+44 20 3826 8082,http://www.trsconsulting.co.uk/contact/,service,"86-90 Paul St, London EC2A 4NE, UK",EC2A 4NE,London,Shoreditch Rooftop,16,Available,Mon 28 Sep 18:00 (£72),Mon 28 Sep 18:00 (£72) · 5-a-side · ~£7.22 per player at cost,Contact required: 020 8986 7955 (Mon-Fri 09:00-15:30) / hackney.marshes@gll.org. Playfinder shows fully booked,
The Hoxton Mix,help@hoxtonmix.com,person_or_other,+44 20 3475 3374,https://www.hoxtonmix.com/,coworking,"86-90 Paul Street, London",EC2A 4NE,London,Shoreditch Rooftop,16,Available,Mon 28 Sep 18:00 (£72),Mon 28 Sep 18:00 (£72) · 5-a-side · ~£7.22 per player at cost,Contact required: 020 8986 7955 (Mon-Fri 09:00-15:30) / hackney.marshes@gll.org. Playfinder shows fully booked,
The Princess of Shoreditch,reservations@theprincessofshoreditch.com,commercial,+44 20 7729 9270,https://www.theprincessofshoreditch.com/,amenity: pub,"Paul Street 76-78, London",EC2A 4NE,London,Shoreditch Rooftop,16,Available,Mon 28 Sep 18:00 (£72),Mon 28 Sep 18:00 (£72) · 5-a-side · ~£7.22 per player at cost,Contact required: 020 8986 7955 (Mon-Fri 09:00-15:30) / hackney.marshes@gll.org. Playfinder shows fully booked,
Venn Accounts,enquiries@vennaccounts.com,general,+44 20 3627 0555,https://vennaccounts.com/,finance,"86-90 Paul St, London EC2A 4NE, UK",EC2A 4NE,London,Shoreditch Rooftop,16,Available,Mon 28 Sep 18:00 (£72),Mon 28 Sep 18:00 (£72) · 5-a-side · ~£7.22 per player at cost,Contact required: 020 8986 7955 (Mon-Fri 09:00-15:30) / hackney.marshes@gll.org. Playfinder shows fully booked,
Alto Accounting,hello@alto-accounting.com,general,,https://www.alto-accounting.com/,finance,"66 Paul St, London EC2A 4NE, UK",EC2A 4NE,London,Shoreditch Rooftop,17,Available,Mon 28 Sep 18:00 (£72),Mon 28 Sep 18:00 (£72) · 5-a-side · ~£7.22 per player at cost,Contact required: 020 8986 7955 (Mon-Fri 09:00-15:30) / hackney.marshes@gll.org. Playfinder shows fully booked,
In Step Accounting,hello@in-step.co.uk,general,+44 7828 751269,http://www.in-step.co.uk/,finance,"52 Tabernacle St, London EC2A 4NJ, UK",EC2A 4NJ,London,Old St - Moreland Primary School,17,Available,Fri 2 Oct 20:00 (£90); Fri 9 Oct 20:00 (£90); Mon 12 Oct 18:00 (£90); Mon 12 Oct 19:00 (£90); Mon 12 Oct 20:00 (£90); Fri 16 Oct 20:00 (£90); +6 more,Fri 2 Oct 20:00 (£90) · 6-a-side · ~£7.50 per player at cost,Contact required: 020 8986 7955 (Mon-Fri 09:00-15:30) / hackney.marshes@gll.org. Playfinder shows fully booked,
Forge,hello@forge.uk,general,+44 20 7155 9555,https://www.forge.uk/,consultant,"18 Phipp St, London EC2A 4NU, UK",EC2A 4NU,London,Shoreditch Rooftop,19,Available,Mon 28 Sep 18:00 (£72),Mon 28 Sep 18:00 (£72) · 5-a-side · ~£7.22 per player at cost,Contact required: 020 8986 7955 (Mon-Fri 09:00-15:30) / hackney.marshes@gll.org. Playfinder shows fully booked,
Lendable Ltd,contact@lendable.co.uk,openstreetmap_tag,+44 20 3322 1948,https://www.lendable.co.uk/,company,"69-77 Paul Street, London",EC2A 4NW,London,Old St - Moreland Primary School,17,Available,Fri 2 Oct 20:00 (£90); Fri 9 Oct 20:00 (£90); Mon 12 Oct 18:00 (£90); Mon 12 Oct 19:00 (£90); Mon 12 Oct 20:00 (£90); Fri 16 Oct 20:00 (£90); +6 more,Fri 2 Oct 20:00 (£90) · 6-a-side · ~£7.50 per player at cost,Contact required: 020 8986 7955 (Mon-Fri 09:00-15:30) / hackney.marshes@gll.org. Playfinder shows fully booked,
Illuminate Financial,info@illuminatefinancial.com,general,+44 20 3198 1600,http://www.illuminatefinancial.com/,finance,"Office 404, The Frames, Phipp St, London EC2A 4PS, UK",EC2A 4PS,London,Shoreditch Rooftop,19,Available,Mon 28 Sep 18:00 (£72),Mon 28 Sep 18:00 (£72) · 5-a-side · ~£7.22 per player at cost,Contact required: 020 8986 7955 (Mon-Fri 09:00-15:30) / hackney.marshes@gll.org. Playfinder shows fully booked,
Cream - Advertising Agency (BCorp Certified),info@creamuk.com,general,,http://www.creamuk.com/,service,"Cream, Unit 4.15, The Frames, 1 Phipp St, London EC2A 4PS, UK",EC2A 4PS,London,Shoreditch Rooftop,20,Available,Mon 28 Sep 18:00 (£72),Mon 28 Sep 18:00 (£72) · 5-a-side · ~£7.22 per player at cost,Contact required: 020 8986 7955 (Mon-Fri 09:00-15:30) / hackney.marshes@gll.org. Playfinder shows fully booked,
Gifta - Influencer Marketing Agency,hello@gifta.co.uk,general,,https://www.gifta.co.uk/?utm_source=google-business-profile&utm_medium=organic,service,"1 Phipp St, London EC2A 4PS, UK",EC2A 4PS,London,Shoreditch Rooftop,20,Available,Mon 28 Sep 18:00 (£72),Mon 28 Sep 18:00 (£72) · 5-a-side · ~£7.22 per player at cost,Contact required: 020 8986 7955 (Mon-Fri 09:00-15:30) / hackney.marshes@gll.org. Playfinder shows fully booked,
Bistro Freddie,info@bistrofreddie.com,general,,https://www.bistrofreddie.com/,amenity: restaurant,"Luke Street 74, London",EC2A 4PY,London,Shoreditch Rooftop,19,Available,Mon 28 Sep 18:00 (£72),Mon 28 Sep 18:00 (£72) · 5-a-side · ~£7.22 per player at cost,Contact required: 020 8986 7955 (Mon-Fri 09:00-15:30) / hackney.marshes@gll.org. Playfinder shows fully booked,
Bright Technology,info@cloudswitched.com,general,+44 20 3031 9500,http://www.bright.co/,consultant,"Unit 5, 32-38 Scrutton St, London EC2A 4RQ, UK",EC2A 4RQ,London,Shoreditch Rooftop,21,Available,Mon 28 Sep 18:00 (£72),Mon 28 Sep 18:00 (£72) · 5-a-side · ~£7.22 per player at cost,Contact required: 020 8986 7955 (Mon-Fri 09:00-15:30) / hackney.marshes@gll.org. Playfinder shows fully booked,
London Initiative for Safe AI,info@safeai.org.uk,openstreetmap_tag,,https://www.safeai.org.uk/,coworking,"25 Holywell Row, London",EC2A 4XE,London,Old St - Moreland Primary School,21,Available,Fri 2 Oct 20:00 (£90); Fri 9 Oct 20:00 (£90); Mon 12 Oct 18:00 (£90); Mon 12 Oct 19:00 (£90); Mon 12 Oct 20:00 (£90); Fri 16 Oct 20:00 (£90); +6 more,Fri 2 Oct 20:00 (£90) · 6-a-side · ~£7.50 per player at cost,Contact required: 020 8986 7955 (Mon-Fri 09:00-15:30) / hackney.marshes@gll.org. Playfinder shows fully booked,
Firin,info@firin.co.uk,general,+44 20 7833 5076,https://firin.co.uk/,amenity: restaurant,"York Way 140, London",N1 0AX,London,Market Road,15,Available,Mon 28 Sep 18:00 (£110),Mon 28 Sep 18:00 (£110) · 5-a-side · ~£11.03 per player at cost,Contact required: 020 8986 7955 (Mon-Fri 09:00-15:30) / hackney.marshes@gll.org. Playfinder shows fully booked,
The Star of Kings,info@starofkings.co.uk,general,+44 20 7458 4218,http://starofkings.co.uk/,amenity: pub,"York Way 126, London",N1 0AX,London,Market Road,16,Available,Mon 28 Sep 18:00 (£110),Mon 28 Sep 18:00 (£110) · 5-a-side · ~£11.03 per player at cost,Contact required: 020 8986 7955 (Mon-Fri 09:00-15:30) / hackney.marshes@gll.org. Playfinder shows fully booked,
American Carwash,roxanne@americancarwash.co.uk,person_or_other,+44 20 7278 0600,https://www.americancarwash.co.uk/locations/kings-cross/,amenity: car wash,"York Way 176-178, London",N1 0AZ,London,Market Road,11,Available,Mon 28 Sep 18:00 (£110),Mon 28 Sep 18:00 (£110) · 5-a-side · ~£11.03 per player at cost,Contact required: 020 8986 7955 (Mon-Fri 09:00-15:30) / hackney.marshes@gll.org. Playfinder shows fully booked,
Freedom Works UK,risc@freedomworks.org.uk,person_or_other,+44 7736 392100,http://www.freedomworks.org.uk/,corporate_office,"London N1 0DQ, UK",N1 0DQ,London,Market Road,10,Available,Mon 28 Sep 18:00 (£110),Mon 28 Sep 18:00 (£110) · 5-a-side · ~£11.03 per player at cost,Contact required: 020 8986 7955 (Mon-Fri 09:00-15:30) / hackney.marshes@gll.org. Playfinder shows fully booked,
St Andrew's (Barnsbury) Church of England Primary School,admin@standrews.islington.sch.uk,general,+44 20 7837 4049,https://www.standrews.islington.sch.uk,amenity: school,"Matilda Street, London",N1 0LB,London,Market Road,17,Available,Mon 28 Sep 18:00 (£110),Mon 28 Sep 18:00 (£110) · 5-a-side · ~£11.03 per player at cost,Contact required: 020 8986 7955 (Mon-Fri 09:00-15:30) / hackney.marshes@gll.org. Playfinder shows fully booked,
Colman Coyle,contact@colmancoyle.com,general,+44 20 7354 3000,http://www.colmancoyle.com/,lawyer,"WELLS HOUSE, 80 Upper St, London N1 0NU, UK",N1 0NU,London,Old St - Moreland Primary School,15,Available,Fri 2 Oct 20:00 (£90); Fri 9 Oct 20:00 (£90); Mon 12 Oct 18:00 (£90); Mon 12 Oct 19:00 (£90); Mon 12 Oct 20:00 (£90); Fri 16 Oct 20:00 (£90); +6 more,Fri 2 Oct 20:00 (£90) · 6-a-side · ~£7.50 per player at cost,Contact required: 020 8986 7955 (Mon-Fri 09:00-15:30) / hackney.marshes@gll.org. Playfinder shows fully booked,
The Ladybird Bar,info@barsilver.uk,general,+44 7812 390482,https://ladybirdbar.co.uk,amenity: bar,"Upper Street 70, London",N1 0NY,London,Rosemary Gardens 3G - Islington,18,No availability,No availability: No evening slots listed for full or half pitch on 28-29 Sep. 30 Sep onwards not released y,,Contact required: 020 8986 7955 (Mon-Fri 09:00-15:30) / hackney.marshes@gll.org. Playfinder shows fully booked,COLA Shoreditch Park: Tue 29 Sep 17:30 (£91) · 5-a-side · ~£9.10 per player at cost; Old St - Moreland Primary School: Fri 2 Oct 20:00 (£90) · 6-a-side · ~£7.50 per player at cost; Shoreditch Rooftop: Mon 28 Sep 18:00 (£72) · 5-a-side · ~£7.22 per player at cost; Stepney 3G: Mon 28 Sep 17:30 (£3/pp) · 5-a-side · ~£3.00 per player at cost
Tenshi,info@tenshilondon.com,general,+44 20 7226 4665,http://www.tenshilondon.com/,amenity: restaurant,"Upper Street 61, London",N1 0NY,London,Rosemary Gardens 3G - Islington,19,No availability,No availability: No evening slots listed for full or half pitch on 28-29 Sep. 30 Sep onwards not released y,,Contact required: 020 8986 7955 (Mon-Fri 09:00-15:30) / hackney.marshes@gll.org. Playfinder shows fully booked,COLA Shoreditch Park: Tue 29 Sep 17:30 (£91) · 5-a-side · ~£9.10 per player at cost; Old St - Moreland Primary School: Fri 2 Oct 20:00 (£90) · 6-a-side · ~£7.50 per player at cost; Shoreditch Rooftop: Mon 28 Sep 18:00 (£72) · 5-a-side · ~£7.22 per player at cost; Stepney 3G: Mon 28 Sep 17:30 (£3/pp) · 5-a-side · ~£3.00 per player at cost
Thai Square,islington@thaisq.com,openstreetmap_tag,+44 20 7704 2000,https://thaisq.com/restaurants/islington/,amenity: restaurant,"Upper Street 347-349, London",N1 0PD,London,Rosemary Gardens 3G - Islington,19,No availability,No availability: No evening slots listed for full or half pitch on 28-29 Sep. 30 Sep onwards not released y,,Contact required: 020 8986 7955 (Mon-Fri 09:00-15:30) / hackney.marshes@gll.org. Playfinder shows fully booked,COLA Shoreditch Park: Tue 29 Sep 17:30 (£91) · 5-a-side · ~£9.10 per player at cost; Old St - Moreland Primary School: Fri 2 Oct 20:00 (£90) · 6-a-side · ~£7.50 per player at cost; Shoreditch Rooftop: Mon 28 Sep 18:00 (£72) · 5-a-side · ~£7.22 per player at cost; Stepney 3G: Mon 28 Sep 17:30 (£3/pp) · 5-a-side · ~£3.00 per player at cost
Clarkwell & Co Chartered Certified Accountants in London,info@clarkwell.co.uk,general,+44 330 058 8233,https://www.clarkwell.co.uk/,finance,"32-33 Upper St, London N1 0PN, UK",N1 0PN,London,Old St - Moreland Primary School,12,Available,Fri 2 Oct 20:00 (£90); Fri 9 Oct 20:00 (£90); Mon 12 Oct 18:00 (£90); Mon 12 Oct 19:00 (£90); Mon 12 Oct 20:00 (£90); Fri 16 Oct 20:00 (£90); +6 more,Fri 2 Oct 20:00 (£90) · 6-a-side · ~£7.50 per player at cost,Contact required: 020 8986 7955 (Mon-Fri 09:00-15:30) / hackney.marshes@gll.org. Playfinder shows fully booked,
Kanada-Ya,shop@shop.kanada-ya.com,person_or_other,+44 20 7288 2787,https://www.kanada-ya.com/,amenity: restaurant,"Upper Street 35, London",N1 0PN,London,Old St - Moreland Primary School,12,Available,Fri 2 Oct 20:00 (£90); Fri 9 Oct 20:00 (£90); Mon 12 Oct 18:00 (£90); Mon 12 Oct 19:00 (£90); Mon 12 Oct 20:00 (£90); Fri 16 Oct 20:00 (£90); +6 more,Fri 2 Oct 20:00 (£90) · 6-a-side · ~£7.50 per player at cost,Contact required: 020 8986 7955 (Mon-Fri 09:00-15:30) / hackney.marshes@gll.org. Playfinder shows fully booked,
Be At One,stonegatepress@stonegategroup.co.uk,person_or_other,,https://www.beatone.co.uk/islington,amenity: bar,"Upper Street 12, London",N1 0PQ,London,Old St - Moreland Primary School,12,Available,Fri 2 Oct 20:00 (£90); Fri 9 Oct 20:00 (£90); Mon 12 Oct 18:00 (£90); Mon 12 Oct 19:00 (£90); Mon 12 Oct 20:00 (£90); Fri 16 Oct 20:00 (£90); +6 more,Fri 2 Oct 20:00 (£90) · 6-a-side · ~£7.50 per player at cost,Contact required: 020 8986 7955 (Mon-Fri 09:00-15:30) / hackney.marshes@gll.org. Playfinder shows fully booked,
The Pig & Butcher,reservations@thepigandbutcher.co.uk,commercial,+44 20 7226 8304,https://thepigandbutcher.co.uk,amenity: pub,"Liverpool Road 80, London",N1 0QD,London,Old St - Moreland Primary School,17,Available,Fri 2 Oct 20:00 (£90); Fri 9 Oct 20:00 (£90); Mon 12 Oct 18:00 (£90); Mon 12 Oct 19:00 (£90); Mon 12 Oct 20:00 (£90); Fri 16 Oct 20:00 (£90); +6 more,Fri 2 Oct 20:00 (£90) · 6-a-side · ~£7.50 per player at cost,Contact required: 020 8986 7955 (Mon-Fri 09:00-15:30) / hackney.marshes@gll.org. Playfinder shows fully booked,
Kilis,info@kilis.co.uk,general,+44 20 7226 5489,https://www.kilis.co.uk/,amenity: restaurant,"Theberton Street 4, London",N1 0QX,London,Rosemary Gardens 3G - Islington,17,No availability,No availability: No evening slots listed for full or half pitch on 28-29 Sep. 30 Sep onwards not released y,,Contact required: 020 8986 7955 (Mon-Fri 09:00-15:30) / hackney.marshes@gll.org. Playfinder shows fully booked,COLA Shoreditch Park: Tue 29 Sep 17:30 (£91) · 5-a-side · ~£9.10 per player at cost; Old St - Moreland Primary School: Fri 2 Oct 20:00 (£90) · 6-a-side · ~£7.50 per player at cost; Shoreditch Rooftop: Mon 28 Sep 18:00 (£72) · 5-a-side · ~£7.22 per player at cost; Stepney 3G: Mon 28 Sep 17:30 (£3/pp) · 5-a-side · ~£3.00 per player at cost
Mem & Laz,info@memlaz.co.uk,general,+44 20 7704 9089,https://www.memlaz.co.uk/,amenity: restaurant,"Theberton Street 8, London",N1 0QX,London,Rosemary Gardens 3G - Islington,17,No availability,No availability: No evening slots listed for full or half pitch on 28-29 Sep. 30 Sep onwards not released y,,Contact required: 020 8986 7955 (Mon-Fri 09:00-15:30) / hackney.marshes@gll.org. Playfinder shows fully booked,COLA Shoreditch Park: Tue 29 Sep 17:30 (£91) · 5-a-side · ~£9.10 per player at cost; Old St - Moreland Primary School: Fri 2 Oct 20:00 (£90) · 6-a-side · ~£7.50 per player at cost; Shoreditch Rooftop: Mon 28 Sep 18:00 (£72) · 5-a-side · ~£7.22 per player at cost; Stepney 3G: Mon 28 Sep 17:30 (£3/pp) · 5-a-side · ~£3.00 per player at cost
The Klassnik Corporation,info@klassnik.com,general,+44 20 8819 3243,https://www.klassnik.com/,architect,"165 Caledonian Road, London",N1 0SL,London,Market Road,18,Available,Mon 28 Sep 18:00 (£110),Mon 28 Sep 18:00 (£110) · 5-a-side · ~£11.03 per player at cost,Contact required: 020 8986 7955 (Mon-Fri 09:00-15:30) / hackney.marshes@gll.org. Playfinder shows fully booked,
Hilton London Angel Islington,lonis_islington@hilton.com,openstreetmap_tag,+44 20 7354 7700,https://www.hilton.com/en/hotels/lonishn-hilton-london-angel-islington/,tourism: hotel,"Upper Street 53, London",N1 0UY,London,Rosemary Gardens 3G - Islington,19,No availability,No availability: No evening slots listed for full or half pitch on 28-29 Sep. 30 Sep onwards not released y,,Contact required: 020 8986 7955 (Mon-Fri 09:00-15:30) / hackney.marshes@gll.org. Playfinder shows fully booked,COLA Shoreditch Park: Tue 29 Sep 17:30 (£91) · 5-a-side · ~£9.10 per player at cost; Old St - Moreland Primary School: Fri 2 Oct 20:00 (£90) · 6-a-side · ~£7.50 per player at cost; Shoreditch Rooftop: Mon 28 Sep 18:00 (£72) · 5-a-side · ~£7.22 per player at cost; Stepney 3G: Mon 28 Sep 17:30 (£3/pp) · 5-a-side · ~£3.00 per player at cost
Vittoria Primary School,office@vittoria.islington.sch.uk,general,+44 20 7837 5597,https://www.vittoria.islington.sch.uk/,amenity: school,"Treaty Street, London",N1 0WF,London,Market Road,18,Available,Mon 28 Sep 18:00 (£110),Mon 28 Sep 18:00 (£110) · 5-a-side · ~£11.03 per player at cost,Contact required: 020 8986 7955 (Mon-Fri 09:00-15:30) / hackney.marshes@gll.org. Playfinder shows fully booked,
Jam Delish,jamdelish@outlook.com,freemail,+44 7957 439777,https://jamdelish.co.uk/,amenity: restaurant,"Tolpuddle Street 1, London",N1 0XT,London,Old St - Moreland Primary School,15,Available,Fri 2 Oct 20:00 (£90); Fri 9 Oct 20:00 (£90); Mon 12 Oct 18:00 (£90); Mon 12 Oct 19:00 (£90); Mon 12 Oct 20:00 (£90); Fri 16 Oct 20:00 (£90); +6 more,Fri 2 Oct 20:00 (£90) · 6-a-side · ~£7.50 per player at cost,Contact required: 020 8986 7955 (Mon-Fri 09:00-15:30) / hackney.marshes@gll.org. Playfinder shows fully booked,
The Tamil Prince,info@thetamilprince.com,general,+44 20 7062 7846,https://www.thetamilprince.com,amenity: restaurant,"Hemingford Road 115, London",N1 1BZ,London,Market Road,14,Available,Mon 28 Sep 18:00 (£110),Mon 28 Sep 18:00 (£110) · 5-a-side · ~£11.03 per player at cost,Contact required: 020 8986 7955 (Mon-Fri 09:00-15:30) / hackney.marshes@gll.org. Playfinder shows fully booked,
Hemingford Arms,enquiries@hemingfordarms.com,general,+44 20 7607 3303,https://www.hemingfordarms.com/,amenity: pub,"Hemingford Road 158, London",N1 1DF,London,Market Road,14,Available,Mon 28 Sep 18:00 (£110),Mon 28 Sep 18:00 (£110) · 5-a-side · ~£11.03 per player at cost,Contact required: 020 8986 7955 (Mon-Fri 09:00-15:30) / hackney.marshes@gll.org. Playfinder shows fully booked,
The Drapers Arms,info@thedrapersarms.com,general,+44 20 7619 0348,http://www.thedrapersarms.com/,amenity: pub,"Barnsbury Street 44, London",N1 1ER,London,Market Road,20,Available,Mon 28 Sep 18:00 (£110),Mon 28 Sep 18:00 (£110) · 5-a-side · ~£11.03 per player at cost,Contact required: 020 8986 7955 (Mon-Fri 09:00-15:30) / hackney.marshes@gll.org. Playfinder shows fully booked,
The Albion,info@the-albion.co.uk,openstreetmap_tag,+44 20 7607 7450,https://www.the-albion.co.uk/,amenity: pub,"Thornhill Road 10, London",N1 1HW,London,Market Road,20,Available,Mon 28 Sep 18:00 (£110),Mon 28 Sep 18:00 (£110) · 5-a-side · ~£11.03 per player at cost,Contact required: 020 8986 7955 (Mon-Fri 09:00-15:30) / hackney.marshes@gll.org. Playfinder shows fully booked,
Thornhill Primary School,thornhill@thornhill.islington.sch.uk,person_or_other,+44 20 7607 4162,https://www.thornhill.islington.sch.uk,amenity: school,"Thornhill Road, London",N1 1HX,London,Market Road,18,Available,Mon 28 Sep 18:00 (£110),Mon 28 Sep 18:00 (£110) · 5-a-side · ~£11.03 per player at cost,Contact required: 020 8986 7955 (Mon-Fri 09:00-15:30) / hackney.marshes@gll.org. Playfinder shows fully booked,
King's Head,boxoffice@kingsheadtheatre.com,person_or_other,,https://kingsheadtheatre.com/,amenity: pub,"Upper Street 115, London",N1 1QN,London,Rosemary Gardens 3G - Islington,16,No availability,No availability: No evening slots listed for full or half pitch on 28-29 Sep. 30 Sep onwards not released y,,Contact required: 020 8986 7955 (Mon-Fri 09:00-15:30) / hackney.marshes@gll.org. Playfinder shows fully booked,COLA Shoreditch Park: Tue 29 Sep 17:30 (£91) · 5-a-side · ~£9.10 per player at cost; Old St - Moreland Primary School: Fri 2 Oct 20:00 (£90) · 6-a-side · ~£7.50 per player at cost; Shoreditch Rooftop: Mon 28 Sep 18:00 (£72) · 5-a-side · ~£7.22 per player at cost; Stepney 3G: Mon 28 Sep 17:30 (£3/pp) · 5-a-side · ~£3.00 per player at cost
La Farola,info@lafarolacafe.co.uk,general,+44 20 7359 7707,https://lafarolacafe.co.uk/,amenity: restaurant,"Upper Street 101, London",N1 1QN,London,Rosemary Gardens 3G - Islington,17,No availability,No availability: No evening slots listed for full or half pitch on 28-29 Sep. 30 Sep onwards not released y,,Contact required: 020 8986 7955 (Mon-Fri 09:00-15:30) / hackney.marshes@gll.org. Playfinder shows fully booked,COLA Shoreditch Park: Tue 29 Sep 17:30 (£91) · 5-a-side · ~£9.10 per player at cost; Old St - Moreland Primary School: Fri 2 Oct 20:00 (£90) · 6-a-side · ~£7.50 per player at cost; Shoreditch Rooftop: Mon 28 Sep 18:00 (£72) · 5-a-side · ~£7.22 per player at cost; Stepney 3G: Mon 28 Sep 17:30 (£3/pp) · 5-a-side · ~£3.00 per player at cost
Neilson & Bauer,sales@neilsonbauer.com,commercial,+44 20 7226 0626,https://www.neilsonbauer.com/,estate_agent,"108-109 Upper Street, London",N1 1QN,London,Old St - Moreland Primary School,17,Available,Fri 2 Oct 20:00 (£90); Fri 9 Oct 20:00 (£90); Mon 12 Oct 18:00 (£90); Mon 12 Oct 19:00 (£90); Mon 12 Oct 20:00 (£90); Fri 16 Oct 20:00 (£90); +6 more,Fri 2 Oct 20:00 (£90) · 6-a-side · ~£7.50 per player at cost,Contact required: 020 8986 7955 (Mon-Fri 09:00-15:30) / hackney.marshes@gll.org. Playfinder shows fully booked,
Tofu Vegan,islington@tofuvegan.com,openstreetmap_tag,+44 20 7916 3304,https://tofuvegan.com,amenity: restaurant,"Upper Street 105, London",N1 1QN,London,Rosemary Gardens 3G - Islington,17,No availability,No availability: No evening slots listed for full or half pitch on 28-29 Sep. 30 Sep onwards not released y,,Contact required: 020 8986 7955 (Mon-Fri 09:00-15:30) / hackney.marshes@gll.org. Playfinder shows fully booked,COLA Shoreditch Park: Tue 29 Sep 17:30 (£91) · 5-a-side · ~£9.10 per player at cost; Old St - Moreland Primary School: Fri 2 Oct 20:00 (£90) · 6-a-side · ~£7.50 per player at cost; Shoreditch Rooftop: Mon 28 Sep 18:00 (£72) · 5-a-side · ~£7.22 per player at cost; Stepney 3G: Mon 28 Sep 17:30 (£3/pp) · 5-a-side · ~£3.00 per player at cost
Good Space Islington Square,holly@good.space,person_or_other,+44 20 8064 0142,https://good.space/locations/islington-square,coworking_space,"116 Upper St, London N1 1QP, UK",N1 1QP,London,Rosemary Gardens 3G - Islington,16,No availability,No availability: No evening slots listed for full or half pitch on 28-29 Sep. 30 Sep onwards not released y,,Contact required: 020 8986 7955 (Mon-Fri 09:00-15:30) / hackney.marshes@gll.org. Playfinder shows fully booked,COLA Shoreditch Park: Tue 29 Sep 17:30 (£91) · 5-a-side · ~£9.10 per player at cost; Old St - Moreland Primary School: Fri 2 Oct 20:00 (£90) · 6-a-side · ~£7.50 per player at cost; Shoreditch Rooftop: Mon 28 Sep 18:00 (£72) · 5-a-side · ~£7.22 per player at cost; Stepney 3G: Mon 28 Sep 17:30 (£3/pp) · 5-a-side · ~£3.00 per player at cost
Re:1996,hello@re1996.com,general,,https://re1996.com/,amenity: restaurant,"Upper Street 102, London",N1 1QP,London,Rosemary Gardens 3G - Islington,17,No availability,No availability: No evening slots listed for full or half pitch on 28-29 Sep. 30 Sep onwards not released y,,Contact required: 020 8986 7955 (Mon-Fri 09:00-15:30) / hackney.marshes@gll.org. Playfinder shows fully booked,COLA Shoreditch Park: Tue 29 Sep 17:30 (£91) · 5-a-side · ~£9.10 per player at cost; Old St - Moreland Primary School: Fri 2 Oct 20:00 (£90) · 6-a-side · ~£7.50 per player at cost; Shoreditch Rooftop: Mon 28 Sep 18:00 (£72) · 5-a-side · ~£7.22 per player at cost; Stepney 3G: Mon 28 Sep 17:30 (£3/pp) · 5-a-side · ~£3.00 per player at cost
The Bottle Cocktail Shop,ciaran@thebottlecocktailshop.com,person_or_other,,https://thebottlecocktailshop.com/,shop: alcohol,"Upper Street 116, London",N1 1QP,London,Rosemary Gardens 3G - Islington,17,No availability,No availability: No evening slots listed for full or half pitch on 28-29 Sep. 30 Sep onwards not released y,,Contact required: 020 8986 7955 (Mon-Fri 09:00-15:30) / hackney.marshes@gll.org. Playfinder shows fully booked,COLA Shoreditch Park: Tue 29 Sep 17:30 (£91) · 5-a-side · ~£9.10 per player at cost; Old St - Moreland Primary School: Fri 2 Oct 20:00 (£90) · 6-a-side · ~£7.50 per player at cost; Shoreditch Rooftop: Mon 28 Sep 18:00 (£72) · 5-a-side · ~£7.22 per player at cost; Stepney 3G: Mon 28 Sep 17:30 (£3/pp) · 5-a-side · ~£3.00 per player at cost
Hoxley & Porter,hoxleyporter@gmail.com,freemail,+44 20 7226 1375,https://hoxleyandporter.com/,amenity: bar,"Upper Street 153, London",N1 1RA,London,Rosemary Gardens 3G - Islington,17,No availability,No availability: No evening slots listed for full or half pitch on 28-29 Sep. 30 Sep onwards not released y,,Contact required: 020 8986 7955 (Mon-Fri 09:00-15:30) / hackney.marshes@gll.org. Playfinder shows fully booked,COLA Shoreditch Park: Tue 29 Sep 17:30 (£91) · 5-a-side · ~£9.10 per player at cost; Old St - Moreland Primary School: Fri 2 Oct 20:00 (£90) · 6-a-side · ~£7.50 per player at cost; Shoreditch Rooftop: Mon 28 Sep 18:00 (£72) · 5-a-side · ~£7.22 per player at cost; Stepney 3G: Mon 28 Sep 17:30 (£3/pp) · 5-a-side · ~£3.00 per player at cost
Workers Cafe,support@cryptomafia.co,commercial,+44 20 7226 3973,http://www.workersislington.co.uk/,amenity: fast food,"Upper Street 172, London",N1 1RG,London,Rosemary Gardens 3G - Islington,17,No availability,No availability: No evening slots listed for full or half pitch on 28-29 Sep. 30 Sep onwards not released y,,Contact required: 020 8986 7955 (Mon-Fri 09:00-15:30) / hackney.marshes@gll.org. Playfinder shows fully booked,COLA Shoreditch Park: Tue 29 Sep 17:30 (£91) · 5-a-side · ~£9.10 per player at cost; Old St - Moreland Primary School: Fri 2 Oct 20:00 (£90) · 6-a-side · ~£7.50 per player at cost; Shoreditch Rooftop: Mon 28 Sep 18:00 (£72) · 5-a-side · ~£7.22 per player at cost; Stepney 3G: Mon 28 Sep 17:30 (£3/pp) · 5-a-side · ~£3.00 per player at cost
Santa Maria,info@santamariapizzeria.com,general,,https://www.santamariapizzeria.com/,amenity: restaurant,"Upper Street 189, London",N1 1RQ,London,Rosemary Gardens 3G - Islington,18,No availability,No availability: No evening slots listed for full or half pitch on 28-29 Sep. 30 Sep onwards not released y,,Contact required: 020 8986 7955 (Mon-Fri 09:00-15:30) / hackney.marshes@gll.org. Playfinder shows fully booked,COLA Shoreditch Park: Tue 29 Sep 17:30 (£91) · 5-a-side · ~£9.10 per player at cost; Old St - Moreland Primary School: Fri 2 Oct 20:00 (£90) · 6-a-side · ~£7.50 per player at cost; Shoreditch Rooftop: Mon 28 Sep 18:00 (£72) · 5-a-side · ~£7.22 per player at cost; Stepney 3G: Mon 28 Sep 17:30 (£3/pp) · 5-a-side · ~£3.00 per player at cost
Udderlicious,raj@udderlicious.co.uk,openstreetmap_tag,+44 20 7359 7777,https://www.udderlicious.co.uk/,amenity: ice cream,"Upper Street 187, London",N1 1RQ,London,Rosemary Gardens 3G - Islington,18,No availability,No availability: No evening slots listed for full or half pitch on 28-29 Sep. 30 Sep onwards not released y,,Contact required: 020 8986 7955 (Mon-Fri 09:00-15:30) / hackney.marshes@gll.org. Playfinder shows fully booked,COLA Shoreditch Park: Tue 29 Sep 17:30 (£91) · 5-a-side · ~£9.10 per player at cost; Old St - Moreland Primary School: Fri 2 Oct 20:00 (£90) · 6-a-side · ~£7.50 per player at cost; Shoreditch Rooftop: Mon 28 Sep 18:00 (£72) · 5-a-side · ~£7.22 per player at cost; Stepney 3G: Mon 28 Sep 17:30 (£3/pp) · 5-a-side · ~£3.00 per player at cost
Nucco,contact@nucco.co.uk,general,+44 20 7613 3330,https://www.nucco.co.uk/,service,"12 Swan Yard, London N1 1SD, UK",N1 1SD,London,Rosemary Gardens 3G - Islington,21,No availability,No availability: No evening slots listed for full or half pitch on 28-29 Sep. 30 Sep onwards not released y,,Contact required: 020 8986 7955 (Mon-Fri 09:00-15:30) / hackney.marshes@gll.org. Playfinder shows fully booked,COLA Shoreditch Park: Tue 29 Sep 17:30 (£91) · 5-a-side · ~£9.10 per player at cost; Old St - Moreland Primary School: Fri 2 Oct 20:00 (£90) · 6-a-side · ~£7.50 per player at cost; Shoreditch Rooftop: Mon 28 Sep 18:00 (£72) · 5-a-side · ~£7.22 per player at cost; Stepney 3G: Mon 28 Sep 17:30 (£3/pp) · 5-a-side · ~£3.00 per player at cost
Estorick Collection,roberta.cremoncini@estorickcollection.com,person_or_other,+44 20 7704 9522,https://www.estorickcollection.com/,tourism: gallery,"Canonbury Square 39a, London",N1 2AN,London,Rosemary Gardens 3G - Islington,17,No availability,No availability: No evening slots listed for full or half pitch on 28-29 Sep. 30 Sep onwards not released y,,Contact required: 020 8986 7955 (Mon-Fri 09:00-15:30) / hackney.marshes@gll.org. Playfinder shows fully booked,COLA Shoreditch Park: Tue 29 Sep 17:30 (£91) · 5-a-side · ~£9.10 per player at cost; Old St - Moreland Primary School: Fri 2 Oct 20:00 (£90) · 6-a-side · ~£7.50 per player at cost; Shoreditch Rooftop: Mon 28 Sep 18:00 (£72) · 5-a-side · ~£7.22 per player at cost; Stepney 3G: Mon 28 Sep 17:30 (£3/pp) · 5-a-side · ~£3.00 per player at cost
Le Labo,concierge@lelabofragrances.com,person_or_other,+44 20 7998 3320,https://www.lelabofragrances.com,shop: perfumery,"Cross Street 54, London",N1 2BA,London,Rosemary Gardens 3G - Islington,15,No availability,No availability: No evening slots listed for full or half pitch on 28-29 Sep. 30 Sep onwards not released y,,Contact required: 020 8986 7955 (Mon-Fri 09:00-15:30) / hackney.marshes@gll.org. Playfinder shows fully booked,COLA Shoreditch Park: Tue 29 Sep 17:30 (£91) · 5-a-side · ~£9.10 per player at cost; Old St - Moreland Primary School: Fri 2 Oct 20:00 (£90) · 6-a-side · ~£7.50 per player at cost; Shoreditch Rooftop: Mon 28 Sep 18:00 (£72) · 5-a-side · ~£7.22 per player at cost; Stepney 3G: Mon 28 Sep 17:30 (£3/pp) · 5-a-side · ~£3.00 per player at cost
Tribe,info@tribe-london.com,general,+44 20 7226 5544,https://www.tribe-london.com/,shop: clothes,"Cross Street 52, London",N1 2BA,London,Rosemary Gardens 3G - Islington,15,No availability,No availability: No evening slots listed for full or half pitch on 28-29 Sep. 30 Sep onwards not released y,,Contact required: 020 8986 7955 (Mon-Fri 09:00-15:30) / hackney.marshes@gll.org. Playfinder shows fully booked,COLA Shoreditch Park: Tue 29 Sep 17:30 (£91) · 5-a-side · ~£9.10 per player at cost; Old St - Moreland Primary School: Fri 2 Oct 20:00 (£90) · 6-a-side · ~£7.50 per player at cost; Shoreditch Rooftop: Mon 28 Sep 18:00 (£72) · 5-a-side · ~£7.22 per player at cost; Stepney 3G: Mon 28 Sep 17:30 (£3/pp) · 5-a-side · ~£3.00 per player at cost
Smokehouse,info@smokehouseislington.co.uk,openstreetmap_tag,+44 20 7354 1144,https://smokehouseislington.co.uk/,amenity: restaurant,"Canonbury Road 63-69, London",N1 2DG,London,Rosemary Gardens 3G - Islington,15,No availability,No availability: No evening slots listed for full or half pitch on 28-29 Sep. 30 Sep onwards not released y,,Contact required: 020 8986 7955 (Mon-Fri 09:00-15:30) / hackney.marshes@gll.org. Playfinder shows fully booked,COLA Shoreditch Park: Tue 29 Sep 17:30 (£91) · 5-a-side · ~£9.10 per player at cost; Old St - Moreland Primary School: Fri 2 Oct 20:00 (£90) · 6-a-side · ~£7.50 per player at cost; Shoreditch Rooftop: Mon 28 Sep 18:00 (£72) · 5-a-side · ~£7.22 per player at cost; Stepney 3G: Mon 28 Sep 17:30 (£3/pp) · 5-a-side · ~£3.00 per player at cost
Little Angel Theatre,info@littleangeltheatre.com,openstreetmap_tag,+44 20 7226 1787,https://www.littleangeltheatre.com,amenity: theatre,"Dagmar Passage 13, London",N1 2DN,London,Rosemary Gardens 3G - Islington,15,No availability,No availability: No evening slots listed for full or half pitch on 28-29 Sep. 30 Sep onwards not released y,,Contact required: 020 8986 7955 (Mon-Fri 09:00-15:30) / hackney.marshes@gll.org. Playfinder shows fully booked,COLA Shoreditch Park: Tue 29 Sep 17:30 (£91) · 5-a-side · ~£9.10 per player at cost; Old St - Moreland Primary School: Fri 2 Oct 20:00 (£90) · 6-a-side · ~£7.50 per player at cost; Shoreditch Rooftop: Mon 28 Sep 18:00 (£72) · 5-a-side · ~£7.22 per player at cost; Stepney 3G: Mon 28 Sep 17:30 (£3/pp) · 5-a-side · ~£3.00 per player at cost
St Mary's Church of England Primary School,school@stmarys.islington.sch.uk,person_or_other,+44 20 7359 1870,https://www.stmarys.islington.sch.uk/,amenity: school,"Fowler Road, London",N1 2EP,London,Rosemary Gardens 3G - Islington,14,No availability,No availability: No evening slots listed for full or half pitch on 28-29 Sep. 30 Sep onwards not released y,,Contact required: 020 8986 7955 (Mon-Fri 09:00-15:30) / hackney.marshes@gll.org. Playfinder shows fully booked,COLA Shoreditch Park: Tue 29 Sep 17:30 (£91) · 5-a-side · ~£9.10 per player at cost; Old St - Moreland Primary School: Fri 2 Oct 20:00 (£90) · 6-a-side · ~£7.50 per player at cost; Shoreditch Rooftop: Mon 28 Sep 18:00 (£72) · 5-a-side · ~£7.22 per player at cost; Stepney 3G: Mon 28 Sep 17:30 (£3/pp) · 5-a-side · ~£3.00 per player at cost
Myddleton Arms,info@myddletonarms.com,openstreetmap_tag,+44 20 7226 4595,https://myddletonarms.com/,amenity: pub,"Canonbury Road 52, London",N1 2HS,London,Rosemary Gardens 3G - Islington,12,No availability,No availability: No evening slots listed for full or half pitch on 28-29 Sep. 30 Sep onwards not released y,,Contact required: 020 8986 7955 (Mon-Fri 09:00-15:30) / hackney.marshes@gll.org. Playfinder shows fully booked,COLA Shoreditch Park: Tue 29 Sep 17:30 (£91) · 5-a-side · ~£9.10 per player at cost; Old St - Moreland Primary School: Fri 2 Oct 20:00 (£90) · 6-a-side · ~£7.50 per player at cost; Shoreditch Rooftop: Mon 28 Sep 18:00 (£72) · 5-a-side · ~£7.22 per player at cost; Stepney 3G: Mon 28 Sep 17:30 (£3/pp) · 5-a-side · ~£3.00 per player at cost
Tootoomoo,info@tootoomoo.co.uk,general,,https://www.tootoomoo.co.uk/islington,amenity: restaurant,"St. Paul's Road 278, London",N1 2LH,London,Rosemary Gardens 3G - Islington,19,No availability,No availability: No evening slots listed for full or half pitch on 28-29 Sep. 30 Sep onwards not released y,,Contact required: 020 8986 7955 (Mon-Fri 09:00-15:30) / hackney.marshes@gll.org. Playfinder shows fully booked,COLA Shoreditch Park: Tue 29 Sep 17:30 (£91) · 5-a-side · ~£9.10 per player at cost; Old St - Moreland Primary School: Fri 2 Oct 20:00 (£90) · 6-a-side · ~£7.50 per player at cost; Shoreditch Rooftop: Mon 28 Sep 18:00 (£72) · 5-a-side · ~£7.22 per player at cost; Stepney 3G: Mon 28 Sep 17:30 (£3/pp) · 5-a-side · ~£3.00 per player at cost
Sawyer & Gray,info@sawyerandgray.co.uk,openstreetmap_tag,,https://www.sawyerandgray.co.uk/,amenity: cafe,"St Paul's Road 290, London",N1 2LH,London,Rosemary Gardens 3G - Islington,20,No availability,No availability: No evening slots listed for full or half pitch on 28-29 Sep. 30 Sep onwards not released y,,Contact required: 020 8986 7955 (Mon-Fri 09:00-15:30) / hackney.marshes@gll.org. Playfinder shows fully booked,COLA Shoreditch Park: Tue 29 Sep 17:30 (£91) · 5-a-side · ~£9.10 per player at cost; Old St - Moreland Primary School: Fri 2 Oct 20:00 (£90) · 6-a-side · ~£7.50 per player at cost; Shoreditch Rooftop: Mon 28 Sep 18:00 (£72) · 5-a-side · ~£7.22 per player at cost; Stepney 3G: Mon 28 Sep 17:30 (£3/pp) · 5-a-side · ~£3.00 per player at cost
Tony Alan,info@tonyalan.co.uk,general,+44 20 7388 9977,https://tonyalan.co.uk/,estate_agent,"230 St. Paul's Road, London",N1 2LJ,London,Rosemary Gardens 3G - Islington,19,No availability,No availability: No evening slots listed for full or half pitch on 28-29 Sep. 30 Sep onwards not released y,,Contact required: 020 8986 7955 (Mon-Fri 09:00-15:30) / hackney.marshes@gll.org. Playfinder shows fully booked,COLA Shoreditch Park: Tue 29 Sep 17:30 (£91) · 5-a-side · ~£9.10 per player at cost; Old St - Moreland Primary School: Fri 2 Oct 20:00 (£90) · 6-a-side · ~£7.50 per player at cost; Shoreditch Rooftop: Mon 28 Sep 18:00 (£72) · 5-a-side · ~£7.22 per player at cost; Stepney 3G: Mon 28 Sep 17:30 (£3/pp) · 5-a-side · ~£3.00 per player at cost
Yield N1,hello@yieldn16.com,general,,https://www.yieldn1.com/,shop: wine,"St. Paul's Road 97, London",N1 2NA,London,Rosemary Gardens 3G - Islington,20,No availability,No availability: No evening slots listed for full or half pitch on 28-29 Sep. 30 Sep onwards not released y,,Contact required: 020 8986 7955 (Mon-Fri 09:00-15:30) / hackney.marshes@gll.org. Playfinder shows fully booked,COLA Shoreditch Park: Tue 29 Sep 17:30 (£91) · 5-a-side · ~£9.10 per player at cost; Old St - Moreland Primary School: Fri 2 Oct 20:00 (£90) · 6-a-side · ~£7.50 per player at cost; Shoreditch Rooftop: Mon 28 Sep 18:00 (£72) · 5-a-side · ~£7.22 per player at cost; Stepney 3G: Mon 28 Sep 17:30 (£3/pp) · 5-a-side · ~£3.00 per player at cost
North Bridge House Senior Canonbury School,nursery@northbridgehouse.com,person_or_other,+44 20 7267 6266,https://www.northbridgehouse.com/,amenity: school,"Canonbury Place 6-9, London",N1 2NQ,London,Rosemary Gardens 3G - Islington,15,No availability,No availability: No evening slots listed for full or half pitch on 28-29 Sep. 30 Sep onwards not released y,,Contact required: 020 8986 7955 (Mon-Fri 09:00-15:30) / hackney.marshes@gll.org. Playfinder shows fully booked,COLA Shoreditch Park: Tue 29 Sep 17:30 (£91) · 5-a-side · ~£9.10 per player at cost; Old St - Moreland Primary School: Fri 2 Oct 20:00 (£90) · 6-a-side · ~£7.50 per player at cost; Shoreditch Rooftop: Mon 28 Sep 18:00 (£72) · 5-a-side · ~£7.22 per player at cost; Stepney 3G: Mon 28 Sep 17:30 (£3/pp) · 5-a-side · ~£3.00 per player at cost
St Paul's Waldorf School,schooloffice@stpaulswaldorfschool.org,person_or_other,+44 20 7226 4454,https://www.stpaulswaldorfschool.org/,amenity: school,"St. Paul's Road 1, London",N1 2QH,London,Rosemary Gardens 3G - Islington,13,No availability,No availability: No evening slots listed for full or half pitch on 28-29 Sep. 30 Sep onwards not released y,,Contact required: 020 8986 7955 (Mon-Fri 09:00-15:30) / hackney.marshes@gll.org. Playfinder shows fully booked,COLA Shoreditch Park: Tue 29 Sep 17:30 (£91) · 5-a-side · ~£9.10 per player at cost; Old St - Moreland Primary School: Fri 2 Oct 20:00 (£90) · 6-a-side · ~£7.50 per player at cost; Shoreditch Rooftop: Mon 28 Sep 18:00 (£72) · 5-a-side · ~£7.22 per player at cost; Stepney 3G: Mon 28 Sep 17:30 (£3/pp) · 5-a-side · ~£3.00 per player at cost
Balfe's Bikes,islington@balfesbikes.co.uk,openstreetmap_tag,,https://www.balfesbikes.co.uk/islington/,shop: bicycle,"Essex Road 33, London",N1 2SA,London,Rosemary Gardens 3G - Islington,15,No availability,No availability: No evening slots listed for full or half pitch on 28-29 Sep. 30 Sep onwards not released y,,Contact required: 020 8986 7955 (Mon-Fri 09:00-15:30) / hackney.marshes@gll.org. Playfinder shows fully booked,COLA Shoreditch Park: Tue 29 Sep 17:30 (£91) · 5-a-side · ~£9.10 per player at cost; Old St - Moreland Primary School: Fri 2 Oct 20:00 (£90) · 6-a-side · ~£7.50 per player at cost; Shoreditch Rooftop: Mon 28 Sep 18:00 (£72) · 5-a-side · ~£7.22 per player at cost; Stepney 3G: Mon 28 Sep 17:30 (£3/pp) · 5-a-side · ~£3.00 per player at cost
Mac Ansys Limited,info@macansys.co.uk,general,+44 20 7359 4126,https://www.macansys.co.uk/,shop: computer,"Essex Road 121, London",N1 2SN,London,Rosemary Gardens 3G - Islington,12,No availability,No availability: No evening slots listed for full or half pitch on 28-29 Sep. 30 Sep onwards not released y,,Contact required: 020 8986 7955 (Mon-Fri 09:00-15:30) / hackney.marshes@gll.org. Playfinder shows fully booked,COLA Shoreditch Park: Tue 29 Sep 17:30 (£91) · 5-a-side · ~£9.10 per player at cost; Old St - Moreland Primary School: Fri 2 Oct 20:00 (£90) · 6-a-side · ~£7.50 per player at cost; Shoreditch Rooftop: Mon 28 Sep 18:00 (£72) · 5-a-side · ~£7.22 per player at cost; Stepney 3G: Mon 28 Sep 17:30 (£3/pp) · 5-a-side · ~£3.00 per player at cost
Sourdough Sophia,hello@sourdoughsophia.co.uk,general,,https://sourdoughsophia.co.uk/,shop: bakery,"Essex road 119, London",N1 2SN,London,Rosemary Gardens 3G - Islington,12,No availability,No availability: No evening slots listed for full or half pitch on 28-29 Sep. 30 Sep onwards not released y,,Contact required: 020 8986 7955 (Mon-Fri 09:00-15:30) / hackney.marshes@gll.org. Playfinder shows fully booked,COLA Shoreditch Park: Tue 29 Sep 17:30 (£91) · 5-a-side · ~£9.10 per player at cost; Old St - Moreland Primary School: Fri 2 Oct 20:00 (£90) · 6-a-side · ~£7.50 per player at cost; Shoreditch Rooftop: Mon 28 Sep 18:00 (£72) · 5-a-side · ~£7.22 per player at cost; Stepney 3G: Mon 28 Sep 17:30 (£3/pp) · 5-a-side · ~£3.00 per player at cost
Coexistence,enquiries@coexistence.co.uk,general,+44 20 8075 1890,https://www.coexistence.co.uk/,shop: furniture,"Upper Street 288, London",N1 2TZ,London,Rosemary Gardens 3G - Islington,16,No availability,No availability: No evening slots listed for full or half pitch on 28-29 Sep. 30 Sep onwards not released y,,Contact required: 020 8986 7955 (Mon-Fri 09:00-15:30) / hackney.marshes@gll.org. Playfinder shows fully booked,COLA Shoreditch Park: Tue 29 Sep 17:30 (£91) · 5-a-side · ~£9.10 per player at cost; Old St - Moreland Primary School: Fri 2 Oct 20:00 (£90) · 6-a-side · ~£7.50 per player at cost; Shoreditch Rooftop: Mon 28 Sep 18:00 (£72) · 5-a-side · ~£7.22 per player at cost; Stepney 3G: Mon 28 Sep 17:30 (£3/pp) · 5-a-side · ~£3.00 per player at cost
David Scotcher Interiors,info@davidscotcher.co.uk,openstreetmap_tag,+44 20 7354 4111,https://www.davidscotcher.co.uk/,shop: interior decoration,"Upper Street 285, London",N1 2TZ,London,Rosemary Gardens 3G - Islington,16,No availability,No availability: No evening slots listed for full or half pitch on 28-29 Sep. 30 Sep onwards not released y,,Contact required: 020 8986 7955 (Mon-Fri 09:00-15:30) / hackney.marshes@gll.org. Playfinder shows fully booked,COLA Shoreditch Park: Tue 29 Sep 17:30 (£91) · 5-a-side · ~£9.10 per player at cost; Old St - Moreland Primary School: Fri 2 Oct 20:00 (£90) · 6-a-side · ~£7.50 per player at cost; Shoreditch Rooftop: Mon 28 Sep 18:00 (£72) · 5-a-side · ~£7.22 per player at cost; Stepney 3G: Mon 28 Sep 17:30 (£3/pp) · 5-a-side · ~£3.00 per player at cost
New Unity @Upper Street,info@new-unity.org,general,,https://www.new-unity.org/,amenity: community centre,"Upper Street 277A, London",N1 2TZ,London,Rosemary Gardens 3G - Islington,16,No availability,No availability: No evening slots listed for full or half pitch on 28-29 Sep. 30 Sep onwards not released y,,Contact required: 020 8986 7955 (Mon-Fri 09:00-15:30) / hackney.marshes@gll.org. Playfinder shows fully booked,COLA Shoreditch Park: Tue 29 Sep 17:30 (£91) · 5-a-side · ~£9.10 per player at cost; Old St - Moreland Primary School: Fri 2 Oct 20:00 (£90) · 6-a-side · ~£7.50 per player at cost; Shoreditch Rooftop: Mon 28 Sep 18:00 (£72) · 5-a-side · ~£7.22 per player at cost; Stepney 3G: Mon 28 Sep 17:30 (£3/pp) · 5-a-side · ~£3.00 per player at cost
The Sampler,websales@thesampler.co.uk,person_or_other,,https://thesampler.co.uk/,shop: alcohol,"Upper Street 266, London",N1 2UQ,London,Rosemary Gardens 3G - Islington,18,No availability,No availability: No evening slots listed for full or half pitch on 28-29 Sep. 30 Sep onwards not released y,,Contact required: 020 8986 7955 (Mon-Fri 09:00-15:30) / hackney.marshes@gll.org. Playfinder shows fully booked,COLA Shoreditch Park: Tue 29 Sep 17:30 (£91) · 5-a-side · ~£9.10 per player at cost; Old St - Moreland Primary School: Fri 2 Oct 20:00 (£90) · 6-a-side · ~£7.50 per player at cost; Shoreditch Rooftop: Mon 28 Sep 18:00 (£72) · 5-a-side · ~£7.22 per player at cost; Stepney 3G: Mon 28 Sep 17:30 (£3/pp) · 5-a-side · ~£3.00 per player at cost
Noci,info@nocirestaurant.co.uk,general,+44 20 3540 8252,https://nocirestaurant.co.uk,amenity: restaurant,"Islington Green 4-6, London",N1 2XA,London,Rosemary Gardens 3G - Islington,17,No availability,No availability: No evening slots listed for full or half pitch on 28-29 Sep. 30 Sep onwards not released y,,Contact required: 020 8986 7955 (Mon-Fri 09:00-15:30) / hackney.marshes@gll.org. Playfinder shows fully booked,COLA Shoreditch Park: Tue 29 Sep 17:30 (£91) · 5-a-side · ~£9.10 per player at cost; Old St - Moreland Primary School: Fri 2 Oct 20:00 (£90) · 6-a-side · ~£7.50 per player at cost; Shoreditch Rooftop: Mon 28 Sep 18:00 (£72) · 5-a-side · ~£7.22 per player at cost; Stepney 3G: Mon 28 Sep 17:30 (£3/pp) · 5-a-side · ~£3.00 per player at cost
Goodbye Horses,hello@goodbyehorses.london,general,,http://goodbyehorses.london,amenity: restaurant,"Halliford Street 21, London",N1 3HB,London,Rosemary Gardens 3G - Islington,4,No availability,No availability: No evening slots listed for full or half pitch on 28-29 Sep. 30 Sep onwards not released y,,Contact required: 020 8986 7955 (Mon-Fri 09:00-15:30) / hackney.marshes@gll.org. Playfinder shows fully booked,COLA Shoreditch Park: Tue 29 Sep 17:30 (£91) · 5-a-side · ~£9.10 per player at cost; Old St - Moreland Primary School: Fri 2 Oct 20:00 (£90) · 6-a-side · ~£7.50 per player at cost; Shoreditch Rooftop: Mon 28 Sep 18:00 (£72) · 5-a-side · ~£7.22 per player at cost; Stepney 3G: Mon 28 Sep 17:30 (£3/pp) · 5-a-side · ~£3.00 per player at cost
The De Beauvoir Deli,info@thedebeauvoirdeli.co.uk,general,+44 20 7249 4321,https://thedebeauvoirdeli.co.uk/,shop: deli,"Southgate Road 98, London",N1 3JD,London,Rosemary Gardens 3G - Islington,6,No availability,No availability: No evening slots listed for full or half pitch on 28-29 Sep. 30 Sep onwards not released y,,Contact required: 020 8986 7955 (Mon-Fri 09:00-15:30) / hackney.marshes@gll.org. Playfinder shows fully booked,COLA Shoreditch Park: Tue 29 Sep 17:30 (£91) · 5-a-side · ~£9.10 per player at cost; Old St - Moreland Primary School: Fri 2 Oct 20:00 (£90) · 6-a-side · ~£7.50 per player at cost; Shoreditch Rooftop: Mon 28 Sep 18:00 (£72) · 5-a-side · ~£7.22 per player at cost; Stepney 3G: Mon 28 Sep 17:30 (£3/pp) · 5-a-side · ~£3.00 per player at cost
The De Beauvoir Arms,info@debeauvoirarms.com,general,+44 20 7359 7392,https://www.debeauvoirarms.com/,amenity: pub,"Southgate Road 113, London",N1 3JS,London,Rosemary Gardens 3G - Islington,6,No availability,No availability: No evening slots listed for full or half pitch on 28-29 Sep. 30 Sep onwards not released y,,Contact required: 020 8986 7955 (Mon-Fri 09:00-15:30) / hackney.marshes@gll.org. Playfinder shows fully booked,COLA Shoreditch Park: Tue 29 Sep 17:30 (£91) · 5-a-side · ~£9.10 per player at cost; Old St - Moreland Primary School: Fri 2 Oct 20:00 (£90) · 6-a-side · ~£7.50 per player at cost; Shoreditch Rooftop: Mon 28 Sep 18:00 (£72) · 5-a-side · ~£7.22 per player at cost; Stepney 3G: Mon 28 Sep 17:30 (£3/pp) · 5-a-side · ~£3.00 per player at cost
The Brave,info@thebravelondon.co.uk,general,,https://www.thebravelondon.co.uk/,amenity: pub,"Essex Road 340-342, London",N1 3PB,London,Rosemary Gardens 3G - Islington,9,No availability,No availability: No evening slots listed for full or half pitch on 28-29 Sep. 30 Sep onwards not released y,,Contact required: 020 8986 7955 (Mon-Fri 09:00-15:30) / hackney.marshes@gll.org. Playfinder shows fully booked,COLA Shoreditch Park: Tue 29 Sep 17:30 (£91) · 5-a-side · ~£9.10 per player at cost; Old St - Moreland Primary School: Fri 2 Oct 20:00 (£90) · 6-a-side · ~£7.50 per player at cost; Shoreditch Rooftop: Mon 28 Sep 18:00 (£72) · 5-a-side · ~£7.22 per player at cost; Stepney 3G: Mon 28 Sep 17:30 (£3/pp) · 5-a-side · ~£3.00 per player at cost
Trade,essexroad@trade-made.co.uk,openstreetmap_tag,+44 20 3490 1880,https://www.trade-made.co.uk,amenity: cafe,"Essex Road 330, London",N1 3PB,London,Rosemary Gardens 3G - Islington,9,No availability,No availability: No evening slots listed for full or half pitch on 28-29 Sep. 30 Sep onwards not released y,,Contact required: 020 8986 7955 (Mon-Fri 09:00-15:30) / hackney.marshes@gll.org. Playfinder shows fully booked,COLA Shoreditch Park: Tue 29 Sep 17:30 (£91) · 5-a-side · ~£9.10 per player at cost; Old St - Moreland Primary School: Fri 2 Oct 20:00 (£90) · 6-a-side · ~£7.50 per player at cost; Shoreditch Rooftop: Mon 28 Sep 18:00 (£72) · 5-a-side · ~£7.22 per player at cost; Stepney 3G: Mon 28 Sep 17:30 (£3/pp) · 5-a-side · ~£3.00 per player at cost
Sutton and Sons,islington@suttonandsons.co.uk,openstreetmap_tag,+44 20 7359 1210,http://www.suttonandsons.co.uk/,amenity: fast food,"Essex Road 356, London",N1 3PD,London,Rosemary Gardens 3G - Islington,10,No availability,No availability: No evening slots listed for full or half pitch on 28-29 Sep. 30 Sep onwards not released y,,Contact required: 020 8986 7955 (Mon-Fri 09:00-15:30) / hackney.marshes@gll.org. Playfinder shows fully booked,COLA Shoreditch Park: Tue 29 Sep 17:30 (£91) · 5-a-side · ~£9.10 per player at cost; Old St - Moreland Primary School: Fri 2 Oct 20:00 (£90) · 6-a-side · ~£7.50 per player at cost; Shoreditch Rooftop: Mon 28 Sep 18:00 (£72) · 5-a-side · ~£7.22 per player at cost; Stepney 3G: Mon 28 Sep 17:30 (£3/pp) · 5-a-side · ~£3.00 per player at cost
Lestro Cycles,info@lestrocycles.co.uk,general,,https://www.lestrocycles.co.uk,shop: bicycle,"Balls Pond Road 144, London",N1 4AD,London,Rosemary Gardens 3G - Islington,14,No availability,No availability: No evening slots listed for full or half pitch on 28-29 Sep. 30 Sep onwards not released y,,Contact required: 020 8986 7955 (Mon-Fri 09:00-15:30) / hackney.marshes@gll.org. Playfinder shows fully booked,COLA Shoreditch Park: Tue 29 Sep 17:30 (£91) · 5-a-side · ~£9.10 per player at cost; Old St - Moreland Primary School: Fri 2 Oct 20:00 (£90) · 6-a-side · ~£7.50 per player at cost; Shoreditch Rooftop: Mon 28 Sep 18:00 (£72) · 5-a-side · ~£7.22 per player at cost; Stepney 3G: Mon 28 Sep 17:30 (£3/pp) · 5-a-side · ~£3.00 per player at cost
Ed's Shed,info@adormo.com,general,,http://www.adormo.com/en/Designer-Family-Home-in-Central-London/3781,tourism: guest house,"De Beauvoir Road 75A, London",N1 4EL,London,Rosemary Gardens 3G - Islington,9,No availability,No availability: No evening slots listed for full or half pitch on 28-29 Sep. 30 Sep onwards not released y,,Contact required: 020 8986 7955 (Mon-Fri 09:00-15:30) / hackney.marshes@gll.org. Playfinder shows fully booked,COLA Shoreditch Park: Tue 29 Sep 17:30 (£91) · 5-a-side · ~£9.10 per player at cost; Old St - Moreland Primary School: Fri 2 Oct 20:00 (£90) · 6-a-side · ~£7.50 per player at cost; Shoreditch Rooftop: Mon 28 Sep 18:00 (£72) · 5-a-side · ~£7.22 per player at cost; Stepney 3G: Mon 28 Sep 17:30 (£3/pp) · 5-a-side · ~£3.00 per player at cost
De Beauvoir Block,info@debeauvoirblock.com,general,,https://www.debeauvoirblock.com,coworking,"92-96 De Beauvoir Road, London",N1 4EN,London,Rosemary Gardens 3G - Islington,10,No availability,No availability: No evening slots listed for full or half pitch on 28-29 Sep. 30 Sep onwards not released y,,Contact required: 020 8986 7955 (Mon-Fri 09:00-15:30) / hackney.marshes@gll.org. Playfinder shows fully booked,COLA Shoreditch Park: Tue 29 Sep 17:30 (£91) · 5-a-side · ~£9.10 per player at cost; Old St - Moreland Primary School: Fri 2 Oct 20:00 (£90) · 6-a-side · ~£7.50 per player at cost; Shoreditch Rooftop: Mon 28 Sep 18:00 (£72) · 5-a-side · ~£7.22 per player at cost; Stepney 3G: Mon 28 Sep 17:30 (£3/pp) · 5-a-side · ~£3.00 per player at cost
Hector's,hello@hectorslondon.co.uk,general,,https://hectorslondon.co.uk,shop: wine,"Ardleigh Road 49A, London",N1 4HS,London,Rosemary Gardens 3G - Islington,12,No availability,No availability: No evening slots listed for full or half pitch on 28-29 Sep. 30 Sep onwards not released y,,Contact required: 020 8986 7955 (Mon-Fri 09:00-15:30) / hackney.marshes@gll.org. Playfinder shows fully booked,COLA Shoreditch Park: Tue 29 Sep 17:30 (£91) · 5-a-side · ~£9.10 per player at cost; Old St - Moreland Primary School: Fri 2 Oct 20:00 (£90) · 6-a-side · ~£7.50 per player at cost; Shoreditch Rooftop: Mon 28 Sep 18:00 (£72) · 5-a-side · ~£7.22 per player at cost; Stepney 3G: Mon 28 Sep 17:30 (£3/pp) · 5-a-side · ~£3.00 per player at cost
The Scolt Head,bookings@thescolthead.co.uk,commercial,+44 20 7254 3965,http://www.thescolthead.co.uk/,amenity: pub,"Culford Road 107A, London",N1 4HT,London,Rosemary Gardens 3G - Islington,10,No availability,No availability: No evening slots listed for full or half pitch on 28-29 Sep. 30 Sep onwards not released y,,Contact required: 020 8986 7955 (Mon-Fri 09:00-15:30) / hackney.marshes@gll.org. Playfinder shows fully booked,COLA Shoreditch Park: Tue 29 Sep 17:30 (£91) · 5-a-side · ~£9.10 per player at cost; Old St - Moreland Primary School: Fri 2 Oct 20:00 (£90) · 6-a-side · ~£7.50 per player at cost; Shoreditch Rooftop: Mon 28 Sep 18:00 (£72) · 5-a-side · ~£7.22 per player at cost; Stepney 3G: Mon 28 Sep 17:30 (£3/pp) · 5-a-side · ~£3.00 per player at cost
The Children's House Upper School,earlyyears@childrenshouseschool.co.uk,person_or_other,+44 20 7249 6273,https://www.childrenshouseschool.co.uk/,amenity: school,"King Henry's Walk, London",N1 4PB,London,Rosemary Gardens 3G - Islington,20,No availability,No availability: No evening slots listed for full or half pitch on 28-29 Sep. 30 Sep onwards not released y,,Contact required: 020 8986 7955 (Mon-Fri 09:00-15:30) / hackney.marshes@gll.org. Playfinder shows fully booked,COLA Shoreditch Park: Tue 29 Sep 17:30 (£91) · 5-a-side · ~£9.10 per player at cost; Old St - Moreland Primary School: Fri 2 Oct 20:00 (£90) · 6-a-side · ~£7.50 per player at cost; Shoreditch Rooftop: Mon 28 Sep 18:00 (£72) · 5-a-side · ~£7.22 per player at cost; Stepney 3G: Mon 28 Sep 17:30 (£3/pp) · 5-a-side · ~£3.00 per player at cost
Oi Vita Pizzeria,oivitapizzeria@gmail.com,openstreetmap_tag,+44 20 3302 8700,https://oivita.london,amenity: restaurant,"Newington Green Road 67, London",N1 4QU,London,Rosemary Gardens 3G - Islington,17,No availability,No availability: No evening slots listed for full or half pitch on 28-29 Sep. 30 Sep onwards not released y,,Contact required: 020 8986 7955 (Mon-Fri 09:00-15:30) / hackney.marshes@gll.org. Playfinder shows fully booked,COLA Shoreditch Park: Tue 29 Sep 17:30 (£91) · 5-a-side · ~£9.10 per player at cost; Old St - Moreland Primary School: Fri 2 Oct 20:00 (£90) · 6-a-side · ~£7.50 per player at cost; Shoreditch Rooftop: Mon 28 Sep 18:00 (£72) · 5-a-side · ~£7.22 per player at cost; Stepney 3G: Mon 28 Sep 17:30 (£3/pp) · 5-a-side · ~£3.00 per player at cost
The Alma,book@thealmaislington.com,person_or_other,+44 20 7226 3531,https://thealmaislington.com,amenity: pub,"Newington Green Road 59, London",N1 4QU,London,Rosemary Gardens 3G - Islington,17,No availability,No availability: No evening slots listed for full or half pitch on 28-29 Sep. 30 Sep onwards not released y,,Contact required: 020 8986 7955 (Mon-Fri 09:00-15:30) / hackney.marshes@gll.org. Playfinder shows fully booked,COLA Shoreditch Park: Tue 29 Sep 17:30 (£91) · 5-a-side · ~£9.10 per player at cost; Old St - Moreland Primary School: Fri 2 Oct 20:00 (£90) · 6-a-side · ~£7.50 per player at cost; Shoreditch Rooftop: Mon 28 Sep 18:00 (£72) · 5-a-side · ~£7.22 per player at cost; Stepney 3G: Mon 28 Sep 17:30 (£3/pp) · 5-a-side · ~£3.00 per player at cost
Maxwells,info@maxwellsestates.com,general,,http://www.maxwellsestates.com/,shop: estate agent,"Newington Green Road 85, London",N1 4QX,London,Rosemary Gardens 3G - Islington,19,No availability,No availability: No evening slots listed for full or half pitch on 28-29 Sep. 30 Sep onwards not released y,,Contact required: 020 8986 7955 (Mon-Fri 09:00-15:30) / hackney.marshes@gll.org. Playfinder shows fully booked,COLA Shoreditch Park: Tue 29 Sep 17:30 (£91) · 5-a-side · ~£9.10 per player at cost; Old St - Moreland Primary School: Fri 2 Oct 20:00 (£90) · 6-a-side · ~£7.50 per player at cost; Shoreditch Rooftop: Mon 28 Sep 18:00 (£72) · 5-a-side · ~£7.22 per player at cost; Stepney 3G: Mon 28 Sep 17:30 (£3/pp) · 5-a-side · ~£3.00 per player at cost
Kindandental,info@kindandental.com,general,+44 20 7226 3897,http://www.kindandental.com/,amenity: dentist,"Newington Green Road 99, London",N1 4QY,London,Rosemary Gardens 3G - Islington,20,No availability,No availability: No evening slots listed for full or half pitch on 28-29 Sep. 30 Sep onwards not released y,,Contact required: 020 8986 7955 (Mon-Fri 09:00-15:30) / hackney.marshes@gll.org. Playfinder shows fully booked,COLA Shoreditch Park: Tue 29 Sep 17:30 (£91) · 5-a-side · ~£9.10 per player at cost; Old St - Moreland Primary School: Fri 2 Oct 20:00 (£90) · 6-a-side · ~£7.50 per player at cost; Shoreditch Rooftop: Mon 28 Sep 18:00 (£72) · 5-a-side · ~£7.22 per player at cost; Stepney 3G: Mon 28 Sep 17:30 (£3/pp) · 5-a-side · ~£3.00 per player at cost
The Halley,hello@thehalley.co.uk,openstreetmap_tag,+44 20 3971 5665,https://thehalley.co.uk/,coworking,"Unit V, W, X, Y, Reliance Wharf, 2-10 Hertford Rd, London N1 5ET, UK",N1 5ET,London,COLA Shoreditch Park ,6,Available,Tue 29 Sep 17:30 (£91); Thu 1 Oct 17:30 (£91); Thu 1 Oct 18:30 (£91); Thu 1 Oct 19:30 (£91); Thu 1 Oct 20:30 (£91); Fri 2 Oct 17:30 (£91); +30 more,Tue 29 Sep 17:30 (£91) · 5-a-side · ~£9.10 per player at cost,Contact required: 020 8986 7955 (Mon-Fri 09:00-15:30) / hackney.marshes@gll.org. Playfinder shows fully booked,
Hoxton Garden Primary School,adminhg@vs.hackney.sch.uk,person_or_other,+44 20 7739 8591,https://hoxtongarden.hackney.sch.uk/,amenity: school,"Ivy Street, London",N1 5JD,London,Shoreditch Rooftop,3,Available,Mon 28 Sep 18:00 (£72),Mon 28 Sep 18:00 (£72) · 5-a-side · ~£7.22 per player at cost,Contact required: 020 8986 7955 (Mon-Fri 09:00-15:30) / hackney.marshes@gll.org. Playfinder shows fully booked,
Shoreditch Park Primary School,admin@shoreditchpark.hackney.sch.uk,general,+44 20 7739 7973,https://www.shoreditchpark.hackney.sch.uk/,amenity: school,"Bridport Place, London",N1 5JN,London,COLA Shoreditch Park ,2,Available,Tue 29 Sep 17:30 (£91); Thu 1 Oct 17:30 (£91); Thu 1 Oct 18:30 (£91); Thu 1 Oct 19:30 (£91); Thu 1 Oct 20:30 (£91); Fri 2 Oct 17:30 (£91); +30 more,Tue 29 Sep 17:30 (£91) · 5-a-side · ~£9.10 per player at cost,Contact required: 020 8986 7955 (Mon-Fri 09:00-15:30) / hackney.marshes@gll.org. Playfinder shows fully booked,
City of London Academy Shoreditch Park,enquiries@shoreditch.cola.org.uk,general,+44 20 3011 2162,https://www.shoreditch.cola.org.uk/,amenity: school,"Hyde Road, London",N1 5JU,London,COLA Shoreditch Park ,0,Available,Tue 29 Sep 17:30 (£91); Thu 1 Oct 17:30 (£91); Thu 1 Oct 18:30 (£91); Thu 1 Oct 19:30 (£91); Thu 1 Oct 20:30 (£91); Fri 2 Oct 17:30 (£91); +30 more,Tue 29 Sep 17:30 (£91) · 5-a-side · ~£9.10 per player at cost,Contact required: 020 8986 7955 (Mon-Fri 09:00-15:30) / hackney.marshes@gll.org. Playfinder shows fully booked,
Humdingers,info@humdingers.org.uk,general,+44 20 7729 6644,https://www.humdingers.org.uk/,catering,"236 Hoxton Street, London",N1 5LX,London,Shoreditch Rooftop,4,Available,Mon 28 Sep 18:00 (£72),Mon 28 Sep 18:00 (£72) · 5-a-side · ~£7.22 per player at cost,Contact required: 020 8986 7955 (Mon-Fri 09:00-15:30) / hackney.marshes@gll.org. Playfinder shows fully booked,
Rosemary Works School,learn@rosemaryworks.co.uk,person_or_other,+44 20 7739 3950,https://rosemaryworks.co.uk/,amenity: school,"Branch Place 1, London",N1 5PH,London,COLA Shoreditch Park ,2,Available,Tue 29 Sep 17:30 (£91); Thu 1 Oct 17:30 (£91); Thu 1 Oct 18:30 (£91); Thu 1 Oct 19:30 (£91); Thu 1 Oct 20:30 (£91); Fri 2 Oct 17:30 (£91); +30 more,Tue 29 Sep 17:30 (£91) · 5-a-side · ~£9.10 per player at cost,Contact required: 020 8986 7955 (Mon-Fri 09:00-15:30) / hackney.marshes@gll.org. Playfinder shows fully booked,
Arepa & Co,hello@arepaandco.com,general,+44 20 7923 3507,https://www.arepaandco.com/,amenity: restaurant,"De Beauvoir Crescent 58a, London",N1 5RY,London,COLA Shoreditch Park ,5,Available,Tue 29 Sep 17:30 (£91); Thu 1 Oct 17:30 (£91); Thu 1 Oct 18:30 (£91); Thu 1 Oct 19:30 (£91); Thu 1 Oct 20:30 (£91); Fri 2 Oct 17:30 (£91); +30 more,Tue 29 Sep 17:30 (£91) · 5-a-side · ~£9.10 per player at cost,Contact required: 020 8986 7955 (Mon-Fri 09:00-15:30) / hackney.marshes@gll.org. Playfinder shows fully booked,
Batch Baby,hello@batchbaby.co.uk,general,,https://www.batchbaby.co.uk/,amenity: cafe,London,N1 5SF,London,COLA Shoreditch Park ,6,Available,Tue 29 Sep 17:30 (£91); Thu 1 Oct 17:30 (£91); Thu 1 Oct 18:30 (£91); Thu 1 Oct 19:30 (£91); Thu 1 Oct 20:30 (£91); Fri 2 Oct 17:30 (£91); +30 more,Tue 29 Sep 17:30 (£91) · 5-a-side · ~£9.10 per player at cost,Contact required: 020 8986 7955 (Mon-Fri 09:00-15:30) / hackney.marshes@gll.org. Playfinder shows fully booked,
Invention Technology LLC - ITL,info@inventiontl.com,general,+44 7413 098632,https://inventiontl.com/,service,"128 City Rd, London N1 6AD, UK",N1 6AD,London,Old St - Moreland Primary School,11,Available,Fri 2 Oct 20:00 (£90); Fri 9 Oct 20:00 (£90); Mon 12 Oct 18:00 (£90); Mon 12 Oct 19:00 (£90); Mon 12 Oct 20:00 (£90); Fri 16 Oct 20:00 (£90); +6 more,Fri 2 Oct 20:00 (£90) · 6-a-side · ~£7.50 per player at cost,Contact required: 020 8986 7955 (Mon-Fri 09:00-15:30) / hackney.marshes@gll.org. Playfinder shows fully booked,
Masabi,contact@masabi.com,general,,https://www.masabi.com/,it,"37 Bevenden Street, London",N1 6BH,London,Shoreditch Rooftop,9,Available,Mon 28 Sep 18:00 (£72),Mon 28 Sep 18:00 (£72) · 5-a-side · ~£7.22 per player at cost,Contact required: 020 8986 7955 (Mon-Fri 09:00-15:30) / hackney.marshes@gll.org. Playfinder shows fully booked,
Fathom Financial Consulting,enquiries@fathom-consulting.com,general,+44 20 7796 9561,https://www.fathom-consulting.com/,finance,"47 Bevenden St, London N1 6BL, UK",N1 6BL,London,Shoreditch Rooftop,9,Available,Mon 28 Sep 18:00 (£72),Mon 28 Sep 18:00 (£72) · 5-a-side · ~£7.22 per player at cost,Contact required: 020 8986 7955 (Mon-Fri 09:00-15:30) / hackney.marshes@gll.org. Playfinder shows fully booked,
Moving on,info@movingonlondon.com,general,,http://movingonlondon.com,shop: estate agent,"Pitfield Street 79, London",N1 6BT,London,Shoreditch Rooftop,9,Available,Mon 28 Sep 18:00 (£72),Mon 28 Sep 18:00 (£72) · 5-a-side · ~£7.22 per player at cost,Contact required: 020 8986 7955 (Mon-Fri 09:00-15:30) / hackney.marshes@gll.org. Playfinder shows fully booked,
Schnitzel Heaven,info@schnitzelheaven.co.uk,openstreetmap_tag,,https://www.schnitzelheaven.co.uk,amenity: restaurant,"Pitfield Street 57, London",N1 6BU,London,Shoreditch Rooftop,10,Available,Mon 28 Sep 18:00 (£72),Mon 28 Sep 18:00 (£72) · 5-a-side · ~£7.22 per player at cost,Contact required: 020 8986 7955 (Mon-Fri 09:00-15:30) / hackney.marshes@gll.org. Playfinder shows fully booked,
Sodo Pizza,press@sodopizza.co.uk,people_team,,https://www.sodopizza.co.uk/,amenity: restaurant,"Pitfield Street 63, London",N1 6BU,London,Shoreditch Rooftop,10,Available,Mon 28 Sep 18:00 (£72),Mon 28 Sep 18:00 (£72) · 5-a-side · ~£7.22 per player at cost,Contact required: 020 8986 7955 (Mon-Fri 09:00-15:30) / hackney.marshes@gll.org. Playfinder shows fully booked,
The George & Vulture,info@georgeandvulture.com,general,+44 20 7253 3988,https://georgeandvulture.com/,amenity: pub,"Pitfield Street 63, London",N1 6BU,London,Shoreditch Rooftop,10,Available,Mon 28 Sep 18:00 (£72),Mon 28 Sep 18:00 (£72) · 5-a-side · ~£7.22 per player at cost,Contact required: 020 8986 7955 (Mon-Fri 09:00-15:30) / hackney.marshes@gll.org. Playfinder shows fully booked,
London Youth,hello@londonyouth.org,general,,http://www.londonyouth.org.uk,charity,"47-49 Pitfield Street, London",N1 6DA,London,Shoreditch Rooftop,12,Available,Mon 28 Sep 18:00 (£72),Mon 28 Sep 18:00 (£72) · 5-a-side · ~£7.22 per player at cost,Contact required: 020 8986 7955 (Mon-Fri 09:00-15:30) / hackney.marshes@gll.org. Playfinder shows fully booked,
Pesky Fish Ltd.,bridge@peskyfish.co.uk,person_or_other,,https://www.peskyfish.co.uk/,company,"10-12 Bache's Street, London",N1 6DL,London,Shoreditch Rooftop,12,Available,Mon 28 Sep 18:00 (£72),Mon 28 Sep 18:00 (£72) · 5-a-side · ~£7.22 per player at cost,Contact required: 020 8986 7955 (Mon-Fri 09:00-15:30) / hackney.marshes@gll.org. Playfinder shows fully booked,
Prince Arthur,info@theprincearthurpub.co.uk,general,+44 20 7336 6429,https://www.theprincearthurpub.co.uk/,amenity: pub,"Brunswick Place 49, London",N1 6EB,London,Shoreditch Rooftop,13,Available,Mon 28 Sep 18:00 (£72),Mon 28 Sep 18:00 (£72) · 5-a-side · ~£7.22 per player at cost,Contact required: 020 8986 7955 (Mon-Fri 09:00-15:30) / hackney.marshes@gll.org. Playfinder shows fully booked,
Vodafone,matthew.johnson@vodafone.com,person_or_other,+44 371 384 2532,https://www.vodafone.com/,office building (multi-tenant),"32-43 Chart Street, London",N1 6EF,London,Shoreditch Rooftop,12,Available,Mon 28 Sep 18:00 (£72),Mon 28 Sep 18:00 (£72) · 5-a-side · ~£7.22 per player at cost,Contact required: 020 8986 7955 (Mon-Fri 09:00-15:30) / hackney.marshes@gll.org. Playfinder shows fully booked,
The Courtyard,info@thecourtyard.org.uk,general,,https://www.thecourtyard.org.uk/,amenity: theatre,"Pitfield Street 40, London",N1 6EU,London,Shoreditch Rooftop,12,Available,Mon 28 Sep 18:00 (£72),Mon 28 Sep 18:00 (£72) · 5-a-side · ~£7.22 per player at cost,Contact required: 020 8986 7955 (Mon-Fri 09:00-15:30) / hackney.marshes@gll.org. Playfinder shows fully booked,
Nexus Studios,info@nexusstudios.com,general,,https://nexusstudios.com/,office building (multi-tenant),"25 Chart Street, London",N1 6FA,London,Shoreditch Rooftop,12,Available,Mon 28 Sep 18:00 (£72),Mon 28 Sep 18:00 (£72) · 5-a-side · ~£7.22 per player at cost,Contact required: 020 8986 7955 (Mon-Fri 09:00-15:30) / hackney.marshes@gll.org. Playfinder shows fully booked,
Orhan,info@orhanlondontailoring.com,general,+44 20 7250 3569,https://www.orhanlondontailoring.com/,shop: tailor,"Pitfield Street 25a, London",N1 6HB,London,Shoreditch Rooftop,13,Available,Mon 28 Sep 18:00 (£72),Mon 28 Sep 18:00 (£72) · 5-a-side · ~£7.22 per player at cost,Contact required: 020 8986 7955 (Mon-Fri 09:00-15:30) / hackney.marshes@gll.org. Playfinder shows fully booked,
St John the Baptist Voluntary Aided Church of England Primary School,office@st-john.hackney.sch.uk,general,+44 20 7739 4902,https://st-john.hackney.sch.uk/,amenity: school,"Crondall Street, London",N1 6JG,London,Shoreditch Rooftop,7,Available,Mon 28 Sep 18:00 (£72),Mon 28 Sep 18:00 (£72) · 5-a-side · ~£7.22 per player at cost,Contact required: 020 8986 7955 (Mon-Fri 09:00-15:30) / hackney.marshes@gll.org. Playfinder shows fully booked,
Full Fat,info@wearefullfat.com,general,+44 20 7183 9525,http://wearefullfat.com/,service,"71 Fanshaw St, London N1 6LA, UK",N1 6LA,London,Shoreditch Rooftop,10,Available,Mon 28 Sep 18:00 (£72),Mon 28 Sep 18:00 (£72) · 5-a-side · ~£7.22 per player at cost,Contact required: 020 8986 7955 (Mon-Fri 09:00-15:30) / hackney.marshes@gll.org. Playfinder shows fully booked,
Breen Legacy Academy of Martial Arts,breenlegacyacademy@gmail.com,openstreetmap_tag,,https://www.breenlegacyacademy.co.uk/,amenity: dojo,"Redvers Street, London",N1 6NE,London,Shoreditch Rooftop,10,Available,Mon 28 Sep 18:00 (£72),Mon 28 Sep 18:00 (£72) · 5-a-side · ~£7.22 per player at cost,Contact required: 020 8986 7955 (Mon-Fri 09:00-15:30) / hackney.marshes@gll.org. Playfinder shows fully booked,
Red Lion,redlionenquieries@gmail.com,freemail,+44 20 7729 7920,https://www.redlionhoxton.co.uk,amenity: pub,"Hoxton Street 41, London",N1 6NH,London,Shoreditch Rooftop,12,Available,Mon 28 Sep 18:00 (£72),Mon 28 Sep 18:00 (£72) · 5-a-side · ~£7.22 per player at cost,Contact required: 020 8986 7955 (Mon-Fri 09:00-15:30) / hackney.marshes@gll.org. Playfinder shows fully booked,
Wiedemann Lampe,hello@wiedemannlampe.com,general,+44 20 7655 4448,https://wiedemannlampe.com/,graphic_design,"41 Hoxton Square, London",N1 6PB,London,Shoreditch Rooftop,14,Available,Mon 28 Sep 18:00 (£72),Mon 28 Sep 18:00 (£72) · 5-a-side · ~£7.22 per player at cost,Contact required: 020 8986 7955 (Mon-Fri 09:00-15:30) / hackney.marshes@gll.org. Playfinder shows fully booked,
Hoxton Chiropractic,info@hoxtonchiropractic.com,general,+44 20 7354 0444,https://hoxtonchiropractic.com/,healthcare: alternative,"Hoxton Square 57, London",N1 6PD,London,Shoreditch Rooftop,13,Available,Mon 28 Sep 18:00 (£72),Mon 28 Sep 18:00 (£72) · 5-a-side · ~£7.22 per player at cost,Contact required: 020 8986 7955 (Mon-Fri 09:00-15:30) / hackney.marshes@gll.org. Playfinder shows fully booked,
Senza Fondo,ciao@senzafondo.com,openstreetmap_tag,,https://www.senzafondo.com/,amenity: restaurant,"Rufus Street 1, London",N1 6PE,London,Shoreditch Rooftop,14,Available,Mon 28 Sep 18:00 (£72),Mon 28 Sep 18:00 (£72) · 5-a-side · ~£7.22 per player at cost,Contact required: 020 8986 7955 (Mon-Fri 09:00-15:30) / hackney.marshes@gll.org. Playfinder shows fully booked,
Hoxtans,hoxtans@gmail.com,openstreetmap_tag,+44 20 3325 6208,,shop: beauty,"Hoxton Street 203, London",N1 6RA,London,Shoreditch Rooftop,6,Available,Mon 28 Sep 18:00 (£72),Mon 28 Sep 18:00 (£72) · 5-a-side · ~£7.22 per player at cost,Contact required: 020 8986 7955 (Mon-Fri 09:00-15:30) / hackney.marshes@gll.org. Playfinder shows fully booked,
Open Barbers,openouthair@gmail.com,freemail,+44 7546 017849,http://openbarbers.com/,shop: hairdresser,"Clunbury Street 4, London",N1 6TT,London,Shoreditch Rooftop,5,Available,Mon 28 Sep 18:00 (£72),Mon 28 Sep 18:00 (£72) · 5-a-side · ~£7.22 per player at cost,Contact required: 020 8986 7955 (Mon-Fri 09:00-15:30) / hackney.marshes@gll.org. Playfinder shows fully booked,
Grahams HiFi,enq@grahams.co.uk,person_or_other,+44 20 7688 2850,https://www.grahams.co.uk/,shop: audio video,"New North Road 190a, London",N1 7BS,London,Rosemary Gardens 3G - Islington,4,No availability,No availability: No evening slots listed for full or half pitch on 28-29 Sep. 30 Sep onwards not released y,,Contact required: 020 8986 7955 (Mon-Fri 09:00-15:30) / hackney.marshes@gll.org. Playfinder shows fully booked,COLA Shoreditch Park: Tue 29 Sep 17:30 (£91) · 5-a-side · ~£9.10 per player at cost; Old St - Moreland Primary School: Fri 2 Oct 20:00 (£90) · 6-a-side · ~£7.50 per player at cost; Shoreditch Rooftop: Mon 28 Sep 18:00 (£72) · 5-a-side · ~£7.22 per player at cost; Stepney 3G: Mon 28 Sep 17:30 (£3/pp) · 5-a-side · ~£3.00 per player at cost
Mary Katrantzou Head Office & Warehouse,info@marykatrantzou.com,general,+44 20 3393 0804,https://www.marykatrantzou.com/,corporate_office,"190A New N Rd, London N1 7BS, UK",N1 7BS,London,Rosemary Gardens 3G - Islington,4,No availability,No availability: No evening slots listed for full or half pitch on 28-29 Sep. 30 Sep onwards not released y,,Contact required: 020 8986 7955 (Mon-Fri 09:00-15:30) / hackney.marshes@gll.org. Playfinder shows fully booked,COLA Shoreditch Park: Tue 29 Sep 17:30 (£91) · 5-a-side · ~£9.10 per player at cost; Old St - Moreland Primary School: Fri 2 Oct 20:00 (£90) · 6-a-side · ~£7.50 per player at cost; Shoreditch Rooftop: Mon 28 Sep 18:00 (£72) · 5-a-side · ~£7.22 per player at cost; Stepney 3G: Mon 28 Sep 17:30 (£3/pp) · 5-a-side · ~£3.00 per player at cost
The Arc Centre,hello@arccollective.co,general,+44 7578 498959,https://www.thearccentre.org/,amenity: community centre,"St. Paul Street 98b, London",N1 7DF,London,Rosemary Gardens 3G - Islington,10,No availability,No availability: No evening slots listed for full or half pitch on 28-29 Sep. 30 Sep onwards not released y,,Contact required: 020 8986 7955 (Mon-Fri 09:00-15:30) / hackney.marshes@gll.org. Playfinder shows fully booked,COLA Shoreditch Park: Tue 29 Sep 17:30 (£91) · 5-a-side · ~£9.10 per player at cost; Old St - Moreland Primary School: Fri 2 Oct 20:00 (£90) · 6-a-side · ~£7.50 per player at cost; Shoreditch Rooftop: Mon 28 Sep 18:00 (£72) · 5-a-side · ~£7.22 per player at cost; Stepney 3G: Mon 28 Sep 17:30 (£3/pp) · 5-a-side · ~£3.00 per player at cost
The Hanbury,info@thehanbury.co.uk,general,+44 20 7288 2222,https://www.thehanbury.co.uk/,amenity: pub,"Linton Street 33, London",N1 7DU,London,Rosemary Gardens 3G - Islington,8,No availability,No availability: No evening slots listed for full or half pitch on 28-29 Sep. 30 Sep onwards not released y,,Contact required: 020 8986 7955 (Mon-Fri 09:00-15:30) / hackney.marshes@gll.org. Playfinder shows fully booked,COLA Shoreditch Park: Tue 29 Sep 17:30 (£91) · 5-a-side · ~£9.10 per player at cost; Old St - Moreland Primary School: Fri 2 Oct 20:00 (£90) · 6-a-side · ~£7.50 per player at cost; Shoreditch Rooftop: Mon 28 Sep 18:00 (£72) · 5-a-side · ~£7.22 per player at cost; Stepney 3G: Mon 28 Sep 17:30 (£3/pp) · 5-a-side · ~£3.00 per player at cost
Access Self Storage,islington@accessstorage.com,openstreetmap_tag,+44 20 3131 2810,https://www.accessstorage.com/central-london/access-self-storage-islington,shop: storage rental,"Eagle Wharf Road 48, 48A, London",N1 7ED,London,Shoreditch Rooftop,9,Available,Mon 28 Sep 18:00 (£72),Mon 28 Sep 18:00 (£72) · 5-a-side · ~£7.22 per player at cost,Contact required: 020 8986 7955 (Mon-Fri 09:00-15:30) / hackney.marshes@gll.org. Playfinder shows fully booked,
Fiscal Hub - Chartered Certified Accountants & Tax Advisors,info@fiscalhub.co.uk,general,+44 20 3488 5786,https://fiscalhub.co.uk/,finance,"20 Wenlock Rd, London N1 7GU, UK",N1 7GU,London,Old St - Moreland Primary School,6,Available,Fri 2 Oct 20:00 (£90); Fri 9 Oct 20:00 (£90); Mon 12 Oct 18:00 (£90); Mon 12 Oct 19:00 (£90); Mon 12 Oct 20:00 (£90); Fri 16 Oct 20:00 (£90); +6 more,Fri 2 Oct 20:00 (£90) · 6-a-side · ~£7.50 per player at cost,Contact required: 020 8986 7955 (Mon-Fri 09:00-15:30) / hackney.marshes@gll.org. Playfinder shows fully booked,
Purbeck Insurance Services,info@purbeckinsurance.co.uk,general,+44 20 8004 7250,http://www.purbeckinsurance.co.uk/,insurance_agency,"20 Wenlock Rd, London N1 7GU, UK",N1 7GU,London,Old St - Moreland Primary School,6,Available,Fri 2 Oct 20:00 (£90); Fri 9 Oct 20:00 (£90); Mon 12 Oct 18:00 (£90); Mon 12 Oct 19:00 (£90); Mon 12 Oct 20:00 (£90); Fri 16 Oct 20:00 (£90); +6 more,Fri 2 Oct 20:00 (£90) · 6-a-side · ~£7.50 per player at cost,Contact required: 020 8986 7955 (Mon-Fri 09:00-15:30) / hackney.marshes@gll.org. Playfinder shows fully booked,
RS Accountancy,support@rsaccountancy.co.uk,commercial,+44 333 242 1129,https://rsaccountancy.co.uk/,finance,"20 Wenlock Rd, London N1 7GU, UK",N1 7GU,London,Old St - Moreland Primary School,6,Available,Fri 2 Oct 20:00 (£90); Fri 9 Oct 20:00 (£90); Mon 12 Oct 18:00 (£90); Mon 12 Oct 19:00 (£90); Mon 12 Oct 20:00 (£90); Fri 16 Oct 20:00 (£90); +6 more,Fri 2 Oct 20:00 (£90) · 6-a-side · ~£7.50 per player at cost,Contact required: 020 8986 7955 (Mon-Fri 09:00-15:30) / hackney.marshes@gll.org. Playfinder shows fully booked,
Zodee Media,info@zodeemedia.com,openstreetmap_tag,,https://www.zodeemedia.com/,advertising_agency,"20-22 Wenlock Road, London",N1 7GU,London,Old St - Moreland Primary School,6,Available,Fri 2 Oct 20:00 (£90); Fri 9 Oct 20:00 (£90); Mon 12 Oct 18:00 (£90); Mon 12 Oct 19:00 (£90); Mon 12 Oct 20:00 (£90); Fri 16 Oct 20:00 (£90); +6 more,Fri 2 Oct 20:00 (£90) · 6-a-side · ~£7.50 per player at cost,Contact required: 020 8986 7955 (Mon-Fri 09:00-15:30) / hackney.marshes@gll.org. Playfinder shows fully booked,
DEEPDY LTD,press@unknownphone.com,openstreetmap_tag,+44 7936 733562,https://www.unknownphone.com,company,"20-22 Wenlock Road, London",N1 7GU,London,Old St - Moreland Primary School,7,Available,Fri 2 Oct 20:00 (£90); Fri 9 Oct 20:00 (£90); Mon 12 Oct 18:00 (£90); Mon 12 Oct 19:00 (£90); Mon 12 Oct 20:00 (£90); Fri 16 Oct 20:00 (£90); +6 more,Fri 2 Oct 20:00 (£90) · 6-a-side · ~£7.50 per player at cost,Contact required: 020 8986 7955 (Mon-Fri 09:00-15:30) / hackney.marshes@gll.org. Playfinder shows fully booked,
MABY Consultancy,info@mabyconsultancy.com,general,+44 20 8058 2902,http://www.mabyconsultancy.com/,consultant,"20 Wenlock Rd, London N1 7GU, UK",N1 7GU,London,Old St - Moreland Primary School,7,Available,Fri 2 Oct 20:00 (£90); Fri 9 Oct 20:00 (£90); Mon 12 Oct 18:00 (£90); Mon 12 Oct 19:00 (£90); Mon 12 Oct 20:00 (£90); Fri 16 Oct 20:00 (£90); +6 more,Fri 2 Oct 20:00 (£90) · 6-a-side · ~£7.50 per player at cost,Contact required: 020 8986 7955 (Mon-Fri 09:00-15:30) / hackney.marshes@gll.org. Playfinder shows fully booked,
Medallion Technologies,contact@medalliontechnologies.com,general,,https://www.medalliontechnologies.com/,service,"20-22 Wenlock Rd, London N1 7GU, UK",N1 7GU,London,Old St - Moreland Primary School,7,Available,Fri 2 Oct 20:00 (£90); Fri 9 Oct 20:00 (£90); Mon 12 Oct 18:00 (£90); Mon 12 Oct 19:00 (£90); Mon 12 Oct 20:00 (£90); Fri 16 Oct 20:00 (£90); +6 more,Fri 2 Oct 20:00 (£90) · 6-a-side · ~£7.50 per player at cost,Contact required: 020 8986 7955 (Mon-Fri 09:00-15:30) / hackney.marshes@gll.org. Playfinder shows fully booked,
Moneypenny Workhub,theteam@workhubmadesimple.com,person_or_other,,https://members.workhubmadesimple.com/,coworking,"20 Wenlock Road, London",N1 7GU,London,Old St - Moreland Primary School,7,Available,Fri 2 Oct 20:00 (£90); Fri 9 Oct 20:00 (£90); Mon 12 Oct 18:00 (£90); Mon 12 Oct 19:00 (£90); Mon 12 Oct 20:00 (£90); Fri 16 Oct 20:00 (£90); +6 more,Fri 2 Oct 20:00 (£90) · 6-a-side · ~£7.50 per player at cost,Contact required: 020 8986 7955 (Mon-Fri 09:00-15:30) / hackney.marshes@gll.org. Playfinder shows fully booked,
Rhodium Accounting Limited,support@rhodiumaccounting.co.uk,commercial,+44 333 052 5640,https://www.rhodiumaccounting.co.uk/,finance,"20 Wenlock Rd, London N1 7GU, UK",N1 7GU,London,Old St - Moreland Primary School,7,Available,Fri 2 Oct 20:00 (£90); Fri 9 Oct 20:00 (£90); Mon 12 Oct 18:00 (£90); Mon 12 Oct 19:00 (£90); Mon 12 Oct 20:00 (£90); Fri 16 Oct 20:00 (£90); +6 more,Fri 2 Oct 20:00 (£90) · 6-a-side · ~£7.50 per player at cost,Contact required: 020 8986 7955 (Mon-Fri 09:00-15:30) / hackney.marshes@gll.org. Playfinder shows fully booked,
Thrive Tech,info@thrivetech.co,general,,https://www.thrivetech.co/,service,"20-22 Wenlock Rd, London N1 7GU, UK",N1 7GU,London,Old St - Moreland Primary School,7,Available,Fri 2 Oct 20:00 (£90); Fri 9 Oct 20:00 (£90); Mon 12 Oct 18:00 (£90); Mon 12 Oct 19:00 (£90); Mon 12 Oct 20:00 (£90); Fri 16 Oct 20:00 (£90); +6 more,Fri 2 Oct 20:00 (£90) · 6-a-side · ~£7.50 per player at cost,Contact required: 020 8986 7955 (Mon-Fri 09:00-15:30) / hackney.marshes@gll.org. Playfinder shows fully booked,
Zmartly Ltd,info@zmartly.co.uk,general,+44 20 8175 5145,https://zmartly.co.uk/contact/,finance,"20-22 Wenlock Rd, London N1 7GU, UK",N1 7GU,London,Old St - Moreland Primary School,7,Available,Fri 2 Oct 20:00 (£90); Fri 9 Oct 20:00 (£90); Mon 12 Oct 18:00 (£90); Mon 12 Oct 19:00 (£90); Mon 12 Oct 20:00 (£90); Fri 16 Oct 20:00 (£90); +6 more,Fri 2 Oct 20:00 (£90) · 6-a-side · ~£7.50 per player at cost,Contact required: 020 8986 7955 (Mon-Fri 09:00-15:30) / hackney.marshes@gll.org. Playfinder shows fully booked,
London Food Photography,em@londonfoodphotography.co.uk,openstreetmap_tag,,http://www.londonfoodphotography.co.uk,craft: photographer,"Wenlock Road 20-22, London",N1 7GU,London,Shoreditch Rooftop,13,Available,Mon 28 Sep 18:00 (£72),Mon 28 Sep 18:00 (£72) · 5-a-side · ~£7.22 per player at cost,Contact required: 020 8986 7955 (Mon-Fri 09:00-15:30) / hackney.marshes@gll.org. Playfinder shows fully booked,
SBC cycles,shop@sbccycles.com,person_or_other,+44 20 7253 0339,https://www.sbccycles.com/,shop: bicycle,"Cropley Street 41, London",N1 7HT,London,Shoreditch Rooftop,8,Available,Mon 28 Sep 18:00 (£72),Mon 28 Sep 18:00 (£72) · 5-a-side · ~£7.22 per player at cost,Contact required: 020 8986 7955 (Mon-Fri 09:00-15:30) / hackney.marshes@gll.org. Playfinder shows fully booked,
Stamp Out Poverty,office@stampoutpoverty.org,general,,https://www.stampoutpoverty.org/,ngo,"44-48 Shepherdess Walk, London",N1 7JP,London,Old St - Moreland Primary School,8,Available,Fri 2 Oct 20:00 (£90); Fri 9 Oct 20:00 (£90); Mon 12 Oct 18:00 (£90); Mon 12 Oct 19:00 (£90); Mon 12 Oct 20:00 (£90); Fri 16 Oct 20:00 (£90); +6 more,Fri 2 Oct 20:00 (£90) · 6-a-side · ~£7.50 per player at cost,Contact required: 020 8986 7955 (Mon-Fri 09:00-15:30) / hackney.marshes@gll.org. Playfinder shows fully booked,
Block Solutions Ltd,sales@block.co.uk,openstreetmap_tag,+44 844 967 1646,https://www.block.co.uk,it,"14 Shepherdess Walk, London",N1 7LB,London,Old St - Moreland Primary School,8,Available,Fri 2 Oct 20:00 (£90); Fri 9 Oct 20:00 (£90); Mon 12 Oct 18:00 (£90); Mon 12 Oct 19:00 (£90); Mon 12 Oct 20:00 (£90); Fri 16 Oct 20:00 (£90); +6 more,Fri 2 Oct 20:00 (£90) · 6-a-side · ~£7.50 per player at cost,Contact required: 020 8986 7955 (Mon-Fri 09:00-15:30) / hackney.marshes@gll.org. Playfinder shows fully booked,
Hampton by Hilton London Old Street,lhros_hampton@hilton.com,openstreetmap_tag,+44 20 3822 0250,https://www.hilton.com/en/hotels/lhroshx-hampton-london-old-street/,tourism: hotel,"Westland Place 17-33, London",N1 7LP,London,Shoreditch Rooftop,13,Available,Mon 28 Sep 18:00 (£72),Mon 28 Sep 18:00 (£72) · 5-a-side · ~£7.22 per player at cost,Contact required: 020 8986 7955 (Mon-Fri 09:00-15:30) / hackney.marshes@gll.org. Playfinder shows fully booked,
Westland Coffee & Wine,info@westlandcoffee.co.uk,openstreetmap_tag,,http://www.westlandcoffee.co.uk,amenity: cafe,"Westland Place 1, London",N1 7LP,London,Shoreditch Rooftop,13,Available,Mon 28 Sep 18:00 (£72),Mon 28 Sep 18:00 (£72) · 5-a-side · ~£7.22 per player at cost,Contact required: 020 8986 7955 (Mon-Fri 09:00-15:30) / hackney.marshes@gll.org. Playfinder shows fully booked,
HYPERVSN,info@hypervsn.com,general,+44 20 8068 5328,https://hypervsn.com,company,"Nile Street, London",N1 7RD,London,Old St - Moreland Primary School,10,Available,Fri 2 Oct 20:00 (£90); Fri 9 Oct 20:00 (£90); Mon 12 Oct 18:00 (£90); Mon 12 Oct 19:00 (£90); Mon 12 Oct 20:00 (£90); Fri 16 Oct 20:00 (£90); +6 more,Fri 2 Oct 20:00 (£90) · 6-a-side · ~£7.50 per player at cost,Contact required: 020 8986 7955 (Mon-Fri 09:00-15:30) / hackney.marshes@gll.org. Playfinder shows fully booked,
Victoria Miro Gallery,info@victoria-miro.com,general,+44 20 7336 8109,https://www.victoria-miro.com/,tourism: gallery,"Wharf Road 16, London",N1 7RW,London,Shoreditch Rooftop,14,Available,Mon 28 Sep 18:00 (£72),Mon 28 Sep 18:00 (£72) · 5-a-side · ~£7.22 per player at cost,Contact required: 020 8986 7955 (Mon-Fri 09:00-15:30) / hackney.marshes@gll.org. Playfinder shows fully booked,
The Wenlock Arms,beer@wenlockarms.com,person_or_other,,https://wenlockarms.com/,amenity: pub,"Wenlock Road 26, London",N1 7TA,London,Shoreditch Rooftop,12,Available,Mon 28 Sep 18:00 (£72),Mon 28 Sep 18:00 (£72) · 5-a-side · ~£7.22 per player at cost,Contact required: 020 8986 7955 (Mon-Fri 09:00-15:30) / hackney.marshes@gll.org. Playfinder shows fully booked,
Moorfields at Hoxton,spectacles@moorfields.nhs.uk,person_or_other,+44 20 7253 3411,https://www.moorfields.nhs.uk/locations/moorfields-hoxton,amenity: hospital,"Bracklyn Street 1 & 5, London",N1 7TX,London,Shoreditch Rooftop,6,Available,Mon 28 Sep 18:00 (£72),Mon 28 Sep 18:00 (£72) · 5-a-side · ~£7.22 per player at cost,Contact required: 020 8986 7955 (Mon-Fri 09:00-15:30) / hackney.marshes@gll.org. Playfinder shows fully booked,
Propeller Digital,info@propeller.co.uk,general,+44 20 7836 2736,https://www.propeller.co.uk/,office building (multi-tenant),"42 Colebrooke Row, London",N1 8AF,London,Old St - Moreland Primary School,11,Available,Fri 2 Oct 20:00 (£90); Fri 9 Oct 20:00 (£90); Mon 12 Oct 18:00 (£90); Mon 12 Oct 19:00 (£90); Mon 12 Oct 20:00 (£90); Fri 16 Oct 20:00 (£90); +6 more,Fri 2 Oct 20:00 (£90) · 6-a-side · ~£7.50 per player at cost,Contact required: 020 8986 7955 (Mon-Fri 09:00-15:30) / hackney.marshes@gll.org. Playfinder shows fully booked,
Hanover Primary School,admin@hanover.islington.sch.uk,general,+44 20 7689 8949,https://www.hanover.islington.sch.uk/,amenity: school,"Noel Road, London",N1 8BD,London,Rosemary Gardens 3G - Islington,15,No availability,No availability: No evening slots listed for full or half pitch on 28-29 Sep. 30 Sep onwards not released y,,Contact required: 020 8986 7955 (Mon-Fri 09:00-15:30) / hackney.marshes@gll.org. Playfinder shows fully booked,COLA Shoreditch Park: Tue 29 Sep 17:30 (£91) · 5-a-side · ~£9.10 per player at cost; Old St - Moreland Primary School: Fri 2 Oct 20:00 (£90) · 6-a-side · ~£7.50 per player at cost; Shoreditch Rooftop: Mon 28 Sep 18:00 (£72) · 5-a-side · ~£7.22 per player at cost; Stepney 3G: Mon 28 Sep 17:30 (£3/pp) · 5-a-side · ~£3.00 per player at cost
Mail Boxes Etc. Angel Islington,info@mbeangelislington.co.uk,openstreetmap_tag,+44 20 4599 6742,https://www.mbe.co.uk/londonangelislington,shop: copyshop,"Duncan Street 8, London",N1 8BW,London,Old St - Moreland Primary School,10,Available,Fri 2 Oct 20:00 (£90); Fri 9 Oct 20:00 (£90); Mon 12 Oct 18:00 (£90); Mon 12 Oct 19:00 (£90); Mon 12 Oct 20:00 (£90); Fri 16 Oct 20:00 (£90); +6 more,Fri 2 Oct 20:00 (£90) · 6-a-side · ~£7.50 per player at cost,Contact required: 020 8986 7955 (Mon-Fri 09:00-15:30) / hackney.marshes@gll.org. Playfinder shows fully booked,
The Tamil Crown,info@thetamilcrown.com,general,+44 20 7916 2920,https://www.thetamilcrown.com/,amenity: pub,"Elia Street 16, London",N1 8DE,London,Rosemary Gardens 3G - Islington,19,No availability,No availability: No evening slots listed for full or half pitch on 28-29 Sep. 30 Sep onwards not released y,,Contact required: 020 8986 7955 (Mon-Fri 09:00-15:30) / hackney.marshes@gll.org. Playfinder shows fully booked,COLA Shoreditch Park: Tue 29 Sep 17:30 (£91) · 5-a-side · ~£9.10 per player at cost; Old St - Moreland Primary School: Fri 2 Oct 20:00 (£90) · 6-a-side · ~£7.50 per player at cost; Shoreditch Rooftop: Mon 28 Sep 18:00 (£72) · 5-a-side · ~£7.22 per player at cost; Stepney 3G: Mon 28 Sep 17:30 (£3/pp) · 5-a-side · ~£3.00 per player at cost
Japanese Gallery,info@ezendesigns.com,general,,https://ezendesigns.com/,tourism: gallery,"Camden Passage 23, London",N1 8EA,London,Rosemary Gardens 3G - Islington,19,No availability,No availability: No evening slots listed for full or half pitch on 28-29 Sep. 30 Sep onwards not released y,,Contact required: 020 8986 7955 (Mon-Fri 09:00-15:30) / hackney.marshes@gll.org. Playfinder shows fully booked,COLA Shoreditch Park: Tue 29 Sep 17:30 (£91) · 5-a-side · ~£9.10 per player at cost; Old St - Moreland Primary School: Fri 2 Oct 20:00 (£90) · 6-a-side · ~£7.50 per player at cost; Shoreditch Rooftop: Mon 28 Sep 18:00 (£72) · 5-a-side · ~£7.22 per player at cost; Stepney 3G: Mon 28 Sep 17:30 (£3/pp) · 5-a-side · ~£3.00 per player at cost
Kipferl Cafe & Kitchen,mail@kipferl.co.uk,general,,https://kipferl.co.uk/,amenity: cafe,"Camden Passage 20, London",N1 8ED,London,Rosemary Gardens 3G - Islington,18,No availability,No availability: No evening slots listed for full or half pitch on 28-29 Sep. 30 Sep onwards not released y,,Contact required: 020 8986 7955 (Mon-Fri 09:00-15:30) / hackney.marshes@gll.org. Playfinder shows fully booked,COLA Shoreditch Park: Tue 29 Sep 17:30 (£91) · 5-a-side · ~£9.10 per player at cost; Old St - Moreland Primary School: Fri 2 Oct 20:00 (£90) · 6-a-side · ~£7.50 per player at cost; Shoreditch Rooftop: Mon 28 Sep 18:00 (£72) · 5-a-side · ~£7.22 per player at cost; Stepney 3G: Mon 28 Sep 17:30 (£3/pp) · 5-a-side · ~£3.00 per player at cost
Frederick's,andreea@fredericks.co.uk,person_or_other,+44 20 7359 2888,https://www.fredericks.co.uk,amenity: restaurant,"Islington High Street 106, London",N1 8EG,London,Rosemary Gardens 3G - Islington,20,No availability,No availability: No evening slots listed for full or half pitch on 28-29 Sep. 30 Sep onwards not released y,,Contact required: 020 8986 7955 (Mon-Fri 09:00-15:30) / hackney.marshes@gll.org. Playfinder shows fully booked,COLA Shoreditch Park: Tue 29 Sep 17:30 (£91) · 5-a-side · ~£9.10 per player at cost; Old St - Moreland Primary School: Fri 2 Oct 20:00 (£90) · 6-a-side · ~£7.50 per player at cost; Shoreditch Rooftop: Mon 28 Sep 18:00 (£72) · 5-a-side · ~£7.22 per player at cost; Stepney 3G: Mon 28 Sep 17:30 (£3/pp) · 5-a-side · ~£3.00 per player at cost
Islington Law Centre,info@islingtonlaw.org.uk,openstreetmap_tag,,,lawyer,"38 Devonia Road, London",N1 8JH,London,Old St - Moreland Primary School,11,Available,Fri 2 Oct 20:00 (£90); Fri 9 Oct 20:00 (£90); Mon 12 Oct 18:00 (£90); Mon 12 Oct 19:00 (£90); Mon 12 Oct 20:00 (£90); Fri 16 Oct 20:00 (£90); +6 more,Fri 2 Oct 20:00 (£90) · 6-a-side · ~£7.50 per player at cost,Contact required: 020 8986 7955 (Mon-Fri 09:00-15:30) / hackney.marshes@gll.org. Playfinder shows fully booked,
Duke of Cambridge,duke@dukeorganic.co.uk,openstreetmap_tag,+44 20 7359 3066,https://dukeorganic.co.uk/,amenity: pub,"St. Peter's Street 30, London",N1 8JT,London,Rosemary Gardens 3G - Islington,14,No availability,No availability: No evening slots listed for full or half pitch on 28-29 Sep. 30 Sep onwards not released y,,Contact required: 020 8986 7955 (Mon-Fri 09:00-15:30) / hackney.marshes@gll.org. Playfinder shows fully booked,COLA Shoreditch Park: Tue 29 Sep 17:30 (£91) · 5-a-side · ~£9.10 per player at cost; Old St - Moreland Primary School: Fri 2 Oct 20:00 (£90) · 6-a-side · ~£7.50 per player at cost; Shoreditch Rooftop: Mon 28 Sep 18:00 (£72) · 5-a-side · ~£7.22 per player at cost; Stepney 3G: Mon 28 Sep 17:30 (£3/pp) · 5-a-side · ~£3.00 per player at cost
Plaquemine Lock,manager@plaqlock.com,person_or_other,+44 20 7688 1488,https://plaqlock.com/,amenity: pub,"Graham Street 139, London",N1 8LB,London,Rosemary Gardens 3G - Islington,18,No availability,No availability: No evening slots listed for full or half pitch on 28-29 Sep. 30 Sep onwards not released y,,Contact required: 020 8986 7955 (Mon-Fri 09:00-15:30) / hackney.marshes@gll.org. Playfinder shows fully booked,COLA Shoreditch Park: Tue 29 Sep 17:30 (£91) · 5-a-side · ~£9.10 per player at cost; Old St - Moreland Primary School: Fri 2 Oct 20:00 (£90) · 6-a-side · ~£7.50 per player at cost; Shoreditch Rooftop: Mon 28 Sep 18:00 (£72) · 5-a-side · ~£7.22 per player at cost; Stepney 3G: Mon 28 Sep 17:30 (£3/pp) · 5-a-side · ~£3.00 per player at cost
Earl of Essex,earl@earlofessex.net,openstreetmap_tag,+44 20 7424 5828,https://www.earlofessex.net/,amenity: pub,"Danbury Street 25, London",N1 8LE,London,Rosemary Gardens 3G - Islington,16,No availability,No availability: No evening slots listed for full or half pitch on 28-29 Sep. 30 Sep onwards not released y,,Contact required: 020 8986 7955 (Mon-Fri 09:00-15:30) / hackney.marshes@gll.org. Playfinder shows fully booked,COLA Shoreditch Park: Tue 29 Sep 17:30 (£91) · 5-a-side · ~£9.10 per player at cost; Old St - Moreland Primary School: Fri 2 Oct 20:00 (£90) · 6-a-side · ~£7.50 per player at cost; Shoreditch Rooftop: Mon 28 Sep 18:00 (£72) · 5-a-side · ~£7.22 per player at cost; Stepney 3G: Mon 28 Sep 17:30 (£3/pp) · 5-a-side · ~£3.00 per player at cost
The Old Queen's Head,bookings@theoldqueenshead.com,commercial,+44 20 7354 9993,https://www.theoldqueenshead.com/,amenity: pub,"Essex Road 44, London",N1 8LN,London,Rosemary Gardens 3G - Islington,14,No availability,No availability: No evening slots listed for full or half pitch on 28-29 Sep. 30 Sep onwards not released y,,Contact required: 020 8986 7955 (Mon-Fri 09:00-15:30) / hackney.marshes@gll.org. Playfinder shows fully booked,COLA Shoreditch Park: Tue 29 Sep 17:30 (£91) · 5-a-side · ~£9.10 per player at cost; Old St - Moreland Primary School: Fri 2 Oct 20:00 (£90) · 6-a-side · ~£7.50 per player at cost; Shoreditch Rooftop: Mon 28 Sep 18:00 (£72) · 5-a-side · ~£7.22 per player at cost; Stepney 3G: Mon 28 Sep 17:30 (£3/pp) · 5-a-side · ~£3.00 per player at cost
Planet Organic,talktous@planetorganic.com,person_or_other,+44 20 7288 9460,https://www.planetorganic.com/pages/islington,shop: supermarket,"Essex Road 64, London",N1 8LR,London,Rosemary Gardens 3G - Islington,13,No availability,No availability: No evening slots listed for full or half pitch on 28-29 Sep. 30 Sep onwards not released y,,Contact required: 020 8986 7955 (Mon-Fri 09:00-15:30) / hackney.marshes@gll.org. Playfinder shows fully booked,COLA Shoreditch Park: Tue 29 Sep 17:30 (£91) · 5-a-side · ~£9.10 per player at cost; Old St - Moreland Primary School: Fri 2 Oct 20:00 (£90) · 6-a-side · ~£7.50 per player at cost; Shoreditch Rooftop: Mon 28 Sep 18:00 (£72) · 5-a-side · ~£7.22 per player at cost; Stepney 3G: Mon 28 Sep 17:30 (£3/pp) · 5-a-side · ~£3.00 per player at cost
Steve Hatt,contact@stevehattfishmongers.co.uk,general,+44 20 7226 3963,https://www.stevehattfishmongers.co.uk,shop: seafood,"Essex Road 88, London",N1 8LU,London,Rosemary Gardens 3G - Islington,12,No availability,No availability: No evening slots listed for full or half pitch on 28-29 Sep. 30 Sep onwards not released y,,Contact required: 020 8986 7955 (Mon-Fri 09:00-15:30) / hackney.marshes@gll.org. Playfinder shows fully booked,COLA Shoreditch Park: Tue 29 Sep 17:30 (£91) · 5-a-side · ~£9.10 per player at cost; Old St - Moreland Primary School: Fri 2 Oct 20:00 (£90) · 6-a-side · ~£7.50 per player at cost; Shoreditch Rooftop: Mon 28 Sep 18:00 (£72) · 5-a-side · ~£7.22 per player at cost; Stepney 3G: Mon 28 Sep 17:30 (£3/pp) · 5-a-side · ~£3.00 per player at cost
The Alpaca,hello@thealpaca.co.uk,general,+44 20 3417 7224,https://www.thealpaca.co.uk/,amenity: pub,"Essex Road 84-86, London",N1 8LU,London,Rosemary Gardens 3G - Islington,12,No availability,No availability: No evening slots listed for full or half pitch on 28-29 Sep. 30 Sep onwards not released y,,Contact required: 020 8986 7955 (Mon-Fri 09:00-15:30) / hackney.marshes@gll.org. Playfinder shows fully booked,COLA Shoreditch Park: Tue 29 Sep 17:30 (£91) · 5-a-side · ~£9.10 per player at cost; Old St - Moreland Primary School: Fri 2 Oct 20:00 (£90) · 6-a-side · ~£7.50 per player at cost; Shoreditch Rooftop: Mon 28 Sep 18:00 (£72) · 5-a-side · ~£7.22 per player at cost; Stepney 3G: Mon 28 Sep 17:30 (£3/pp) · 5-a-side · ~£3.00 per player at cost
Ellis David Ltd,enquiries@ellisdavid.com,general,+44 20 7354 3881,https://ellisdavid.com/,insurance_agency,"Essex Rd, London N1 8LY, UK",N1 8LY,London,Rosemary Gardens 3G - Islington,10,No availability,No availability: No evening slots listed for full or half pitch on 28-29 Sep. 30 Sep onwards not released y,,Contact required: 020 8986 7955 (Mon-Fri 09:00-15:30) / hackney.marshes@gll.org. Playfinder shows fully booked,COLA Shoreditch Park: Tue 29 Sep 17:30 (£91) · 5-a-side · ~£9.10 per player at cost; Old St - Moreland Primary School: Fri 2 Oct 20:00 (£90) · 6-a-side · ~£7.50 per player at cost; Shoreditch Rooftop: Mon 28 Sep 18:00 (£72) · 5-a-side · ~£7.22 per player at cost; Stepney 3G: Mon 28 Sep 17:30 (£3/pp) · 5-a-side · ~£3.00 per player at cost
The Bill Murray,info@angelcomedy.co.uk,general,,https://www.angelcomedy.co.uk/,amenity: pub,"Queen's Head Street 39, London",N1 8NQ,London,Rosemary Gardens 3G - Islington,13,No availability,No availability: No evening slots listed for full or half pitch on 28-29 Sep. 30 Sep onwards not released y,,Contact required: 020 8986 7955 (Mon-Fri 09:00-15:30) / hackney.marshes@gll.org. Playfinder shows fully booked,COLA Shoreditch Park: Tue 29 Sep 17:30 (£91) · 5-a-side · ~£9.10 per player at cost; Old St - Moreland Primary School: Fri 2 Oct 20:00 (£90) · 6-a-side · ~£7.50 per player at cost; Shoreditch Rooftop: Mon 28 Sep 18:00 (£72) · 5-a-side · ~£7.22 per player at cost; Stepney 3G: Mon 28 Sep 17:30 (£3/pp) · 5-a-side · ~£3.00 per player at cost
City of London Academy Islington,info@colai.org.uk,general,+44 20 7226 8611,https://www.colai.org.uk/,amenity: school,"Prebend Street, London",N1 8PQ,London,Rosemary Gardens 3G - Islington,12,No availability,No availability: No evening slots listed for full or half pitch on 28-29 Sep. 30 Sep onwards not released y,,Contact required: 020 8986 7955 (Mon-Fri 09:00-15:30) / hackney.marshes@gll.org. Playfinder shows fully booked,COLA Shoreditch Park: Tue 29 Sep 17:30 (£91) · 5-a-side · ~£9.10 per player at cost; Old St - Moreland Primary School: Fri 2 Oct 20:00 (£90) · 6-a-side · ~£7.50 per player at cost; Shoreditch Rooftop: Mon 28 Sep 18:00 (£72) · 5-a-side · ~£7.22 per player at cost; Stepney 3G: Mon 28 Sep 17:30 (£3/pp) · 5-a-side · ~£3.00 per player at cost
Richard Cloudesley School,admin@cloudesley.islington.sch.uk,general,+44 20 7704 8127,https://www.cloudesley.islington.sch.uk/,amenity: school,"Prebend Street 1, London",N1 8RE,London,Rosemary Gardens 3G - Islington,13,No availability,No availability: No evening slots listed for full or half pitch on 28-29 Sep. 30 Sep onwards not released y,,Contact required: 020 8986 7955 (Mon-Fri 09:00-15:30) / hackney.marshes@gll.org. Playfinder shows fully booked,COLA Shoreditch Park: Tue 29 Sep 17:30 (£91) · 5-a-side · ~£9.10 per player at cost; Old St - Moreland Primary School: Fri 2 Oct 20:00 (£90) · 6-a-side · ~£7.50 per player at cost; Shoreditch Rooftop: Mon 28 Sep 18:00 (£72) · 5-a-side · ~£7.22 per player at cost; Stepney 3G: Mon 28 Sep 17:30 (£3/pp) · 5-a-side · ~£3.00 per player at cost
Paddle,procurement@paddle.com,person_or_other,,https://www.paddle.com/,service,"50 York Wy, London N1 9AB, UK",N1 9AB,London,Market Road,21,Available,Mon 28 Sep 18:00 (£110),Mon 28 Sep 18:00 (£110) · 5-a-side · ~£11.03 per player at cost,Contact required: 020 8986 7955 (Mon-Fri 09:00-15:30) / hackney.marshes@gll.org. Playfinder shows fully booked,
Impact Hub,london.euston@impacthub.net,person_or_other,+44 20 7841 3450,https://kingscross.impacthub.net/,coworking,"34b York Way, London",N1 9AB,London,Market Road,22,Available,Mon 28 Sep 18:00 (£110),Mon 28 Sep 18:00 (£110) · 5-a-side · ~£11.03 per player at cost,Contact required: 020 8986 7955 (Mon-Fri 09:00-15:30) / hackney.marshes@gll.org. Playfinder shows fully booked,
Rotunda,enquiries@rotundabarandrestaurant.co.uk,general,+44 20 7014 2840,https://rotundabarandrestaurant.co.uk/,amenity: restaurant,"York way 90, London",N1 9AG,London,Market Road,18,Available,Mon 28 Sep 18:00 (£110),Mon 28 Sep 18:00 (£110) · 5-a-side · ~£11.03 per player at cost,Contact required: 020 8986 7955 (Mon-Fri 09:00-15:30) / hackney.marshes@gll.org. Playfinder shows fully booked,
Ekachai,info@ekachai.co.uk,general,+44 7719 193780,https://www.ekachai.co.uk/,amenity: restaurant,"York Way 66, London",N1 9AG,London,Market Road,20,Available,Mon 28 Sep 18:00 (£110),Mon 28 Sep 18:00 (£110) · 5-a-side · ~£11.03 per player at cost,Contact required: 020 8986 7955 (Mon-Fri 09:00-15:30) / hackney.marshes@gll.org. Playfinder shows fully booked,
ROXi,support@roxi.tv,commercial,+44 20 7099 2751,http://www.roxi.tv/,corporate_office,"3 Bravingtons Walk, London N1 9AJ, UK",N1 9AJ,London,Market Road,24,Available,Mon 28 Sep 18:00 (£110),Mon 28 Sep 18:00 (£110) · 5-a-side · ~£11.03 per player at cost,Contact required: 020 8986 7955 (Mon-Fri 09:00-15:30) / hackney.marshes@gll.org. Playfinder shows fully booked,
Wzone Ltd,info@wzone.london,openstreetmap_tag,+44 7733 366986,https://www.wzone.london/,advertising_agency,"61 Caledonian Road, London",N1 9BT,London,Market Road,22,Available,Mon 28 Sep 18:00 (£110),Mon 28 Sep 18:00 (£110) · 5-a-side · ~£11.03 per player at cost,Contact required: 020 8986 7955 (Mon-Fri 09:00-15:30) / hackney.marshes@gll.org. Playfinder shows fully booked,
Rolls-Royce Holdings,jon.skelson@rolls-royce.com,person_or_other,+44 1332 242424,http://www.rolls-royce.com/,manufacturer,"90 York Wy, London N1 9FX, UK",N1 9FX,London,Market Road,18,Available,Mon 28 Sep 18:00 (£110),Mon 28 Sep 18:00 (£110) · 5-a-side · ~£11.03 per player at cost,Contact required: 020 8986 7955 (Mon-Fri 09:00-15:30) / hackney.marshes@gll.org. Playfinder shows fully booked,
The Guardian,guardian.letters@theguardian.com,openstreetmap_tag,+44 20 3353 2000,https://www.theguardian.com/,newspaper,"90 York Way, London",N1 9GU,London,Market Road,18,Available,Mon 28 Sep 18:00 (£110),Mon 28 Sep 18:00 (£110) · 5-a-side · ~£11.03 per player at cost,Contact required: 020 8986 7955 (Mon-Fri 09:00-15:30) / hackney.marshes@gll.org. Playfinder shows fully booked,
Mayvn Cafe,info@mayvn.co.uk,general,,https://www.mayvn.co.uk/,amenity: cafe,"Pentonville Road 4, London",N1 9HF,London,Old St - Moreland Primary School,11,Available,Fri 2 Oct 20:00 (£90); Fri 9 Oct 20:00 (£90); Mon 12 Oct 18:00 (£90); Mon 12 Oct 19:00 (£90); Mon 12 Oct 20:00 (£90); Fri 16 Oct 20:00 (£90); +6 more,Fri 2 Oct 20:00 (£90) · 6-a-side · ~£7.50 per player at cost,Contact required: 020 8986 7955 (Mon-Fri 09:00-15:30) / hackney.marshes@gll.org. Playfinder shows fully booked,
Anomalous Space,info@anomalous.co.uk,general,+44 20 7837 3025,http://www.anomalous.co.uk/space,coworking_space,"36 Pentonville Rd, London N1 9HF, UK",N1 9HF,London,Old St - Moreland Primary School,12,Available,Fri 2 Oct 20:00 (£90); Fri 9 Oct 20:00 (£90); Mon 12 Oct 18:00 (£90); Mon 12 Oct 19:00 (£90); Mon 12 Oct 20:00 (£90); Fri 16 Oct 20:00 (£90); +6 more,Fri 2 Oct 20:00 (£90) · 6-a-side · ~£7.50 per player at cost,Contact required: 020 8986 7955 (Mon-Fri 09:00-15:30) / hackney.marshes@gll.org. Playfinder shows fully booked,
Paris Dauphine University - London Campus,contact.master-ddo@dauphine.psl.eu,person_or_other,+44 7930 861259,https://london.dauphine.psl.eu/,amenity: university,"Pentonville Road 46-52, London",N1 9HF,London,Old St - Moreland Primary School,12,Available,Fri 2 Oct 20:00 (£90); Fri 9 Oct 20:00 (£90); Mon 12 Oct 18:00 (£90); Mon 12 Oct 19:00 (£90); Mon 12 Oct 20:00 (£90); Fri 16 Oct 20:00 (£90); +6 more,Fri 2 Oct 20:00 (£90) · 6-a-side · ~£7.50 per player at cost,Contact required: 020 8986 7955 (Mon-Fri 09:00-15:30) / hackney.marshes@gll.org. Playfinder shows fully booked,
Fara Charity Shop,mail@faracharity.org,general,+44 20 7713 0931,https://www.faracharityshops.org/,shop: furniture,"Pentonville Road 28-32, London",N1 9HJ,London,Old St - Moreland Primary School,11,Available,Fri 2 Oct 20:00 (£90); Fri 9 Oct 20:00 (£90); Mon 12 Oct 18:00 (£90); Mon 12 Oct 19:00 (£90); Mon 12 Oct 20:00 (£90); Fri 16 Oct 20:00 (£90); +6 more,Fri 2 Oct 20:00 (£90) · 6-a-side · ~£7.50 per player at cost,Contact required: 020 8986 7955 (Mon-Fri 09:00-15:30) / hackney.marshes@gll.org. Playfinder shows fully booked,
Saint Espresso,hello@saintespresso.com,openstreetmap_tag,,https://www.saintespresso.com/,amenity: cafe,"Pentonville Road 26, London",N1 9HJ,London,Old St - Moreland Primary School,11,Available,Fri 2 Oct 20:00 (£90); Fri 9 Oct 20:00 (£90); Mon 12 Oct 18:00 (£90); Mon 12 Oct 19:00 (£90); Mon 12 Oct 20:00 (£90); Fri 16 Oct 20:00 (£90); +6 more,Fri 2 Oct 20:00 (£90) · 6-a-side · ~£7.50 per player at cost,Contact required: 020 8986 7955 (Mon-Fri 09:00-15:30) / hackney.marshes@gll.org. Playfinder shows fully booked,
Applied Information Group,info@appliedinformation.group,openstreetmap_tag,+44 20 7017 8488,https://www.appliedinformation.group/,graphic_design,"90–92 Pentonville Road, London",N1 9HS,London,Old St - Moreland Primary School,14,Available,Fri 2 Oct 20:00 (£90); Fri 9 Oct 20:00 (£90); Mon 12 Oct 18:00 (£90); Mon 12 Oct 19:00 (£90); Mon 12 Oct 20:00 (£90); Fri 16 Oct 20:00 (£90); +6 more,Fri 2 Oct 20:00 (£90) · 6-a-side · ~£7.50 per player at cost,Contact required: 020 8986 7955 (Mon-Fri 09:00-15:30) / hackney.marshes@gll.org. Playfinder shows fully booked,
The Lexington,info@thelexington.co.uk,general,+44 20 7837 5371,https://thelexington.co.uk/,amenity: pub,"Pentonville Road 96-98, London",N1 9JB,London,Old St - Moreland Primary School,15,Available,Fri 2 Oct 20:00 (£90); Fri 9 Oct 20:00 (£90); Mon 12 Oct 18:00 (£90); Mon 12 Oct 19:00 (£90); Mon 12 Oct 20:00 (£90); Fri 16 Oct 20:00 (£90); +6 more,Fri 2 Oct 20:00 (£90) · 6-a-side · ~£7.50 per player at cost,Contact required: 020 8986 7955 (Mon-Fri 09:00-15:30) / hackney.marshes@gll.org. Playfinder shows fully booked,
The Pears Family School,reception@thefamilyschoollondon.org,general,+44 20 3693 4911,https://www.thefamilyschoollondon.org/,amenity: school,"Bradley Close 1-15, London",N1 9JH,London,Old St - Moreland Primary School,13,Available,Fri 2 Oct 20:00 (£90); Fri 9 Oct 20:00 (£90); Mon 12 Oct 18:00 (£90); Mon 12 Oct 19:00 (£90); Mon 12 Oct 20:00 (£90); Fri 16 Oct 20:00 (£90); +6 more,Fri 2 Oct 20:00 (£90) · 6-a-side · ~£7.50 per player at cost,Contact required: 020 8986 7955 (Mon-Fri 09:00-15:30) / hackney.marshes@gll.org. Playfinder shows fully booked,
British Marketing Agency,support@xpfreelancer.com,commercial,+44 7470 623563,https://www.xpfreelancer.com/,consultant,"Pentonville Rd, London N1 9JP, UK",N1 9JP,London,Old St - Moreland Primary School,21,Available,Fri 2 Oct 20:00 (£90); Fri 9 Oct 20:00 (£90); Mon 12 Oct 18:00 (£90); Mon 12 Oct 19:00 (£90); Mon 12 Oct 20:00 (£90); Fri 16 Oct 20:00 (£90); +6 more,Fri 2 Oct 20:00 (£90) · 6-a-side · ~£7.50 per player at cost,Contact required: 020 8986 7955 (Mon-Fri 09:00-15:30) / hackney.marshes@gll.org. Playfinder shows fully booked,
DoubleTree by Hilton London Angel Kings Cross,information@dtislington.com,openstreetmap_tag,+44 20 7282 5500,https://www.hilton.com/en/hotels/lonlidi-doubletree-london-angel-kings-cross/,tourism: hotel,"Pentonville Road 60, London",N1 9LA,London,Old St - Moreland Primary School,13,Available,Fri 2 Oct 20:00 (£90); Fri 9 Oct 20:00 (£90); Mon 12 Oct 18:00 (£90); Mon 12 Oct 19:00 (£90); Mon 12 Oct 20:00 (£90); Fri 16 Oct 20:00 (£90); +6 more,Fri 2 Oct 20:00 (£90) · 6-a-side · ~£7.50 per player at cost,Contact required: 020 8986 7955 (Mon-Fri 09:00-15:30) / hackney.marshes@gll.org. Playfinder shows fully booked,
Pandas Kitchen,hello@pandas.kitchen,general,+44 20 7278 8666,https://www.pandas.kitchen/angel,amenity: restaurant,"Islington High Street 11, London",N1 9LQ,London,Old St - Moreland Primary School,10,Available,Fri 2 Oct 20:00 (£90); Fri 9 Oct 20:00 (£90); Mon 12 Oct 18:00 (£90); Mon 12 Oct 19:00 (£90); Mon 12 Oct 20:00 (£90); Fri 16 Oct 20:00 (£90); +6 more,Fri 2 Oct 20:00 (£90) · 6-a-side · ~£7.50 per player at cost,Contact required: 020 8986 7955 (Mon-Fri 09:00-15:30) / hackney.marshes@gll.org. Playfinder shows fully booked,
T-Tech,info@ttech.uk.com,general,+44 20 7472 5444,http://www.ttech.uk.com/,consultant,"94 White Lion St, London N1 9PF, UK",N1 9PF,London,Old St - Moreland Primary School,12,Available,Fri 2 Oct 20:00 (£90); Fri 9 Oct 20:00 (£90); Mon 12 Oct 18:00 (£90); Mon 12 Oct 19:00 (£90); Mon 12 Oct 20:00 (£90); Fri 16 Oct 20:00 (£90); +6 more,Fri 2 Oct 20:00 (£90) · 6-a-side · ~£7.50 per player at cost,Contact required: 020 8986 7955 (Mon-Fri 09:00-15:30) / hackney.marshes@gll.org. Playfinder shows fully booked,
The Chapel Bar,info@thechapelbar.co.uk,general,+44 20 7833 4090,https://thechapelbar.co.uk/,amenity: bar,"Penton Street 29, London",N1 9PX,London,Old St - Moreland Primary School,16,Available,Fri 2 Oct 20:00 (£90); Fri 9 Oct 20:00 (£90); Mon 12 Oct 18:00 (£90); Mon 12 Oct 19:00 (£90); Mon 12 Oct 20:00 (£90); Fri 16 Oct 20:00 (£90); +6 more,Fri 2 Oct 20:00 (£90) · 6-a-side · ~£7.50 per player at cost,Contact required: 020 8986 7955 (Mon-Fri 09:00-15:30) / hackney.marshes@gll.org. Playfinder shows fully booked,
NCVO,hello@ncvo.org.uk,general,+44 20 7520 2590,https://www.ncvo.org.uk/,charity,"8 All Saints Street, London",N1 9RL,London,Market Road,20,Available,Mon 28 Sep 18:00 (£110),Mon 28 Sep 18:00 (£110) · 5-a-side · ~£11.03 per player at cost,Contact required: 020 8986 7955 (Mon-Fri 09:00-15:30) / hackney.marshes@gll.org. Playfinder shows fully booked,
cinch Cars Ltd.,hello@cinch.co.uk,general,+44 333 015 4101,https://www.cinch.co.uk/,corporate_office,"Constellation House, 20 New Wharf Rd, London N1 9RR, UK",N1 9RR,London,Market Road,20,Available,Mon 28 Sep 18:00 (£110),Mon 28 Sep 18:00 (£110) · 5-a-side · ~£11.03 per player at cost,Contact required: 020 8986 7955 (Mon-Fri 09:00-15:30) / hackney.marshes@gll.org. Playfinder shows fully booked,
London Canal Museum,info@canalmuseum.org.uk,general,+44 20 7713 0836,https://canalmuseum.org.uk/,tourism: museum,"New Wharf Road 12-13, London",N1 9RT,London,Market Road,20,Available,Mon 28 Sep 18:00 (£110),Mon 28 Sep 18:00 (£110) · 5-a-side · ~£11.03 per player at cost,Contact required: 020 8986 7955 (Mon-Fri 09:00-15:30) / hackney.marshes@gll.org. Playfinder shows fully booked,
