#,Priority,Segment,Area,Company name,Name for messages,Companies House number,Companies House link,Accounts type,Incorporated,Registered address,Postcode,Group entities collapsed,Also in earlier 933 research list (not messaged),Nearest pitch,Walk to nearest (min),Lead-with pitch,Walk to lead-with pitch (min),Other pitches within 19 min,Latitude,Longitude
1,1,Law firm,City of London,Allen Overy Shearman Sterling LLP,A&O Shearman,OC306763,https://find-and-update.company-information.service.gov.uk/company/OC306763,Group,30/01/2004,"One Bishops  Square, London",E1 6AD,5,,Liverpool St - Attlee Centre,5.6,Shoreditch Powerleague,6.5,Shoreditch Powerleague (6.5),51.519787,-0.076856
2,1,Law firm,City of London,Baker & McKenzie LLP,Baker McKenzie,OC311297,https://find-and-update.company-information.service.gov.uk/company/OC311297,Group,01/02/2005,"280 Bishopsgate, London",EC2M 4AG,2,,Shoreditch Powerleague,6.9,Shoreditch Powerleague,6.9,Liverpool St - Attlee Centre (7.1),51.519875,-0.07838
3,1,Law firm,City of London,Shoosmiths LLP,Shoosmiths,OC374987,https://find-and-update.company-information.service.gov.uk/company/OC374987,Group,04/05/2012,"1 Bow Churchyard, London",EC4M 9DQ,2,,City of London School (EC4V 3AL),7.6,City of London School (EC4V 3AL),7.6,Marlborough Sports Garden (SE1 1SD) (18.1),51.513546,-0.093895
4,1,Law firm,City of London,Herbert Smith Freehills Kramer Global LLP,Herbert Smith Freehills Kramer,OC375784,https://find-and-update.company-information.service.gov.uk/company/OC375784,Group,06/06/2012,"Exchange House, Primrose Street, London",EC2A 2EG,8,,Shoreditch Powerleague,7.9,Shoreditch Powerleague,7.9,Liverpool St - Attlee Centre (9.8),51.520237,-0.080743
5,1,Law firm,City of London,Ashurst Perkins Coie UK LLP,Ashurst Perkins Coie,OC330252,https://find-and-update.company-information.service.gov.uk/company/OC330252,Group,31/07/2007,"1 Duval Square, London Fruit And Wool Exchange, London",E1 6PW,2,,Liverpool St - Attlee Centre,3.3,Shoreditch Powerleague,8.1,Shoreditch Powerleague (8.1); Whitechapel (18.6),51.518837,-0.075426
6,1,Law firm,City of London,Carey Olsen LLP,Carey Olsen,OC345292,https://find-and-update.company-information.service.gov.uk/company/OC345292,Group,29/04/2009,"Forum St Pauls, 33 Gutter Lane, London",EC2V 8AS,1,,City of London School (EC4V 3AL),8.7,City of London School (EC4V 3AL),8.7,,51.515219,-0.095627
7,1,Law firm,City of London,Eversheds Sutherland (International) LLP,Eversheds Sutherland,OC304065,https://find-and-update.company-information.service.gov.uk/company/OC304065,Group,05/03/2003,"One Wood Street, London",EC2V 7WS,1,,City of London School (EC4V 3AL),8.7,City of London School (EC4V 3AL),8.7,,51.514724,-0.094466
8,1,Law firm,City of London,Goodwin Procter (UK) LLP,Goodwin Procter,OC362294,https://find-and-update.company-information.service.gov.uk/company/OC362294,Group,01/03/2011,"Sancroft, Newgate Street, London",EC1A 7AZ,2,,City of London School (EC4V 3AL),8.7,City of London School (EC4V 3AL),8.7,,51.515796,-0.100691
9,1,Law firm,City of London,Withers LLP,Withers,OC301149,https://find-and-update.company-information.service.gov.uk/company/OC301149,Group,13/12/2001,"Third Floor, 20 Old Bailey, London",EC4M 7AN,3,,City of London School (EC4V 3AL),9.1,City of London School (EC4V 3AL),9.1,,51.515715,-0.10238
10,1,Law firm,City of London,Charles Russell Speechlys LLP,Charles Russell Speechlys,OC311850,https://find-and-update.company-information.service.gov.uk/company/OC311850,Group,24/02/2005,"5 Fleet Place, London",EC4M 7RD,5,,City of London School (EC4V 3AL),9.2,City of London School (EC4V 3AL),9.2,,51.51522,-0.104001
11,1,Law firm,City of London,CMS Cameron McKenna Nabarro Olswang LLP,CMS Cameron McKenna Nabarro Olswang,OC310335,https://find-and-update.company-information.service.gov.uk/company/OC310335,Group,02/12/2004,"Cannon Place, 78 Cannon Street, London",EC4N 6AF,2,,City of London School (EC4V 3AL),10.3,City of London School (EC4V 3AL),10.3,Marlborough Sports Garden (SE1 1SD) (14.7),51.511381,-0.09021
12,1,Law firm,City of London,Bryan Cave Leighton Paisner LLP,Bryan Cave Leighton Paisner,OC315919,https://find-and-update.company-information.service.gov.uk/company/OC315919,Group,01/11/2005,"Governor'S House, 5 Laurence Pountney Hill, London",EC4R 0BR,3,,City of London School (EC4V 3AL),11.7,City of London School (EC4V 3AL),11.7,Marlborough Sports Garden (SE1 1SD) (13.4),51.510391,-0.08904
13,1,Law firm,City of London,Osborne Clarke LLP,Osborne Clarke,OC397443,https://find-and-update.company-information.service.gov.uk/company/OC397443,Group,12/01/2015,"One London Wall, London",EC2Y 5EB,1,,City of London School (EC4V 3AL),11.9,City of London School (EC4V 3AL),11.9,Finsbury Leisure Centre (EC1V 3PU) (16),51.517285,-0.096031
14,1,Law firm,City of London,Fragomen (GB) Limited,Fragomen,04732334,https://find-and-update.company-information.service.gov.uk/company/04732334,Group,13/04/2003,"95 Gresham Street, 1St Floor, London",EC2V 7NA,1,,City of London School (EC4V 3AL),12.0,City of London School (EC4V 3AL),12.0,,51.51508,-0.090948
15,1,Law firm,City of London,Fieldfisher LLP,Fieldfisher,OC318472,https://find-and-update.company-information.service.gov.uk/company/OC318472,Group,16/03/2006,"Riverbank House, 2 Swan Lane, London",EC4R 3TT,3,,City of London School (EC4V 3AL),12.4,City of London School (EC4V 3AL),12.4,Marlborough Sports Garden (SE1 1SD) (12.4),51.50969,-0.088522
16,1,Law firm,City of London,Hogan Lovells Cadwalader International LLP,Hogan Lovells Cadwalader,OC323639,https://find-and-update.company-information.service.gov.uk/company/OC323639,Group,02/11/2006,"Atlantic House, Holborn Viaduct, London",EC1A 2FG,8,Hogan Lovells Cadwalader (Holdings) No. 2,City of London School (EC4V 3AL),13.9,City of London School (EC4V 3AL),13.9,,51.517595,-0.105747
17,1,Law firm,City of London,Mills & Reeve LLP,Mills & Reeve,OC326165,https://find-and-update.company-information.service.gov.uk/company/OC326165,Group,20/02/2007,"24 King William Street, London",EC4R 9AT,1,,City of London School (EC4V 3AL),13.9,City of London School (EC4V 3AL),13.9,Marlborough Sports Garden (SE1 1SD) (14.5),51.510475,-0.087048
18,1,Law firm,City of London,DLA Piper International LLP,DLA Piper,OC305357,https://find-and-update.company-information.service.gov.uk/company/OC305357,Group,22/08/2003,"160 Aldersgate Street, London",EC1A 4HT,2,,Finsbury Leisure Centre (EC1V 3PU),13.6,City of London School (EC4V 3AL),14.0,City of London School (EC4V 3AL) (14); Old St - Moreland Primary School (18.4),51.518691,-0.097312
19,1,Law firm,City of London,Lighthouse Global Europe Limited,Lighthouse,09610972,https://find-and-update.company-information.service.gov.uk/company/09610972,Group,27/05/2015,"68 King William Street, London",EC4N 7HR,2,,City of London School (EC4V 3AL),14.1,City of London School (EC4V 3AL),14.1,Marlborough Sports Garden (SE1 1SD) (15.6),51.511129,-0.086848
20,1,Law firm,City of London,Howard Kennedy LLP,Howard Kennedy,OC361417,https://find-and-update.company-information.service.gov.uk/company/OC361417,Group,01/02/2011,"No.1, London Bridge, London",SE1 9BG,2,,Marlborough Sports Garden (SE1 1SD),8.5,City of London School (EC4V 3AL),15.5,City of London School (EC4V 3AL) (15.5); Borough Academy (16.1),51.506545,-0.087559
21,1,Law firm,City of London,Linklaters LLP,Linklaters,OC326345,https://find-and-update.company-information.service.gov.uk/company/OC326345,Group,27/02/2007,"20 Ropemaker Street, London",EC2Y 9AR,2,,Finsbury Leisure Centre (EC1V 3PU),13.9,Shoreditch Powerleague,15.7,Shoreditch Powerleague (15.7); Liverpool St - Attlee Centre (17.7),51.519643,-0.088408
22,1,Law firm,City of London,Three Crowns (Services) LLP,Three Crowns,OC389628,https://find-and-update.company-information.service.gov.uk/company/OC389628,Group,02/12/2013,"The Jj Mack Building, 33 Charterhouse Street, London",EC1M 6HA,1,,City of London School (EC4V 3AL),15.7,City of London School (EC4V 3AL),15.7,Finsbury Leisure Centre (EC1V 3PU) (15.7); Old St - Moreland Primary School (18.5),51.519262,-0.103703
23,1,Law firm,City of London,Stephenson Harwood LLP,Stephenson Harwood,OC373597,https://find-and-update.company-information.service.gov.uk/company/OC373597,Group,21/03/2012,"1 Finsbury Circus, London",EC2M 7SH,2,,Shoreditch Powerleague,15.9,Shoreditch Powerleague,15.9,Liverpool St - Attlee Centre (16.3); Finsbury Leisure Centre (EC1V 3PU) (16.6),51.518286,-0.087355
24,1,Law firm,City of London,Devonshires Solicitors LLP,Devonshires Solicitors,OC397401,https://find-and-update.company-information.service.gov.uk/company/OC397401,Group,07/01/2015,"30 Finsbury Circus, London",EC2M 7DT,1,,Liverpool St - Attlee Centre,16.5,Shoreditch Powerleague,16.7,Shoreditch Powerleague (16.7); Finsbury Leisure Centre (EC1V 3PU) (17.4),51.517696,-0.087567
25,1,Law firm,City of London,PGMBM Ltd,Pogust Goodhead,11468874,https://find-and-update.company-information.service.gov.uk/company/11468874,Group,17/07/2018,"Chancery House, 53 - 64 Chancery Lane, London",WC2A 1QS,1,,St Pancras - Coram's Fields 3G,16.9,St Pancras - Coram's Fields 3G,16.9,,51.517486,-0.112915
26,1,Law firm,City of London,Squire Patton Boggs (UK) LLP,Squire Patton Boggs,OC335584,https://find-and-update.company-information.service.gov.uk/company/OC335584,Group,14/03/2008,"60 London Wall, London",EC2M 5TQ,1,,Liverpool St - Attlee Centre,15.7,Shoreditch Powerleague,17.1,Shoreditch Powerleague (17.1); City of London School (EC4V 3AL) (17.6),51.516838,-0.08681
27,1,Law firm,City of London,Simmons & Simmons LLP,Simmons & Simmons,OC352713,https://find-and-update.company-information.service.gov.uk/company/OC352713,Group,01/03/2010,"Citypoint, One Ropemaker Street, London",EC2Y 9SS,3,,Finsbury Leisure Centre (EC1V 3PU),13.7,Shoreditch Powerleague,17.2,Shoreditch Powerleague (17.2); City of London School (EC4V 3AL) (18.6),51.519348,-0.089631
28,1,Law firm,City of London,Beale & Company Solicitors LLP,Beale & Company Solicitors,OC310010,https://find-and-update.company-information.service.gov.uk/company/OC310010,Group,15/11/2004,"7 Bishopsgate, London",EC2N 3AR,1,,Liverpool St - Attlee Centre,13.1,Shoreditch Powerleague,17.7,Shoreditch Powerleague (17.7),51.514768,-0.083395
29,1,Law firm,City of London,Kennedys Law LLP,Kennedys,OC353214,https://find-and-update.company-information.service.gov.uk/company/OC353214,Group,15/03/2010,"Kennedys, 20 Fenchurch Street, London",EC3M 3BY,1,,Liverpool St - Attlee Centre,16.7,City of London School (EC4V 3AL),17.8,City of London School (EC4V 3AL) (17.8); Marlborough Sports Garden (SE1 1SD) (18.1),51.511398,-0.083507
30,1,Law firm,City of London,Holman Fenwick Willan LLP,Holman Fenwick Willan,OC343361,https://find-and-update.company-information.service.gov.uk/company/OC343361,Group,16/02/2009,"8 Bishopsgate, London",EC2N 4BQ,8,,Liverpool St - Attlee Centre,13.7,City of London School (EC4V 3AL),18.7,City of London School (EC4V 3AL) (18.7); Shoreditch Powerleague (18.7),51.514149,-0.083493
31,1,Law firm,City of London,Duncan Lewis Solicitors Ltd,Duncan Lewis Solicitors,03718422,https://find-and-update.company-information.service.gov.uk/company/03718422,Group,23/02/1999,"Sackville House 143-149, Fenchurch Street, London",EC3M 6BL,1,,Liverpool St - Attlee Centre,15.5,City of London School (EC4V 3AL),19.0,City of London School (EC4V 3AL) (19),51.511669,-0.082487
32,1,Bank,City of London,Cynergy Bank PLC,Cynergy Bank,04728421,https://find-and-update.company-information.service.gov.uk/company/04728421,Group,09/04/2003,"4Th Floor, One New Change, London",EC4M 9AF,1,,City of London School (EC4V 3AL),6.1,City of London School (EC4V 3AL),6.1,Marlborough Sports Garden (SE1 1SD) (18.5),51.513624,-0.095953
33,1,Bank,City of London,Itaú BBA International PLC,Itaú BBA,07425398,https://find-and-update.company-information.service.gov.uk/company/07425398,Group,01/11/2010,"The Broadgate Tower, Level 10A, 20 Primrose Street, London",EC2A 2EW,1,Itau Bba International,Shoreditch Powerleague,6.3,Shoreditch Powerleague,6.3,Liverpool St - Attlee Centre (9.9),51.521062,-0.080031
34,1,Bank,City of London,Mizuho International PLC,Mizuho,01203696,https://find-and-update.company-information.service.gov.uk/company/01203696,Group,14/03/1975,"30 Old Bailey, London",EC4M 7AU,1,Mizuho Leasing (Uk),City of London School (EC4V 3AL),7.8,City of London School (EC4V 3AL),7.8,,51.514899,-0.102515
35,1,Bank,City of London,National Westminster Bank Public Limited Company,NatWest,00929027,https://find-and-update.company-information.service.gov.uk/company/00929027,Group,18/03/1968,"250 Bishopsgate, London",EC2M 4AA,1,,Liverpool St - Attlee Centre,6.9,Shoreditch Powerleague,7.8,Shoreditch Powerleague (7.8),51.519375,-0.078589
36,1,Bank,City of London,Starling Bank Limited,Starling Bank,09092149,https://find-and-update.company-information.service.gov.uk/company/09092149,Group,18/06/2014,"5Th Floor London Fruit And Wool Exchange, 1 Duval Square, London",E1 6PW,1,,Liverpool St - Attlee Centre,3.3,Shoreditch Powerleague,8.1,Shoreditch Powerleague (8.1); Whitechapel (18.6),51.518837,-0.075426
37,1,Bank,City of London,Lloyds Bank PLC,Lloyds Bank,00002065,https://find-and-update.company-information.service.gov.uk/company/00002065,Group,20/04/1865,"25 Gresham Street, London",EC2V 7HN,4,,City of London School (EC4V 3AL),10.4,City of London School (EC4V 3AL),10.4,Finsbury Leisure Centre (EC1V 3PU) (17.8),51.516262,-0.095569
38,1,Bank,City of London,Allica Bank Limited,Allica Bank,07706156,https://find-and-update.company-information.service.gov.uk/company/07706156,Group,15/07/2011,"4Th/5Th Floor, 15 Worship Street, London",EC2A 2DT,1,Allica Bank,Shoreditch Powerleague,11.7,Shoreditch Powerleague,11.7,Finsbury Leisure Centre (EC1V 3PU) (12.2); Liverpool St - Attlee Centre (16.9),51.522446,-0.086027
39,1,Bank,City of London,Standard Chartered Bank,Standard Chartered Bank,ZC000018,https://find-and-update.company-information.service.gov.uk/company/ZC000018,Group,29/12/1953,"1 Basinghall Avenue, London",EC2V 5DD,1,,City of London School (EC4V 3AL),14.7,City of London School (EC4V 3AL),14.7,Finsbury Leisure Centre (EC1V 3PU) (17.1),51.51708,-0.090605
40,1,Bank,City of London,Gatehouse Bank PLC,Gatehouse Bank,06260053,https://find-and-update.company-information.service.gov.uk/company/06260053,Group,25/05/2007,"The Helicon, One South Place, London",EC2M 2RB,1,Gatehouse Bank,Shoreditch Powerleague,14.9,Shoreditch Powerleague,14.9,Finsbury Leisure Centre (EC1V 3PU) (15.2); Liverpool St - Attlee Centre (16.3),51.519283,-0.08727
41,1,Bank,City of London,Hampshire Trust Bank PLC,Hampshire Trust Bank,01311315,https://find-and-update.company-information.service.gov.uk/company/01311315,Group,28/04/1977,"80 Fenchurch Street, London",EC3M 4BY,1,,Liverpool St - Attlee Centre,10.3,Shoreditch Powerleague,18.7,Shoreditch Powerleague (18.7),51.513039,-0.077717
42,1,Bank,City of London,Shawbrook Bank Limited,Shawbrook Bank,00388466,https://find-and-update.company-information.service.gov.uk/company/00388466,Group,29/06/1944,"Floor 10,, 40 Leadenhall Street, London",EC3A 2BJ,1,Shawbrook Bank,Liverpool St - Attlee Centre,11.1,Shoreditch Powerleague,18.7,Shoreditch Powerleague (18.7),51.513208,-0.079295
43,1,Public / state-owned bank,City of London,ICBC Standard Bank PLC,ICBC Standard Bank,02130447,https://find-and-update.company-information.service.gov.uk/company/02130447,Group,11/05/1987,"20 Gresham Street, London",EC2V 7JE,2,Icbc (London),City of London School (EC4V 3AL),10.0,City of London School (EC4V 3AL),10.0,,51.515314,-0.093706
44,1,Public / state-owned bank,City of London,Bank of England,the Bank of England,,,Statutory corporation,,"Threadneedle Street, London",EC2R 8AH,9,Bank Of England Alternative Liquidity Facility,City of London School (EC4V 3AL),13.4,City of London School (EC4V 3AL),13.4,Liverpool St - Attlee Centre (18.9),51.514188,-0.088622
45,1,Public / state-owned bank,City of London,Agdevco Limited,AgDevCo,07026479,https://find-and-update.company-information.service.gov.uk/company/07026479,Group,22/09/2009,"Chancery House 53-64 Chancery Lane, Holborn, London",WC2A 1QS,2,,St Pancras - Coram's Fields 3G,16.9,St Pancras - Coram's Fields 3G,16.9,,51.517486,-0.112915
46,1,Private bank,City of London,Investec Bank PLC,Investec Bank,00489604,https://find-and-update.company-information.service.gov.uk/company/00489604,Group,20/12/1950,"30 Gresham Street, London",EC2V 7QP,2,,City of London School (EC4V 3AL),10.3,City of London School (EC4V 3AL),10.3,,51.515104,-0.092951
47,2,Law firm,City of London,"Morgan, Lewis & Bockius UK LLP","Morgan, Lewis & Bockius",OC378797,https://find-and-update.company-information.service.gov.uk/company/OC378797,Full,26/09/2012,"Condor House 5-10, St. Paul'S Churchyard, London",EC4M 8AL,6,,City of London School (EC4V 3AL),4.0,City of London School (EC4V 3AL),4.0,Marlborough Sports Garden (SE1 1SD) (19),51.51326,-0.099571
48,2,Law firm,City of London,Dechert LLP,Dechert,OC306029,https://find-and-update.company-information.service.gov.uk/company/OC306029,Full,12/11/2003,"25 Cannon Street, London",EC4M 5UB,3,,City of London School (EC4V 3AL),5.6,City of London School (EC4V 3AL),5.6,Marlborough Sports Garden (SE1 1SD) (17.5),51.513062,-0.095659
49,2,Law firm,City of London,K&L Gates LLP,K&L Gates,OC309508,https://find-and-update.company-information.service.gov.uk/company/OC309508,Full,07/10/2004,"One, New Change, London",EC4M 9AF,1,,City of London School (EC4V 3AL),6.1,City of London School (EC4V 3AL),6.1,Marlborough Sports Garden (SE1 1SD) (18.5),51.513624,-0.095953
50,2,Law firm,City of London,Burford Capital Services Limited,Burford Capital,13128424,https://find-and-update.company-information.service.gov.uk/company/13128424,Full,12/01/2021,"Paternoster House, 4Th Floor, 65 St Paul'S Churchyard, London",EC4M 8AB,1,,City of London School (EC4V 3AL),6.2,City of London School (EC4V 3AL),6.2,,51.514417,-0.098269
51,2,Law firm,City of London,Katten Muchin Rosenman UK LLP,Katten Muchin Rosenman,OC312814,https://find-and-update.company-information.service.gov.uk/company/OC312814,Full,18/04/2005,"Paternoster House, 65 St Paul'S Churchyard, London",EC4M 8AB,1,,City of London School (EC4V 3AL),6.2,City of London School (EC4V 3AL),6.2,,51.514417,-0.098269
52,2,Law firm,City of London,Bristows (Services) Limited,Bristows,07422632,https://find-and-update.company-information.service.gov.uk/company/07422632,Full,28/10/2010,"100 Victoria Embankment, London",EC4Y 0DH,1,,City of London School (EC4V 3AL),6.3,City of London School (EC4V 3AL),6.3,,51.511575,-0.104916
53,2,Law firm,City of London,Maples and Calder,Maples Group,03369233,https://find-and-update.company-information.service.gov.uk/company/03369233,Full,06/05/1997,"Duo Level 6, 280 Bishopsgate, London",EC2M 4RB,2,,Shoreditch Powerleague,6.9,Shoreditch Powerleague,6.9,Liverpool St - Attlee Centre (7.1),51.519884,-0.078394
54,2,Law firm,City of London,Enyo Law LLP,Enyo Law,OC356313,https://find-and-update.company-information.service.gov.uk/company/OC356313,Full,08/07/2010,"1 Tudor Street, London",EC4Y 0AH,1,,City of London School (EC4V 3AL),7.0,City of London School (EC4V 3AL),7.0,,51.512451,-0.105139
55,2,Law firm,City of London,Bates Wells & Braithwaite London LLP,Bates Wells & Braithwaite London,OC325522,https://find-and-update.company-information.service.gov.uk/company/OC325522,Full,24/01/2007,"10 Queen Street Place, London",EC4R 1BE,1,,City of London School (EC4V 3AL),7.3,City of London School (EC4V 3AL),7.3,Marlborough Sports Garden (SE1 1SD) (12.2); Borough Academy (17.4),51.510276,-0.093008
56,2,Law firm,City of London,Abion UK Limited,Abion,08093380,https://find-and-update.company-information.service.gov.uk/company/08093380,Medium,06/06/2012,"33 Gutter Lane, London",EC2V 8AS,1,,City of London School (EC4V 3AL),8.7,City of London School (EC4V 3AL),8.7,,51.515219,-0.095627
57,2,Law firm,City of London,"Orrick, Herrington & Sutcliffe (Europe) LLP","Orrick, Herrington & Sutcliffe",OC347108,https://find-and-update.company-information.service.gov.uk/company/OC347108,Full,10/07/2009,"9Th Floor, 107 Cheapside, London",EC2V 6DN,2,,City of London School (EC4V 3AL),8.7,City of London School (EC4V 3AL),8.7,,51.514178,-0.093552
58,2,Law firm,City of London,National Legal Service Limited,National Legal Service,10786983,https://find-and-update.company-information.service.gov.uk/company/10786983,Full,24/05/2017,"Dowgate Hill House, 14/16 Dowgate Hill, London",EC4R 2SU,1,,City of London School (EC4V 3AL),9.3,City of London School (EC4V 3AL),9.3,Marlborough Sports Garden (SE1 1SD) (13.9),51.51109,-0.091115
59,2,Law firm,City of London,Marriott Harrison LLP,Marriott Harrison,OC372774,https://find-and-update.company-information.service.gov.uk/company/OC372774,Full,23/02/2012,"80 Cheapside, London",EC2V 6EE,1,,City of London School (EC4V 3AL),9.8,City of London School (EC4V 3AL),9.8,Marlborough Sports Garden (SE1 1SD) (18.4),51.513636,-0.091729
60,2,Law firm,City of London,Watson Farley & Williams LLP,Watson Farley & Williams,OC312252,https://find-and-update.company-information.service.gov.uk/company/OC312252,Full,17/03/2005,"15 Appold Street, London",EC2A 2HB,1,,Shoreditch Powerleague,9.8,Shoreditch Powerleague,9.8,Liverpool St - Attlee Centre (12.1); Finsbury Leisure Centre (EC1V 3PU) (17.3),51.520274,-0.082976
61,2,Law firm,City of London,Sacker & Partners LLP,Sacker & Partners,OC308089,https://find-and-update.company-information.service.gov.uk/company/OC308089,Full,24/05/2004,"20 Gresham Street, London",EC2V 7JE,1,,City of London School (EC4V 3AL),10.0,City of London School (EC4V 3AL),10.0,,51.515314,-0.093706
62,2,Law firm,City of London,Haynes and Boone Cdg LLP,Haynes and Boone Cdg,OC317056,https://find-and-update.company-information.service.gov.uk/company/OC317056,Medium,06/01/2006,"Alder Castle, Noble Street, London",EC2V 7JX,1,,City of London School (EC4V 3AL),11.0,City of London School (EC4V 3AL),11.0,Finsbury Leisure Centre (EC1V 3PU) (17),51.516737,-0.096039
63,2,Law firm,City of London,Broadfield Law UK LLP,Broadfield Law,OC320798,https://find-and-update.company-information.service.gov.uk/company/OC320798,Full,06/07/2006,"Broadfield Law Uk Llp, One Bartholomew Close, London",EC1A 7BL,1,,City of London School (EC4V 3AL),12.0,City of London School (EC4V 3AL),12.0,Finsbury Leisure Centre (EC1V 3PU) (15.8),51.517671,-0.098753
64,2,Law firm,City of London,Steptoe International (UK) LLP,Steptoe,OC395074,https://find-and-update.company-information.service.gov.uk/company/OC395074,Full,03/09/2014,"5 Aldermanbury Square, London",EC2V 7HR,1,,City of London School (EC4V 3AL),13.0,City of London School (EC4V 3AL),13.0,Finsbury Leisure Centre (EC1V 3PU) (16.3),51.517151,-0.093326
65,2,Law firm,City of London,Winston & Strawn London LLP,Winston & Strawn London,OC386268,https://find-and-update.company-information.service.gov.uk/company/OC386268,Full,28/06/2013,"5 New Street Square, London",EC4A 3TW,1,,City of London School (EC4V 3AL),13.0,City of London School (EC4V 3AL),13.0,,51.515543,-0.108383
66,2,Law firm,City of London,Peters & Peters Solicitors LLP,Peters & Peters Solicitors,OC352134,https://find-and-update.company-information.service.gov.uk/company/OC352134,Full,08/02/2010,"15 Fetter Lane, London",EC4A 1BW,1,,City of London School (EC4V 3AL),13.3,City of London School (EC4V 3AL),13.3,,51.515142,-0.109193
67,2,Law firm,City of London,Dac Beachcroft Claims Limited,Dac Beachcroft Claims,04218278,https://find-and-update.company-information.service.gov.uk/company/04218278,Full,16/05/2001,"Woolgate, 25 Basinghall Street, London",EC2V 5HA,1,,City of London School (EC4V 3AL),13.4,City of London School (EC4V 3AL),13.4,Finsbury Leisure Centre (EC1V 3PU) (18.5),51.516213,-0.090901
68,2,Law firm,City of London,MFB Solicitors Limited,MFB Solicitors,15399140,https://find-and-update.company-information.service.gov.uk/company/15399140,Medium,09/01/2024,"Fishmongers' Chambers, 1 Fishmongers' Hall Wharf, London",EC4R 3AE,1,,Marlborough Sports Garden (SE1 1SD),12.0,City of London School (EC4V 3AL),13.5,City of London School (EC4V 3AL) (13.5); Borough Academy (19),51.509119,-0.08771
69,2,Law firm,City of London,Stewarts Law LLP,Stewarts Law,OC329883,https://find-and-update.company-information.service.gov.uk/company/OC329883,Full,17/07/2007,"5 New Street Square, London",EC4A 3BF,1,,City of London School (EC4V 3AL),13.5,City of London School (EC4V 3AL),13.5,,51.515912,-0.108411
70,2,Law firm,City of London,Rawlinson & Hunter LLP,Rawlinson & Hunter,OC430503,https://find-and-update.company-information.service.gov.uk/company/OC430503,Full,31/01/2020,"Eighth Floor, 6 New Street Square, New Fetter Lane, London",EC4A 3AQ,1,,City of London School (EC4V 3AL),13.6,City of London School (EC4V 3AL),13.6,,51.515967,-0.10851
71,2,Law firm,City of London,Conyers Dill & Pearman,Conyers Dill & Pearman,03495343,https://find-and-update.company-information.service.gov.uk/company/03495343,Full,14/01/1998,"10 Finsbury Square, London",EC2A 1AF,1,,Finsbury Leisure Centre (EC1V 3PU),12.3,Shoreditch Powerleague,13.7,Shoreditch Powerleague (13.7); Liverpool St - Attlee Centre (17.4),51.521237,-0.087462
72,2,Law firm,City of London,Boies Schiller Flexner Legacy (UK) LLP,Boies Schiller Flexner Legacy,OC385463,https://find-and-update.company-information.service.gov.uk/company/OC385463,Full,29/05/2013,"100 Fetter Lane, London",EC4A 1ES,1,,City of London School (EC4V 3AL),14.5,City of London School (EC4V 3AL),14.5,,51.516133,-0.10931
73,2,Law firm,City of London,Paul Hastings (Europe) LLP,Paul Hastings,OC306535,https://find-and-update.company-information.service.gov.uk/company/OC306535,Full,16/01/2004,"100 Bishopsgate, London",EC2N 4AG,1,,Liverpool St - Attlee Centre,10.5,Shoreditch Powerleague,15.2,Shoreditch Powerleague (15.2),51.515719,-0.081596
74,2,Law firm,City of London,Batlaw Limited,Batlaw,07233723,https://find-and-update.company-information.service.gov.uk/company/07233723,Full,23/04/2010,"Globe House, 4 Temple Place, London",WC2R 2PG,1,,City of London School (EC4V 3AL),15.3,City of London School (EC4V 3AL),15.3,,51.511651,-0.112969
75,2,Law firm,City of London,Runnymede Law Limited,Runnymede Law,09248715,https://find-and-update.company-information.service.gov.uk/company/09248715,Full,03/10/2014,"Exchequer Court, 33 St. Mary Axe, London",EC3A 8AA,1,,Liverpool St - Attlee Centre,9.6,Shoreditch Powerleague,15.5,Shoreditch Powerleague (15.5),51.515249,-0.080362
76,2,Law firm,City of London,Doyle Clayton Solicitors Limited,Doyle Clayton Solicitors,06963121,https://find-and-update.company-information.service.gov.uk/company/06963121,Full,15/07/2009,"24 Chiswell Street, 7Th Floor, London",EC1Y 4TY,1,,Finsbury Leisure Centre (EC1V 3PU),11.3,Shoreditch Powerleague,16.2,Shoreditch Powerleague (16.2); Old St - Moreland Primary School (17.3),51.520895,-0.089624
77,2,Law firm,City of London,Michael Osborne LLP,Michael Osborne,OC322220,https://find-and-update.company-information.service.gov.uk/company/OC322220,Full,07/09/2006,"5Th Floor, 70 Gracechurch Street, London",EC3V 0XL,1,,City of London School (EC4V 3AL),16.5,City of London School (EC4V 3AL),16.5,Liverpool St - Attlee Centre (17); Marlborough Sports Garden (SE1 1SD) (18.2),51.512066,-0.084791
78,2,Law firm,City of London,Stewartsbridge LLP,Stewartsbridge,OC321631,https://find-and-update.company-information.service.gov.uk/company/OC321631,Full,16/08/2006,"5Th Floor, 70 Gracechurch Street, London",EC3V 0XL,1,,City of London School (EC4V 3AL),16.5,City of London School (EC4V 3AL),16.5,Liverpool St - Attlee Centre (17); Marlborough Sports Garden (SE1 1SD) (18.2),51.512066,-0.084791
79,2,Law firm,City of London,ALM Global (EMEA) Ltd,ALM Global,04110598,https://find-and-update.company-information.service.gov.uk/company/04110598,Full,15/11/2000,"4Th Floor Holborn Gate, 330 High Holborn, London",WC1V 7QT,1,,St Pancras - Coram's Fields 3G,16.7,St Pancras - Coram's Fields 3G,16.7,,51.517977,-0.112145
80,2,Law firm,City of London,39 Essex Chambers (Services) Limited,39 Essex Chambers,07385894,https://find-and-update.company-information.service.gov.uk/company/07385894,Full,23/09/2010,"81 Chancery Lane, London",WC2A 1DD,1,,City of London School (EC4V 3AL),16.9,City of London School (EC4V 3AL),16.9,,51.515874,-0.112218
81,2,Law firm,City of London,White & Case LLP,White & Case,OC324340,https://find-and-update.company-information.service.gov.uk/company/OC324340,Full,01/12/2006,"5 Old Broad Street, London",EC2N 1DW,3,,Liverpool St - Attlee Centre,15.1,City of London School (EC4V 3AL),17.1,City of London School (EC4V 3AL) (17.1); Shoreditch Powerleague (18.9),51.514765,-0.085398
82,2,Law firm,City of London,"Greenberg Traurig, LLP",Greenberg Traurig,OC346053,https://find-and-update.company-information.service.gov.uk/company/OC346053,Full,01/06/2009,"The Shard Level 8, 32 London Bridge Street, London",SE1 9SG,1,,Marlborough Sports Garden (SE1 1SD),7.0,City of London School (EC4V 3AL),17.2,Borough Academy (14.6); City of London School (EC4V 3AL) (17.2),51.504963,-0.087625
83,2,Law firm,City of London,Keystone Law Limited,Keystone Law,04650763,https://find-and-update.company-information.service.gov.uk/company/04650763,Full,29/01/2003,"48 Chancery Lane, London",WC2A 1JF,1,,City of London School (EC4V 3AL),18.0,City of London School (EC4V 3AL),18.0,St Pancras - Coram's Fields 3G (18.2),51.516883,-0.112306
84,2,Law firm,City of London,Shearwater Law Ltd.,Shearwater Law,08589434,https://find-and-update.company-information.service.gov.uk/company/08589434,Full,28/06/2013,"90 Fenchurch Street, London",EC3M 4ST,1,,Liverpool St - Attlee Centre,10.0,Shoreditch Powerleague,18.4,Shoreditch Powerleague (18.4),51.513152,-0.077539
85,2,Law firm,City of London,Anthony Gold Solicitors LLP,Anthony Gold Solicitors,OC433560,https://find-and-update.company-information.service.gov.uk/company/OC433560,Full,30/09/2020,"The Cottons Centre 5Th Floor, South West, Hays Lane",SE1 2QG,1,,Marlborough Sports Garden (SE1 1SD),10.7,City of London School (EC4V 3AL),18.6,Borough Academy (18.3); City of London School (EC4V 3AL) (18.6),51.506078,-0.084826
86,2,Law firm,City of London,King & Spalding International LLP,King & Spalding,OC303151,https://find-and-update.company-information.service.gov.uk/company/OC303151,Full,10/10/2002,"8 Bishopsgate, London",EC2N 4BQ,2,,Liverpool St - Attlee Centre,13.7,City of London School (EC4V 3AL),18.7,City of London School (EC4V 3AL) (18.7); Shoreditch Powerleague (18.7),51.514149,-0.083493
87,2,Law firm,City of London,McDermott Will & Schulte UK LLP,McDermott Will & Schulte,OC311909,https://find-and-update.company-information.service.gov.uk/company/OC311909,Full,02/03/2005,"22 Bishopsgate, London",EC2N 4BQ,1,,Liverpool St - Attlee Centre,13.7,City of London School (EC4V 3AL),18.7,City of London School (EC4V 3AL) (18.7); Shoreditch Powerleague (18.7),51.514149,-0.083493
88,2,Law firm,City of London,Payne Hicks Beach LLP,Payne Hicks Beach,OC430964,https://find-and-update.company-information.service.gov.uk/company/OC430964,Full,03/03/2020,"10 New Square, Lincoln'S Inn, London",WC2A 3QG,1,,City of London School (EC4V 3AL),18.7,City of London School (EC4V 3AL),18.7,,51.515592,-0.114247
89,2,Law firm,City of London,Secretariat International UK Ltd,Secretariat,09692990,https://find-and-update.company-information.service.gov.uk/company/09692990,Full,20/07/2015,"22 Bishopsgate, 22Nd Floor, London",EC2N 4BQ,2,,Liverpool St - Attlee Centre,13.7,City of London School (EC4V 3AL),18.7,City of London School (EC4V 3AL) (18.7); Shoreditch Powerleague (18.7),51.514149,-0.083493
90,2,Bank,City of London,Clearbank Limited,Clearbank,09736376,https://find-and-update.company-information.service.gov.uk/company/09736376,Full,17/08/2015,"Level 27, The Broadgate Tower, 20 Primrose Street, London",EC2A 2EW,1,Clearbank Group Holdings,Shoreditch Powerleague,6.3,Shoreditch Powerleague,6.3,Liverpool St - Attlee Centre (9.9),51.521062,-0.080031
91,2,Bank,City of London,United Bank for Africa (UK) Limited,United Bank for Africa,03104974,https://find-and-update.company-information.service.gov.uk/company/03104974,Full,21/09/1995,"36 Queen Street, London",EC4R 1BN,1,United Bank For Africa (Uk),City of London School (EC4V 3AL),6.9,City of London School (EC4V 3AL),6.9,Marlborough Sports Garden (SE1 1SD) (14.1),51.511323,-0.093267
92,2,Bank,City of London,Monzo Bank Limited,Monzo,09446231,https://find-and-update.company-information.service.gov.uk/company/09446231,Full,18/02/2015,"Broadwalk House, 5 Appold Street, London",EC2A 2AG,1,,Shoreditch Powerleague,7.4,Shoreditch Powerleague,7.4,Liverpool St - Attlee Centre (10.9); Finsbury Leisure Centre (EC1V 3PU) (18.2),51.521036,-0.081185
93,2,Bank,City of London,Fire Financial Services Limited,Fire Financial,11549793,https://find-and-update.company-information.service.gov.uk/company/11549793,Full,03/09/2018,"The Rise 41, Luke Street, London",EC2A 4DP,1,Fire Financial Services,Shoreditch Powerleague,9.1,Shoreditch Powerleague,9.1,Finsbury Leisure Centre (EC1V 3PU) (13.4); Liverpool St - Attlee Centre (16.3),51.523893,-0.083775
94,2,Bank,City of London,Kroo Bank Ltd,Kroo Bank,10359002,https://find-and-update.company-information.service.gov.uk/company/10359002,Full,05/09/2016,"20 Farringdon Street, London",EC4A 4AB,1,,City of London School (EC4V 3AL),10.0,City of London School (EC4V 3AL),10.0,,51.515595,-0.104403
95,2,Bank,City of London,ADIB (UK) Limited,ADIB,07327879,https://find-and-update.company-information.service.gov.uk/company/07327879,Full,27/07/2010,"Cannon Place, 78 Cannon Street, London",EC4N 6AF,1,,City of London School (EC4V 3AL),10.3,City of London School (EC4V 3AL),10.3,Marlborough Sports Garden (SE1 1SD) (14.7),51.511381,-0.09021
96,2,Bank,City of London,DNB (UK) Limited,DNB,03342104,https://find-and-update.company-information.service.gov.uk/company/03342104,Full,27/03/1997,"8Th Floor, The Walbrook Building 8Th Floor, The Walbrook Building, 25 Walbrook, London",EC4N 8AF,1,Dnb (Uk),City of London School (EC4V 3AL),10.3,City of London School (EC4V 3AL),10.3,Marlborough Sports Garden (SE1 1SD) (15.7),51.512022,-0.090356
97,2,Bank,City of London,Nomura Bank International PLC.,Nomura,01981122,https://find-and-update.company-information.service.gov.uk/company/01981122,Full,22/01/1986,"1 Angel Lane, London",EC4R 3AB,1,,City of London School (EC4V 3AL),11.4,City of London School (EC4V 3AL),11.4,Marlborough Sports Garden (SE1 1SD) (12.1); Borough Academy (18.7),51.509741,-0.089414
98,2,Bank,City of London,UBS International IB Limited,UBS,01767389,https://find-and-update.company-information.service.gov.uk/company/01767389,Full,04/11/1983,"5 Broadgate, London",EC2M 2QS,2,,Liverpool St - Attlee Centre,11.6,Shoreditch Powerleague,11.6,Shoreditch Powerleague (11.6); Finsbury Leisure Centre (EC1V 3PU) (18.8),51.518838,-0.083137
99,2,Bank,City of London,British Arab Commercial Bank PLC,British Arab Commercial Bank,01047302,https://find-and-update.company-information.service.gov.uk/company/01047302,Full,23/03/1972,"8-10 Mansion House Place, London",EC4N 8BJ,1,British Arab Commercial Bank,City of London School (EC4V 3AL),11.8,City of London School (EC4V 3AL),11.8,Marlborough Sports Garden (SE1 1SD) (17.2),51.512642,-0.089206
100,2,Bank,City of London,Recognise Bank Limited,Recognise Bank,10603119,https://find-and-update.company-information.service.gov.uk/company/10603119,Full,06/02/2017,"Floor 4, Henry Thomas House, 5-11, Worship Street, London",EC2A 2BH,1,Recognise Bank,Shoreditch Powerleague,12.0,Shoreditch Powerleague,12.0,Finsbury Leisure Centre (EC1V 3PU) (12.1); Liverpool St - Attlee Centre (17),51.522315,-0.086249
101,2,Bank,City of London,Goldman Sachs International Bank,Goldman Sachs International Bank,01122503,https://find-and-update.company-information.service.gov.uk/company/01122503,Full,12/07/1973,"Plumtree Court, 25 Shoe Lane, London",EC4A 4AU,2,Goldman Sachs Global Funding Ii,City of London School (EC4V 3AL),12.3,City of London School (EC4V 3AL),12.3,,51.516378,-0.106086
102,2,Bank,City of London,Birmingham Bank Limited,Birmingham Bank,00555071,https://find-and-update.company-information.service.gov.uk/company/00555071,Full,24/09/1955,"Riverbank House, 2 Swan Lane, London",EC4R 3TT,1,,City of London School (EC4V 3AL),12.4,City of London School (EC4V 3AL),12.4,Marlborough Sports Garden (SE1 1SD) (12.4),51.50969,-0.088522
103,2,Bank,City of London,This Bank Limited,This Bank,11734380,https://find-and-update.company-information.service.gov.uk/company/11734380,Full,19/12/2018,"City Bridge House, 57 Southwark Street, London",SE1 1RU,1,,Marlborough Sports Garden (SE1 1SD),2.4,City of London School (EC4V 3AL),12.8,Borough Academy (7.9); City of London School (EC4V 3AL) (12.8),51.504643,-0.094483
104,2,Bank,City of London,Alpha Bank London Limited,Alpha Bank London,00185070,https://find-and-update.company-information.service.gov.uk/company/00185070,Full,17/10/1922,"Capital House, 85 King William Street, London",EC4N 7BL,1,Alpha Bank London,City of London School (EC4V 3AL),13.1,City of London School (EC4V 3AL),13.1,Marlborough Sports Garden (SE1 1SD) (17.2),51.512405,-0.08789
105,2,Bank,City of London,SMBC Bank International PLC,SMBC,04684034,https://find-and-update.company-information.service.gov.uk/company/04684034,Full,03/03/2003,"100 Liverpool Street, London",EC2M 2AT,1,,Liverpool St - Attlee Centre,11.8,Shoreditch Powerleague,13.1,Shoreditch Powerleague (13.1),51.517889,-0.083408
106,2,Bank,City of London,Fidbank UK Limited,Fidbank,04661188,https://find-and-update.company-information.service.gov.uk/company/04661188,Full,10/02/2003,"1 Kings Arms Yard, London",EC2R 7AF,1,Fidbank Uk,City of London School (EC4V 3AL),14.0,City of London School (EC4V 3AL),14.0,Liverpool St - Attlee Centre (18.6),51.515226,-0.088852
107,2,Bank,City of London,Zenith Bank (UK) Limited,Zenith Bank,05713749,https://find-and-update.company-information.service.gov.uk/company/05713749,Full,17/02/2006,"39 Cornhill, London",EC3V 3ND,1,Zenith Bank (Uk),City of London School (EC4V 3AL),14.3,City of London School (EC4V 3AL),14.3,Liverpool St - Attlee Centre (18.1); Marlborough Sports Garden (SE1 1SD) (18.9),51.513229,-0.087134
108,2,Bank,City of London,Sc Ventures Holdings Limited,Sc Ventures,00106502,https://find-and-update.company-information.service.gov.uk/company/00106502,Full,17/12/1909,"1 Basinghall Avenue, London",EC2V 5DD,2,,City of London School (EC4V 3AL),14.7,City of London School (EC4V 3AL),14.7,Finsbury Leisure Centre (EC1V 3PU) (17.1),51.51708,-0.090605
109,2,Bank,City of London,Afin Bank Limited,Afin Bank,13090556,https://find-and-update.company-information.service.gov.uk/company/13090556,Full,18/12/2020,"Lower Ground Floor, 10 Chiswell Street, London",EC1Y 4UQ,1,Afin Bank,Finsbury Leisure Centre (EC1V 3PU),12.4,Shoreditch Powerleague,15.0,Shoreditch Powerleague (15); Liverpool St - Attlee Centre (18.1),51.520695,-0.088407
110,2,Bank,City of London,RBC Europe Limited,RBC,00995939,https://find-and-update.company-information.service.gov.uk/company/00995939,Full,02/12/1970,"100 Bishopsgate, London",EC2N 4AA,1,,Liverpool St - Attlee Centre,10.5,Shoreditch Powerleague,15.2,Shoreditch Powerleague (15.2),51.515719,-0.081596
111,2,Bank,City of London,LHV Bank Limited,LHV Bank,13180211,https://find-and-update.company-information.service.gov.uk/company/13180211,Full,04/02/2021,"One Angel Court, 1 Angel Court, London",EC2R 7HJ,1,Lhv Bank,City of London School (EC4V 3AL),15.4,City of London School (EC4V 3AL),15.4,Liverpool St - Attlee Centre (17),51.515312,-0.087494
112,2,Bank,City of London,Turkish Bank (UK) Limited,Turkish Bank,02643004,https://find-and-update.company-information.service.gov.uk/company/02643004,Full,04/09/1991,"84/86 Borough High Street, London",SE1 1LN,1,,Marlborough Sports Garden (SE1 1SD),1.9,City of London School (EC4V 3AL),16.0,Borough Academy (9.5); City of London School (EC4V 3AL) (16),51.503581,-0.09166
113,2,Bank,City of London,Firstbank UK Limited,Firstbank,04459383,https://find-and-update.company-information.service.gov.uk/company/04459383,Full,12/06/2002,"28 Finsbury Circus, London",EC2M 7DT,1,Firstbank Uk,Liverpool St - Attlee Centre,16.5,Shoreditch Powerleague,16.7,Shoreditch Powerleague (16.7); Finsbury Leisure Centre (EC1V 3PU) (17.4),51.517696,-0.087567
114,2,Bank,City of London,Reliance Bank Limited,Reliance Bank,00068835,https://find-and-update.company-information.service.gov.uk/company/00068835,Full,28/12/1900,"23-24 Lovat Lane, London",EC3R 8EB,2,Reliance Bank,Marlborough Sports Garden (SE1 1SD),15.6,City of London School (EC4V 3AL),17.4,City of London School (EC4V 3AL) (17.4),51.509876,-0.08396
115,2,Bank,City of London,DB UK Bank Limited,Deutsche Bank,00315841,https://find-and-update.company-information.service.gov.uk/company/00315841,Full,30/06/1936,"21 Moorfields, London",EC2Y 9DB,1,,Finsbury Leisure Centre (EC1V 3PU),15.5,City of London School (EC4V 3AL),17.5,City of London School (EC4V 3AL) (17.5); Shoreditch Powerleague (17.6),51.51837,-0.089168
116,2,Bank,City of London,FCMB Bank (UK) Limited,FCMB Bank,06621225,https://find-and-update.company-information.service.gov.uk/company/06621225,Full,16/06/2008,"Dawson House, 5 Jewry Street, London",EC3N 2EX,1,,Liverpool St - Attlee Centre,10.0,Shoreditch Powerleague,18.8,Whitechapel (18.7); Shoreditch Powerleague (18.8),51.512907,-0.076843
117,2,Public / state-owned bank,City of London,Ghana International Bank Public Limited Company,Ghana International Bank,03468216,https://find-and-update.company-information.service.gov.uk/company/03468216,Full,13/11/1997,"Regina House 67 Cheapside, 1St Floor, London",EC2V 6AZ,1,Ghana International Bank Public Limited Company,City of London School (EC4V 3AL),9.1,City of London School (EC4V 3AL),9.1,Marlborough Sports Garden (SE1 1SD) (18.5),51.513749,-0.092575
118,2,Public / state-owned bank,City of London,Union Bank of India (UK) Limited,Union Bank of India,07653660,https://find-and-update.company-information.service.gov.uk/company/07653660,Full,01/06/2011,"12 Arthur Street, London",EC4R 9AB,1,Union Bank Of India (Uk),City of London School (EC4V 3AL),12.5,City of London School (EC4V 3AL),12.5,Marlborough Sports Garden (SE1 1SD) (13.4),51.510226,-0.088312
119,2,Public / state-owned bank,City of London,Punjab National Bank (International) Limited,Punjab National Bank,05781326,https://find-and-update.company-information.service.gov.uk/company/05781326,Full,13/04/2006,"1 Moorgate, London",EC2R 6JH,1,Punjab National Bank (International),City of London School (EC4V 3AL),13.0,City of London School (EC4V 3AL),13.0,,51.515071,-0.089825
120,2,Public / state-owned bank,City of London,The Private Infrastructure Development Group Limited,PIDG,11265124,https://find-and-update.company-information.service.gov.uk/company/11265124,Full,20/03/2018,"6 Bevis Marks, London",EC3A 7BA,1,,Liverpool St - Attlee Centre,9.0,Shoreditch Powerleague,15.6,Shoreditch Powerleague (15.6),51.514974,-0.079466
121,2,Public / state-owned bank,City of London,KEXIM Bank (UK) Limited,KEXIM Bank,02693038,https://find-and-update.company-information.service.gov.uk/company/02693038,Full,03/03/1992,"3Rd Floor Moorgate Hall, 155 Moorgate, London",EC2M 6XB,1,Kexim Bank (Uk),Finsbury Leisure Centre (EC1V 3PU),15.4,Shoreditch Powerleague,16.2,Shoreditch Powerleague (16.2); Liverpool St - Attlee Centre (17.1),51.518775,-0.088098
122,2,Private bank,City of London,N. M. Rothschild & Sons Limited,N. M. Rothschild & Sons,00925279,https://find-and-update.company-information.service.gov.uk/company/00925279,Full,01/01/1968,"New Court, St Swithin'S Lane, London",EC4N 8AL,1,,City of London School (EC4V 3AL),11.6,City of London School (EC4V 3AL),11.6,Marlborough Sports Garden (SE1 1SD) (15.9),51.511931,-0.089163
123,2,Private bank,City of London,Brown Shipley & Co. Limited,Brown Shipley & Co,00398426,https://find-and-update.company-information.service.gov.uk/company/00398426,Full,08/09/1945,"2 Moorgate, London",EC2R 6AG,2,,City of London School (EC4V 3AL),12.4,City of London School (EC4V 3AL),12.4,,51.514615,-0.089988
124,2,Private bank,City of London,Habib Bank Zurich PLC,Habib Bank Zurich,08864609,https://find-and-update.company-information.service.gov.uk/company/08864609,Full,28/01/2014,"Habib House, 42 Moorgate, London",EC2R 6JJ,1,Habib Bank Zurich,City of London School (EC4V 3AL),15.7,City of London School (EC4V 3AL),15.7,Liverpool St - Attlee Centre (17.9); Finsbury Leisure Centre (EC1V 3PU) (18.6),51.516636,-0.08875
125,2,Fund administrator,City of London,BNY Mellon Investment Management Holdings (Germany) Limited,BNY Mellon Investment Management,05640740,https://find-and-update.company-information.service.gov.uk/company/05640740,Full,30/11/2005,"Bny Mellon Centre, 160 Queen Victoria Street, London",EC4V 4LA,1,,City of London School (EC4V 3AL),4.2,City of London School (EC4V 3AL),4.2,Marlborough Sports Garden (SE1 1SD) (18.9),51.512291,-0.102494
126,2,Fund administrator,City of London,Langham Hall UK LLP,Langham Hall,OC319723,https://find-and-update.company-information.service.gov.uk/company/OC319723,Full,15/05/2006,"3Rd Floor, Broadwalk House, 5 Appold Street, Broadgate, London",EC2A 2DA,5,Langham Hall,Shoreditch Powerleague,7.4,Shoreditch Powerleague,7.4,Liverpool St - Attlee Centre (10.9); Finsbury Leisure Centre (EC1V 3PU) (18.2),51.521036,-0.081185
127,2,Fund administrator,City of London,FNZ Securities Limited,FNZ,09486463,https://find-and-update.company-information.service.gov.uk/company/09486463,Full,12/03/2015,"10Th Floor, 135 Bishopsgate, London",EC2M 3TP,1,,Liverpool St - Attlee Centre,8.5,Shoreditch Powerleague,10.7,Shoreditch Powerleague (10.7),51.518182,-0.080469
128,2,Fund administrator,City of London,Morningstar Wealth Administration Limited,Morningstar Wealth,06016828,https://find-and-update.company-information.service.gov.uk/company/06016828,Full,04/12/2006,"1 Oliver'S Yard, 55-71 City Road, London",EC1Y 1HQ,1,,Finsbury Leisure Centre (EC1V 3PU),9.6,Shoreditch Powerleague,13.0,Shoreditch Powerleague (13); Old St - Moreland Primary School (15),51.524102,-0.087198
129,2,Fund administrator,City of London,Asper Platform Services Limited,Asper Platform,15989908,https://find-and-update.company-information.service.gov.uk/company/15989908,Full,01/10/2024,"68 King William Street, 4Th Floor, London",EC4N 7HR,1,,City of London School (EC4V 3AL),14.1,City of London School (EC4V 3AL),14.1,Marlborough Sports Garden (SE1 1SD) (15.6),51.511129,-0.086848
130,2,Fund administrator,City of London,Carne International Financial Services (UK) Limited,Carne Group,11555138,https://find-and-update.company-information.service.gov.uk/company/11555138,Full,06/09/2018,"2Nd Floor, 29-30 Cornhill, London",EC3V 3NF,1,,City of London School (EC4V 3AL),14.8,City of London School (EC4V 3AL),14.8,Liverpool St - Attlee Centre (17.6),51.513257,-0.086701
131,2,Fund administrator,City of London,Apex Corporate and Business Services UK Limited,Apex Group,03853848,https://find-and-update.company-information.service.gov.uk/company/03853848,Full,06/10/1999,"4Th Floor,, 140 Aldersgate Street, London",EC1A 4HY,1,,Finsbury Leisure Centre (EC1V 3PU),12.0,City of London School (EC4V 3AL),15.7,City of London School (EC4V 3AL) (15.7); Old St - Moreland Primary School (16.7),51.519648,-0.097518
132,2,Fund administrator,City of London,Alter Domus Fund Services (UK) Limited,Alter Domus,08962253,https://find-and-update.company-information.service.gov.uk/company/08962253,Full,27/03/2014,"10Th Floor, 30 St Mary Axe, London",EC3A 8BF,3,,Liverpool St - Attlee Centre,10.4,Shoreditch Powerleague,16.8,Shoreditch Powerleague (16.8),51.514486,-0.080437
133,2,Fund / asset manager,City of London,Hearthstone Investments Limited,Hearthstone Investments,06379066,https://find-and-update.company-information.service.gov.uk/company/06379066,Group,24/09/2007,"Suite 2.06, Bridge House, 181 Queen Victoria Street, London",EC4V 4EG,2,Hearthstone Investments,City of London School (EC4V 3AL),5.2,City of London School (EC4V 3AL),5.2,Marlborough Sports Garden (SE1 1SD) (18.5); Borough Academy (18.6),51.511352,-0.103916
134,2,Fund / asset manager,City of London,Resonance Asset Management Limited,Resonance Asset Management,09028327,https://find-and-update.company-information.service.gov.uk/company/09028327,Group,07/05/2014,"Beaumont Bridge House, 181 Queen Victoria Street, London",EC4V 4EG,1,Resonance Asset Management,City of London School (EC4V 3AL),5.2,City of London School (EC4V 3AL),5.2,Marlborough Sports Garden (SE1 1SD) (18.5); Borough Academy (18.6),51.511352,-0.103916
135,2,Fund / asset manager,City of London,Stafford Capital Partners Limited,Stafford Capital Partners,04752750,https://find-and-update.company-information.service.gov.uk/company/04752750,Group,02/05/2003,"Level 6 Duo, 280 Bishopsgate, London",EC2M 4RB,2,,Shoreditch Powerleague,6.9,Shoreditch Powerleague,6.9,Liverpool St - Attlee Centre (7.1),51.519884,-0.078394
136,2,Fund / asset manager,City of London,Tritax Management LLP,Tritax Management,OC326500,https://find-and-update.company-information.service.gov.uk/company/OC326500,Group,02/03/2007,"280 Bishopsgate, London",EC2M 4AG,1,,Shoreditch Powerleague,6.9,Shoreditch Powerleague,6.9,Liverpool St - Attlee Centre (7.1),51.519875,-0.07838
137,2,Fund / asset manager,City of London,Capital Dynamics Limited,Capital Dynamics,02215798,https://find-and-update.company-information.service.gov.uk/company/02215798,Group,01/02/1988,"16 St. Martin'S Le Grand, London",EC1A 4EN,1,Capital Dynamics,City of London School (EC4V 3AL),8.2,City of London School (EC4V 3AL),8.2,,51.515332,-0.097006
138,2,Fund / asset manager,City of London,Crowdcube Limited,Crowdcube,07014587,https://find-and-update.company-information.service.gov.uk/company/07014587,Group,10/09/2009,"Zetland House, Clifton Street, London",EC2A 4LD,1,Crowdcube Capital,Shoreditch Powerleague,8.7,Shoreditch Powerleague,8.7,Finsbury Leisure Centre (EC1V 3PU) (13.9); Liverpool St - Attlee Centre (15.7),51.523617,-0.083412
139,2,Insurance / broker,City of London,Steamship Mutual Underwriting Association Limited,Steamship Mutual Underwriting Association,00105461,https://find-and-update.company-information.service.gov.uk/company/00105461,Group,16/10/1909,"155 Bishopsgate, Floor 6, London",EC2M 3TQ,2,,Liverpool St - Attlee Centre,8.2,Shoreditch Powerleague,9.5,Shoreditch Powerleague (9.5),51.518769,-0.08007
140,2,Fund / asset manager,City of London,Momenta Finance Limited,Momenta Finance,14423247,https://find-and-update.company-information.service.gov.uk/company/14423247,Group,17/10/2022,"3Rd Floor, 86 - 90 Paul Street, London",EC2A 4NE,1,,Shoreditch Powerleague,9.8,Shoreditch Powerleague,9.8,Finsbury Leisure Centre (EC1V 3PU) (13); Shoreditch Rooftop (15.7),51.525617,-0.083602
141,2,Fund / asset manager,City of London,Ap Ventures LLP,Ap Ventures,OC414076,https://find-and-update.company-information.service.gov.uk/company/OC414076,Group,06/10/2016,"45 Gresham Street, London",EC2V 7BG,1,,City of London School (EC4V 3AL),10.2,City of London School (EC4V 3AL),10.2,Finsbury Leisure Centre (EC1V 3PU) (18.4),51.515954,-0.094933
142,2,Fund / asset manager,City of London,"Vanguard Asset Services, Ltd.",Vanguard Asset,07242969,https://find-and-update.company-information.service.gov.uk/company/07242969,Group,04/05/2010,"4Th Floor The Walbrook Building, 25 Walbrook, London",EC4N 8AF,2,"Vanguard Asset Management,",City of London School (EC4V 3AL),10.3,City of London School (EC4V 3AL),10.3,Marlborough Sports Garden (SE1 1SD) (15.7),51.512022,-0.090356
143,2,Insurance / broker,City of London,Scottish Widows Limited,Scottish Widows,03196171,https://find-and-update.company-information.service.gov.uk/company/03196171,Group,02/05/1996,"25 Gresham Street, London",EC2V 7HN,1,,City of London School (EC4V 3AL),10.4,City of London School (EC4V 3AL),10.4,Finsbury Leisure Centre (EC1V 3PU) (17.8),51.516262,-0.095569
144,2,Fund / asset manager,City of London,Pi Capital (Holdings) Ltd,Pi Capital,01387182,https://find-and-update.company-information.service.gov.uk/company/01387182,Group,05/09/1978,"5 New Street Square, London",EC4A 3TW,1,,City of London School (EC4V 3AL),13.0,City of London School (EC4V 3AL),13.0,,51.515543,-0.108383
145,2,Fund / asset manager,City of London,Cryder Capital Partners LLP,Cryder Capital Partners,OC360410,https://find-and-update.company-information.service.gov.uk/company/OC360410,Group,20/12/2010,"Eighth Floor, 6 New Street Square, London",EC4A 3AQ,1,,City of London School (EC4V 3AL),13.6,City of London School (EC4V 3AL),13.6,,51.515967,-0.10851
146,2,Fund / asset manager,City of London,Prytania Asset Management Limited,Prytania Asset Management,10500586,https://find-and-update.company-information.service.gov.uk/company/10500586,Group,28/11/2016,"C/O Prytania Investment Advisors Llp, 18 King William Street, London",EC4N 7BP,2,Prytania Asset Management,City of London School (EC4V 3AL),13.7,City of London School (EC4V 3AL),13.7,Marlborough Sports Garden (SE1 1SD) (15.4),51.511134,-0.087179
147,2,Insurance / broker,City of London,Tindall Riley & Co Limited,Tindall Riley & Co,08451968,https://find-and-update.company-information.service.gov.uk/company/08451968,Group,19/03/2013,"33 King William Street, London",EC4R 9AT,1,,City of London School (EC4V 3AL),13.9,City of London School (EC4V 3AL),13.9,Marlborough Sports Garden (SE1 1SD) (14.5),51.510475,-0.087048
148,2,Insurance / broker,City of London,Map Equity Limited,Map Equity,03985522,https://find-and-update.company-information.service.gov.uk/company/03985522,Group,04/05/2000,"Salesforce Tower, 110 Bishopsgate, London",EC2N 4AY,2,,Liverpool St - Attlee Centre,9.7,Shoreditch Powerleague,13.9,Shoreditch Powerleague (13.9),51.516378,-0.081179
149,2,Fund / asset manager,City of London,Aberforth Partners LLP,Aberforth Partners,OC313353,https://find-and-update.company-information.service.gov.uk/company/OC313353,Group,21/05/2005,"Level 4, Dashwood House, 69 Old Broad Street, London",EC2M 1QS,2,,Liverpool St - Attlee Centre,11.3,Shoreditch Powerleague,14.0,Shoreditch Powerleague (14),51.516908,-0.082829
150,2,Insurance / broker,City of London,Dale Partners Limited,Dale Partners,08698094,https://find-and-update.company-information.service.gov.uk/company/08698094,Group,19/09/2013,"70 St Mary Axe, London",EC3A 8BE,2,,Liverpool St - Attlee Centre,8.6,Shoreditch Powerleague,14.7,Shoreditch Powerleague (14.7),51.515551,-0.079571
151,2,Fund / asset manager,City of London,MMC Ventures Partners LLP,MMC Ventures Partners,OC450941,https://find-and-update.company-information.service.gov.uk/company/OC450941,Group,09/02/2024,"3Rd Floor, 24 High Holborn, London",WC1V 6AZ,2,,St Pancras - Coram's Fields 3G,15.2,St Pancras - Coram's Fields 3G,15.2,,51.51856,-0.113144
152,2,Fund / asset manager,City of London,Aerius Associates Advisers LLP,Aerius Associates Advisers,OC392744,https://find-and-update.company-information.service.gov.uk/company/OC392744,Group,17/04/2014,"7 Bell Yard, London, London",WC2A 2JR,1,,City of London School (EC4V 3AL),15.3,City of London School (EC4V 3AL),15.3,,51.514455,-0.111772
153,2,Insurance / broker,City of London,Iris Insurance Brokers Limited,Iris Insurance Brokers,04072404,https://find-and-update.company-information.service.gov.uk/company/04072404,Group,15/09/2000,"33 Exchequer Court, St. Mary Axe, London",EC3A 8AA,1,Iris Insurance Brokers,Liverpool St - Attlee Centre,9.6,Shoreditch Powerleague,15.5,Shoreditch Powerleague (15.5),51.515249,-0.080362
154,2,Fund / asset manager,City of London,Stockdale Street Limited,Stockdale Street,04481271,https://find-and-update.company-information.service.gov.uk/company/04481271,Group,09/07/2002,"1 Charterhouse Street, London",EC1N 6SA,1,Stockdale Street,City of London School (EC4V 3AL),15.5,City of London School (EC4V 3AL),15.5,,51.518277,-0.106728
155,2,Fund / asset manager,City of London,TT International Asset Management Ltd,TT International Asset Management,12093921,https://find-and-update.company-information.service.gov.uk/company/12093921,Group,09/07/2019,"62 Threadneedle Street, London",EC2R 8HP,2,Tt International Asset Management,City of London School (EC4V 3AL),15.5,City of London School (EC4V 3AL),15.5,Liverpool St - Attlee Centre (16.7),51.514226,-0.086545
156,2,Fund / asset manager,City of London,Platina Partners LLP,Platina Partners,OC332872,https://find-and-update.company-information.service.gov.uk/company/OC332872,Group,19/11/2007,"Dmh Stallard Llp, Fetter Yard, Barnards Inn, 86 Fetter Lane, London",EC4A 1EN,1,,City of London School (EC4V 3AL),15.8,City of London School (EC4V 3AL),15.8,,51.517124,-0.109384
157,2,Fund / asset manager,City of London,Apposite Capital LLP,Apposite Capital,OC318626,https://find-and-update.company-information.service.gov.uk/company/OC318626,Group,23/03/2006,"89 Charterhouse Street, Second Floor, London",EC1M 6HR,1,,Finsbury Leisure Centre (EC1V 3PU),12.7,Old St - Moreland Primary School,16.1,Old St - Moreland Primary School (16.1); City of London School (EC4V 3AL) (16.5),51.520117,-0.100986
158,2,Fund / asset manager,City of London,Montanaro Asset Management Limited,Montanaro Asset Management,03246931,https://find-and-update.company-information.service.gov.uk/company/03246931,Group,06/09/1996,"53 Threadneedle Street, London",EC2R 8AR,2,Montanaro Asset Management,Liverpool St - Attlee Centre,15.9,City of London School (EC4V 3AL),16.3,City of London School (EC4V 3AL) (16.3),51.51426,-0.085852
159,2,Insurance / broker,City of London,International Risk Solutions Limited,International Risk Solutions,03978143,https://find-and-update.company-information.service.gov.uk/company/03978143,Group,20/04/2000,"33 4Th Floor, Creechurch Lane, London",EC3A 5EB,1,International Risk Solutions,Liverpool St - Attlee Centre,9.0,Shoreditch Powerleague,16.4,Shoreditch Powerleague (16.4),51.514394,-0.078654
160,2,Fund / asset manager,City of London,Panmure Liberum Capital Limited,Panmure Liberum Capital,05912554,https://find-and-update.company-information.service.gov.uk/company/05912554,Group,22/08/2006,"Ropemaker Place Level 12, 25 Ropemaker Street, London",EC2Y 9LY,1,Panmure Liberum Capital,Finsbury Leisure Centre (EC1V 3PU),12.6,Shoreditch Powerleague,16.4,Shoreditch Powerleague (16.4); Old St - Moreland Primary School (18.7),51.5201,-0.089383
161,2,Insurance / broker,City of London,Howden Group Holdings Limited,Howden,02937398,https://find-and-update.company-information.service.gov.uk/company/02937398,Group,09/06/1994,"One Creechurch Place, London",EC3A 5AF,8,,Liverpool St - Attlee Centre,9.0,Shoreditch Powerleague,16.6,Shoreditch Powerleague (16.6),51.514256,-0.078458
162,2,Insurance / broker,City of London,Meacock Capital PLC,Meacock Capital,03600178,https://find-and-update.company-information.service.gov.uk/company/03600178,Group,14/07/1998,"Hasilwood House, 60 Bishopsgate, London",EC2N 4AW,2,Meacock Capital,Liverpool St - Attlee Centre,11.9,Shoreditch Powerleague,16.6,Shoreditch Powerleague (16.6),51.515132,-0.082529
163,2,Fund / asset manager,City of London,Arcus Infrastructure Partners LLP,Arcus Infrastructure Partners,OC343340,https://find-and-update.company-information.service.gov.uk/company/OC343340,Group,13/02/2009,"101 Moorgate, London",EC2M 6SA,3,,City of London School (EC4V 3AL),16.9,City of London School (EC4V 3AL),16.9,Finsbury Leisure Centre (EC1V 3PU) (16.9); Liverpool St - Attlee Centre (17.8),51.51767,-0.088736
164,2,Fund / asset manager,City of London,Epic Investment Partners LLP,Epic Investment Partners,OC318938,https://find-and-update.company-information.service.gov.uk/company/OC318938,Group,06/04/2006,"Audrey House, 16-20 Ely Place, London",EC1N 6SN,1,,City of London School (EC4V 3AL),17.1,City of London School (EC4V 3AL),17.1,Finsbury Leisure Centre (EC1V 3PU) (18.7); St Pancras - Coram's Fields 3G (19),51.519096,-0.107371
165,2,Insurance / broker,City of London,Global Aerospace Underwriting Managers Limited,Global Aerospace Underwriting Managers,02512067,https://find-and-update.company-information.service.gov.uk/company/02512067,Group,14/06/1990,"Fitzwilliam House, 10 St Mary Axe, London",EC3A 8EQ,1,Global Aerospace Underwriting Managers,Liverpool St - Attlee Centre,11.3,Shoreditch Powerleague,17.5,Shoreditch Powerleague (17.5),51.514199,-0.081026
166,2,Fund / asset manager,City of London,Primary Capital Partners LLP,Primary Capital Partners,OC390504,https://find-and-update.company-information.service.gov.uk/company/OC390504,Group,21/01/2014,"Augustine House, 6A Austin Friars, London",EC2N 2HA,1,,Liverpool St - Attlee Centre,14.6,City of London School (EC4V 3AL),17.8,City of London School (EC4V 3AL) (17.8); Shoreditch Powerleague (17.8),51.515473,-0.085268
167,2,Fund / asset manager,City of London,Robus Capital Management Limited,Robus Capital Management,07745735,https://find-and-update.company-information.service.gov.uk/company/07745735,Group,18/08/2011,"Central Court, 25 Southampton Buildings, London",WC2A 1AL,1,,St Pancras - Coram's Fields 3G,17.9,St Pancras - Coram's Fields 3G,17.9,City of London School (EC4V 3AL) (18),51.51735,-0.111696
168,2,Insurance / broker,City of London,Euclid Transactional UK Limited,Euclid Transactional,11237103,https://find-and-update.company-information.service.gov.uk/company/11237103,Group,06/03/2018,"41 Eastcheap, Eastcheap, London",EC3M 1DT,1,Euclid Transactional Uk,Liverpool St - Attlee Centre,17.3,City of London School (EC4V 3AL),18.0,Marlborough Sports Garden (SE1 1SD) (17.3); City of London School (EC4V 3AL) (18),51.510801,-0.083331
169,2,Fund / asset manager,City of London,Shackleton Ventures Limited,Shackleton Ventures,06010019,https://find-and-update.company-information.service.gov.uk/company/06010019,Group,27/11/2006,"1St Floor, 48 Chancery Lane, Chancery Lane, London",WC2A 1JF,1,,City of London School (EC4V 3AL),18.0,City of London School (EC4V 3AL),18.0,St Pancras - Coram's Fields 3G (18.2),51.516883,-0.112306
170,2,Fund / asset manager,City of London,Sharegain Ltd,Sharegain,09600298,https://find-and-update.company-information.service.gov.uk/company/09600298,Group,20/05/2015,"77 Leadenhall Street, London",EC3A 3DE,1,Sharegain,Liverpool St - Attlee Centre,9.9,Shoreditch Powerleague,18.1,Shoreditch Powerleague (18.1),51.513348,-0.077934
171,2,Advisory / accountancy,City of London,Westonwilliamson+Partners LLP,WestonWilliamson+Partners,OC375867,https://find-and-update.company-information.service.gov.uk/company/OC375867,Group,07/06/2012,"12 Valentine Place, London",SE1 8QH,1,,Borough Academy,7.3,City of London School (EC4V 3AL),18.4,Marlborough Sports Garden (SE1 1SD) (14.4); City of London School (EC4V 3AL) (18.4),51.501653,-0.105832
172,2,Insurance / broker,City of London,International Transport Intermediaries Club Limited,International Transport Intermediaries Club,02725312,https://find-and-update.company-information.service.gov.uk/company/02725312,Group,18/06/1992,"90 Fenchurch Street, London",EC3M 4ST,1,,Liverpool St - Attlee Centre,10.0,Shoreditch Powerleague,18.4,Shoreditch Powerleague (18.4),51.513152,-0.077539
173,2,Insurance / broker,City of London,The United Kingdom Mutual Steam Ship Assurance Association Limited,United Kingdom Mutual Steam Ship Assurance Association,00022215,https://find-and-update.company-information.service.gov.uk/company/00022215,Group,18/02/1886,"90 Fenchurch Street, London",EC3M 4ST,3,,Liverpool St - Attlee Centre,10.0,Shoreditch Powerleague,18.4,Shoreditch Powerleague (18.4),51.513152,-0.077539
174,2,Insurance / broker,City of London,The London Steam-Ship Owners' Mutual Insurance Association Limited,London Steam-Ship Owners' Mutual Insurance Association,00010341,https://find-and-update.company-information.service.gov.uk/company/00010341,Group,19/02/1876,"50 Leman Street, London",E1 8HQ,1,,Liverpool St - Attlee Centre,8.2,Shoreditch Powerleague,18.5,Whitechapel (11.8); Shoreditch Powerleague (18.5),51.513545,-0.070806
175,2,Insurance / broker,City of London,Brit Group Holdings Limited,Brit,15884169,https://find-and-update.company-information.service.gov.uk/company/15884169,Group,07/08/2024,"122 Leadenhall Street, London",EC3V 4AB,5,,Liverpool St - Attlee Centre,12.9,Shoreditch Powerleague,18.7,Shoreditch Powerleague (18.7),51.51377,-0.082298
176,2,Insurance / broker,City of London,Pine Walk Capital Limited,Pine Walk Capital,10846939,https://find-and-update.company-information.service.gov.uk/company/10846939,Group,03/07/2017,"22 Bishopsgate Level 42, London",EC2N 4BQ,1,Pine Walk Capital,Liverpool St - Attlee Centre,13.7,City of London School (EC4V 3AL),18.7,City of London School (EC4V 3AL) (18.7); Shoreditch Powerleague (18.7),51.514149,-0.083493
177,2,Insurance / broker,City of London,Wealth Wizards Limited,Wealth Wizards,07014133,https://find-and-update.company-information.service.gov.uk/company/07014133,Group,09/09/2009,"80 Fenchurch Street, London",EC3M 4BY,1,,Liverpool St - Attlee Centre,10.3,Shoreditch Powerleague,18.7,Shoreditch Powerleague (18.7),51.513039,-0.077717
178,3,Fund / asset manager,City of London,Barker Poland Asset Management LLP,Barker Poland Asset Management,OC341149,https://find-and-update.company-information.service.gov.uk/company/OC341149,Full,31/10/2008,"128 Queen Victoria Street, London",EC4V 4BJ,1,,City of London School (EC4V 3AL),2.8,City of London School (EC4V 3AL),2.8,Marlborough Sports Garden (SE1 1SD) (16.1),51.512038,-0.097431
179,3,Fund / asset manager,City of London,Clearbrook Capital Partners LLP,Clearbrook Capital Partners,OC306653,https://find-and-update.company-information.service.gov.uk/company/OC306653,Full,24/01/2004,"Mermaid House C/O Frontier Tax Services Ltd, 2 Puddle Dock, London",EC4V 3DB,1,,City of London School (EC4V 3AL),3.0,City of London School (EC4V 3AL),3.0,Marlborough Sports Garden (SE1 1SD) (17.3); Borough Academy (18.4),51.511499,-0.101893
180,3,Insurance / broker,City of London,Suecia Re & Marine Insurance Company Limited,Suecia Re & Marine Insurance Company,01131216,https://find-and-update.company-information.service.gov.uk/company/01131216,Full,24/08/1973,"Seb London Branch, One Carter Lane, London",EC4V 5AN,1,Suecia Re & Marine Insurance Company,City of London School (EC4V 3AL),3.7,City of London School (EC4V 3AL),3.7,Marlborough Sports Garden (SE1 1SD) (17.6),51.512846,-0.097873
181,3,Fund / asset manager,City of London,Ultima Markets UK Limited,Ultima Markets,06249714,https://find-and-update.company-information.service.gov.uk/company/06249714,Full,16/05/2007,"1 Blossom Yard, Fourth Floor, London",E1 6RS,1,,Shoreditch Powerleague,4.2,Shoreditch Powerleague,4.2,Liverpool St - Attlee Centre (8.6),51.52146,-0.077982
182,3,Fund / asset manager,City of London,Heronsgate Capital LLP,Heronsgate Capital,OC430243,https://find-and-update.company-information.service.gov.uk/company/OC430243,Full,13/01/2020,"181 Queen Victoria Street, London",EC4V 4EG,1,,City of London School (EC4V 3AL),5.2,City of London School (EC4V 3AL),5.2,Marlborough Sports Garden (SE1 1SD) (18.5); Borough Academy (18.6),51.511352,-0.103916
183,3,Fund / asset manager,City of London,Irg Advisors LLP,Irg Advisors,OC354226,https://find-and-update.company-information.service.gov.uk/company/OC354226,Full,16/04/2010,"20 Cannon Street, London",EC4M 6XD,1,,City of London School (EC4V 3AL),5.3,City of London School (EC4V 3AL),5.3,Marlborough Sports Garden (SE1 1SD) (16.5),51.512553,-0.095363
184,3,Fund / asset manager,City of London,Tenax Capital Limited,Tenax Capital,05193344,https://find-and-update.company-information.service.gov.uk/company/05193344,Full,30/07/2004,"Dominican House, 4 Priory Court, Pilgrim Street",EC4V 6DE,1,Tenax Capital,City of London School (EC4V 3AL),5.5,City of London School (EC4V 3AL),5.5,,51.513562,-0.102095
185,3,Fund / asset manager,City of London,Allspring Global Investments (UK) Limited,Allspring Global Investments,03710963,https://find-and-update.company-information.service.gov.uk/company/03710963,Full,10/02/1999,"30 Cannon Street, 3Rd Floor, London",EC4M 6XH,1,Allspring Global Investments (Uk),City of London School (EC4V 3AL),5.6,City of London School (EC4V 3AL),5.6,Marlborough Sports Garden (SE1 1SD) (16.2),51.51241,-0.094865
186,3,Fund / asset manager,City of London,Sparrows Capital Limited,Sparrows Capital,08623416,https://find-and-update.company-information.service.gov.uk/company/08623416,Full,24/07/2013,"35-37 Ludgate Hill, (Office 7), London",EC4M 7JN,1,Sparrows Capital,City of London School (EC4V 3AL),5.9,City of London School (EC4V 3AL),5.9,,51.513832,-0.102113
187,3,Insurance / broker,City of London,Post Office Management Services Limited,Post Office Management,08459718,https://find-and-update.company-information.service.gov.uk/company/08459718,Full,25/03/2013,"2Nd Floor Myo, One New Change, London",EC4M 9AF,1,Post Office Management Services,City of London School (EC4V 3AL),6.1,City of London School (EC4V 3AL),6.1,Marlborough Sports Garden (SE1 1SD) (18.5),51.513624,-0.095953
188,3,Fund / asset manager,City of London,Janus Henderson Investors International Limited,Janus Henderson,03594615,https://find-and-update.company-information.service.gov.uk/company/03594615,Full,06/07/1998,"201 Bishopsgate, London",EC2M 3AE,1,,Shoreditch Powerleague,6.2,Shoreditch Powerleague,6.2,Liverpool St - Attlee Centre (8.7),51.520644,-0.079241
189,3,Fund / asset manager,City of London,Nordstar Partners Management LLP,Nordstar Partners Management,OC435429,https://find-and-update.company-information.service.gov.uk/company/OC435429,Full,08/02/2021,"3Rd Floor, Paternoster House, 65 St. Paul'S Churchyard, London",EC4M 8AB,1,,City of London School (EC4V 3AL),6.2,City of London School (EC4V 3AL),6.2,,51.514417,-0.098269
190,3,Fund / asset manager,City of London,Premier Portfolio Managers Limited,Premier Portfolio Managers,01235867,https://find-and-update.company-information.service.gov.uk/company/01235867,Full,01/12/1975,"Paternoster House, 65 St. Paul'S Churchyard, London",EC4M 8AB,2,,City of London School (EC4V 3AL),6.2,City of London School (EC4V 3AL),6.2,,51.514417,-0.098269
191,3,Fund / asset manager,City of London,Tabula Investment Management Limited,Tabula Investment Management,11286661,https://find-and-update.company-information.service.gov.uk/company/11286661,Full,03/04/2018,"201 Bishopsgate, London",EC2M 3AE,1,,Shoreditch Powerleague,6.2,Shoreditch Powerleague,6.2,Liverpool St - Attlee Centre (8.7),51.520644,-0.079241
192,3,Fund / asset manager,City of London,Tellworth Investments LLP,Tellworth Investments,OC417414,https://find-and-update.company-information.service.gov.uk/company/OC417414,Full,20/05/2017,"65 St Paul'S Churchyard Paternoster House, 65 St Paul'S Churchyard, London",EC4M 8AB,1,,City of London School (EC4V 3AL),6.2,City of London School (EC4V 3AL),6.2,,51.514417,-0.098269
193,3,Fund / asset manager,City of London,Finalto Financial Services Limited,Finalto Financial,06557752,https://find-and-update.company-information.service.gov.uk/company/06557752,Full,07/04/2008,"11Th Floor Broadgate Tower, Primrose Street, London",EC2A 2EW,1,Finalto Financial Services,Shoreditch Powerleague,6.3,Shoreditch Powerleague,6.3,Liverpool St - Attlee Centre (9.9),51.521062,-0.080031
194,3,Fund / asset manager,City of London,Astatine Capital Partners LLP,Astatine Capital Partners,OC376508,https://find-and-update.company-information.service.gov.uk/company/OC376508,Full,28/06/2012,"Duo, Level 6, 280 Bishopsgate, London",EC2M 4RB,1,,Shoreditch Powerleague,6.9,Shoreditch Powerleague,6.9,Liverpool St - Attlee Centre (7.1),51.519884,-0.078394
195,3,Fund / asset manager,City of London,"Bain Capital Private Equity (Europe), LLP",Bain Capital,OC380135,https://find-and-update.company-information.service.gov.uk/company/OC380135,Full,12/11/2012,"Duo, Level 6, 280 Bishopsgate, London",EC2M 4RB,2,,Shoreditch Powerleague,6.9,Shoreditch Powerleague,6.9,Liverpool St - Attlee Centre (7.1),51.519884,-0.078394
196,3,Fund / asset manager,City of London,London Stock Exchange Lei Limited,London Stock Exchange Lei,08530763,https://find-and-update.company-information.service.gov.uk/company/08530763,Full,15/05/2013,"10 Paternoster Square, London",EC4M 7LS,1,London Stock Exchange,City of London School (EC4V 3AL),7.1,City of London School (EC4V 3AL),7.1,,51.514956,-0.099356
197,3,Fund / asset manager,City of London,Autonomy Capital Research LLP,Autonomy Capital Research,OC303616,https://find-and-update.company-information.service.gov.uk/company/OC303616,Full,23/12/2002,"9 Appold Street, 6Th Floor, London",EC2A 2AP,2,,Shoreditch Powerleague,7.3,Shoreditch Powerleague,7.3,Liverpool St - Attlee Centre (12); Finsbury Leisure Centre (EC1V 3PU) (17.2),51.521691,-0.081634
198,3,Fund / asset manager,City of London,Capital Markets Trading UK LLP,Capital Markets Trading,OC300617,https://find-and-update.company-information.service.gov.uk/company/OC300617,Full,24/08/2001,"6Th Floor, 9 Appold Street, London",EC2A 2AP,2,,Shoreditch Powerleague,7.3,Shoreditch Powerleague,7.3,Liverpool St - Attlee Centre (12); Finsbury Leisure Centre (EC1V 3PU) (17.2),51.521691,-0.081634
199,3,Fund / asset manager,City of London,Flywire Payments Limited,Flywire Payments,07677601,https://find-and-update.company-information.service.gov.uk/company/07677601,Full,21/06/2011,"6Th Floor, 9 Appold Street, London",EC2A 2AP,1,,Shoreditch Powerleague,7.3,Shoreditch Powerleague,7.3,Liverpool St - Attlee Centre (12); Finsbury Leisure Centre (EC1V 3PU) (17.2),51.521691,-0.081634
200,3,Fund / asset manager,City of London,Navera Investment Management Limited,Navera Investment Management,12516583,https://find-and-update.company-information.service.gov.uk/company/12516583,Full,13/03/2020,"Riverside House, 2A Southwark Bridge Road, London",SE1 9HA,1,,City of London School (EC4V 3AL),7.3,City of London School (EC4V 3AL),7.3,Marlborough Sports Garden (SE1 1SD) (8.3); Borough Academy (12.6),51.507929,-0.095254
201,3,Fund / asset manager,City of London,Vertis Capital Partners Limited,Vertis Capital Partners,15354221,https://find-and-update.company-information.service.gov.uk/company/15354221,Full,15/12/2023,"6Th Floor, 9 Appold Street, London",EC2A 2AP,1,,Shoreditch Powerleague,7.3,Shoreditch Powerleague,7.3,Liverpool St - Attlee Centre (12); Finsbury Leisure Centre (EC1V 3PU) (17.2),51.521691,-0.081634
202,3,Insurance / broker,City of London,V.Scope Risk Management Ltd,V.Scope Risk Management,08633249,https://find-and-update.company-information.service.gov.uk/company/08633249,Full,01/08/2013,"1St Floor, 6 New Bridge Street, London",EC4V 6AB,1,,City of London School (EC4V 3AL),7.6,City of London School (EC4V 3AL),7.6,,51.513727,-0.104524
203,3,Advisory / accountancy,City of London,Alvarez & Marsal Transaction Advisory Group Europe LLP,Alvarez & Marsal Transaction Advisory,OC332080,https://find-and-update.company-information.service.gov.uk/company/OC332080,Full,15/10/2007,"30 Old Bailey, London",EC4M 7AU,3,,City of London School (EC4V 3AL),7.8,City of London School (EC4V 3AL),7.8,,51.514899,-0.102515
204,3,Insurance / broker,City of London,Financial Guaranty UK Limited,Financial Guaranty,05030956,https://find-and-update.company-information.service.gov.uk/company/05030956,Full,30/01/2004,"30 Old Bailey, London",EC4M 7AU,1,,City of London School (EC4V 3AL),7.8,City of London School (EC4V 3AL),7.8,,51.514899,-0.102515
205,3,Fund / asset manager,City of London,Tompay Ltd,Tompay,12484741,https://find-and-update.company-information.service.gov.uk/company/12484741,Full,26/02/2020,"60 Cannon Street, London",EC4N 6NP,1,,City of London School (EC4V 3AL),8.0,City of London School (EC4V 3AL),8.0,Marlborough Sports Garden (SE1 1SD) (15.2),51.511893,-0.09235
206,3,Fund / asset manager,City of London,EBS Dealing Resources International Limited,EBS Dealing Resources,02669861,https://find-and-update.company-information.service.gov.uk/company/02669861,Full,10/12/1991,"London Fruit And Wool Exchange, 1 Duval Square, London",E1   6PW,1,,Liverpool St - Attlee Centre,3.3,Shoreditch Powerleague,8.1,Shoreditch Powerleague (8.1); Whitechapel (18.6),51.518837,-0.075426
207,3,Fund / asset manager,City of London,Osttra Sef Limited,Osttra Sef,06292563,https://find-and-update.company-information.service.gov.uk/company/06292563,Full,26/06/2007,"London Fruit And Wool Exchange, 1 Duval Square, London",E1   6PW,1,,Liverpool St - Attlee Centre,3.3,Shoreditch Powerleague,8.1,Shoreditch Powerleague (8.1); Whitechapel (18.6),51.518837,-0.075426
208,3,Fund / asset manager,City of London,Stellex Capital Management UK LLP,Stellex Capital Management,OC393743,https://find-and-update.company-information.service.gov.uk/company/OC393743,Full,11/06/2014,"130 Wood Street, London",EC2V 6DL,1,,City of London School (EC4V 3AL),8.1,City of London School (EC4V 3AL),8.1,,51.514523,-0.094834
209,3,Fund / asset manager,City of London,Traiana Limited,Traiana,04839268,https://find-and-update.company-information.service.gov.uk/company/04839268,Full,21/07/2003,"London Fruit And Wool Exchange, 1 Duval Square, London",E1   6PW,1,,Liverpool St - Attlee Centre,3.3,Shoreditch Powerleague,8.1,Shoreditch Powerleague (8.1); Whitechapel (18.6),51.518837,-0.075426
210,3,Fund / asset manager,City of London,Trg Management UK LLP,Trg Management,OC349549,https://find-and-update.company-information.service.gov.uk/company/OC349549,Full,26/10/2009,"130 Wood Street, C/O Buzzacott Llp, 130 Wood Street, London",EC2V 6DL,1,,City of London School (EC4V 3AL),8.1,City of London School (EC4V 3AL),8.1,,51.514523,-0.094834
211,3,Fund / asset manager,City of London,Diagram Capital Ltd,Diagram Capital,10437925,https://find-and-update.company-information.service.gov.uk/company/10437925,Full,20/10/2016,"2 Crown Court, London",EC2V 6JP,1,Diagram Capital,City of London School (EC4V 3AL),8.5,City of London School (EC4V 3AL),8.5,Marlborough Sports Garden (SE1 1SD) (18.2),51.513584,-0.092971
212,3,Fund / asset manager,City of London,The Entrepreneur's Investment Office Limited,Entrepreneur's Investment Office,10351774,https://find-and-update.company-information.service.gov.uk/company/10351774,Full,31/08/2016,"Unit 107, First Floor, 107-111 Fleet Street, London",EC4A 2AB,1,The Entrepreneur'S Investment Office,City of London School (EC4V 3AL),8.6,City of London School (EC4V 3AL),8.6,,51.514318,-0.104932
213,3,Fund / asset manager,City of London,Floww Markets Limited,Floww Markets,14244727,https://find-and-update.company-information.service.gov.uk/company/14244727,Full,20/07/2022,"9Th Floor, 107 Cheapside, London",EC2V 6DN,1,,City of London School (EC4V 3AL),8.7,City of London School (EC4V 3AL),8.7,,51.514178,-0.093552
214,3,Insurance / broker,City of London,Rcc Insurance Brokers PLC,Rcc Insurance Brokers,00832566,https://find-and-update.company-information.service.gov.uk/company/00832566,Full,28/12/1964,"Whitefriars House, 6 Carmelite Street, London",EC4Y 0BS,1,Rcc Insurance Brokers,City of London School (EC4V 3AL),8.8,City of London School (EC4V 3AL),8.8,,51.511978,-0.107032
215,3,Fund / asset manager,City of London,St Bride's Managers LLP,St Bride's Managers,OC350592,https://find-and-update.company-information.service.gov.uk/company/OC350592,Full,04/12/2009,"5 St. Bride Street, London",EC4A 4AS,1,,City of London School (EC4V 3AL),9.0,City of London School (EC4V 3AL),9.0,,51.514552,-0.10498
216,3,Fund / asset manager,City of London,Natixis Investment Managers UK Limited,Natixis Investment Managers,03680538,https://find-and-update.company-information.service.gov.uk/company/03680538,Full,08/12/1998,"Level 4 Cannon Bridge House, 25 Dowgate Hill, London",EC4R 2YA,1,Natixis Investment Managers Uk,City of London School (EC4V 3AL),9.5,City of London School (EC4V 3AL),9.5,Marlborough Sports Garden (SE1 1SD) (13.4),51.510772,-0.090898
217,3,Fund / asset manager,City of London,Hedge Funds Investment Management Limited,Hedge Funds Investment Management,03591241,https://find-and-update.company-information.service.gov.uk/company/03591241,Medium,01/07/1998,"30 Crown Place, London",EC2A 4ES,1,,Shoreditch Powerleague,9.6,Shoreditch Powerleague,9.6,Liverpool St - Attlee Centre (12.6); Finsbury Leisure Centre (EC1V 3PU) (16.6),51.520744,-0.083158
218,3,Fund / asset manager,City of London,Amicus Capital Consulting LLP,Amicus Capital Consulting,OC369335,https://find-and-update.company-information.service.gov.uk/company/OC369335,Full,31/10/2011,"30 Crown Place, London",EC2A 4EB,1,,Shoreditch Powerleague,9.6,Shoreditch Powerleague,9.6,Liverpool St - Attlee Centre (12.6); Finsbury Leisure Centre (EC1V 3PU) (16.6),51.520744,-0.083158
219,3,Fund / asset manager,City of London,Socii Capital LLP,Socii Capital,OC414735,https://find-and-update.company-information.service.gov.uk/company/OC414735,Full,22/11/2016,"3Rd Floor, 86 - 90 Paul Street, London",EC2A 4NE,1,,Shoreditch Powerleague,9.8,Shoreditch Powerleague,9.8,Finsbury Leisure Centre (EC1V 3PU) (13); Shoreditch Rooftop (15.7),51.525617,-0.083602
220,3,Insurance / broker,City of London,Integralife UK Limited,Integralife,00798365,https://find-and-update.company-information.service.gov.uk/company/00798365,Full,26/03/1964,"4Th Floor, 2 Gresham Street, London",EC2V 7AD,1,,City of London School (EC4V 3AL),9.8,City of London School (EC4V 3AL),9.8,Finsbury Leisure Centre (EC1V 3PU) (18.1),51.516133,-0.096526
221,3,Advisory / accountancy,City of London,RSM UK Restructuring Advisory LLP,RSM UK Restructuring Advisory,OC325349,https://find-and-update.company-information.service.gov.uk/company/OC325349,Full,15/01/2007,"6Th Floor, 25 Farringdon Street, London",EC4A 4AB,1,,City of London School (EC4V 3AL),10.0,City of London School (EC4V 3AL),10.0,,51.515595,-0.104403
222,3,Advisory / accountancy,City of London,S&W Partners LLP,S&W Partners,OC369631,https://find-and-update.company-information.service.gov.uk/company/OC369631,Full,09/11/2011,"45 Gresham Street, London",EC2V 7BG,1,,City of London School (EC4V 3AL),10.2,City of London School (EC4V 3AL),10.2,Finsbury Leisure Centre (EC1V 3PU) (18.4),51.515954,-0.094933
223,3,Insurance / broker,City of London,Evelyn Partners Investment Management Services Limited,Evelyn Partners Investment Management,02830297,https://find-and-update.company-information.service.gov.uk/company/02830297,Full,24/06/1993,"45 Gresham Street, London",EC2V 7BG,2,,City of London School (EC4V 3AL),10.2,City of London School (EC4V 3AL),10.2,Finsbury Leisure Centre (EC1V 3PU) (18.4),51.515954,-0.094933
224,3,Fund / asset manager,City of London,Ardea Investment Management (UK) Limited,Ardea Investment Management,13043903,https://find-and-update.company-information.service.gov.uk/company/13043903,Full,25/11/2020,"Level 1, 1 Gresham Street, London",EC2V 7BX,1,Ardea Investment Management (Uk),City of London School (EC4V 3AL),10.2,City of London School (EC4V 3AL),10.2,Finsbury Leisure Centre (EC1V 3PU) (17.7),51.516375,-0.096472
225,3,Fund / asset manager,City of London,Pyrford International Limited,Pyrford,02096061,https://find-and-update.company-information.service.gov.uk/company/02096061,Full,03/02/1987,"Cannon Place, 78, Cannon Street, London",EC4N 6AG,1,,City of London School (EC4V 3AL),10.3,City of London School (EC4V 3AL),10.3,Marlborough Sports Garden (SE1 1SD) (14.7),51.511381,-0.09021
226,3,Fund / asset manager,City of London,Threadneedle Asset Management Limited,Threadneedle Asset Management,00573204,https://find-and-update.company-information.service.gov.uk/company/00573204,Full,22/10/1956,"Cannon Place, 78 Cannon Street, London",EC4N 6AG,3,,City of London School (EC4V 3AL),10.3,City of London School (EC4V 3AL),10.3,Marlborough Sports Garden (SE1 1SD) (14.7),51.511381,-0.09021
227,3,Insurance / broker,City of London,Hsf Health Plan Limited,Hsf Health Plan,00030869,https://find-and-update.company-information.service.gov.uk/company/00030869,Full,19/02/1890,"24 Upper Ground, London",SE1 9PD,1,,City of London School (EC4V 3AL),10.3,City of London School (EC4V 3AL),10.3,Borough Academy (14.9); Marlborough Sports Garden (SE1 1SD) (17.7),51.508115,-0.107264
228,3,Insurance / broker,City of London,Anchorman Insurance Consultants Limited,Anchorman Insurance Consultants,03631690,https://find-and-update.company-information.service.gov.uk/company/03631690,Full,15/09/1998,"Gallagher, The Walbrook Building, 25 Walbrook, London",EC4N 8AW,1,,City of London School (EC4V 3AL),10.5,City of London School (EC4V 3AL),10.5,Marlborough Sports Garden (SE1 1SD) (15.8),51.511991,-0.090126
229,3,Insurance / broker,City of London,Assuredpartners London Limited,Assuredpartners London,04152499,https://find-and-update.company-information.service.gov.uk/company/04152499,Full,01/02/2001,"Gallagher The Walbrook Building,, 25 Walbrook, London",EC4N 8AW,2,Assuredpartners International,City of London School (EC4V 3AL),10.5,City of London School (EC4V 3AL),10.5,Marlborough Sports Garden (SE1 1SD) (15.8),51.511991,-0.090126
230,3,Insurance / broker,City of London,Evolin Broking Limited,Evolin Broking,04031704,https://find-and-update.company-information.service.gov.uk/company/04031704,Full,11/07/2000,"Gallagher, The Walbrook Building, 25 Walbrook, London",EC4N 8AW,1,,City of London School (EC4V 3AL),10.5,City of London School (EC4V 3AL),10.5,Marlborough Sports Garden (SE1 1SD) (15.8),51.511991,-0.090126
231,3,Fund / asset manager,City of London,Continuum Advisory Partners Limited,Continuum Advisory Partners,14189636,https://find-and-update.company-information.service.gov.uk/company/14189636,Full,22/06/2022,"Becket House, 36, Old Jewry, London",EC2R 8DD,1,Continuum Advisory Partners,City of London School (EC4V 3AL),10.5,City of London School (EC4V 3AL),10.5,Marlborough Sports Garden (SE1 1SD) (18.9),51.51387,-0.091172
232,3,Fund / asset manager,City of London,London LGPS CIV Limited,London LGPS CIV,09136445,https://find-and-update.company-information.service.gov.uk/company/09136445,Full,17/07/2014,"4Th Floor, 22, Lavington Street, London",SE1 0NZ,1,,Borough Academy,6.9,City of London School (EC4V 3AL),10.5,Marlborough Sports Garden (SE1 1SD) (8.1); City of London School (EC4V 3AL) (10.5),51.505254,-0.099976
233,3,Insurance / broker,City of London,Gm Insurance Brokers Limited,Gm Insurance Brokers,05058019,https://find-and-update.company-information.service.gov.uk/company/05058019,Full,27/02/2004,"Gallagher, The Walbrook Building, 25 Walbrook, London",EC4N 8AW,1,,City of London School (EC4V 3AL),10.5,City of London School (EC4V 3AL),10.5,Marlborough Sports Garden (SE1 1SD) (15.8),51.511991,-0.090126
234,3,Insurance / broker,City of London,Cobalt Underwriting Services Limited,Cobalt Underwriting,07979365,https://find-and-update.company-information.service.gov.uk/company/07979365,Full,07/03/2012,"9 Bonhill Street, London",EC2A 4DJ,1,,Shoreditch Powerleague,10.6,Shoreditch Powerleague,10.6,Finsbury Leisure Centre (EC1V 3PU) (13); Liverpool St - Attlee Centre (16.1),51.522592,-0.08507
235,3,Fund / asset manager,City of London,Icap Global Derivatives Limited,TP ICAP,03635229,https://find-and-update.company-information.service.gov.uk/company/03635229,Full,21/09/1998,"135 Bishopsgate, London",EC2M 3TP,1,,Liverpool St - Attlee Centre,8.5,Shoreditch Powerleague,10.7,Shoreditch Powerleague (10.7),51.518182,-0.080469
236,3,Fund / asset manager,City of London,Louis Capital Markets UK LLP,Louis Capital Markets,OC305139,https://find-and-update.company-information.service.gov.uk/company/OC305139,Full,21/07/2003,"135 Bishopsgate, London",EC2M 3TP,1,,Liverpool St - Attlee Centre,8.5,Shoreditch Powerleague,10.7,Shoreditch Powerleague (10.7),51.518182,-0.080469
237,3,Fund / asset manager,City of London,Vantage Capital Markets LLP,Vantage Capital Markets,OC308882,https://find-and-update.company-information.service.gov.uk/company/OC308882,Full,09/08/2004,"135 Bishopsgate, London",EC2M 3TP,1,Vantage Infrastructure (Uk),Liverpool St - Attlee Centre,8.5,Shoreditch Powerleague,10.7,Shoreditch Powerleague (10.7),51.518182,-0.080469
238,3,Fund / asset manager,City of London,Helford Capital Partners LLP,Helford Capital Partners,OC374783,https://find-and-update.company-information.service.gov.uk/company/OC374783,Medium,27/04/2012,"128 City Road, London",EC1V 2NX,2,,Finsbury Leisure Centre (EC1V 3PU),7.3,Old St - Moreland Primary School,10.8,Old St - Moreland Primary School (10.8); Shoreditch Rooftop (14),51.527304,-0.088894
239,3,Fund / asset manager,City of London,Global Insight Solutions Limited,Global Insight Solutions,15446806,https://find-and-update.company-information.service.gov.uk/company/15446806,Full,27/01/2024,"128 City Road, London",EC1V 2NX,1,,Finsbury Leisure Centre (EC1V 3PU),7.3,Old St - Moreland Primary School,10.8,Old St - Moreland Primary School (10.8); Shoreditch Rooftop (14),51.527304,-0.088894
240,3,Fund / asset manager,City of London,LBV Asset Management LLP,LBV Asset Management,OC335914,https://find-and-update.company-information.service.gov.uk/company/OC335914,Full,25/03/2008,"124 City Road, London",EC1V 2NX,1,,Finsbury Leisure Centre (EC1V 3PU),7.3,Old St - Moreland Primary School,10.8,Old St - Moreland Primary School (10.8); Shoreditch Rooftop (14),51.527304,-0.088894
241,3,Fund / asset manager,City of London,Verso Investment Management LLP,Verso Investment Management,OC351100,https://find-and-update.company-information.service.gov.uk/company/OC351100,Full,23/12/2009,"Cannon Place, 78 Cannon Street, London",EC4N 6HL,1,,City of London School (EC4V 3AL),10.8,City of London School (EC4V 3AL),10.8,Marlborough Sports Garden (SE1 1SD) (14.7),51.511356,-0.089764
242,3,Insurance / broker,City of London,Municipal Mutual Insurance Limited,Municipal Mutual Insurance,00076678,https://find-and-update.company-information.service.gov.uk/company/00076678,Full,13/03/1903,"11 Ironmonger Lane, London",EC2V 8EY,1,,City of London School (EC4V 3AL),10.9,City of London School (EC4V 3AL),10.9,,51.514613,-0.09153
243,3,Fund / asset manager,City of London,Cg Asset Management Limited,Cg Asset Management,04056163,https://find-and-update.company-information.service.gov.uk/company/04056163,Full,21/08/2000,"20 King Street, London",EC2V 8EG,1,Cg Asset Management,City of London School (EC4V 3AL),10.9,City of London School (EC4V 3AL),10.9,,51.515008,-0.092032
244,3,Fund / asset manager,City of London,Altitude Investment Management PLC,Altitude Investment Management,11971482,https://find-and-update.company-information.service.gov.uk/company/11971482,Full,30/04/2019,"10 Noble Street, Alder Castle 10 Noble Street, Alder Castle, London",EC2V 7JX,1,Altitude Investment Management,City of London School (EC4V 3AL),11.0,City of London School (EC4V 3AL),11.0,Finsbury Leisure Centre (EC1V 3PU) (17),51.516737,-0.096039
245,3,Fund / asset manager,City of London,Quantile Technologies Limited,Quantile Technologies,09622720,https://find-and-update.company-information.service.gov.uk/company/09622720,Full,04/06/2015,"27 Bush Lane, London",EC4R 0AN,1,Quantile Technologies,City of London School (EC4V 3AL),11.0,City of London School (EC4V 3AL),11.0,Marlborough Sports Garden (SE1 1SD) (13.8),51.510796,-0.0896
246,3,Insurance / broker,City of London,Broadstone Financial Solutions Limited,Broadstone Financial Solutions,02131269,https://find-and-update.company-information.service.gov.uk/company/02131269,Full,13/05/1987,"100 Wood Street, London",EC2V 7AN,2,,City of London School (EC4V 3AL),11.1,City of London School (EC4V 3AL),11.1,Finsbury Leisure Centre (EC1V 3PU) (17.6),51.51636,-0.094455
247,3,Fund / asset manager,City of London,Freetrade Limited,Freetrade,09797821,https://find-and-update.company-information.service.gov.uk/company/09797821,Full,28/09/2015,"145 City Road, London",EC1V 1AZ,1,Freetrade,Finsbury Leisure Centre (EC1V 3PU),8.0,Old St - Moreland Primary School,11.3,Old St - Moreland Primary School (11.3); Shoreditch Rooftop (13.5),51.527447,-0.088297
248,3,Fund / asset manager,City of London,Laven Advisors LLP,Laven Advisors,OC312558,https://find-and-update.company-information.service.gov.uk/company/OC312558,Full,04/04/2005,"11 Old Jewry, London",EC2R 8DU,1,,City of London School (EC4V 3AL),11.5,City of London School (EC4V 3AL),11.5,,51.514393,-0.090703
249,3,Fund / asset manager,City of London,Lumen Asset Management Limited,Lumen Asset Management,11880792,https://find-and-update.company-information.service.gov.uk/company/11880792,Full,13/03/2019,"7Th Floor (North), 11 Old Jewry, London",EC2R 8DU,1,Lumen Asset Management,City of London School (EC4V 3AL),11.5,City of London School (EC4V 3AL),11.5,,51.514393,-0.090703
250,3,Fund / asset manager,City of London,Jones Lang Lasalle Corporate Finance Limited,Jones Lang Lasalle Corporate Finance,01144849,https://find-and-update.company-information.service.gov.uk/company/01144849,Full,12/11/1973,"1 Broadgate, London",EC2M 2QS,1,Jones Lang Lasalle Corporate Finance,Liverpool St - Attlee Centre,11.6,Shoreditch Powerleague,11.6,Shoreditch Powerleague (11.6); Finsbury Leisure Centre (EC1V 3PU) (18.8),51.518838,-0.083137
251,3,Fund / asset manager,City of London,Naisbitt King Asset Management Limited,Naisbitt King Asset Management,09922315,https://find-and-update.company-information.service.gov.uk/company/09922315,Full,18/12/2015,"Nicholas House, 3 Laurence Pountney Hill, Laurence Pountney Hill, London",EC4R 0EU,1,Naisbitt King Asset Management,City of London School (EC4V 3AL),11.6,City of London School (EC4V 3AL),11.6,Marlborough Sports Garden (SE1 1SD) (14),51.51076,-0.089068
252,3,Fund / asset manager,City of London,Slater Investments Limited,Slater Investments,02863882,https://find-and-update.company-information.service.gov.uk/company/02863882,Full,19/10/1993,"Nicholas House, 3 Laurence Pountney Hill, London",EC4R 0EU,1,Slater Investments,City of London School (EC4V 3AL),11.6,City of London School (EC4V 3AL),11.6,Marlborough Sports Garden (SE1 1SD) (14),51.51076,-0.089068
253,3,Fund / asset manager,City of London,Conduit Ventures Limited,Conduit Ventures,04293385,https://find-and-update.company-information.service.gov.uk/company/04293385,Full,25/09/2001,"3Rd Floor, 12 Gough Square, London",EC4A 3DW,1,,City of London School (EC4V 3AL),11.7,City of London School (EC4V 3AL),11.7,,51.514858,-0.107763
254,3,Fund / asset manager,City of London,Marylebone Partners LLP,Marylebone Partners,OC381480,https://find-and-update.company-information.service.gov.uk/company/OC381480,Full,09/01/2013,"1 Giltspur Street, Farringdon, London",EC1A 9DD,1,,City of London School (EC4V 3AL),11.8,City of London School (EC4V 3AL),11.8,Finsbury Leisure Centre (EC1V 3PU) (17.4),51.517403,-0.101647
255,3,Fund / asset manager,City of London,Kps Global Asset Management UK Limited,Kps Global Asset Management,10738819,https://find-and-update.company-information.service.gov.uk/company/10738819,Full,25/04/2017,"6Th Floor, One London Wall, London",EC2Y 5EB,1,,City of London School (EC4V 3AL),11.9,City of London School (EC4V 3AL),11.9,Finsbury Leisure Centre (EC1V 3PU) (16),51.517285,-0.096031
256,3,Insurance / broker,City of London,Marnix Europe Limited,Marnix,02448482,https://find-and-update.company-information.service.gov.uk/company/02448482,Full,01/12/1989,"95 Gresham Street, London",EC2V 7AB,1,,City of London School (EC4V 3AL),12.0,City of London School (EC4V 3AL),12.0,,51.51508,-0.090948
257,3,Insurance / broker,City of London,ICEN Risk Limited,ICEN Risk,11691390,https://find-and-update.company-information.service.gov.uk/company/11691390,Full,22/11/2018,"Fourth Floor, 9A Devonshire Square, London",EC2M 4YN,1,,Liverpool St - Attlee Centre,6.9,Shoreditch Powerleague,12.2,Shoreditch Powerleague (12.2),51.516843,-0.078825
258,3,Fund / asset manager,City of London,Millennium Global Investments Limited,Millennium Global Investments,02964847,https://find-and-update.company-information.service.gov.uk/company/02964847,Full,05/09/1994,"15Th Floor, 88 Wood Street, London",EC2V 7QR,2,Millennium Global Investments,City of London School (EC4V 3AL),12.3,City of London School (EC4V 3AL),12.3,Finsbury Leisure Centre (EC1V 3PU) (16.4),51.517078,-0.094367
259,3,Fund / asset manager,City of London,Two Sigma International Limited,Two Sigma,06486331,https://find-and-update.company-information.service.gov.uk/company/06486331,Full,28/01/2008,"Level 5, 7 Devonshire Square, London",EC2M 4YH,1,,Liverpool St - Attlee Centre,5.9,Shoreditch Powerleague,12.3,Shoreditch Powerleague (12.3),51.516627,-0.077724
260,3,Fund / asset manager,City of London,Northcross Capital LLP,Northcross Capital,OC313454,https://find-and-update.company-information.service.gov.uk/company/OC313454,Full,31/05/2005,"5Th Floor, 1 Love Lane, London",EC2V 7JN,1,,City of London School (EC4V 3AL),12.4,City of London School (EC4V 3AL),12.4,Finsbury Leisure Centre (EC1V 3PU) (17.3),51.516651,-0.093001
261,3,Insurance / broker,City of London,Squaretrade Limited,Squaretrade,07165194,https://find-and-update.company-information.service.gov.uk/company/07165194,Full,23/02/2010,"C/O Fieldfisher Riverbank House, 2 Swan Lane, London",EC4R 3TT,1,,City of London School (EC4V 3AL),12.4,City of London School (EC4V 3AL),12.4,Marlborough Sports Garden (SE1 1SD) (12.4),51.50969,-0.088522
262,3,Fund / asset manager,City of London,Better Society Capital Limited,Better Society Capital,07599565,https://find-and-update.company-information.service.gov.uk/company/07599565,Full,11/04/2011,"Script, 44 Featherstone Street, London",EC1Y 8RN,1,Better Society Capital,Finsbury Leisure Centre (EC1V 3PU),7.2,Old St - Moreland Primary School,12.5,Old St - Moreland Primary School (12.5); Shoreditch Powerleague (15.3),51.52479,-0.089129
263,3,Fund / asset manager,City of London,IMC London Services Limited,IMC London,15698735,https://find-and-update.company-information.service.gov.uk/company/15698735,Full,01/05/2024,"100 Liverpool Street, London",EC2M 2AU,1,,Liverpool St - Attlee Centre,11.7,Shoreditch Powerleague,12.5,Shoreditch Powerleague (12.5),51.518265,-0.083305
264,3,Fund / asset manager,City of London,Nedgroup Investments (UK) Limited,Nedgroup Investments,02627187,https://find-and-update.company-information.service.gov.uk/company/02627187,Full,05/07/1991,"7Th Floor, 12 Arthur Street, London",EC4R 9AB,1,,City of London School (EC4V 3AL),12.5,City of London School (EC4V 3AL),12.5,Marlborough Sports Garden (SE1 1SD) (13.4),51.510226,-0.088312
265,3,Advisory / accountancy,City of London,FRP Advisory Services LLP,FRP Advisory,OC429945,https://find-and-update.company-information.service.gov.uk/company/OC429945,Full,09/12/2019,"110 Cannon Street, London",EC4N 6EU,1,,City of London School (EC4V 3AL),12.6,City of London School (EC4V 3AL),12.6,Marlborough Sports Garden (SE1 1SD) (14.9),51.511087,-0.088175
266,3,Fund / asset manager,City of London,Qsm Asset Management Ltd,Qsm Asset Management,14955733,https://find-and-update.company-information.service.gov.uk/company/14955733,Full,23/06/2023,"1 King William Street, London",EC4N 7AF,1,,City of London School (EC4V 3AL),12.6,City of London School (EC4V 3AL),12.6,Marlborough Sports Garden (SE1 1SD) (17.2),51.51253,-0.088418
267,3,Fund / asset manager,City of London,Triple Point Investment Management LLP,Triple Point Investment Management,OC321250,https://find-and-update.company-information.service.gov.uk/company/OC321250,Full,28/07/2006,"1 King William Street, London",EC4N 7AF,3,,City of London School (EC4V 3AL),12.6,City of London School (EC4V 3AL),12.6,Marlborough Sports Garden (SE1 1SD) (17.2),51.51253,-0.088418
268,3,Insurance / broker,City of London,Cigna Willow Holdings Ltd,Cigna Willow,04617115,https://find-and-update.company-information.service.gov.uk/company/04617115,Full,13/12/2002,"5 Aldermanbury Square, London",EC2V 7HR,2,,City of London School (EC4V 3AL),13.0,City of London School (EC4V 3AL),13.0,Finsbury Leisure Centre (EC1V 3PU) (16.3),51.517151,-0.093326
269,3,Fund / asset manager,City of London,Adg Capital Management LLP,Adg Capital Management,OC342915,https://find-and-update.company-information.service.gov.uk/company/OC342915,Full,27/01/2009,"Part Level 18, 5 Aldermanbury Square, London",EC2V 7HR,2,Adg Corporate,City of London School (EC4V 3AL),13.0,City of London School (EC4V 3AL),13.0,Finsbury Leisure Centre (EC1V 3PU) (16.3),51.517151,-0.093326
270,3,Fund / asset manager,City of London,Belgrave Capital Management Limited,Belgrave Capital Management,03105821,https://find-and-update.company-information.service.gov.uk/company/03105821,Full,22/09/1995,"5 New Street Square, London",EC4A 3TW,1,,City of London School (EC4V 3AL),13.0,City of London School (EC4V 3AL),13.0,,51.515543,-0.108383
271,3,Fund / asset manager,City of London,Rippling UK Limited,Rippling,13914364,https://find-and-update.company-information.service.gov.uk/company/13914364,Full,14/02/2022,"5 New Street Square, London",EC4A 3TW,1,,City of London School (EC4V 3AL),13.0,City of London School (EC4V 3AL),13.0,,51.515543,-0.108383
272,3,Insurance / broker,City of London,Marshmallow Financial Services Limited,Marshmallow Financial,11005345,https://find-and-update.company-information.service.gov.uk/company/11005345,Full,10/10/2017,"1St Floor The Featherstone Building, 66 City Road, London",EC1Y 1BD,1,Marshmallow Financial Services,Finsbury Leisure Centre (EC1V 3PU),9.0,Shoreditch Powerleague,13.4,Shoreditch Powerleague (13.4); Old St - Moreland Primary School (14.1),51.524833,-0.087354
273,3,Fund / asset manager,City of London,Investengine (UK) Limited,Investengine,10438231,https://find-and-update.company-information.service.gov.uk/company/10438231,Full,20/10/2016,"3Rd Floor Harling House, 47-51 Great Suffolk Street, London",SE1 0BS,1,,Borough Academy,4.2,City of London School (EC4V 3AL),13.6,Marlborough Sports Garden (SE1 1SD) (8.6); City of London School (EC4V 3AL) (13.6),51.503552,-0.100969
274,3,Fund / asset manager,City of London,Kingsway Capital Advisors LLP,Kingsway Capital Advisors,OC416750,https://find-and-update.company-information.service.gov.uk/company/OC416750,Full,04/04/2017,"Eighth Floor 6 New Street Square, New Fetter Lane, London",EC4A 3AQ,1,Kingsway Capital Partners,City of London School (EC4V 3AL),13.6,City of London School (EC4V 3AL),13.6,,51.515967,-0.10851
275,3,Insurance / broker,City of London,Flood Re Limited,Flood Re,08670444,https://find-and-update.company-information.service.gov.uk/company/08670444,Full,30/08/2013,"75 King William Street, London",EC4N 7BE,1,,City of London School (EC4V 3AL),13.7,City of London School (EC4V 3AL),13.7,Marlborough Sports Garden (SE1 1SD) (16.2),51.511611,-0.087173
276,3,Insurance / broker,City of London,Riskpoint Solutions Limited,Riskpoint Solutions,13272780,https://find-and-update.company-information.service.gov.uk/company/13272780,Full,17/03/2021,"Candlewick House, 120 Cannon Street, London",EC4N 6AS,1,Riskpoint Solutions,City of London School (EC4V 3AL),13.7,City of London School (EC4V 3AL),13.7,Marlborough Sports Garden (SE1 1SD) (15),51.510892,-0.087218
277,3,Insurance / broker,City of London,Digital Portfolio Solutions Limited,Digital Portfolio Solutions,02774470,https://find-and-update.company-information.service.gov.uk/company/02774470,Full,17/12/1992,"Mezzanine Floor, 75, King William Street, London",EC4N 7BE,1,Digital Portfolio Solutions,City of London School (EC4V 3AL),13.7,City of London School (EC4V 3AL),13.7,Marlborough Sports Garden (SE1 1SD) (16.2),51.511611,-0.087173
278,3,Fund / asset manager,City of London,Pallas Partners LLP,Pallas Partners,OC437491,https://find-and-update.company-information.service.gov.uk/company/OC437491,Full,17/05/2021,"Level 22, Salesforce Tower, 110 Bishopsgate, London",EC2N 4AY,1,,Liverpool St - Attlee Centre,9.7,Shoreditch Powerleague,13.9,Shoreditch Powerleague (13.9),51.516378,-0.081179
279,3,Fund / asset manager,City of London,Securis Investments Limited,Securis Investments,05424896,https://find-and-update.company-information.service.gov.uk/company/05424896,Full,14/04/2005,"12Th Floor Heron Tower, 110 Bishopsgate, London",EC2N 4AY,2,Securis Investments,Liverpool St - Attlee Centre,9.7,Shoreditch Powerleague,13.9,Shoreditch Powerleague (13.9),51.516378,-0.081179
280,3,Insurance / broker,City of London,The Griffin Insurance Association Limited,Griffin Insurance Association,02134231,https://find-and-update.company-information.service.gov.uk/company/02134231,Full,22/05/1987,"33 King William Street, London",EC4R 9AT,2,,City of London School (EC4V 3AL),13.9,City of London School (EC4V 3AL),13.9,Marlborough Sports Garden (SE1 1SD) (14.5),51.510475,-0.087048
281,3,Insurance / broker,City of London,Managing Agency Partners Limited,Managing Agency Partners,03985640,https://find-and-update.company-information.service.gov.uk/company/03985640,Full,04/05/2000,"Salesforce Tower, 110 Bishopsgate, London",EC2N 4AY,2,,Liverpool St - Attlee Centre,9.7,Shoreditch Powerleague,13.9,Shoreditch Powerleague (13.9),51.516378,-0.081179
282,3,Insurance / broker,City of London,Qmetric Group Limited,Qmetric,07151701,https://find-and-update.company-information.service.gov.uk/company/07151701,Full,09/02/2010,"110 Bishopsgate, London",EC2N 4AY,1,,Liverpool St - Attlee Centre,9.7,Shoreditch Powerleague,13.9,Shoreditch Powerleague (13.9),51.516378,-0.081179
283,3,Insurance / broker,City of London,Wren Insurance Association Limited(the),Wren Insurance Association,02054592,https://find-and-update.company-information.service.gov.uk/company/02054592,Full,11/09/1986,"33 King William Street, London",EC4R 9AT,1,,City of London School (EC4V 3AL),13.9,City of London School (EC4V 3AL),13.9,Marlborough Sports Garden (SE1 1SD) (14.5),51.510475,-0.087048
284,3,Fund / asset manager,City of London,Ellington Management Group (UK) LLP,Ellington Management,OC387072,https://find-and-update.company-information.service.gov.uk/company/OC387072,Full,06/08/2013,"68 King William Street, London",EC4N 7HR,1,,City of London School (EC4V 3AL),14.1,City of London School (EC4V 3AL),14.1,Marlborough Sports Garden (SE1 1SD) (15.6),51.511129,-0.086848
285,3,Insurance / broker,City of London,ICW Insurance Services Ltd,ICW Insurance,10985073,https://find-and-update.company-information.service.gov.uk/company/10985073,Medium,27/09/2017,"1-2 Charterhouse Mews, London",EC1M 6BB,1,,Finsbury Leisure Centre (EC1V 3PU),11.1,Old St - Moreland Primary School,14.3,Old St - Moreland Primary School (14.3); Angel Centre (EC1V 7DD) (17.2),51.521112,-0.100786
286,3,Insurance / broker,City of London,Augment Risk UK Trading Limited,Augment Risk UK Trading,14525552,https://find-and-update.company-information.service.gov.uk/company/14525552,Full,06/12/2022,"1 Cornhill, London",EC3V 3ND,1,Augment Risk Services Uk,City of London School (EC4V 3AL),14.3,City of London School (EC4V 3AL),14.3,Liverpool St - Attlee Centre (18.1); Marlborough Sports Garden (SE1 1SD) (18.9),51.513229,-0.087134
287,3,Insurance / broker,City of London,Helios Underwriting PLC,Helios Underwriting,05892671,https://find-and-update.company-information.service.gov.uk/company/05892671,Full,01/08/2006,"1St Floor, 33 Cornhill, London",EC3V 3ND,1,Helios Towers,City of London School (EC4V 3AL),14.3,City of London School (EC4V 3AL),14.3,Liverpool St - Attlee Centre (18.1); Marlborough Sports Garden (SE1 1SD) (18.9),51.513229,-0.087134
288,3,Insurance / broker,City of London,Artex Risk Solutions (UK) Limited,Artex Risk Solutions,08213668,https://find-and-update.company-information.service.gov.uk/company/08213668,Full,13/09/2012,"67 Lombard Street, London",EC3V 9LJ,1,Artex Risk Solutions (Uk),City of London School (EC4V 3AL),14.4,City of London School (EC4V 3AL),14.4,Marlborough Sports Garden (SE1 1SD) (18); Liverpool St - Attlee Centre (18.3),51.512622,-0.086857
289,3,Fund / asset manager,City of London,Farringdon Capital Ltd,Farringdon Capital,11270472,https://find-and-update.company-information.service.gov.uk/company/11270472,Full,22/03/2018,"6/F West, Bridge House, 4 Borough High Street, London",SE1 9QQ,1,,Marlborough Sports Garden (SE1 1SD),7.4,City of London School (EC4V 3AL),14.6,City of London School (EC4V 3AL) (14.6); Borough Academy (14.9),51.506375,-0.088704
290,3,Advisory / accountancy,City of London,Dr J H Burgoyne & Partners Limited Liability Partnership,Dr J H Burgoyne & Partners,OC300263,https://find-and-update.company-information.service.gov.uk/company/OC300263,Full,18/06/2001,"11-12 Half Moon Court, Bartholomew Close, London",EC1A 7HF,1,,Finsbury Leisure Centre (EC1V 3PU),13.0,City of London School (EC4V 3AL),14.7,City of London School (EC4V 3AL) (14.7); Old St - Moreland Primary School (17.6),51.519123,-0.097871
291,3,Fund / asset manager,City of London,Rossie House Investment Management LLP,Rossie House Investment Management,OC419374,https://find-and-update.company-information.service.gov.uk/company/OC419374,Full,05/10/2017,"10-11 Charterhouse Square, London, 10 - 11 Charterhouse Square, London",EC1M 6EE,1,,Finsbury Leisure Centre (EC1V 3PU),10.6,Old St - Moreland Primary School,14.9,Old St - Moreland Primary School (14.9); City of London School (EC4V 3AL) (17.4),51.520644,-0.098528
292,3,Fund / asset manager,City of London,Asil Partners LLP,Asil Partners,OC376489,https://find-and-update.company-information.service.gov.uk/company/OC376489,Full,28/06/2012,"38 Lombard Street, London",EC3V 9BS,1,,City of London School (EC4V 3AL),15.2,City of London School (EC4V 3AL),15.2,Marlborough Sports Garden (SE1 1SD) (17.4); Liverpool St - Attlee Centre (18.1),51.511968,-0.085905
293,3,Fund / asset manager,City of London,Clearance Capital Limited,Clearance Capital,06760235,https://find-and-update.company-information.service.gov.uk/company/06760235,Full,27/11/2008,"3 Copthall Avenue, London",EC2R 7BH,1,,City of London School (EC4V 3AL),15.2,City of London School (EC4V 3AL),15.2,Liverpool St - Attlee Centre (17.6),51.5157,-0.088126
294,3,Insurance / broker,City of London,Wakam UK Limited,Wakam,14778827,https://find-and-update.company-information.service.gov.uk/company/14778827,Full,04/04/2023,"18Th & 19 Floors, 100 Bishopsgate, London",EC2N 4AG,1,,Liverpool St - Attlee Centre,10.5,Shoreditch Powerleague,15.2,Shoreditch Powerleague (15.2),51.515719,-0.081596
295,3,Fund / asset manager,City of London,Nursery Road Capital Management Limited,Nursery Road Capital Management,13126020,https://find-and-update.company-information.service.gov.uk/company/13126020,Medium,11/01/2021,"7 Bell Yard, London",WC2A 2JR,1,,City of London School (EC4V 3AL),15.3,City of London School (EC4V 3AL),15.3,,51.514455,-0.111772
296,3,Fund / asset manager,City of London,Btomorrow Ventures Limited,Btomorrow Ventures,12068843,https://find-and-update.company-information.service.gov.uk/company/12068843,Full,25/06/2019,"Globe House, 4 Temple Place, London",WC2R 2PG,1,,City of London School (EC4V 3AL),15.3,City of London School (EC4V 3AL),15.3,,51.511651,-0.112969
297,3,Fund / asset manager,City of London,GAM London Limited,GAM London,00874802,https://find-and-update.company-information.service.gov.uk/company/00874802,Full,24/03/1966,"8 Finsbury Circus, London",EC2M 7GB,5,,Shoreditch Powerleague,15.3,Shoreditch Powerleague,15.3,Liverpool St - Attlee Centre (15.7); Finsbury Leisure Centre (EC1V 3PU) (16.7),51.518448,-0.086815
298,3,Insurance / broker,City of London,Ariel Re UK Limited,Ariel Re,12808840,https://find-and-update.company-information.service.gov.uk/company/12808840,Full,12/08/2020,"9Th Floor, The Monument Building, 11 Monument Street, London",EC3R 8AF,2,,Marlborough Sports Garden (SE1 1SD),14.9,City of London School (EC4V 3AL),15.4,City of London School (EC4V 3AL) (15.4),51.510248,-0.085761
299,3,Insurance / broker,City of London,Mosaic Corporate Capital Limited,Mosaic Corporate Capital,13075335,https://find-and-update.company-information.service.gov.uk/company/13075335,Full,10/12/2020,"4Th Floor 33, Gracechurch Street, London",EC3V 0BT,2,Mosaic Corporate Capital,City of London School (EC4V 3AL),15.4,City of London School (EC4V 3AL),15.4,Marlborough Sports Garden (SE1 1SD) (16.6); Liverpool St - Attlee Centre (18.6),51.511371,-0.085714
300,3,Fund / asset manager,City of London,First Trust Global Portfolios Limited,First Trust Global Portfolios,07874049,https://find-and-update.company-information.service.gov.uk/company/07874049,Full,07/12/2011,"Floor 2 8, Angel Court, London",EC2R 7HJ,1,First Trust Global Portfolios,City of London School (EC4V 3AL),15.4,City of London School (EC4V 3AL),15.4,Liverpool St - Attlee Centre (17),51.515312,-0.087494
301,3,Fund / asset manager,City of London,Hidden Road Partners UK LLP,Hidden Road Partners,OC425449,https://find-and-update.company-information.service.gov.uk/company/OC425449,Full,02/01/2019,"1 Angel Court, London",EC2R 7HJ,1,,City of London School (EC4V 3AL),15.4,City of London School (EC4V 3AL),15.4,Liverpool St - Attlee Centre (17),51.515312,-0.087494
302,3,Fund / asset manager,City of London,Metage Capital Limited,Metage Capital,03525123,https://find-and-update.company-information.service.gov.uk/company/03525123,Full,11/03/1998,"C/O Tmf Group, 13Th Floor, One Angel Court, London",EC2R 7HJ,1,,City of London School (EC4V 3AL),15.4,City of London School (EC4V 3AL),15.4,Liverpool St - Attlee Centre (17),51.515312,-0.087494
303,3,Fund / asset manager,City of London,Partners Wealth Management LLP,Partners Wealth Management,OC307751,https://find-and-update.company-information.service.gov.uk/company/OC307751,Full,24/04/2004,"1 Angel Court, London",EC2R 7HJ,1,,City of London School (EC4V 3AL),15.4,City of London School (EC4V 3AL),15.4,Liverpool St - Attlee Centre (17),51.515312,-0.087494
304,3,Fund / asset manager,City of London,Seven Investment Management LLP,Seven Investment Management,OC378740,https://find-and-update.company-information.service.gov.uk/company/OC378740,Full,24/09/2012,"1 Angel Court, London",EC2R 7HJ,1,,City of London School (EC4V 3AL),15.4,City of London School (EC4V 3AL),15.4,Liverpool St - Attlee Centre (17),51.515312,-0.087494
305,3,Insurance / broker,City of London,Booker Wellman Underwriting Limited,Booker Wellman Underwriting,06965856,https://find-and-update.company-information.service.gov.uk/company/06965856,Full,17/07/2009,"5Th Floor, 40, Gracechurch Street, London",EC3V 0BT,1,,City of London School (EC4V 3AL),15.4,City of London School (EC4V 3AL),15.4,Marlborough Sports Garden (SE1 1SD) (16.6); Liverpool St - Attlee Centre (18.6),51.511371,-0.085714
306,3,Insurance / broker,City of London,Bupa Insurance Limited,Bupa Insurance,03956433,https://find-and-update.company-information.service.gov.uk/company/03956433,Full,27/03/2000,"1 Angel Court, London",EC2R 7HJ,1,,City of London School (EC4V 3AL),15.4,City of London School (EC4V 3AL),15.4,Liverpool St - Attlee Centre (17),51.515312,-0.087494
307,3,Insurance / broker,City of London,Consilium Insurance Brokers Limited,Consilium Insurance Brokers,03149879,https://find-and-update.company-information.service.gov.uk/company/03149879,Full,23/01/1996,"The Monument Building 3Rd Floor, 11 Monument Street, London",EC3R 8AF,1,,Marlborough Sports Garden (SE1 1SD),14.9,City of London School (EC4V 3AL),15.4,City of London School (EC4V 3AL) (15.4),51.510248,-0.085761
308,3,Insurance / broker,City of London,HCC International Insurance Company PLC,HCC International Insurance Company,01575839,https://find-and-update.company-information.service.gov.uk/company/01575839,Full,22/07/1981,"The St Botolph Building, 138 Houndsditch, London",EC3A 7BT,2,,Liverpool St - Attlee Centre,7.6,Shoreditch Powerleague,15.4,Shoreditch Powerleague (15.4),51.514843,-0.07754
309,3,Insurance / broker,City of London,Jenner Underwriting Limited,Jenner Underwriting,03849918,https://find-and-update.company-information.service.gov.uk/company/03849918,Full,24/09/1999,"5Th Floor, 40 Gracechurch Street, London",EC3V 0BT,1,,City of London School (EC4V 3AL),15.4,City of London School (EC4V 3AL),15.4,Marlborough Sports Garden (SE1 1SD) (16.6); Liverpool St - Attlee Centre (18.6),51.511371,-0.085714
310,3,Insurance / broker,City of London,TM Claims Service Europe Limited,TM Claims Service,01183719,https://find-and-update.company-information.service.gov.uk/company/01183719,Full,11/09/1974,"The St Botolph Building, 138 Houndsditch, London",EC3A 7BT,1,,Liverpool St - Attlee Centre,7.6,Shoreditch Powerleague,15.4,Shoreditch Powerleague (15.4),51.514843,-0.07754
311,3,Insurance / broker,City of London,Treimco Limited,Treimco,07061914,https://find-and-update.company-information.service.gov.uk/company/07061914,Full,30/10/2009,"C/O Mr N Wood 5Th Floor, 40 Gracechurch Street, London",EC3V 0BT,1,Treimco,City of London School (EC4V 3AL),15.4,City of London School (EC4V 3AL),15.4,Marlborough Sports Garden (SE1 1SD) (16.6); Liverpool St - Attlee Centre (18.6),51.511371,-0.085714
312,3,Insurance / broker,City of London,Alan Blunden & Co. Ltd,Alan Blunden & Co,03476249,https://find-and-update.company-information.service.gov.uk/company/03476249,Full,04/12/1997,"Exchequer Court, 33 St. Mary Axe, London",EC3A 8AA,1,,Liverpool St - Attlee Centre,9.6,Shoreditch Powerleague,15.5,Shoreditch Powerleague (15.5),51.515249,-0.080362
313,3,Insurance / broker,City of London,BA (GI) Limited,BA,00003002,https://find-and-update.company-information.service.gov.uk/company/00003002,Full,12/04/1866,"4Th Floor, The St Botolph Building, 138 Houndsditch, London",EC3A 7AW,1,,Liverpool St - Attlee Centre,7.2,Shoreditch Powerleague,15.5,Shoreditch Powerleague (15.5); Whitechapel (18.6),51.514771,-0.076981
314,3,Insurance / broker,City of London,Edge Brokers (London) Limited,Edge Brokers,03721499,https://find-and-update.company-information.service.gov.uk/company/03721499,Full,26/02/1999,"The St Botolph Building, 138 Houndsditch, London",EC3A 7AG,1,Edge Commodities,Liverpool St - Attlee Centre,7.2,Shoreditch Powerleague,15.5,Shoreditch Powerleague (15.5); Whitechapel (18.6),51.514771,-0.076981
315,3,Insurance / broker,City of London,Equitas Reinsurance Limited,Equitas Reinsurance,03136300,https://find-and-update.company-information.service.gov.uk/company/03136300,Full,05/12/1995,"4Th Floor, The St Botolph Building, 138 Houndsditch, London",EC3A 7AW,3,,Liverpool St - Attlee Centre,7.2,Shoreditch Powerleague,15.5,Shoreditch Powerleague (15.5); Whitechapel (18.6),51.514771,-0.076981
316,3,Insurance / broker,City of London,GB Underwriting Ltd,GB Underwriting,04692971,https://find-and-update.company-information.service.gov.uk/company/04692971,Full,11/03/2003,"7Th Floor, The St Botolph Building, 138 Houndsditch, London",EC3A 7AW,1,,Liverpool St - Attlee Centre,7.2,Shoreditch Powerleague,15.5,Shoreditch Powerleague (15.5); Whitechapel (18.6),51.514771,-0.076981
317,3,Insurance / broker,City of London,MX Underwriting Limited,MX Underwriting,05545292,https://find-and-update.company-information.service.gov.uk/company/05545292,Full,24/08/2005,"7Th Floor, The St Botolph Building, 138 Houndsditch, London",EC3A 7AW,1,,Liverpool St - Attlee Centre,7.2,Shoreditch Powerleague,15.5,Shoreditch Powerleague (15.5); Whitechapel (18.6),51.514771,-0.076981
318,3,Insurance / broker,City of London,Qualis U.K. Limited,Qualis U.K,12099030,https://find-and-update.company-information.service.gov.uk/company/12099030,Full,12/07/2019,"Exchequer Court, 33 St. Mary Axe, London",EC3A 8AA,1,,Liverpool St - Attlee Centre,9.6,Shoreditch Powerleague,15.5,Shoreditch Powerleague (15.5),51.515249,-0.080362
319,3,Insurance / broker,City of London,Specialist Risk Insurance Solutions Limited,Specialist Risk Insurance Solutions,06368755,https://find-and-update.company-information.service.gov.uk/company/06368755,Full,12/09/2007,"7Th Floor, The St Botolph Building, 138 Houndsditch, London",EC3A 7AW,1,,Liverpool St - Attlee Centre,7.2,Shoreditch Powerleague,15.5,Shoreditch Powerleague (15.5); Whitechapel (18.6),51.514771,-0.076981
320,3,Fund / asset manager,City of London,Conv-Ex Advisors Limited,Conv-Ex Advisors,08075698,https://find-and-update.company-information.service.gov.uk/company/08075698,Full,18/05/2012,"80 Coleman Street, London",EC2R 5BJ,1,,City of London School (EC4V 3AL),15.5,City of London School (EC4V 3AL),15.5,Finsbury Leisure Centre (EC1V 3PU) (17.6); Liverpool St - Attlee Centre (18.7),51.517044,-0.089483
321,3,Fund / asset manager,City of London,Emerging Markets Investment Management Limited,Emerging Markets Investment Management,10788629,https://find-and-update.company-information.service.gov.uk/company/10788629,Full,25/05/2017,"80 Coleman Street, London",EC2R 5BJ,1,,City of London School (EC4V 3AL),15.5,City of London School (EC4V 3AL),15.5,Finsbury Leisure Centre (EC1V 3PU) (17.6); Liverpool St - Attlee Centre (18.7),51.517044,-0.089483
322,3,Fund / asset manager,City of London,Lindisfarne Partners LLP,Lindisfarne Partners,OC346898,https://find-and-update.company-information.service.gov.uk/company/OC346898,Full,02/07/2009,"80 Coleman Street, London, Coleman Street, London",EC2R 5BJ,1,,City of London School (EC4V 3AL),15.5,City of London School (EC4V 3AL),15.5,Finsbury Leisure Centre (EC1V 3PU) (17.6); Liverpool St - Attlee Centre (18.7),51.517044,-0.089483
323,3,Fund / asset manager,City of London,Wm Capital Management Limited,Wm Capital Management,07042526,https://find-and-update.company-information.service.gov.uk/company/07042526,Full,14/10/2009,"80 Coleman Street, London",EC2R 5BJ,1,,City of London School (EC4V 3AL),15.5,City of London School (EC4V 3AL),15.5,Finsbury Leisure Centre (EC1V 3PU) (17.6); Liverpool St - Attlee Centre (18.7),51.517044,-0.089483
324,3,Insurance / broker,City of London,Amtrust Specialty Limited,Amtrust Specialty,01229676,https://find-and-update.company-information.service.gov.uk/company/01229676,Full,14/10/1975,"Exchequer Court, 33 St. Mary Axe, London",EC3A 8AA,1,,Liverpool St - Attlee Centre,9.6,Shoreditch Powerleague,15.5,Shoreditch Powerleague (15.5),51.515249,-0.080362
325,3,Insurance / broker,City of London,British Aviation Insurance Company Limited,British Aviation Insurance Company,00246018,https://find-and-update.company-information.service.gov.uk/company/00246018,Full,24/02/1930,"4Th Floor, The St Botolph Building, 138 Houndsditch, London",EC3A 7AW,1,,Liverpool St - Attlee Centre,7.2,Shoreditch Powerleague,15.5,Shoreditch Powerleague (15.5); Whitechapel (18.6),51.514771,-0.076981
326,3,Insurance / broker,City of London,CBC UK Limited,CBC,01973536,https://find-and-update.company-information.service.gov.uk/company/01973536,Full,23/12/1985,"7Th Floor, The St Botolph Building, 138 Houndsditch, London",EC3A 7AW,1,,Liverpool St - Attlee Centre,7.2,Shoreditch Powerleague,15.5,Shoreditch Powerleague (15.5); Whitechapel (18.6),51.514771,-0.076981
327,3,Insurance / broker,City of London,KBIS Limited,KBIS,02208091,https://find-and-update.company-information.service.gov.uk/company/02208091,Full,24/12/1987,"7Th Floor, The St Botolph Building, 138 Houndsditch, London",EC3A 7AW,1,,Liverpool St - Attlee Centre,7.2,Shoreditch Powerleague,15.5,Shoreditch Powerleague (15.5); Whitechapel (18.6),51.514771,-0.076981
328,3,Insurance / broker,City of London,Kyoei Fire & Marine Insurance Co. (U.K.) Limited,Kyoei Fire & Marine Insurance Co,01235521,https://find-and-update.company-information.service.gov.uk/company/01235521,Full,27/11/1975,"4Th Floor, The St Botolph Building, 138 Houndsditch, London",EC3A 7AW,1,,Liverpool St - Attlee Centre,7.2,Shoreditch Powerleague,15.5,Shoreditch Powerleague (15.5); Whitechapel (18.6),51.514771,-0.076981
329,3,Insurance / broker,City of London,Legal and General Assurance Society Limited,Legal and General Assurance Society,00166055,https://find-and-update.company-information.service.gov.uk/company/00166055,Full,01/04/1920,"One Coleman Street, London",EC2R 5AA,4,,City of London School (EC4V 3AL),15.5,City of London School (EC4V 3AL),15.5,Finsbury Leisure Centre (EC1V 3PU) (17.2); Liverpool St - Attlee Centre (19),51.517202,-0.089779
330,3,Advisory / accountancy,City of London,Centerview Partners UK LLP,Centerview Partners,OC345806,https://find-and-update.company-information.service.gov.uk/company/OC345806,Full,20/05/2009,"10 Norwich Street, London",EC4A 1BD,1,,City of London School (EC4V 3AL),15.6,City of London School (EC4V 3AL),15.6,,51.51662,-0.109924
331,3,Insurance / broker,City of London,Hartford Underwriting Agency Limited,Hartford Underwriting Agency,01380715,https://find-and-update.company-information.service.gov.uk/company/01380715,Full,27/07/1978,"6 Bevis Marks, 8Th Floor, London",EC3A 7BA,2,,Liverpool St - Attlee Centre,9.0,Shoreditch Powerleague,15.6,Shoreditch Powerleague (15.6),51.514974,-0.079466
332,3,Insurance / broker,City of London,Marco Gamma Limited,Marco Gamma,01335239,https://find-and-update.company-information.service.gov.uk/company/01335239,Full,24/10/1977,"24 Monument Street, 4Th Floor, London",EC3R 8AJ,4,,Marlborough Sports Garden (SE1 1SD),14.5,City of London School (EC4V 3AL),15.6,City of London School (EC4V 3AL) (15.6),51.509894,-0.085617
333,3,Insurance / broker,City of London,Renaissance Asset Finance Limited,Renaissance Asset Finance,08885289,https://find-and-update.company-information.service.gov.uk/company/08885289,Full,11/02/2014,"Arbuthnot House, 20 Finsbury Circus, London",EC2M 7EA,1,,Liverpool St - Attlee Centre,14.6,Shoreditch Powerleague,15.7,Shoreditch Powerleague (15.7); City of London School (EC4V 3AL) (18.9),51.517327,-0.08591
334,3,Insurance / broker,City of London,Walsham Brothers & Co. Limited,Walsham Brothers & Co,00162264,https://find-and-update.company-information.service.gov.uk/company/00162264,Full,31/12/1919,"52-54 Gracechurch Street, 4Th Floor, London",EC3V 0EH,1,Walsham Brothers & Co.,City of London School (EC4V 3AL),15.7,City of London School (EC4V 3AL),15.7,Marlborough Sports Garden (SE1 1SD) (16.4); Liverpool St - Attlee Centre (18.6),51.511133,-0.085435
335,3,Fund / asset manager,City of London,Partners Group (UK) Limited,Partners,05113447,https://find-and-update.company-information.service.gov.uk/company/05113447,Full,27/04/2004,"33 Charterhouse Street, London",EC1M 6HA,2,,City of London School (EC4V 3AL),15.7,City of London School (EC4V 3AL),15.7,Finsbury Leisure Centre (EC1V 3PU) (15.7); Old St - Moreland Primary School (18.5),51.519262,-0.103703
336,3,Insurance / broker,City of London,Iprism Underwriting Agency Limited,Iprism Underwriting Agency,05604278,https://find-and-update.company-information.service.gov.uk/company/05604278,Full,26/10/2005,"1St Floor, 17 Bevis Marks, London",EC3A 7LN,1,,Liverpool St - Attlee Centre,8.4,Shoreditch Powerleague,15.9,Shoreditch Powerleague (15.9),51.514639,-0.07824
337,3,Fund / asset manager,City of London,Alphidence Capital Limited,Alphidence Capital,12590895,https://find-and-update.company-information.service.gov.uk/company/12590895,Full,07/05/2020,"14 Gray'S Inn Road, London",WC1X 8HN,1,,St Pancras - Coram's Fields 3G,15.9,St Pancras - Coram's Fields 3G,15.9,,51.518927,-0.111356
338,3,Insurance / broker,City of London,St Andrew's Insurance PLC,St Andrew's Insurance,03104671,https://find-and-update.company-information.service.gov.uk/company/03104671,Full,15/09/1995,"33 Old Broad Street, London",EC2N 1HZ,1,,Liverpool St - Attlee Centre,12.6,Shoreditch Powerleague,16.0,Shoreditch Powerleague (16),51.515987,-0.083718
339,3,Fund / asset manager,City of London,Embark Investments Limited,Embark Investments,03383730,https://find-and-update.company-information.service.gov.uk/company/03383730,Full,09/06/1997,"33 Old Broad Street, London",EC2N 1HZ,1,,Liverpool St - Attlee Centre,12.6,Shoreditch Powerleague,16.0,Shoreditch Powerleague (16),51.515987,-0.083718
340,3,Fund / asset manager,City of London,John Street Capital Limited,John Street Capital,12142117,https://find-and-update.company-information.service.gov.uk/company/12142117,Full,06/08/2019,"29-30 Ely Place, London",EC1N 6TD,1,John Street Capital,City of London School (EC4V 3AL),16.0,City of London School (EC4V 3AL),16.0,Finsbury Leisure Centre (EC1V 3PU) (18.9),51.518601,-0.106772
341,3,Insurance / broker,City of London,China Taiping Insurance (UK) Co Ltd,China Taiping Insurance Co,01766035,https://find-and-update.company-information.service.gov.uk/company/01766035,Full,31/10/1983,"2 Finch Lane, London",EC3V 3NA,1,China Taiping Insurance (Uk) Co,City of London School (EC4V 3AL),16.1,City of London School (EC4V 3AL),16.1,Liverpool St - Attlee Centre (16.3),51.513691,-0.085731
342,3,Fund / asset manager,City of London,Sidekick Money Ltd,Sidekick Money,13882980,https://find-and-update.company-information.service.gov.uk/company/13882980,Full,31/01/2022,"6-7 St. Cross Street, London",EC1N 8UB,1,Sidekick Money,St Pancras - Coram's Fields 3G,16.1,St Pancras - Coram's Fields 3G,16.1,Angel Centre (EC1V 7DD) (18.5); Finsbury Leisure Centre (EC1V 3PU) (18.6),51.520489,-0.108942
343,3,Insurance / broker,City of London,Stubben Edge Markets Limited,Stubben Edge Markets,03317764,https://find-and-update.company-information.service.gov.uk/company/03317764,Full,07/02/1997,"77 Cornhill, London",EC3V 3QQ,1,,City of London School (EC4V 3AL),16.2,City of London School (EC4V 3AL),16.2,Liverpool St - Attlee Centre (16.2),51.513453,-0.085482
344,3,Insurance / broker,City of London,Angel Risk Management Limited,Angel Risk Management,02942487,https://find-and-update.company-information.service.gov.uk/company/02942487,Full,24/06/1994,"20 Gracechurch Street, London",EC3V 0BG,1,,City of London School (EC4V 3AL),16.3,City of London School (EC4V 3AL),16.3,Liverpool St - Attlee Centre (16.9); Marlborough Sports Garden (SE1 1SD) (18.5),51.512331,-0.085054
345,3,Insurance / broker,City of London,Health-On-Line Company UK Limited,Health-On-Line Company,03655704,https://find-and-update.company-information.service.gov.uk/company/03655704,Full,26/10/1998,"20 Gracechurch Street, London",EC3V 0BG,1,Health Lottery Financial,City of London School (EC4V 3AL),16.3,City of London School (EC4V 3AL),16.3,Liverpool St - Attlee Centre (16.9); Marlborough Sports Garden (SE1 1SD) (18.5),51.512331,-0.085054
346,3,Insurance / broker,City of London,The Permanent Health Company Limited,Permanent Health Company,02933772,https://find-and-update.company-information.service.gov.uk/company/02933772,Full,27/05/1994,"20 Gracechurch Street, London",EC3V 0BG,1,,City of London School (EC4V 3AL),16.3,City of London School (EC4V 3AL),16.3,Liverpool St - Attlee Centre (16.9); Marlborough Sports Garden (SE1 1SD) (18.5),51.512331,-0.085054
347,3,Insurance / broker,City of London,Bannerman Rendell Limited,Bannerman Rendell,00609004,https://find-and-update.company-information.service.gov.uk/company/00609004,Full,31/07/1958,"5-10 Bury Street, London",EC3A 5AT,1,,Liverpool St - Attlee Centre,9.5,Shoreditch Powerleague,16.4,Shoreditch Powerleague (16.4),51.514486,-0.079328
348,3,Insurance / broker,City of London,Awbury UK Services Limited,Awbury,15903985,https://find-and-update.company-information.service.gov.uk/company/15903985,Full,19/08/2024,"5Th Floor, 70, Gracechurch Street, London",EC3V 0XL,1,,City of London School (EC4V 3AL),16.5,City of London School (EC4V 3AL),16.5,Liverpool St - Attlee Centre (17); Marlborough Sports Garden (SE1 1SD) (18.2),51.512066,-0.084791
349,3,Fund / asset manager,City of London,Rondine Capital LLP,Rondine Capital,OC394732,https://find-and-update.company-information.service.gov.uk/company/OC394732,Full,08/08/2014,"3Rd Floor, 7 St. John Street, London",EC1M 4AA,1,,Finsbury Leisure Centre (EC1V 3PU),13.4,Old St - Moreland Primary School,16.5,Old St - Moreland Primary School (16.5); City of London School (EC4V 3AL) (16.6),51.520079,-0.101968
350,3,Advisory / accountancy,City of London,Barnett Waddingham Actuaries and Consultants Limited,Barnett Waddingham Actuaries and Consultants,06498431,https://find-and-update.company-information.service.gov.uk/company/06498431,Full,08/02/2008,"One, Creechurch Place, London",EC3A 5AF,1,,Liverpool St - Attlee Centre,9.0,Shoreditch Powerleague,16.6,Shoreditch Powerleague (16.6),51.514256,-0.078458
351,3,Insurance / broker,City of London,Dual International Limited,Dual,03540129,https://find-and-update.company-information.service.gov.uk/company/03540129,Full,03/04/1998,"One Creechurch Place, London",EC3A 5AF,2,,Liverpool St - Attlee Centre,9.0,Shoreditch Powerleague,16.6,Shoreditch Powerleague (16.6),51.514256,-0.078458
352,3,Fund / asset manager,City of London,The Consulting Consortium Limited,Consulting Consortium,04144405,https://find-and-update.company-information.service.gov.uk/company/04144405,Medium,19/01/2001,"6Th Floor, 10, Lower Thames Street, London",EC3R 6EN,1,The Consulting Consortium,Marlborough Sports Garden (SE1 1SD),14.0,City of London School (EC4V 3AL),16.7,City of London School (EC4V 3AL) (16.7),51.509143,-0.084784
353,3,Insurance / broker,City of London,Cranbrook Underwriting Limited,Cranbrook Underwriting,04286691,https://find-and-update.company-information.service.gov.uk/company/04286691,Full,13/09/2001,"30 St Mary Axe, St. Mary Axe, London",EC3A 8BF,1,Cranbrook Underwriting,Liverpool St - Attlee Centre,10.4,Shoreditch Powerleague,16.8,Shoreditch Powerleague (16.8),51.514486,-0.080437
354,3,Insurance / broker,City of London,First Underwriting Limited,First Underwriting,07857938,https://find-and-update.company-information.service.gov.uk/company/07857938,Full,23/11/2011,"Level 15, 30, St. Mary Axe, London",EC3A 8BF,1,First Underwriting,Liverpool St - Attlee Centre,10.4,Shoreditch Powerleague,16.8,Shoreditch Powerleague (16.8),51.514486,-0.080437
355,3,Insurance / broker,City of London,Node International Ltd,Node,09744661,https://find-and-update.company-information.service.gov.uk/company/09744661,Full,24/08/2015,"30 St Mary Axe St. Mary Axe, 8Th Floor, London",EC3A 8BF,1,,Liverpool St - Attlee Centre,10.4,Shoreditch Powerleague,16.8,Shoreditch Powerleague (16.8),51.514486,-0.080437
356,3,Insurance / broker,City of London,Oneglobal Broking Limited,Oneglobal Broking,03717612,https://find-and-update.company-information.service.gov.uk/company/03717612,Full,17/02/1999,"30 St. Mary Axe, London",EC3A 8BF,2,,Liverpool St - Attlee Centre,10.4,Shoreditch Powerleague,16.8,Shoreditch Powerleague (16.8),51.514486,-0.080437
357,3,Fund / asset manager,City of London,Osmosis Investment Management UK Limited,Osmosis Investment Management,09960550,https://find-and-update.company-information.service.gov.uk/company/09960550,Medium,20/01/2016,"36-38 Botolph Lane, London",EC3R 8DE,1,Osmosis (Holdings),Marlborough Sports Garden (SE1 1SD),15.6,City of London School (EC4V 3AL),16.9,City of London School (EC4V 3AL) (16.9),51.510073,-0.084413
358,3,Insurance / broker,City of London,Arcadian Risk Capital (UK) Ltd,Arcadian Risk Capital,12765929,https://find-and-update.company-information.service.gov.uk/company/12765929,Full,24/07/2020,"52 Cornhill, London",EC3V 3PD,1,Arcadian Risk Capital (Uk),Liverpool St - Attlee Centre,15.7,City of London School (EC4V 3AL),16.9,City of London School (EC4V 3AL) (16.9),51.513308,-0.084811
359,3,Fund / asset manager,City of London,Fairtree Asset Management LLP,Fairtree Asset Management,OC420877,https://find-and-update.company-information.service.gov.uk/company/OC420877,Full,02/02/2018,"C/O Kroll Advisory Ltd., The Shard, Level 14, 32 London Bridge Street, London",SE1 9SG,1,,Marlborough Sports Garden (SE1 1SD),7.0,City of London School (EC4V 3AL),17.2,Borough Academy (14.6); City of London School (EC4V 3AL) (17.2),51.504963,-0.087625
360,3,Fund / asset manager,City of London,Firmament Capital Advisors UK LLP,Firmament Capital Advisors,OC413430,https://find-and-update.company-information.service.gov.uk/company/OC413430,Full,26/08/2016,"C/O Kroll Advisory Ltd, The Shard, Level 14, 32 London Bridge Street,, London",SE1 9SG,1,,Marlborough Sports Garden (SE1 1SD),7.0,City of London School (EC4V 3AL),17.2,Borough Academy (14.6); City of London School (EC4V 3AL) (17.2),51.504963,-0.087625
361,3,Fund / asset manager,City of London,GLMX Europe Limited,GLMX,11476871,https://find-and-update.company-information.service.gov.uk/company/11476871,Full,23/07/2018,"C/O Kroll Advisory Ltd., The Shard, Level 14, 32 London Bridge Street, London",SE1 9SG,1,,Marlborough Sports Garden (SE1 1SD),7.0,City of London School (EC4V 3AL),17.2,Borough Academy (14.6); City of London School (EC4V 3AL) (17.2),51.504963,-0.087625
362,3,Insurance / broker,City of London,Allianz Insurance PLC,Allianz,00084638,https://find-and-update.company-information.service.gov.uk/company/00084638,Full,18/05/1905,"15 Bishopsgate, London",EC2N 3AR,7,,Liverpool St - Attlee Centre,13.1,Shoreditch Powerleague,17.7,Shoreditch Powerleague (17.7),51.514768,-0.083395
363,3,Insurance / broker,City of London,Am Specialty Insurance Company (UK) Ltd,Am Specialty Insurance Company,16608704,https://find-and-update.company-information.service.gov.uk/company/16608704,Full,28/07/2025,"21 Lime Street, London",EC3M 7HB,1,,Liverpool St - Attlee Centre,16.0,City of London School (EC4V 3AL),17.7,City of London School (EC4V 3AL) (17.7); Marlborough Sports Garden (SE1 1SD) (18.9),51.512084,-0.083695
364,3,Insurance / broker,City of London,Antares Global Management Limited,Antares Global Management,02676622,https://find-and-update.company-information.service.gov.uk/company/02676622,Full,10/01/1992,"21 Lime Street, London",EC3M 7HB,5,,Liverpool St - Attlee Centre,16.0,City of London School (EC4V 3AL),17.7,City of London School (EC4V 3AL) (17.7); Marlborough Sports Garden (SE1 1SD) (18.9),51.512084,-0.083695
365,3,Insurance / broker,City of London,Scorpius Mga Limited,Scorpius Mga,15049064,https://find-and-update.company-information.service.gov.uk/company/15049064,Full,04/08/2023,"21 Lime Street, London",EC3M 7HB,1,,Liverpool St - Attlee Centre,16.0,City of London School (EC4V 3AL),17.7,City of London School (EC4V 3AL) (17.7); Marlborough Sports Garden (SE1 1SD) (18.9),51.512084,-0.083695
366,3,Insurance / broker,City of London,Ascot Underwriting Limited,Ascot Underwriting,04098461,https://find-and-update.company-information.service.gov.uk/company/04098461,Full,30/10/2000,"20 Fenchurch Street, London",EC3M 3BY,6,,Liverpool St - Attlee Centre,16.7,City of London School (EC4V 3AL),17.8,City of London School (EC4V 3AL) (17.8); Marlborough Sports Garden (SE1 1SD) (18.1),51.511398,-0.083507
367,3,Insurance / broker,City of London,Hardy Underwriting Limited,Hardy Underwriting,02981735,https://find-and-update.company-information.service.gov.uk/company/02981735,Full,21/10/1994,"20 Fenchurch Street, London",EC3M 3BY,2,,Liverpool St - Attlee Centre,16.7,City of London School (EC4V 3AL),17.8,City of London School (EC4V 3AL) (17.8); Marlborough Sports Garden (SE1 1SD) (18.1),51.511398,-0.083507
368,3,Insurance / broker,City of London,Kiln Underwriting Limited,Kiln Underwriting,02938183,https://find-and-update.company-information.service.gov.uk/company/02938183,Full,13/06/1994,"20 Fenchurch Street, London",EC3M 3BY,1,,Liverpool St - Attlee Centre,16.7,City of London School (EC4V 3AL),17.8,City of London School (EC4V 3AL) (17.8); Marlborough Sports Garden (SE1 1SD) (18.1),51.511398,-0.083507
369,3,Insurance / broker,City of London,Liberty Managing Agency Limited,Liberty Managing Agency,03003606,https://find-and-update.company-information.service.gov.uk/company/03003606,Full,20/12/1994,"20 Fenchurch Street, London",EC3M 3AW,4,,Liverpool St - Attlee Centre,16.7,City of London School (EC4V 3AL),17.8,City of London School (EC4V 3AL) (17.8); Marlborough Sports Garden (SE1 1SD) (18.1),51.511398,-0.083507
370,3,Insurance / broker,City of London,Markel International Insurance Company Limited,Markel International Insurance Company,00966670,https://find-and-update.company-information.service.gov.uk/company/00966670,Full,20/11/1969,"20 Fenchurch Street, London",EC3M 3AZ,2,,Liverpool St - Attlee Centre,16.7,City of London School (EC4V 3AL),17.8,City of London School (EC4V 3AL) (17.8); Marlborough Sports Garden (SE1 1SD) (18.1),51.511398,-0.083507
371,3,Insurance / broker,City of London,North Star Underwriting Limited,North Star Underwriting,04575038,https://find-and-update.company-information.service.gov.uk/company/04575038,Full,28/10/2002,"Floor 15, 20, Fenchurch Street, London",EC3M 3BY,1,North Star Underwriting,Liverpool St - Attlee Centre,16.7,City of London School (EC4V 3AL),17.8,City of London School (EC4V 3AL) (17.8); Marlborough Sports Garden (SE1 1SD) (18.1),51.511398,-0.083507
372,3,Insurance / broker,City of London,Shepherd Compello Ltd,Shepherd Compello,04695072,https://find-and-update.company-information.service.gov.uk/company/04695072,Full,12/03/2003,"88 Leadenhall Street, London",EC3A 3BP,1,,Liverpool St - Attlee Centre,11.0,Shoreditch Powerleague,18.3,Shoreditch Powerleague (18.3),51.513437,-0.079545
373,3,Insurance / broker,City of London,White Oak Underwriting Agency Limited,White Oak Underwriting Agency,06832820,https://find-and-update.company-information.service.gov.uk/company/06832820,Full,02/03/2009,"88 Leadenhall Street, London",EC3A 3BP,1,,Liverpool St - Attlee Centre,11.0,Shoreditch Powerleague,18.3,Shoreditch Powerleague (18.3),51.513437,-0.079545
374,3,Insurance / broker,City of London,BMG Insurance Brokers Limited,BMG Insurance Brokers,04791109,https://find-and-update.company-information.service.gov.uk/company/04791109,Full,08/06/2003,"1St Floor Landmark House, 69 Leadenhall Street, London",EC3A 2BG,1,Bmg Insurance Brokers,Liverpool St - Attlee Centre,10.4,Shoreditch Powerleague,18.5,Shoreditch Powerleague (18.5),51.513183,-0.078273
375,3,Insurance / broker,City of London,Sanctuary Insurance Brokers Limited,Sanctuary Insurance Brokers,05050608,https://find-and-update.company-information.service.gov.uk/company/05050608,Full,20/02/2004,"1St Floor, Landmark House, 69 Leadenhall Street, London",EC3A 2BG,1,Sanctuary Insurance Brokers,Liverpool St - Attlee Centre,10.4,Shoreditch Powerleague,18.5,Shoreditch Powerleague (18.5),51.513183,-0.078273
376,3,Insurance / broker,City of London,Acrisure London Wholesale Limited,Acrisure London Wholesale,12038556,https://find-and-update.company-information.service.gov.uk/company/12038556,Full,07/06/2019,"9Th Floor, 40 Leadenhall Street, London",EC3A 2BJ,2,,Liverpool St - Attlee Centre,11.1,Shoreditch Powerleague,18.7,Shoreditch Powerleague (18.7),51.513208,-0.079295
377,3,Insurance / broker,City of London,Alcor Underwriting London Limited,Alcor Underwriting London,12663118,https://find-and-update.company-information.service.gov.uk/company/12663118,Full,11/06/2020,"The Hallmark Building, 2Nd Floor, 52-56 Leadenhall Street, London",EC3A 2BJ,1,,Liverpool St - Attlee Centre,11.1,Shoreditch Powerleague,18.7,Shoreditch Powerleague (18.7),51.513208,-0.079295
378,3,Insurance / broker,City of London,AmWINS Global Risks Limited,AmWINS Global Risks,00929224,https://find-and-update.company-information.service.gov.uk/company/00929224,Full,21/03/1968,"22 Bishopsgate, London",EC2N 4BQ,1,,Liverpool St - Attlee Centre,13.7,City of London School (EC4V 3AL),18.7,City of London School (EC4V 3AL) (18.7); Shoreditch Powerleague (18.7),51.514149,-0.083493
379,3,Insurance / broker,City of London,Brace Underwriting Limited,Brace Underwriting,12157605,https://find-and-update.company-information.service.gov.uk/company/12157605,Full,15/08/2019,"The Hallmark Building, 2Nd Floor, 52-56 Leadenhall Street, London",EC3A 2BJ,2,,Liverpool St - Attlee Centre,11.1,Shoreditch Powerleague,18.7,Shoreditch Powerleague (18.7),51.513208,-0.079295
380,3,Insurance / broker,City of London,CFC Underwriting Limited,CFC Underwriting,03302887,https://find-and-update.company-information.service.gov.uk/company/03302887,Full,16/01/1997,"8 Bishopsgate, London",EC2N 4BQ,1,,Liverpool St - Attlee Centre,13.7,City of London School (EC4V 3AL),18.7,City of London School (EC4V 3AL) (18.7); Shoreditch Powerleague (18.7),51.514149,-0.083493
381,3,Insurance / broker,City of London,Chord Reinsurance Limited,Chord Reinsurance,10819967,https://find-and-update.company-information.service.gov.uk/company/10819967,Full,15/06/2017,"The Hallmark Building, 2Nd Floor, 52-56 Leadenhall Street, London",EC3A 2BJ,1,,Liverpool St - Attlee Centre,11.1,Shoreditch Powerleague,18.7,Shoreditch Powerleague (18.7),51.513208,-0.079295
382,3,Insurance / broker,City of London,Chubb Insurance Service Company Ltd,Chubb,09042647,https://find-and-update.company-information.service.gov.uk/company/09042647,Full,15/05/2014,"40 Leadenhall Street, London",EC3A 2BJ,1,,Liverpool St - Attlee Centre,11.1,Shoreditch Powerleague,18.7,Shoreditch Powerleague (18.7),51.513208,-0.079295
383,3,Insurance / broker,City of London,McGill and Partners Ltd,McGill and Partners,11877412,https://find-and-update.company-information.service.gov.uk/company/11877412,Full,12/03/2019,"13Th Floor, 40, Leadenhall Street, London",EC3A 2BJ,1,Mcgill And Partners Group,Liverpool St - Attlee Centre,11.1,Shoreditch Powerleague,18.7,Shoreditch Powerleague (18.7),51.513208,-0.079295
384,3,Insurance / broker,City of London,Munitus Insurance Limited,Munitus Insurance,12147775,https://find-and-update.company-information.service.gov.uk/company/12147775,Full,09/08/2019,"The Hallmark Building, 2Nd Floor, 52-56 Leadenhall Street, London",EC3A 2BJ,1,,Liverpool St - Attlee Centre,11.1,Shoreditch Powerleague,18.7,Shoreditch Powerleague (18.7),51.513208,-0.079295
385,3,Insurance / broker,City of London,Navium Marine Limited,Navium Marine,13297194,https://find-and-update.company-information.service.gov.uk/company/13297194,Full,28/03/2021,"22 Bishopsgate, Level 42, London",EC2N 4BQ,1,,Liverpool St - Attlee Centre,13.7,City of London School (EC4V 3AL),18.7,City of London School (EC4V 3AL) (18.7); Shoreditch Powerleague (18.7),51.514149,-0.083493
386,3,Insurance / broker,City of London,Oakside Surety Limited,Oakside Surety,11061884,https://find-and-update.company-information.service.gov.uk/company/11061884,Full,14/11/2017,"22 Bishopsgate, Level 42, London",EC2N 4BQ,1,,Liverpool St - Attlee Centre,13.7,City of London School (EC4V 3AL),18.7,City of London School (EC4V 3AL) (18.7); Shoreditch Powerleague (18.7),51.514149,-0.083493
387,3,Insurance / broker,City of London,Omnilife Insurance Company Limited,Omnilife Insurance Company,02294080,https://find-and-update.company-information.service.gov.uk/company/02294080,Full,08/09/1988,"Level 45, 22 Bishopsgate, London",EC2N 4BQ,1,,Liverpool St - Attlee Centre,13.7,City of London School (EC4V 3AL),18.7,City of London School (EC4V 3AL) (18.7); Shoreditch Powerleague (18.7),51.514149,-0.083493
388,3,Insurance / broker,City of London,Pelagos Insurance Capital Underwriting Limited,Pelagos Insurance Capital Underwriting,09753615,https://find-and-update.company-information.service.gov.uk/company/09753615,Full,28/08/2015,"22 Bishopsgate, 43Rd Floor, London",EC2N 4BQ,1,,Liverpool St - Attlee Centre,13.7,City of London School (EC4V 3AL),18.7,City of London School (EC4V 3AL) (18.7); Shoreditch Powerleague (18.7),51.514149,-0.083493
389,3,Insurance / broker,City of London,Redriff Underwriting Limited,Redriff Underwriting,15266996,https://find-and-update.company-information.service.gov.uk/company/15266996,Full,07/11/2023,"The Hallmark Building, 2Nd Floor, 52-56 Leadenhall Street, London",EC3A 2BJ,1,,Liverpool St - Attlee Centre,11.1,Shoreditch Powerleague,18.7,Shoreditch Powerleague (18.7),51.513208,-0.079295
390,3,Insurance / broker,City of London,RGA Capital Limited,RGA Capital,03095865,https://find-and-update.company-information.service.gov.uk/company/03095865,Full,29/08/1995,"Level 45, 22 Bishopsgate, London",EC2N 4BQ,2,,Liverpool St - Attlee Centre,13.7,City of London School (EC4V 3AL),18.7,City of London School (EC4V 3AL) (18.7); Shoreditch Powerleague (18.7),51.514149,-0.083493
391,3,Insurance / broker,City of London,SCOR UK Company Limited,SCOR UK Company,01334736,https://find-and-update.company-information.service.gov.uk/company/01334736,Full,19/10/1977,"Level 6,, 8 Bishopsgate, London",EC2N 4BQ,3,Scor Managing Agency,Liverpool St - Attlee Centre,13.7,City of London School (EC4V 3AL),18.7,City of London School (EC4V 3AL) (18.7); Shoreditch Powerleague (18.7),51.514149,-0.083493
392,3,Insurance / broker,City of London,Sevanta Specialty Liability Limited,Sevanta Specialty Liability,15961326,https://find-and-update.company-information.service.gov.uk/company/15961326,Full,17/09/2024,"22 Bishopsgate, Level 42, London",EC2N 4BQ,1,,Liverpool St - Attlee Centre,13.7,City of London School (EC4V 3AL),18.7,City of London School (EC4V 3AL) (18.7); Shoreditch Powerleague (18.7),51.514149,-0.083493
393,3,Insurance / broker,City of London,Silverflame Re Limited,Silverflame Re,15787646,https://find-and-update.company-information.service.gov.uk/company/15787646,Full,19/06/2024,"22 Bishopsgate, Level 42, London",EC2N 4BQ,1,,Liverpool St - Attlee Centre,13.7,City of London School (EC4V 3AL),18.7,City of London School (EC4V 3AL) (18.7); Shoreditch Powerleague (18.7),51.514149,-0.083493
394,3,Insurance / broker,City of London,Statera Managing Agency Limited,Statera Managing Agency,16059213,https://find-and-update.company-information.service.gov.uk/company/16059213,Full,04/11/2024,"The Hallmark Building, 2Nd Floor, 52-56 Leadenhall Street, London",EC3A 2BJ,1,,Liverpool St - Attlee Centre,11.1,Shoreditch Powerleague,18.7,Shoreditch Powerleague (18.7),51.513208,-0.079295
395,3,Insurance / broker,City of London,Tegron Specialty Limited,Tegron Specialty,13367163,https://find-and-update.company-information.service.gov.uk/company/13367163,Full,29/04/2021,"The Hallmark Building, 2Nd Floor, 52-56 Leadenhall Street, London",EC3A 2BJ,1,,Liverpool St - Attlee Centre,11.1,Shoreditch Powerleague,18.7,Shoreditch Powerleague (18.7),51.513208,-0.079295
396,3,Insurance / broker,City of London,Tiomanta Specialty Limited,Tiomanta Specialty,11197968,https://find-and-update.company-information.service.gov.uk/company/11197968,Full,09/02/2018,"22 Bishopsgate, Level 42, London",EC2N 4BQ,1,,Liverpool St - Attlee Centre,13.7,City of London School (EC4V 3AL),18.7,City of London School (EC4V 3AL) (18.7); Shoreditch Powerleague (18.7),51.514149,-0.083493
397,3,Insurance / broker,City of London,Toyota Insurance Management UK Limited,Toyota Insurance Management,14297877,https://find-and-update.company-information.service.gov.uk/company/14297877,Full,16/08/2022,"7Th Floor, 52-56 Leadenhall Street, London",EC3A 2BJ,1,,Liverpool St - Attlee Centre,11.1,Shoreditch Powerleague,18.7,Shoreditch Powerleague (18.7),51.513208,-0.079295
398,3,Insurance / broker,City of London,Trenwick Underwriting Limited,Trenwick Underwriting,02549227,https://find-and-update.company-information.service.gov.uk/company/02549227,Full,16/10/1990,"Floor 29, 22 Bishopsgate, London",EC2N 4BQ,1,,Liverpool St - Attlee Centre,13.7,City of London School (EC4V 3AL),18.7,City of London School (EC4V 3AL) (18.7); Shoreditch Powerleague (18.7),51.514149,-0.083493
399,3,Insurance / broker,City of London,Clear Insurance Management Limited,Clear Insurance Management,03712209,https://find-and-update.company-information.service.gov.uk/company/03712209,Full,11/02/1999,"1 Great Tower Street, London",EC3R 5AA,1,Clear Capital Markets,Marlborough Sports Garden (SE1 1SD),17.2,City of London School (EC4V 3AL),19.0,Liverpool St - Attlee Centre (17.5); City of London School (EC4V 3AL) (19),51.510221,-0.082505
400,3,Insurance / broker,City of London,Ulyssere Limited,Ulyssere,03606440,https://find-and-update.company-information.service.gov.uk/company/03606440,Full,29/07/1998,"Office Suite 2.15, 34, Lime Street, London",EC3M 7AT,1,Ulyssere,Liverpool St - Attlee Centre,14.9,City of London School (EC4V 3AL),19.0,City of London School (EC4V 3AL) (19),51.512201,-0.082566
